iteration,ranker,candidate_rank,selected,left_index,right_index,base_airport,left_signature,right_signature,left_load,right_load,left_services,right_services,same_cluster_fraction,minimum_distance_km,airport_profile_gap_km,fuel_signature_gap,distance_relatedness,consensus_relatedness,airport_relatedness,fuel_relatedness,capacity_relatedness,static_relatedness_score,context_capacity_score,context_stop_score,context_airport_score,context_relatedness_score,combined_candidate_score,outcome,route_evaluations,technical_stop_searches,augmentation_cache_hits,lower_bound_pruned,augmentation_infeasible,saving_minutes,accepted,evaluated_elapsed_seconds,accepted_elapsed_seconds
0,static_selected_distance,1,True,97,99,A03,A03|F046|1|P2863,A03|F047|5|P0040+P1063+P1231+P2315+P2850,1,5,F046,F047,0.0,15.0,13.333333333333334,,0.9966037735849057,1.0,0.9116981132075471,0.659622641509434,0.789622641509434,0.9966037735849057,,,,,0.9966037735849057,improving_not_selected,6,6,0,0,0,147,False,3.762615300001926,
0,static_selected_distance,2,True,97,103,A03,A03|F046|1|P2863,A03|F049|14|P1520+P2198+P2832+P2893+P2922+P3149+P3191+P3205+P3276+P3416+P3452+P3703+P3771+P3868,1,14,F046,F049,0.0,17.0,11.333333333333334,,0.9916981132075472,1.0,0.9350943396226415,0.659622641509434,0.5169811320754717,0.9916981132075472,,,,,0.9916981132075472,improving_not_selected,4,4,0,0,0,146,False,3.999215700001514,
0,static_selected_distance,3,True,15,19,A01,A01|F008|3|P1310+P1334+P3410,A01|F010|12|P0028+P0077+P0375+P0395+P0583+P0631+P0642+P0835+P1907+P2840+P3644+P3775,3,12,F008,F010,0.0,19.0,3.6666666666666665,,0.9864150943396226,0.9292451888601003,0.9932075471698113,0.9592452830188679,0.16943396226415092,0.9864150943396226,,,,,0.9864150943396226,improving_not_selected,4,4,0,0,0,131,False,1.2913420999975642,
0,static_selected_distance,4,True,99,103,A03,A03|F047|5|P0040+P1063+P1231+P2315+P2850,A03|F049|14|P1520+P2198+P2832+P2893+P2922+P3149+P3191+P3205+P3276+P3416+P3452+P3703+P3771+P3868,5,14,F047,F049,0.0,19.0,2.6666666666666665,,0.9864150943396226,1.0,0.9984905660377359,0.9864150943396226,0.6722641509433962,0.9864150943396226,,,,,0.9864150943396226,improving_not_selected,2,2,0,0,0,142,False,4.372317599998496,
0,static_selected_distance,5,True,54,62,A02,A02|F025|7|P1886+P2791+P3216+P3506+P3560+P3584+P3815,A02|F029|12|P0226+P1827+P1956+P2101+P2590+P2617+P2683+P2796+P2810+P3402+P3626+P3741,7,12,F025,F029,0.0,24.0,12.666666666666666,,0.9739622641509434,0.8398196483967807,0.9226415094339623,0.9864150943396226,0.5615094339622642,0.9739622641509434,,,,,0.9739622641509434,improving_not_selected,2,2,0,0,0,117,False,3.089145300000382,
0,static_selected_distance,6,True,0,37,A01,A01|F001|4|P0036+P0918+P2537+P2942,A01|F019|13|P0045+P0134+P0344+P0493+P0572+P0946+P1099+P1101+P1160+P1164+P1284+P1345+P1500,4,13,F001,F019,0.0,25.0,17.333333333333332,,0.9694339622641509,0.8643391615585597,0.8456603773584905,0.9328301886792453,0.4420754716981132,0.9694339622641509,,,,,0.9694339622641509,improving_not_selected,2,2,0,0,0,127,False,0.40979150000202935,
0,static_selected_distance,7,True,9,29,A01,A01|F005|11|P0177+P0622+P0879+P0978+P1006+P1078+P1307+P1710+P1910+P3403+P3882,A01|F015|7|P0269+P0476+P0484+P0570+P0637+P1402+P3945,11,7,F005,F015,0.0,25.0,4.0,,0.9694339622641509,0.7843564518281836,0.9909433962264151,0.9864150943396226,0.5615094339622642,0.9694339622641509,,,,,0.9694339622641509,improving_not_selected,2,2,0,0,0,81,False,0.9024827999965055,
0,static_selected_distance,8,True,27,29,A01,A01|F014|12|P0061+P0303+P0849+P1095+P1163+P1235+P1805+P1853+P1902+P2120+P2969+P3614,A01|F015|7|P0269+P0476+P0484+P0570+P0637+P1402+P3945,12,7,F014,F015,0.0,27.0,26.666666666666668,,0.9633962264150944,1.0,0.7090566037735849,0.659622641509434,0.4420754716981132,0.9633962264150944,,,,,0.9633962264150944,improving_not_selected,2,2,0,0,0,74,False,2.27735820000089,
0,static_selected_distance,9,True,86,90,A03,A03|F041|5|P0227+P0326+P0368+P1137+P2262,A03|F043|14|P0095+P0132+P0520+P0588+P0601+P0778+P0848+P0965+P1050+P1171+P1294+P2636+P3023+P3270,5,14,F041,F043,0.0,28.0,23.0,,0.9607547169811321,0.919016780894375,0.7615094339622641,0.9864150943396226,0.7460377358490566,0.9607547169811321,,,,,0.9607547169811321,improving_not_selected,2,2,0,0,0,151,False,3.338698999999906,
0,static_selected_distance,10,True,3,13,A01,A01|F002|7|P1754+P1771+P2409+P2625+P2819+P3592+P3961,A01|F007|9|P0057+P0480+P0652+P0685+P0786+P0812+P1703+P1838+P2738,7,9,F002,F007,0.0,30.0,14.666666666666666,,0.9566037735849057,1.0,0.8883018867924528,0.9328301886792453,0.5615094339622642,0.9566037735849057,,,,,0.9566037735849057,improving_not_selected,4,4,0,0,0,122,False,0.7637448999957996,
0,static_selected_distance,11,True,21,29,A01,A01|F011|12|P0174+P0284+P0293+P0535+P0707+P0823+P0923+P1529+P1571+P1718+P3108+P3175,A01|F015|7|P0269+P0476+P0484+P0570+P0637+P1402+P3945,12,7,F011,F015,0.0,31.0,13.0,,0.9535849056603773,0.7043643178278647,0.9166037735849056,0.6988679245283018,0.6722641509433962,0.9535849056603773,,,,,0.9535849056603773,improving_not_selected,2,2,0,0,0,79,False,2.114846899996337,
0,static_selected_distance,12,True,29,59,A01,A01|F015|7|P0269+P0476+P0484+P0570+P0637+P1402+P3945,A01|F028|12|P0241+P0272+P0289+P0320+P0490+P0559+P0600+P0634+P0700+P0953+P1113+P1179,7,12,F015,F028,0.0,32.0,27.666666666666668,,0.949811320754717,0.7043643178278647,0.6890566037735849,0.5279245283018867,0.4420754716981132,0.949811320754717,,,,,0.949811320754717,improving_not_selected,2,2,0,0,0,92,False,2.434859699998924,
0,static_selected_distance,13,True,3,7,A01,A01|F002|7|P1754+P1771+P2409+P2625+P2819+P3592+P3961,A01|F004|11|P0146+P0632+P0908+P1052+P1216+P1264+P1553+P2173+P2793+P3113+P3938,7,11,F002,F004,0.0,33.0,21.333333333333332,,0.9460377358490566,1.0,0.7860377358490566,0.5279245283018867,0.6722641509433962,0.9460377358490566,,,,,0.9460377358490566,improving_not_selected,2,2,0,0,0,103,False,0.550136099998781,
0,static_selected_distance,14,True,15,21,A01,A01|F008|3|P1310+P1334+P3410,A01|F011|12|P0174+P0284+P0293+P0535+P0707+P0823+P0923+P1529+P1571+P1718+P3108+P3175,3,12,F008,F011,0.0,33.0,22.0,,0.9460377358490566,0.6878741591535094,0.7754716981132075,0.42188679245283023,0.7460377358490566,0.9460377358490566,,,,,0.9460377358490566,improving_not_selected,4,4,0,0,0,113,False,1.545299099998374,
0,static_selected_distance,15,True,99,109,A03,A03|F047|5|P0040+P1063+P1231+P2315+P2850,A03|F052|11|P0465+P1035+P2138+P2378+P3105+P3227+P3440+P3587+P3611+P3640+P3987,5,11,F047,F052,0.0,33.0,17.666666666666668,,0.9460377358490566,0.8643391615585597,0.8377358490566038,0.8350943396226416,0.5615094339622642,0.9460377358490566,,,,,0.9460377358490566,improving_not_selected,4,4,0,0,0,162,False,4.57916529999784,
0,static_selected_distance,16,True,67,74,A02,A02|F032|14|P0099+P0379+P0390+P0422+P0546+P0616+P0618+P0738+P1254+P1300+P1681+P2097+P2351+P3385,A02|F035|5|P0115+P3360+P3552+P3652+P3844,14,5,F032,F035,0.0,35.0,17.333333333333332,,0.9369811320754717,1.0,0.8456603773584905,0.9864150943396226,0.7460377358490566,0.9369811320754717,,,,,0.9369811320754717,improving_not_selected,2,2,0,0,0,138,False,3.2103550999963772,
0,static_selected_distance,17,True,17,29,A01,A01|F009|11|P0086+P0252+P0860+P1085+P1610+P1743+P1763+P1949+P2163+P3118+P3137,A01|F015|7|P0269+P0476+P0484+P0570+P0637+P1402+P3945,11,7,F009,F015,0.0,38.0,21.333333333333332,,0.9233962264150943,0.7749136210952401,0.7860377358490566,0.6003773584905661,0.5615094339622642,0.9233962264150943,,,,,0.9233962264150943,improving_not_selected,2,2,0,0,0,72,False,1.9591416999974172,
0,static_selected_distance,18,True,49,74,A02,A02|F023|9|P0068+P0111+P0298+P0611+P0693+P1031+P1482+P2314+P2790,A02|F035|5|P0115+P3360+P3552+P3652+P3844,9,5,F023,F035,0.0,38.0,6.0,,0.9233962264150943,1.0,0.9762264150943396,0.9864150943396226,0.4941509433962264,0.9233962264150943,,,,,0.9233962264150943,improving_not_selected,4,4,0,0,0,158,False,2.7792581999965478,
0,static_selected_distance,19,True,97,109,A03,A03|F046|1|P2863,A03|F052|11|P0465+P1035+P2138+P2378+P3105+P3227+P3440+P3587+P3611+P3640+P3987,1,11,F046,F052,0.0,38.0,31.0,,0.9233962264150943,0.8643391615585597,0.6377358490566039,0.35056603773584905,0.789622641509434,0.9233962264150943,,,,,0.9233962264150943,improving_not_selected,6,6,0,0,0,145,False,4.260093299999426,
0,static_selected_distance,20,True,52,54,A02,A02|F024|12|P0213+P0307+P0433+P0499+P0729+P1905+P2195+P2535+P2572+P3190+P3603+P3872,A02|F025|7|P1886+P2791+P3216+P3506+P3560+P3584+P3815,12,7,F024,F025,0.0,39.0,15.666666666666666,,0.919245283018868,0.8398196483967807,0.8758490566037735,0.6003773584905661,0.7460377358490566,0.919245283018868,,,,,0.919245283018868,improving_not_selected,2,2,0,0,0,98,False,2.9216643999970984,
0,static_selected_distance,21,True,88,104,A03,A03|F042|10|P0294+P0455+P0617+P0638+P1203+P1767+P2093+P2521+P2730+P2984,A03|F050|8|P0166+P0540+P0643+P0865+P2330+P2972+P3627+P3730,10,8,F042,F050,0.0,40.0,36.333333333333336,,0.9158490566037736,1.0,0.5573584905660378,0.8784905660377358,0.2888679245283019,0.9158490566037736,,,,,0.9158490566037736,accepted,2,2,0,0,0,244,True,3.4790437999981805,4.579221300002246
0,static_selected_distance,22,True,0,31,A01,A01|F001|4|P0036+P0918+P2537+P2942,A01|F016|9|P0275+P0423+P0482+P0613+P0647+P0950+P1114+P2472+P2898,4,9,F001,F016,0.0,41.0,35.0,,0.9109433962264151,0.9294506967326246,0.5739622641509434,0.3007547169811321,0.7460377358490566,0.9109433962264151,,,,,0.9109433962264151,improving_not_selected,4,4,0,0,0,99,False,0.26019629999791505,
0,static_selected_distance,23,True,11,15,A01,A01|F006|16|P0042+P0044+P0089+P0113+P0151+P0158+P0186+P0240+P0244+P0267+P0393+P0718+P0863+P1394+P1611+P3271,A01|F008|3|P1310+P1334+P3410,16,3,F006,F008,0.0,41.0,16.333333333333332,,0.9109433962264151,0.8586958855927248,0.8626415094339622,0.7256603773584906,0.6722641509433962,0.9109433962264151,,,,,0.9109433962264151,improving_not_selected,2,2,0,0,0,112,False,1.0502077999990433,
0,static_selected_distance,24,True,15,59,A01,A01|F008|3|P1310+P1334+P3410,A01|F028|12|P0241+P0272+P0289+P0320+P0490+P0559+P0600+P0634+P0700+P0953+P1113+P1179,3,12,F008,F028,0.0,41.0,7.333333333333333,,0.9109433962264151,0.6878741591535094,0.9667924528301887,0.9592452830188679,0.5615094339622642,0.9109433962264151,,,,,0.9109433962264151,improving_not_selected,4,4,0,0,0,115,False,1.8177627999975812,
0,static_selected_distance,25,True,45,74,A02,A02|F021|13|P0008+P0124+P1195+P3158+P3305+P3313+P3406+P3544+P3734+P3749+P3809+P3877+P3895,A02|F035|5|P0115+P3360+P3552+P3652+P3844,13,5,F021,F035,0.0,41.0,40.333333333333336,,0.9109433962264151,0.7937898582911843,0.5094339622641509,0.35056603773584905,0.6722641509433962,0.9109433962264151,,,,,0.9109433962264151,improving_not_selected,2,2,0,0,0,117,False,2.5740606999970623,
0,static_selected_distance,26,False,77,97,A03,A03|F036|8|P0401+P0709+P1087+P1650+P1817+P3698+P3755+P3770,A03|F046|1|P2863,8,1,F036,F046,0.0,41.0,11.0,,0.9109433962264151,0.5387908473615347,0.9373584905660377,0.9328301886792453,0.789622641509434,0.9109433962264151,,,,,0.9109433962264151,budget_not_selected,0,0,0,0,0,,False,,
0,static_selected_distance,27,False,0,23,A01,A01|F001|4|P0036+P0918+P2537+P2942,A01|F012|15|P0004+P0049+P0093+P0228+P0239+P0247+P0266+P0510+P0525+P0561+P0584+P0619+P2131+P2753+P3211,4,15,F001,F012,0.0,42.0,5.333333333333333,,0.9064150943396226,0.8509166882080255,0.9815094339622642,0.9328301886792453,0.5615094339622642,0.9064150943396226,,,,,0.9064150943396226,budget_not_selected,0,0,0,0,0,,False,,
0,static_selected_distance,28,False,65,74,A02,A02|F031|13|P0188+P0221+P0470+P0845+P1206+P1443+P1467+P1512+P1534+P1772+P1859+P2248+P3041,A02|F035|5|P0115+P3360+P3552+P3652+P3844,13,5,F031,F035,0.0,42.0,19.333333333333332,,0.9064150943396226,1.0,0.8166037735849057,0.659622641509434,0.789622641509434,0.9064150943396226,,,,,0.9064150943396226,budget_not_selected,0,0,0,0,0,,False,,
0,static_selected_distance,29,False,77,99,A03,A03|F036|8|P0401+P0709+P1087+P1650+P1817+P3698+P3755+P3770,A03|F047|5|P0040+P1063+P1231+P2315+P2850,8,5,F036,F047,0.0,42.0,24.333333333333332,,0.9064150943396226,0.5387908473615347,0.7415094339622641,0.5279245283018867,0.23188679245283017,0.9064150943396226,,,,,0.9064150943396226,budget_not_selected,0,0,0,0,0,,False,,
0,static_selected_distance,30,False,82,97,A03,A03|F039|15|P0097+P0714+P0855+P1236+P1407+P1474+P1488+P1559+P1725+P1936+P1969+P2159+P2166+P3048+P3576,A03|F046|1|P2863,15,1,F039,F046,0.0,45.0,5.666666666666667,,0.8935849056603774,0.8643391615585597,0.9792452830188679,0.9592452830188679,0.789622641509434,0.8935849056603774,,,,,0.8935849056603774,budget_not_selected,0,0,0,0,0,,False,,
0,static_selected_distance,31,False,29,31,A01,A01|F015|7|P0269+P0476+P0484+P0570+P0637+P1402+P3945,A01|F016|9|P0275+P0423+P0482+P0613+P0647+P0950+P1114+P2472+P2898,7,9,F015,F016,0.0,48.0,16.666666666666668,,0.8833962264150943,0.7058224433035845,0.8573584905660377,0.659622641509434,0.7460377358490566,0.8833962264150943,,,,,0.8833962264150943,budget_not_selected,0,0,0,0,0,,False,,
0,static_selected_distance,32,False,62,74,A02,A02|F029|12|P0226+P1827+P1956+P2101+P2590+P2617+P2683+P2796+P2810+P3402+P3626+P3741,A02|F035|5|P0115+P3360+P3552+P3652+P3844,12,5,F029,F035,0.0,49.0,44.333333333333336,,0.8781132075471698,0.633609506687965,0.45358490566037735,0.3007547169811321,0.13999999999999996,0.8781132075471698,,,,,0.8781132075471698,budget_not_selected,0,0,0,0,0,,False,,
0,static_selected_distance,33,False,0,9,A01,A01|F001|4|P0036+P0918+P2537+P2942,A01|F005|11|P0177+P0622+P0879+P0978+P1006+P1078+P1307+P1710+P1910+P3403+P3882,4,11,F001,F005,0.0,50.0,22.333333333333332,,0.8735849056603774,0.8509166882080255,0.7709433962264151,0.7766037735849056,0.5615094339622642,0.8735849056603774,,,,,0.8735849056603774,budget_not_selected,0,0,0,0,0,,False,,
0,static_selected_distance,34,False,97,100,A03,A03|F046|1|P2863,A03|F048|16|P0255+P1217+P1261+P1569+P1604+P1761+P1870+P2022+P2105+P2156+P2369+P2395+P2743+P2914+P3267+P3471,1,16,F046,F048,0.0,50.0,27.666666666666668,,0.8735849056603774,0.7141797589233189,0.6890566037735849,0.35056603773584905,0.7460377358490566,0.8735849056603774,,,,,0.8735849056603774,budget_not_selected,0,0,0,0,0,,False,,
0,static_selected_distance,35,False,97,101,A03,A03|F046|1|P2863,A03|F048|16|P2396+P2419+P2481+P2604+P2619+P2692+P2712+P2776+P2858+P3027+P3589+P3599+P3699+P3885+P3903+P3966,1,16,F046,F048,0.0,50.0,27.666666666666668,,0.8735849056603774,0.7141797589233189,0.6890566037735849,0.35056603773584905,0.7460377358490566,0.8735849056603774,,,,,0.8735849056603774,budget_not_selected,0,0,0,0,0,,False,,
0,static_selected_distance,36,False,7,15,A01,A01|F004|11|P0146+P0632+P0908+P1052+P1216+P1264+P1553+P2173+P2793+P3113+P3938,A01|F008|3|P1310+P1334+P3410,11,3,F004,F008,0.0,52.0,21.666666666666668,,0.8656603773584906,0.8586958855927248,0.780377358490566,0.6003773584905661,0.27433962264150946,0.8656603773584906,,,,,0.8656603773584906,budget_not_selected,0,0,0,0,0,,False,,
0,static_selected_distance,37,False,8,15,A01,A01|F004|16|P2183+P2362+P2487+P2551+P2669+P2716+P3039+P3053+P3119+P3159+P3243+P3375+P3585+P3598+P3761+P3906,A01|F008|3|P1310+P1334+P3410,16,3,F004,F008,0.0,52.0,21.666666666666668,,0.8656603773584906,0.8586958855927248,0.780377358490566,0.6003773584905661,0.27433962264150946,0.8656603773584906,,,,,0.8656603773584906,budget_not_selected,0,0,0,0,0,,False,,
0,static_selected_distance,38,False,29,33,A01,A01|F015|7|P0269+P0476+P0484+P0570+P0637+P1402+P3945,A01|F017|11|P0137+P0418+P0598+P1079+P1380+P1493+P1521+P1745+P2207+P2309+P2999,7,11,F015,F017,0.0,53.0,43.0,,0.860754716981132,0.854905755095559,0.4732075471698113,0.659622641509434,0.5615094339622642,0.860754716981132,,,,,0.860754716981132,budget_not_selected,0,0,0,0,0,,False,,
0,static_selected_distance,39,False,13,15,A01,A01|F007|9|P0057+P0480+P0652+P0685+P0786+P0812+P1703+P1838+P2738,A01|F008|3|P1310+P1334+P3410,9,3,F007,F008,0.0,54.0,14.333333333333334,,0.8573584905660377,0.8586958855927248,0.8943396226415095,0.9592452830188679,0.5615094339622642,0.8573584905660377,,,,,0.8573584905660377,budget_not_selected,0,0,0,0,0,,False,,
0,static_selected_distance,40,False,3,19,A01,A01|F002|7|P1754+P1771+P2409+P2625+P2819+P3592+P3961,A01|F010|12|P0028+P0077+P0375+P0395+P0583+P0631+P0642+P0835+P1907+P2840+P3644+P3775,7,12,F002,F010,0.0,56.0,3.3333333333333335,,0.8483018867924528,0.9294506967326246,0.9947169811320755,0.9328301886792453,0.5615094339622642,0.8483018867924528,,,,,0.8483018867924528,budget_not_selected,0,0,0,0,0,,False,,
0,static_selected_distance,41,False,52,74,A02,A02|F024|12|P0213+P0307+P0433+P0499+P0729+P1905+P2195+P2535+P2572+P3190+P3603+P3872,A02|F035|5|P0115+P3360+P3552+P3652+P3844,12,5,F024,F035,0.0,57.0,41.333333333333336,,0.8418867924528302,0.633609506687965,0.49547169811320757,0.20226415094339623,0.789622641509434,0.8418867924528302,,,,,0.8418867924528302,budget_not_selected,0,0,0,0,0,,False,,
0,static_selected_distance,42,False,54,74,A02,A02|F025|7|P1886+P2791+P3216+P3506+P3560+P3584+P3815,A02|F035|5|P0115+P3360+P3552+P3652+P3844,7,5,F025,F035,0.0,57.0,57.0,,0.8418867924528302,0.7937898582911843,0.33698113207547165,0.3007547169811321,0.789622641509434,0.8418867924528302,,,,,0.8418867924528302,budget_not_selected,0,0,0,0,0,,False,,
0,static_selected_distance,43,False,15,17,A01,A01|F008|3|P1310+P1334+P3410,A01|F009|11|P0086+P0252+P0860+P1085+P1610+P1743+P1763+P1949+P2163+P3118+P3137,3,11,F008,F009,0.0,59.0,56.333333333333336,,0.8320754716981132,0.6173248558861338,0.3426415094339622,0.16150943396226414,0.27433962264150946,0.8320754716981132,,,,,0.8320754716981132,budget_not_selected,0,0,0,0,0,,False,,
0,static_selected_distance,44,False,15,18,A01,A01|F008|3|P1310+P1334+P3410,A01|F009|16|P2295+P2415+P2720+P2794+P2805+P2859+P2982+P2991+P3006+P3280+P3464+P3478+P3613+P3725+P3807+P3880,3,16,F008,F009,0.0,59.0,56.333333333333336,,0.8320754716981132,0.6173248558861338,0.3426415094339622,0.16150943396226414,0.27433962264150946,0.8320754716981132,,,,,0.8320754716981132,budget_not_selected,0,0,0,0,0,,False,,
0,static_selected_distance,45,False,15,30,A01,A01|F008|3|P1310+P1334+P3410,A01|F015|16|P0409+P0513+P0605+P0969+P0998+P1080+P1364+P1506+P1774+P1782+P2091+P3098+P3234+P3836+P3939+P3985,3,16,F008,F015,0.0,64.0,35.0,,0.8181132075471698,0.3922384769813739,0.5739622641509434,0.459622641509434,0.13999999999999996,0.8181132075471698,,,,,0.8181132075471698,budget_not_selected,0,0,0,0,0,,False,,
0,static_selected_distance,46,False,15,29,A01,A01|F008|3|P1310+P1334+P3410,A01|F015|7|P0269+P0476+P0484+P0570+P0637+P1402+P3945,3,7,F008,F015,0.0,64.0,35.0,,0.8181132075471698,0.3922384769813739,0.5739622641509434,0.459622641509434,0.13999999999999996,0.8181132075471698,,,,,0.8181132075471698,budget_not_selected,0,0,0,0,0,,False,,
0,static_selected_distance,47,False,39,54,A02,A02|F019|12|P0059+P0542+P0957+P1677+P2598+P2822+P3044+P3288+P3409+P3524+P3711+P3982,A02|F025|7|P1886+P2791+P3216+P3506+P3560+P3584+P3815,12,7,F019,F025,0.0,66.0,13.0,,0.8094339622641509,0.21419484696603946,0.9166037735849056,0.8784905660377358,0.5615094339622642,0.8094339622641509,,,,,0.8094339622641509,budget_not_selected,0,0,0,0,0,,False,,
0,static_selected_distance,48,False,84,86,A03,A03|F040|11|P0140+P0367+P0868+P0880+P1004+P1567+P1598+P1705+P1715+P1750+P2374,A03|F041|5|P0227+P0326+P0368+P1137+P2262,11,5,F040,F041,0.0,66.0,64.66666666666667,,0.8094339622641509,0.3196975792334435,0.2909433962264151,0.9328301886792453,0.7460377358490566,0.8094339622641509,,,,,0.8094339622641509,budget_not_selected,0,0,0,0,0,,False,,
0,static_selected_distance,49,False,0,61,A01,A01|F001|4|P0036+P0918+P2537+P2942,A01|F029|12|P0159+P0299+P0306+P0449+P0962+P0987+P1077+P1226+P1276+P1738+P1878+P1919,4,12,F001,F029,0.0,67.0,17.666666666666668,,0.8026415094339623,0.23871436012781846,0.8377358490566038,0.7766037735849056,0.4420754716981132,0.8026415094339623,,,,,0.8026415094339623,budget_not_selected,0,0,0,0,0,,False,,
0,static_selected_distance,50,False,80,97,A03,A03|F038|15|P0238+P0338+P0385+P0399+P0573+P0655+P0721+P0820+P0993+P1913+P2047+P2154+P2544+P2912+P3674,A03|F046|1|P2863,15,1,F038,F046,0.0,67.0,39.0,,0.8026415094339623,0.6436304556559435,0.5256603773584906,0.3886792452830189,0.7460377358490566,0.8026415094339623,,,,,0.8026415094339623,budget_not_selected,0,0,0,0,0,,False,,
0,static_selected_distance,51,False,81,97,A03,A03|F038|16|P1135+P1278+P1562+P1612+P1766+P1858+P2611+P2643+P2674+P2901+P3004+P3126+P3225+P3610+P3612+P3955,A03|F046|1|P2863,16,1,F038,F046,0.0,67.0,39.0,,0.8026415094339623,0.6436304556559435,0.5256603773584906,0.3886792452830189,0.7460377358490566,0.8026415094339623,,,,,0.8026415094339623,budget_not_selected,0,0,0,0,0,,False,,
0,static_selected_distance,52,False,84,104,A03,A03|F040|11|P0140+P0367+P0868+P0880+P1004+P1567+P1598+P1705+P1715+P1750+P2374,A03|F050|8|P0166+P0540+P0643+P0865+P2330+P2972+P3627+P3730,11,8,F040,F050,0.0,67.0,63.666666666666664,,0.8026415094339623,1.0,0.2954716981132075,0.7766037735849056,0.5615094339622642,0.8026415094339623,,,,,0.8026415094339623,budget_not_selected,0,0,0,0,0,,False,,
0,static_selected_distance,53,False,0,33,A01,A01|F001|4|P0036+P0918+P2537+P2942,A01|F017|11|P0137+P0418+P0598+P1079+P1380+P1493+P1521+P1745+P2207+P2309+P2999,4,11,F001,F017,0.0,70.0,61.333333333333336,,0.7943396226415094,0.8509166882080255,0.3109433962264151,0.3007547169811321,0.5615094339622642,0.7943396226415094,,,,,0.7943396226415094,budget_not_selected,0,0,0,0,0,,False,,
0,static_selected_distance,54,False,49,54,A02,A02|F023|9|P0068+P0111+P0298+P0611+P0693+P1031+P1482+P2314+P2790,A02|F025|7|P1886+P2791+P3216+P3506+P3560+P3584+P3815,9,7,F023,F025,0.0,70.0,63.0,,0.7943396226415094,0.7937898582911843,0.2988679245283019,0.3007547169811321,0.789622641509434,0.7943396226415094,,,,,0.7943396226415094,budget_not_selected,0,0,0,0,0,,False,,
0,static_selected_distance,55,False,0,29,A01,A01|F001|4|P0036+P0918+P2537+P2942,A01|F015|7|P0269+P0476+P0484+P0570+P0637+P1402+P3945,4,7,F001,F015,0.0,73.0,18.333333333333332,,0.7845283018867925,0.7058224433035845,0.8283018867924529,0.7766037735849056,0.23188679245283017,0.7845283018867925,,,,,0.7845283018867925,budget_not_selected,0,0,0,0,0,,False,,
0,static_selected_distance,56,False,3,15,A01,A01|F002|7|P1754+P1771+P2409+P2625+P2819+P3592+P3961,A01|F008|3|P1310+P1334+P3410,7,3,F002,F008,0.0,75.0,2.3333333333333335,,0.7762264150943397,0.8586958855927248,0.999245283018868,0.9592452830188679,0.7460377358490566,0.7762264150943397,,,,,0.7762264150943397,budget_not_selected,0,0,0,0,0,,False,,
0,static_selected_distance,57,False,77,109,A03,A03|F036|8|P0401+P0709+P1087+P1650+P1817+P3698+P3755+P3770,A03|F052|11|P0465+P1035+P2138+P2378+P3105+P3227+P3440+P3587+P3611+P3640+P3987,8,11,F036,F052,0.0,75.0,42.0,,0.7762264150943397,0.4031300089200943,0.4883018867924528,0.2516981132075472,0.5615094339622642,0.7762264150943397,,,,,0.7762264150943397,budget_not_selected,0,0,0,0,0,,False,,
0,static_selected_distance,58,False,15,27,A01,A01|F008|3|P1310+P1334+P3410,A01|F014|12|P0061+P0303+P0849+P1095+P1163+P1235+P1805+P1853+P1902+P2120+P2969+P3614,3,12,F008,F014,0.0,76.0,61.666666666666664,,0.7713207547169811,0.3922384769813739,0.30679245283018863,0.12943396226415094,0.5615094339622642,0.7713207547169811,,,,,0.7713207547169811,budget_not_selected,0,0,0,0,0,,False,,
0,static_selected_distance,59,False,15,28,A01,A01|F008|3|P1310+P1334+P3410,A01|F014|16|P2127+P2447+P2512+P2561+P2767+P2844+P2908+P2953+P3160+P3475+P3554+P3634+P3651+P3808+P3973+P3994,3,16,F008,F014,0.0,76.0,61.666666666666664,,0.7713207547169811,0.3922384769813739,0.30679245283018863,0.12943396226415094,0.5615094339622642,0.7713207547169811,,,,,0.7713207547169811,budget_not_selected,0,0,0,0,0,,False,,
0,static_selected_distance,60,False,19,29,A01,A01|F010|12|P0028+P0077+P0375+P0395+P0583+P0631+P0642+P0835+P1907+P2840+P3644+P3775,A01|F015|7|P0269+P0476+P0484+P0570+P0637+P1402+P3945,12,7,F010,F015,0.0,77.0,31.333333333333332,,0.7686792452830189,0.32148366584147414,0.630943396226415,0.5279245283018867,0.4420754716981132,0.7686792452830189,,,,,0.7686792452830189,budget_not_selected,0,0,0,0,0,,False,,
0,static_selected_distance,61,False,54,70,A02,A02|F025|7|P1886+P2791+P3216+P3506+P3560+P3584+P3815,A02|F033|12|P0660+P0761+P1198+P1462+P2397+P2940+P3002+P3303+P3352+P3542+P3649+P3929,7,12,F025,F033,0.0,80.0,36.333333333333336,,0.7588679245283019,0.21419484696603946,0.5573584905660378,0.7766037735849056,0.5615094339622642,0.7588679245283019,,,,,0.7588679245283019,budget_not_selected,0,0,0,0,0,,False,,
0,static_selected_distance,62,False,70,74,A02,A02|F033|12|P0660+P0761+P1198+P1462+P2397+P2940+P3002+P3303+P3352+P3542+P3649+P3929,A02|F035|5|P0115+P3360+P3552+P3652+P3844,12,5,F033,F035,0.0,80.0,20.666666666666668,,0.7588679245283019,0.07853400852459914,0.7973584905660378,0.659622641509434,0.6722641509433962,0.7588679245283019,,,,,0.7588679245283019,budget_not_selected,0,0,0,0,0,,False,,
0,static_selected_distance,63,False,86,109,A03,A03|F041|5|P0227+P0326+P0368+P1137+P2262,A03|F052|11|P0465+P1035+P2138+P2378+P3105+P3227+P3440+P3587+P3611+P3640+P3987,5,11,F041,F052,0.0,80.0,29.0,,0.7588679245283019,0.7000941615997894,0.6656603773584906,0.9328301886792453,0.7460377358490566,0.7588679245283019,,,,,0.7588679245283019,budget_not_selected,0,0,0,0,0,,False,,
0,static_selected_distance,64,False,15,25,A01,A01|F008|3|P1310+P1334+P3410,A01|F013|15|P0229+P0417+P0419+P0453+P0648+P0672+P0785+P0870+P0912+P1139+P1153+P2464+P3092+P3150+P3176,3,15,F008,F013,0.0,81.0,60.333333333333336,,0.7532075471698113,0.8586958855927248,0.3162264150943396,0.7766037735849056,0.16943396226415092,0.7532075471698113,,,,,0.7532075471698113,budget_not_selected,0,0,0,0,0,,False,,
0,static_selected_distance,65,False,15,26,A01,A01|F008|3|P1310+P1334+P3410,A01|F013|16|P1296+P1897+P1992+P2044+P2061+P2343+P2463+P2807+P3202+P3277+P3466+P3572+P3676+P3797+P3849+P3925,3,16,F008,F013,0.0,81.0,60.333333333333336,,0.7532075471698113,0.8586958855927248,0.3162264150943396,0.7766037735849056,0.16943396226415092,0.7532075471698113,,,,,0.7532075471698113,budget_not_selected,0,0,0,0,0,,False,,
0,static_selected_distance,66,False,97,106,A03,A03|F046|1|P2863,A03|F051|16|P0102+P0184+P0349+P0446+P0462+P0502+P0530+P0541+P0797+P0856+P0904+P0997+P1081+P1684+P1723+P3708,1,16,F046,F051,0.0,82.0,55.666666666666664,,0.7483018867924529,0.5644333231583492,0.3479245283018868,0.35056603773584905,0.5169811320754717,0.7483018867924529,,,,,0.7483018867924529,budget_not_selected,0,0,0,0,0,,False,,
0,static_selected_distance,67,False,97,107,A03,A03|F046|1|P2863,A03|F051|17|P1926+P1962+P2059+P2217+P2218+P2228+P2558+P2562+P2726+P2847+P2930+P2945+P3082+P3167+P3184+P3253+P3947,1,17,F046,F051,0.0,82.0,55.666666666666664,,0.7483018867924529,0.5644333231583492,0.3479245283018868,0.35056603773584905,0.5169811320754717,0.7483018867924529,,,,,0.7483018867924529,budget_not_selected,0,0,0,0,0,,False,,
0,static_selected_distance,68,False,39,74,A02,A02|F019|12|P0059+P0542+P0957+P1677+P2598+P2822+P3044+P3288+P3409+P3524+P3711+P3982,A02|F035|5|P0115+P3360+P3552+P3652+P3844,12,5,F019,F035,0.0,83.0,44.0,,0.7433962264150944,0.07853400852459914,0.459622641509434,0.5279245283018867,0.35132075471698115,0.7433962264150944,,,,,0.7433962264150944,budget_not_selected,0,0,0,0,0,,False,,
0,static_selected_distance,69,False,0,27,A01,A01|F001|4|P0036+P0918+P2537+P2942,A01|F014|12|P0061+P0303+P0849+P1095+P1163+P1235+P1805+P1853+P1902+P2120+P2969+P3614,4,12,F001,F014,0.0,85.0,45.0,,0.7366037735849056,0.7058224433035845,0.4479245283018868,0.3007547169811321,0.4420754716981132,0.7366037735849056,,,,,0.7366037735849056,budget_not_selected,0,0,0,0,0,,False,,
0,static_selected_distance,70,False,9,15,A01,A01|F005|11|P0177+P0622+P0879+P0978+P1006+P1078+P1307+P1710+P1910+P3403+P3882,A01|F008|3|P1310+P1334+P3410,11,3,F005,F008,0.0,88.0,39.0,,0.7271698113207548,0.32148366584147414,0.5256603773584906,0.459622641509434,0.27433962264150946,0.7271698113207548,,,,,0.7271698113207548,budget_not_selected,0,0,0,0,0,,False,,
0,static_selected_distance,71,False,10,15,A01,A01|F005|16|P1933+P2027+P2062+P2096+P2165+P2202+P2334+P2540+P2661+P2725+P3074+P3363+P3624+P3706+P3814+P3917,A01|F008|3|P1310+P1334+P3410,16,3,F005,F008,0.0,88.0,39.0,,0.7271698113207548,0.32148366584147414,0.5256603773584906,0.459622641509434,0.27433962264150946,0.7271698113207548,,,,,0.7271698113207548,budget_not_selected,0,0,0,0,0,,False,,
0,static_selected_distance,72,False,78,86,A03,A03|F037|12|P0199+P0260+P0330+P0911+P0980+P1009+P1042+P1221+P1477+P1484+P2048+P2956,A03|F041|5|P0227+P0326+P0368+P1137+P2262,12,5,F037,F041,0.0,88.0,84.33333333333333,,0.7271698113207548,0.3196975792334435,0.20490566037735847,0.8350943396226416,0.27433962264150946,0.7271698113207548,,,,,0.7271698113207548,budget_not_selected,0,0,0,0,0,,False,,
0,static_selected_distance,73,False,15,23,A01,A01|F008|3|P1310+P1334+P3410,A01|F012|15|P0004+P0049+P0093+P0228+P0239+P0247+P0266+P0510+P0525+P0561+P0584+P0619+P2131+P2753+P3211,3,15,F008,F012,0.0,89.0,21.333333333333332,,0.7218867924528302,0.32148366584147414,0.7860377358490566,0.7256603773584906,0.6722641509433962,0.7218867924528302,,,,,0.7218867924528302,budget_not_selected,0,0,0,0,0,,False,,
0,static_selected_distance,74,False,15,63,A01,A01|F008|3|P1310+P1334+P3410,A01|F030|16|P0169+P0332+P0347+P0357+P0479+P0562+P0661+P1007+P1086+P1200+P1324+P1376+P1739+P1804+P2026+P2086,3,16,F008,F030,0.0,89.0,69.33333333333333,,0.7218867924528302,0.32148366584147414,0.26113207547169814,0.12943396226415094,0.7460377358490566,0.7218867924528302,,,,,0.7218867924528302,budget_not_selected,0,0,0,0,0,,False,,
0,static_selected_distance,75,False,0,59,A01,A01|F001|4|P0036+P0918+P2537+P2942,A01|F028|12|P0241+P0272+P0289+P0320+P0490+P0559+P0600+P0634+P0700+P0953+P1113+P1179,4,12,F001,F028,0.0,91.0,10.666666666666666,,0.7143396226415094,0.4807360643988245,0.940377358490566,0.7766037735849056,0.4420754716981132,0.7143396226415094,,,,,0.7143396226415094,budget_not_selected,0,0,0,0,0,,False,,
0,static_selected_distance,76,False,94,97,A03,A03|F045|16|P0365+P0430+P0568+P0673+P0741+P0776+P0781+P0801+P0805+P0826+P0829+P1640+P1785+P1803+P2939+P3969,A03|F046|1|P2863,16,1,F045,F046,0.0,92.0,41.0,,0.7109433962264151,0.5644333231583492,0.4996226415094339,0.35056603773584905,0.7460377358490566,0.7109433962264151,,,,,0.7109433962264151,budget_not_selected,0,0,0,0,0,,False,,
0,static_selected_distance,77,False,86,88,A03,A03|F041|5|P0227+P0326+P0368+P1137+P2262,A03|F042|10|P0294+P0455+P0617+P0638+P1203+P1767+P2093+P2521+P2730+P2984,5,10,F041,F042,0.0,93.0,92.0,,0.7086792452830188,0.3196975792334435,0.1807547169811321,0.9030188679245283,0.789622641509434,0.7086792452830188,,,,,0.7086792452830188,budget_not_selected,0,0,0,0,0,,False,,
0,static_selected_distance,78,False,86,103,A03,A03|F041|5|P0227+P0326+P0368+P1137+P2262,A03|F049|14|P1520+P2198+P2832+P2893+P2922+P3149+P3191+P3205+P3276+P3416+P3452+P3703+P3771+P3868,5,14,F041,F049,0.0,94.0,48.666666666666664,,0.7060377358490566,0.5644333231583492,0.40981132075471693,0.7256603773584906,0.789622641509434,0.7060377358490566,,,,,0.7060377358490566,budget_not_selected,0,0,0,0,0,,False,,
0,static_selected_distance,79,False,7,29,A01,A01|F004|11|P0146+P0632+P0908+P1052+P1216+P1264+P1553+P2173+P2793+P3113+P3938,A01|F015|7|P0269+P0476+P0484+P0570+P0637+P1402+P3945,11,7,F004,F015,0.0,95.0,13.333333333333334,,0.7026415094339622,0.32148366584147414,0.9116981132075471,0.9328301886792453,0.5615094339622642,0.7026415094339622,,,,,0.7026415094339622,budget_not_selected,0,0,0,0,0,,False,,
0,static_selected_distance,80,False,48,74,A02,A02|F022|14|P2597+P2711+P2809+P3042+P3079+P3083+P3345+P3509+P3532+P3602+P3623+P3751+P3782+P3996,A02|F035|5|P0115+P3360+P3552+P3652+P3844,14,5,F022,F035,0.0,97.0,52.0,,0.689811320754717,0.07853400852459914,0.37056603773584906,0.16150943396226414,0.7460377358490566,0.689811320754717,,,,,0.689811320754717,budget_not_selected,0,0,0,0,0,,False,,
0,static_selected_distance,81,False,3,21,A01,A01|F002|7|P1754+P1771+P2409+P2625+P2819+P3592+P3961,A01|F011|12|P0174+P0284+P0293+P0535+P0707+P0823+P0923+P1529+P1571+P1718+P3108+P3175,7,12,F002,F011,0.0,99.0,21.666666666666668,,0.6826415094339623,0.546570044746234,0.780377358490566,0.3886792452830189,0.7460377358490566,0.6826415094339623,,,,,0.6826415094339623,budget_not_selected,0,0,0,0,0,,False,,
0,static_selected_distance,82,False,3,17,A01,A01|F002|7|P1754+P1771+P2409+P2625+P2819+P3592+P3961,A01|F009|11|P0086+P0252+P0860+P1085+P1610+P1743+P1763+P1949+P2163+P3118+P3137,7,11,F002,F009,0.0,100.0,56.0,,0.6799999999999999,0.546570044746234,0.3460377358490566,0.12943396226415094,0.6722641509433962,0.6799999999999999,,,,,0.6799999999999999,budget_not_selected,0,0,0,0,0,,False,,
0,static_selected_distance,83,False,0,21,A01,A01|F001|4|P0036+P0918+P2537+P2942,A01|F011|12|P0174+P0284+P0293+P0535+P0707+P0823+P0923+P1529+P1571+P1718+P3108+P3175,4,12,F001,F011,0.0,101.0,10.0,,0.6777358490566038,0.4807360643988245,0.9471698113207547,0.7256603773584906,0.6722641509433962,0.6777358490566038,,,,,0.6777358490566038,budget_not_selected,0,0,0,0,0,,False,,
0,static_selected_distance,84,False,0,17,A01,A01|F001|4|P0036+P0918+P2537+P2942,A01|F009|11|P0086+P0252+P0860+P1085+P1610+P1743+P1763+P1949+P2163+P3118+P3137,4,11,F001,F009,0.0,107.0,39.666666666666664,,0.6603773584905661,0.4807360643988245,0.5181132075471698,0.2516981132075472,0.5615094339622642,0.6603773584905661,,,,,0.6603773584905661,budget_not_selected,0,0,0,0,0,,False,,
0,static_selected_distance,85,False,87,97,A03,A03|F041|16|P0377+P0519+P0657+P0794+P1479+P1556+P1742+P1850+P1978+P2178+P2650+P2871+P2966+P3089+P3423+P3954,A03|F046|1|P2863,16,1,F041,F046,0.0,110.0,60.0,,0.6520754716981132,0.5644333231583492,0.31849056603773584,0.2516981132075472,0.4852830188679245,0.6520754716981132,,,,,0.6520754716981132,budget_not_selected,0,0,0,0,0,,False,,
0,static_selected_distance,86,False,86,97,A03,A03|F041|5|P0227+P0326+P0368+P1137+P2262,A03|F046|1|P2863,5,1,F041,F046,0.0,110.0,60.0,,0.6520754716981132,0.5644333231583492,0.31849056603773584,0.2516981132075472,0.4852830188679245,0.6520754716981132,,,,,0.6520754716981132,budget_not_selected,0,0,0,0,0,,False,,
0,static_selected_distance,87,False,86,99,A03,A03|F041|5|P0227+P0326+P0368+P1137+P2262,A03|F047|5|P0040+P1063+P1231+P2315+P2850,5,5,F041,F047,0.0,111.0,46.666666666666664,,0.6486792452830188,0.5644333231583492,0.4286792452830188,0.7256603773584906,0.7460377358490566,0.6486792452830188,,,,,0.6486792452830188,budget_not_selected,0,0,0,0,0,,False,,
0,static_selected_distance,88,False,15,32,A01,A01|F008|3|P1310+P1334+P3410,A01|F016|16|P1347+P1537+P1579+P1582+P1680+P1697+P2185+P2192+P2227+P2731+P2736+P3170+P3192+P3316+P3356+P3427,3,16,F008,F016,0.0,112.0,51.666666666666664,,0.6449056603773584,0.242949657316875,0.37584905660377355,0.12943396226415094,0.789622641509434,0.6449056603773584,,,,,0.6449056603773584,budget_not_selected,0,0,0,0,0,,False,,
0,static_selected_distance,89,False,15,31,A01,A01|F008|3|P1310+P1334+P3410,A01|F016|9|P0275+P0423+P0482+P0613+P0647+P0950+P1114+P2472+P2898,3,9,F008,F016,0.0,112.0,51.666666666666664,,0.6449056603773584,0.242949657316875,0.37584905660377355,0.12943396226415094,0.789622641509434,0.6449056603773584,,,,,0.6449056603773584,budget_not_selected,0,0,0,0,0,,False,,
0,static_selected_distance,90,False,15,33,A01,A01|F008|3|P1310+P1334+P3410,A01|F017|11|P0137+P0418+P0598+P1079+P1380+P1493+P1521+P1745+P2207+P2309+P2999,3,11,F008,F017,0.0,112.0,78.0,,0.6449056603773584,0.32148366584147414,0.22867924528301886,0.12943396226415094,0.27433962264150946,0.6449056603773584,,,,,0.6449056603773584,budget_not_selected,0,0,0,0,0,,False,,
0,static_selected_distance,91,False,15,34,A01,A01|F008|3|P1310+P1334+P3410,A01|F017|16|P2043+P2137+P2139+P2152+P2229+P2499+P2682+P2789+P2825+P2836+P3112+P3240+P3279+P3310+P3655+P3684,3,16,F008,F017,0.0,112.0,78.0,,0.6449056603773584,0.32148366584147414,0.22867924528301886,0.12943396226415094,0.27433962264150946,0.6449056603773584,,,,,0.6449056603773584,budget_not_selected,0,0,0,0,0,,False,,
0,static_selected_distance,92,False,56,74,A02,A02|F026|14|P0230+P0574+P2408+P2710+P2867+P2971+P3013+P3174+P3320+P3582+P3658+P3694+P3862+P3914,A02|F035|5|P0115+P3360+P3552+P3652+P3844,14,5,F026,F035,0.0,112.0,39.0,,0.6449056603773584,0.07853400852459914,0.5256603773584906,0.5279245283018867,0.789622641509434,0.6449056603773584,,,,,0.6449056603773584,budget_not_selected,0,0,0,0,0,,False,,
0,static_selected_distance,93,False,13,29,A01,A01|F007|9|P0057+P0480+P0652+P0685+P0786+P0812+P1703+P1838+P2738,A01|F015|7|P0269+P0476+P0484+P0570+P0637+P1402+P3945,9,7,F007,F015,0.0,113.0,49.333333333333336,,0.6407547169811321,0.32148366584147414,0.40113207547169816,0.5279245283018867,0.4420754716981132,0.6407547169811321,,,,,0.6407547169811321,budget_not_selected,0,0,0,0,0,,False,,
0,static_selected_distance,94,False,3,59,A01,A01|F002|7|P1754+P1771+P2409+P2625+P2819+P3592+P3961,A01|F028|12|P0241+P0272+P0289+P0320+P0490+P0559+P0600+P0634+P0700+P0953+P1113+P1179,7,12,F002,F028,0.0,114.0,7.0,,0.6373584905660377,0.546570044746234,0.9694339622641509,0.9328301886792453,0.5615094339622642,0.6373584905660377,,,,,0.6373584905660377,budget_not_selected,0,0,0,0,0,,False,,
0,static_selected_distance,95,False,42,74,A02,A02|F020|14|P0635+P2429+P3026+P3060+P3093+P3278+P3341+P3483+P3633+P3727+P3822+P3848+P3937+P3998,A02|F035|5|P0115+P3360+P3552+P3652+P3844,14,5,F020,F035,0.0,114.0,74.33333333333333,,0.6373584905660377,0.07853400852459914,0.23886792452830186,0.07509433962264156,0.7460377358490566,0.6373584905660377,,,,,0.6373584905660377,budget_not_selected,0,0,0,0,0,,False,,
0,static_selected_distance,96,False,90,99,A03,A03|F043|14|P0095+P0132+P0520+P0588+P0601+P0778+P0848+P0965+P1050+P1171+P1294+P2636+P3023+P3270,A03|F047|5|P0040+P1063+P1231+P2315+P2850,14,5,F043,F047,0.0,115.0,69.66666666666667,,0.6328301886792453,0.48345010405272415,0.2584905660377359,0.7256603773584906,0.16943396226415092,0.6328301886792453,,,,,0.6328301886792453,budget_not_selected,0,0,0,0,0,,False,,
0,static_selected_distance,97,False,90,97,A03,A03|F043|14|P0095+P0132+P0520+P0588+P0601+P0778+P0848+P0965+P1050+P1171+P1294+P2636+P3023+P3270,A03|F046|1|P2863,14,1,F043,F046,0.0,117.0,83.0,,0.6245283018867924,0.48345010405272415,0.21132075471698109,0.2516981132075472,0.789622641509434,0.6245283018867924,,,,,0.6245283018867924,budget_not_selected,0,0,0,0,0,,False,,
0,static_selected_distance,98,False,91,97,A03,A03|F043|16|P1316+P1327+P1450+P1615+P1855+P1948+P2206+P2442+P2477+P2648+P2766+P3094+P3459+P3510+P3774+P3793,A03|F046|1|P2863,16,1,F043,F046,0.0,117.0,83.0,,0.6245283018867924,0.48345010405272415,0.21132075471698109,0.2516981132075472,0.789622641509434,0.6245283018867924,,,,,0.6245283018867924,budget_not_selected,0,0,0,0,0,,False,,
0,static_selected_distance,99,False,3,27,A01,A01|F002|7|P1754+P1771+P2409+P2625+P2819+P3592+P3961,A01|F014|12|P0061+P0303+P0849+P1095+P1163+P1235+P1805+P1853+P1902+P2120+P2969+P3614,7,12,F002,F014,0.0,124.0,61.333333333333336,,0.6052830188679246,0.32148366584147414,0.3109433962264151,0.10528301886792457,0.5615094339622642,0.6052830188679246,,,,,0.6052830188679246,budget_not_selected,0,0,0,0,0,,False,,
0,static_selected_distance,100,False,3,29,A01,A01|F002|7|P1754+P1771+P2409+P2625+P2819+P3592+P3961,A01|F015|7|P0269+P0476+P0484+P0570+P0637+P1402+P3945,7,7,F002,F015,0.0,127.0,34.666666666666664,,0.5966037735849057,0.32148366584147414,0.5800000000000001,0.42188679245283023,0.6722641509433962,0.5966037735849057,,,,,0.5966037735849057,budget_not_selected,0,0,0,0,0,,False,,
0,static_selected_distance,101,False,29,61,A01,A01|F015|7|P0269+P0476+P0484+P0570+P0637+P1402+P3945,A01|F029|12|P0159+P0299+P0306+P0449+P0962+P0987+P1077+P1226+P1276+P1738+P1878+P1919,7,12,F015,F029,0.0,128.0,13.333333333333334,,0.5932075471698113,0.16018035160321933,0.9116981132075471,0.659622641509434,0.4420754716981132,0.5932075471698113,,,,,0.5932075471698113,budget_not_selected,0,0,0,0,0,,False,,
0,static_selected_distance,102,False,54,64,A02,A02|F025|7|P1886+P2791+P3216+P3506+P3560+P3584+P3815,A02|F030|10|P0448+P2098+P2453+P3096+P3117+P3531+P3615+P3686+P3799+P3847,7,10,F025,F030,0.0,128.0,22.333333333333332,,0.5932075471698113,0.0,0.7709433962264151,0.659622641509434,0.7460377358490566,0.5932075471698113,,,,,0.5932075471698113,budget_not_selected,0,0,0,0,0,,False,,
0,static_selected_distance,103,False,15,40,A01,A01|F008|3|P1310+P1334+P3410,A01|F020|16|P0249+P0350+P0421+P0436+P0440+P0458+P0492+P0612+P1119+P1120+P1315+P1329+P1333+P1343+P1358+P1365,3,16,F008,F020,0.0,130.0,64.33333333333333,,0.5864150943396227,0.242949657316875,0.2924528301886793,0.12943396226415094,0.6722641509433962,0.5864150943396227,,,,,0.5864150943396227,budget_not_selected,0,0,0,0,0,,False,,
0,static_selected_distance,104,False,15,41,A01,A01|F008|3|P1310+P1334+P3410,A01|F020|16|P1453+P1671+P1699+P1713+P1790+P1794+P1857+P2034+P2057+P2216+P2287+P2469+P2543+P2657+P2722+P2831,3,16,F008,F020,0.0,130.0,64.33333333333333,,0.5864150943396227,0.242949657316875,0.2924528301886793,0.12943396226415094,0.6722641509433962,0.5864150943396227,,,,,0.5864150943396227,budget_not_selected,0,0,0,0,0,,False,,
0,static_selected_distance,105,False,0,15,A01,A01|F001|4|P0036+P0918+P2537+P2942,A01|F008|3|P1310+P1334+P3410,4,3,F001,F008,0.0,131.0,16.666666666666668,,0.580754716981132,0.242949657316875,0.8573584905660377,0.8350943396226416,0.6722641509433962,0.580754716981132,,,,,0.580754716981132,budget_not_selected,0,0,0,0,0,,False,,
0,static_selected_distance,106,False,86,104,A03,A03|F041|5|P0227+P0326+P0368+P1137+P2262,A03|F050|8|P0166+P0540+P0643+P0865+P2330+P2972+P3627+P3730,5,8,F041,F050,0.0,131.0,128.33333333333334,,0.580754716981132,0.3196975792334435,0.09811320754716979,0.6988679245283018,0.7460377358490566,0.580754716981132,,,,,0.580754716981132,budget_not_selected,0,0,0,0,0,,False,,
0,static_selected_distance,107,False,15,46,A01,A01|F008|3|P1310+P1334+P3410,A01|F022|16|P0002+P0055+P0058+P0126+P0214+P0268+P0460+P0750+P0782+P0800+P0909+P0992+P1141+P1151+P1188+P1463,3,16,F008,F022,0.0,134.0,42.0,,0.570566037735849,0.242949657316875,0.4883018867924528,0.2516981132075472,0.6722641509433962,0.570566037735849,,,,,0.570566037735849,budget_not_selected,0,0,0,0,0,,False,,
0,static_selected_distance,108,False,15,47,A01,A01|F008|3|P1310+P1334+P3410,A01|F022|16|P1476+P1481+P1544+P1577+P1627+P1900+P1984+P2051+P2258+P2317+P2333+P2382+P2393+P2425+P2462+P2578,3,16,F008,F022,0.0,134.0,42.0,,0.570566037735849,0.242949657316875,0.4883018867924528,0.2516981132075472,0.6722641509433962,0.570566037735849,,,,,0.570566037735849,budget_not_selected,0,0,0,0,0,,False,,
0,static_selected_distance,109,False,92,97,A03,A03|F044|16|P0074+P0259+P0386+P0396+P0442+P0558+P0566+P0582+P0704+P0728+P0768+P0838+P2843+P3238+P3260+P3334,A03|F046|1|P2863,16,1,F044,F046,0.0,137.0,98.66666666666667,,0.5618867924528301,0.48345010405272415,0.1584905660377358,0.3886792452830189,0.789622641509434,0.5618867924528301,,,,,0.5618867924528301,budget_not_selected,0,0,0,0,0,,False,,
0,static_selected_distance,110,False,93,97,A03,A03|F044|18|P0822+P1103+P1382+P1760+P1960+P2036+P2364+P2667+P2783+P2835+P3008+P3155+P3209+P3325+P3591+P3656+P3762+P3897,A03|F046|1|P2863,18,1,F044,F046,0.0,137.0,98.66666666666667,,0.5618867924528301,0.48345010405272415,0.1584905660377358,0.3886792452830189,0.789622641509434,0.5618867924528301,,,,,0.5618867924528301,budget_not_selected,0,0,0,0,0,,False,,
0,static_selected_distance,111,False,0,19,A01,A01|F001|4|P0036+P0918+P2537+P2942,A01|F010|12|P0028+P0077+P0375+P0395+P0583+P0631+P0642+P0835+P1907+P2840+P3644+P3775,4,12,F001,F010,0.0,147.0,15.0,,0.5275471698113208,0.242949657316875,0.8833962264150943,0.7766037735849056,0.4420754716981132,0.5275471698113208,,,,,0.5275471698113208,budget_not_selected,0,0,0,0,0,,False,,
0,static_selected_distance,112,False,15,37,A01,A01|F008|3|P1310+P1334+P3410,A01|F019|13|P0045+P0134+P0344+P0493+P0572+P0946+P1099+P1101+P1160+P1164+P1284+P1345+P1500,3,13,F008,F019,0.0,147.0,34.0,,0.5275471698113208,0.242949657316875,0.5920754716981131,0.7256603773584906,0.5615094339622642,0.5275471698113208,,,,,0.5275471698113208,budget_not_selected,0,0,0,0,0,,False,,
0,static_selected_distance,113,False,77,86,A03,A03|F036|8|P0401+P0709+P1087+P1650+P1817+P3698+P3755+P3770,A03|F041|5|P0227+P0326+P0368+P1137+P2262,8,5,F036,F041,0.0,150.0,71.0,,0.5173584905660378,0.3239328764225,0.2513207547169811,0.20226415094339623,0.7460377358490566,0.5173584905660378,,,,,0.5173584905660378,budget_not_selected,0,0,0,0,0,,False,,
0,static_selected_distance,114,False,3,9,A01,A01|F002|7|P1754+P1771+P2409+P2625+P2819+P3592+P3961,A01|F005|11|P0177+P0622+P0879+P0978+P1006+P1078+P1307+P1710+P1910+P3403+P3882,7,11,F002,F005,0.0,151.0,38.666666666666664,,0.5150943396226415,0.32148366584147414,0.5313207547169811,0.42188679245283023,0.6722641509433962,0.5150943396226415,,,,,0.5150943396226415,budget_not_selected,0,0,0,0,0,,False,,
0,static_selected_distance,115,False,3,33,A01,A01|F002|7|P1754+P1771+P2409+P2625+P2819+P3592+P3961,A01|F017|11|P0137+P0418+P0598+P1079+P1380+P1493+P1521+P1745+P2207+P2309+P2999,7,11,F002,F017,0.0,161.0,77.66666666666667,,0.48716981132075476,0.32148366584147414,0.23094339622641513,0.10528301886792457,0.6722641509433962,0.48716981132075476,,,,,0.48716981132075476,budget_not_selected,0,0,0,0,0,,False,,
0,static_selected_distance,116,False,13,31,A01,A01|F007|9|P0057+P0480+P0652+P0685+P0786+P0812+P1703+P1838+P2738,A01|F016|9|P0275+P0423+P0482+P0613+P0647+P0950+P1114+P2472+P2898,9,9,F007,F016,0.0,161.0,66.0,,0.48716981132075476,0.242949657316875,0.28490566037735854,0.16150943396226414,0.2888679245283019,0.48716981132075476,,,,,0.48716981132075476,budget_not_selected,0,0,0,0,0,,False,,
0,static_selected_distance,117,False,64,74,A02,A02|F030|10|P0448+P2098+P2453+P3096+P3117+P3531+P3615+P3686+P3799+P3847,A02|F035|5|P0115+P3360+P3552+P3652+P3844,10,5,F030,F035,0.0,161.0,79.33333333333333,,0.48716981132075476,0.0,0.22264150943396221,0.07509433962264156,0.789622641509434,0.48716981132075476,,,,,0.48716981132075476,budget_not_selected,0,0,0,0,0,,False,,
0,static_selected_distance,118,False,84,99,A03,A03|F040|11|P0140+P0367+P0868+P0880+P1004+P1567+P1598+P1705+P1715+P1750+P2374,A03|F047|5|P0040+P1063+P1231+P2315+P2850,11,5,F040,F047,0.0,163.0,111.33333333333333,,0.4826415094339622,0.24050044673584917,0.12867924528301888,0.659622641509434,0.5615094339622642,0.4826415094339622,,,,,0.4826415094339622,budget_not_selected,0,0,0,0,0,,False,,
0,static_selected_distance,119,False,84,97,A03,A03|F040|11|P0140+P0367+P0868+P0880+P1004+P1567+P1598+P1705+P1715+P1750+P2374,A03|F046|1|P2863,11,1,F040,F046,0.0,165.0,124.66666666666667,,0.4747169811320755,0.24050044673584917,0.10528301886792457,0.20226415094339623,0.789622641509434,0.4747169811320755,,,,,0.4747169811320755,budget_not_selected,0,0,0,0,0,,False,,
0,static_selected_distance,120,False,85,97,A03,A03|F040|16|P1908+P2094+P2386+P2555+P2727+P2746+P2775+P2846+P2881+P2935+P3222+P3287+P3322+P3477+P3547+P3721,A03|F046|1|P2863,16,1,F040,F046,0.0,165.0,124.66666666666667,,0.4747169811320755,0.24050044673584917,0.10528301886792457,0.20226415094339623,0.789622641509434,0.4747169811320755,,,,,0.4747169811320755,budget_not_selected,0,0,0,0,0,,False,,
0,static_selected_distance,121,False,0,7,A01,A01|F001|4|P0036+P0918+P2537+P2942,A01|F004|11|P0146+P0632+P0908+P1052+P1216+P1264+P1553+P2173+P2793+P3113+P3938,4,11,F001,F004,0.0,168.0,12.333333333333334,,0.46566037735849053,0.242949657316875,0.9286792452830188,0.7766037735849056,0.5615094339622642,0.46566037735849053,,,,,0.46566037735849053,budget_not_selected,0,0,0,0,0,,False,,
0,static_selected_distance,122,False,3,31,A01,A01|F002|7|P1754+P1771+P2409+P2625+P2819+P3592+P3961,A01|F016|9|P0275+P0423+P0482+P0613+P0647+P0950+P1114+P2472+P2898,7,9,F002,F016,0.0,172.0,51.333333333333336,,0.45547169811320753,0.242949657316875,0.3815094339622641,0.10528301886792457,0.789622641509434,0.45547169811320753,,,,,0.45547169811320753,budget_not_selected,0,0,0,0,0,,False,,
0,static_selected_distance,123,False,0,13,A01,A01|F001|4|P0036+P0918+P2537+P2942,A01|F007|9|P0057+P0480+P0652+P0685+P0786+P0812+P1703+P1838+P2738,4,9,F001,F007,0.0,184.0,31.0,,0.4207547169811321,0.242949657316875,0.6377358490566039,0.7766037735849056,0.4420754716981132,0.4207547169811321,,,,,0.4207547169811321,budget_not_selected,0,0,0,0,0,,False,,
0,static_selected_distance,124,False,88,99,A03,A03|F042|10|P0294+P0455+P0617+P0638+P1203+P1767+P2093+P2521+P2730+P2984,A03|F047|5|P0040+P1063+P1231+P2315+P2850,10,5,F042,F047,0.0,188.0,138.66666666666666,,0.40830188679245283,0.24050044673584917,0.07886792452830194,0.5279245283018867,0.27433962264150946,0.40830188679245283,,,,,0.40830188679245283,budget_not_selected,0,0,0,0,0,,False,,
0,static_selected_distance,125,False,78,99,A03,A03|F037|12|P0199+P0260+P0330+P0911+P0980+P1009+P1042+P1221+P1477+P1484+P2048+P2956,A03|F047|5|P0040+P1063+P1231+P2315+P2850,12,5,F037,F047,0.0,190.0,131.0,,0.40415094339622637,0.24050044673584917,0.0928301886792453,0.42188679245283023,0.4420754716981132,0.40415094339622637,,,,,0.40415094339622637,budget_not_selected,0,0,0,0,0,,False,,
0,static_selected_distance,126,False,15,61,A01,A01|F008|3|P1310+P1334+P3410,A01|F029|12|P0159+P0299+P0306+P0449+P0962+P0987+P1077+P1226+P1276+P1738+P1878+P1919,3,12,F008,F029,0.0,191.0,34.333333333333336,,0.4007547169811321,0.080983219105625,0.5860377358490566,0.459622641509434,0.14660377358490562,0.4007547169811321,,,,,0.4007547169811321,budget_not_selected,0,0,0,0,0,,False,,
0,static_selected_distance,127,False,88,97,A03,A03|F042|10|P0294+P0455+P0617+P0638+P1203+P1767+P2093+P2521+P2730+P2984,A03|F046|1|P2863,10,1,F042,F046,0.0,191.0,152.0,,0.4007547169811321,0.24050044673584917,0.05962264150943397,0.16150943396226414,0.4941509433962264,0.4007547169811321,,,,,0.4007547169811321,budget_not_selected,0,0,0,0,0,,False,,
0,static_selected_distance,128,False,89,97,A03,A03|F042|16|P1174+P1268+P1435+P1683+P2031+P2751+P2779+P2786+P2889+P2965+P3028+P3309+P3346+P3428+P3959+P3970,A03|F046|1|P2863,16,1,F042,F046,0.0,191.0,152.0,,0.4007547169811321,0.24050044673584917,0.05962264150943397,0.16150943396226414,0.4941509433962264,0.4007547169811321,,,,,0.4007547169811321,budget_not_selected,0,0,0,0,0,,False,,
0,static_selected_distance,129,False,49,64,A02,A02|F023|9|P0068+P0111+P0298+P0611+P0693+P1031+P1482+P2314+P2790,A02|F030|10|P0448+P2098+P2453+P3096+P3117+P3531+P3615+P3686+P3799+P3847,9,10,F023,F030,0.0,192.0,85.33333333333333,,0.3969811320754717,0.0,0.20075471698113212,0.07509433962264156,0.789622641509434,0.3969811320754717,,,,,0.3969811320754717,budget_not_selected,0,0,0,0,0,,False,,
0,static_selected_distance,130,False,78,97,A03,A03|F037|12|P0199+P0260+P0330+P0911+P0980+P1009+P1042+P1221+P1477+P1484+P2048+P2956,A03|F046|1|P2863,12,1,F037,F046,0.0,192.0,144.33333333333334,,0.3969811320754717,0.24050044673584917,0.07207547169811324,0.10528301886792457,0.7460377358490566,0.3969811320754717,,,,,0.3969811320754717,budget_not_selected,0,0,0,0,0,,False,,
0,static_selected_distance,131,False,79,97,A03,A03|F037|16|P2045+P2058+P2261+P2275+P2291+P2448+P2450+P2531+P3084+P3156+P3530+P3637+P3717+P3846+P3851+P3989,A03|F046|1|P2863,16,1,F037,F046,0.0,192.0,144.33333333333334,,0.3969811320754717,0.24050044673584917,0.07207547169811324,0.10528301886792457,0.7460377358490566,0.3969811320754717,,,,,0.3969811320754717,budget_not_selected,0,0,0,0,0,,False,,
0,static_selected_distance,132,False,104,109,A03,A03|F050|8|P0166+P0540+P0643+P0865+P2330+P2972+P3627+P3730,A03|F052|11|P0465+P1035+P2138+P2378+P3105+P3227+P3440+P3587+P3611+P3640+P3987,8,11,F050,F052,0.0,194.0,157.33333333333334,,0.3905660377358491,0.24050044673584917,0.04981132075471695,0.7766037735849056,0.5615094339622642,0.3905660377358491,,,,,0.3905660377358491,budget_not_selected,0,0,0,0,0,,False,,
0,static_selected_distance,133,False,0,3,A01,A01|F001|4|P0036+P0918+P2537+P2942,A01|F002|7|P1754+P1771+P2409+P2625+P2819+P3592+P3961,4,7,F001,F002,0.0,200.0,17.666666666666668,,0.3766037735849057,0.242949657316875,0.8377358490566038,0.7766037735849056,0.6722641509433962,0.3766037735849057,,,,,0.3766037735849057,budget_not_selected,0,0,0,0,0,,False,,
0,static_selected_distance,134,False,77,84,A03,A03|F036|8|P0401+P0709+P1087+P1650+P1817+P3698+P3755+P3770,A03|F040|11|P0140+P0367+P0868+P0880+P1004+P1567+P1598+P1705+P1715+P1750+P2374,8,11,F036,F040,0.0,205.0,135.66666666666666,,0.3652830188679246,0.16196643821125,0.0860377358490566,0.16150943396226414,0.5615094339622642,0.3652830188679246,,,,,0.3652830188679246,budget_not_selected,0,0,0,0,0,,False,,
0,static_selected_distance,135,False,0,25,A01,A01|F001|4|P0036+P0918+P2537+P2942,A01|F013|15|P0229+P0417+P0419+P0453+P0648+P0672+P0785+P0870+P0912+P1139+P1153+P2464+P3092+P3150+P3176,4,15,F001,F013,0.0,210.0,77.0,,0.3501886792452831,0.242949657316875,0.23245283018867924,0.459622641509434,0.4420754716981132,0.3501886792452831,,,,,0.3501886792452831,budget_not_selected,0,0,0,0,0,,False,,
0,static_selected_distance,136,False,15,73,A01,A01|F008|3|P1310+P1334+P3410,A01|F035|16|P0428+P0565+P0665+P0677+P0755+P1049+P1124+P1256+P1366+P1575+P1701+P1714+P2079+P2116+P2239+P2413,3,16,F008,F035,0.0,227.0,22.0,,0.31169811320754715,0.0,0.7754716981132075,0.8350943396226416,0.789622641509434,0.31169811320754715,,,,,0.31169811320754715,budget_not_selected,0,0,0,0,0,,False,,
0,static_selected_distance,137,False,99,104,A03,A03|F047|5|P0040+P1063+P1231+P2315+P2850,A03|F050|8|P0166+P0540+P0643+P0865+P2330+P2972+P3627+P3730,5,8,F047,F050,0.0,227.0,175.0,,0.31169811320754715,0.24050044673584917,0.02943396226415096,0.6003773584905661,0.5615094339622642,0.31169811320754715,,,,,0.31169811320754715,budget_not_selected,0,0,0,0,0,,False,,
0,static_selected_distance,138,False,77,88,A03,A03|F036|8|P0401+P0709+P1087+P1650+P1817+P3698+P3755+P3770,A03|F042|10|P0294+P0455+P0617+P0638+P1203+P1767+P2093+P2521+P2730+P2984,8,10,F036,F042,0.0,230.0,163.0,,0.30490566037735845,0.16196643821125,0.04150943396226414,0.10528301886792457,0.6722641509433962,0.30490566037735845,,,,,0.30490566037735845,budget_not_selected,0,0,0,0,0,,False,,
0,static_selected_distance,139,False,97,104,A03,A03|F046|1|P2863,A03|F050|8|P0166+P0540+P0643+P0865+P2330+P2972+P3627+P3730,1,8,F046,F050,0.0,231.0,188.33333333333334,,0.30150943396226415,0.24050044673584917,0.019622641509433936,0.3007547169811321,0.789622641509434,0.30150943396226415,,,,,0.30150943396226415,budget_not_selected,0,0,0,0,0,,False,,
0,static_selected_distance,140,False,3,61,A01,A01|F002|7|P1754+P1771+P2409+P2625+P2819+P3592+P3961,A01|F029|12|P0159+P0299+P0306+P0449+P0962+P0987+P1077+P1226+P1276+P1738+P1878+P1919,7,12,F002,F029,0.0,253.0,34.0,,0.2554716981132076,0.080983219105625,0.5920754716981131,0.42188679245283023,0.5615094339622642,0.2554716981132076,,,,,0.2554716981132076,budget_not_selected,0,0,0,0,0,,False,,
0,static_selected_distance,141,False,77,104,A03,A03|F036|8|P0401+P0709+P1087+P1650+P1817+P3698+P3755+P3770,A03|F050|8|P0166+P0540+P0643+P0865+P2330+P2972+P3627+P3730,8,8,F036,F050,0.0,269.0,199.33333333333334,,0.22754716981132073,0.16196643821125,0.00905660377358486,0.2245283018867924,0.5615094339622642,0.22754716981132073,,,,,0.22754716981132073,budget_not_selected,0,0,0,0,0,,False,,
1,static_selected_distance,1,True,96,98,A03,A03|F046|1|P2863,A03|F047|5|P0040+P1063+P1231+P2315+P2850,1,5,F046,F047,0.0,15.0,13.333333333333334,,0.9966037735849057,1.0,0.9116981132075471,0.659622641509434,0.789622641509434,0.9966037735849057,,,,,0.9966037735849057,improving_not_selected,6,0,6,0,0,147,False,4.785982800000056,
1,static_selected_distance,2,True,96,102,A03,A03|F046|1|P2863,A03|F049|14|P1520+P2198+P2832+P2893+P2922+P3149+P3191+P3205+P3276+P3416+P3452+P3703+P3771+P3868,1,14,F046,F049,0.0,17.0,11.333333333333334,,0.9916981132075472,1.0,0.9350943396226415,0.659622641509434,0.5169811320754717,0.9916981132075472,,,,,0.9916981132075472,improving_not_selected,4,0,4,0,0,146,False,4.786178199996357,
1,static_selected_distance,3,True,15,19,A01,A01|F008|3|P1310+P1334+P3410,A01|F010|12|P0028+P0077+P0375+P0395+P0583+P0631+P0642+P0835+P1907+P2840+P3644+P3775,3,12,F008,F010,0.0,19.0,3.6666666666666665,,0.9864150943396226,0.9292451888601003,0.9932075471698113,0.9592452830188679,0.16943396226415092,0.9864150943396226,,,,,0.9864150943396226,improving_not_selected,4,0,4,0,0,131,False,4.589982999998028,
1,static_selected_distance,4,True,98,102,A03,A03|F047|5|P0040+P1063+P1231+P2315+P2850,A03|F049|14|P1520+P2198+P2832+P2893+P2922+P3149+P3191+P3205+P3276+P3416+P3452+P3703+P3771+P3868,5,14,F047,F049,0.0,19.0,2.6666666666666665,,0.9864150943396226,1.0,0.9984905660377359,0.9864150943396226,0.6722641509433962,0.9864150943396226,,,,,0.9864150943396226,improving_not_selected,2,0,2,0,0,142,False,4.786560000000463,
1,static_selected_distance,5,True,54,62,A02,A02|F025|7|P1886+P2791+P3216+P3506+P3560+P3584+P3815,A02|F029|12|P0226+P1827+P1956+P2101+P2590+P2617+P2683+P2796+P2810+P3402+P3626+P3741,7,12,F025,F029,0.0,24.0,12.666666666666666,,0.9739622641509434,0.8398196483967807,0.9226415094339623,0.9864150943396226,0.5615094339622642,0.9739622641509434,,,,,0.9739622641509434,improving_not_selected,2,0,2,0,0,117,False,4.592583899997408,
1,static_selected_distance,6,True,0,37,A01,A01|F001|4|P0036+P0918+P2537+P2942,A01|F019|13|P0045+P0134+P0344+P0493+P0572+P0946+P1099+P1101+P1160+P1164+P1284+P1345+P1500,4,13,F001,F019,0.0,25.0,17.333333333333332,,0.9694339622641509,0.8643391615585597,0.8456603773584905,0.9328301886792453,0.4420754716981132,0.9694339622641509,,,,,0.9694339622641509,improving_not_selected,2,0,2,0,0,127,False,4.588659599998209,
1,static_selected_distance,7,True,9,29,A01,A01|F005|11|P0177+P0622+P0879+P0978+P1006+P1078+P1307+P1710+P1910+P3403+P3882,A01|F015|7|P0269+P0476+P0484+P0570+P0637+P1402+P3945,11,7,F005,F015,0.0,25.0,4.0,,0.9694339622641509,0.7843564518281836,0.9909433962264151,0.9864150943396226,0.5615094339622642,0.9694339622641509,,,,,0.9694339622641509,improving_not_selected,2,0,2,0,0,81,False,4.5894333999967785,
1,static_selected_distance,8,True,27,29,A01,A01|F014|12|P0061+P0303+P0849+P1095+P1163+P1235+P1805+P1853+P1902+P2120+P2969+P3614,A01|F015|7|P0269+P0476+P0484+P0570+P0637+P1402+P3945,12,7,F014,F015,0.0,27.0,26.666666666666668,,0.9633962264150944,1.0,0.7090566037735849,0.659622641509434,0.4420754716981132,0.9633962264150944,,,,,0.9633962264150944,improving_not_selected,2,0,2,0,0,74,False,4.591381699996418,
1,static_selected_distance,9,True,86,89,A03,A03|F041|5|P0227+P0326+P0368+P1137+P2262,A03|F043|14|P0095+P0132+P0520+P0588+P0601+P0778+P0848+P0965+P1050+P1171+P1294+P2636+P3023+P3270,5,14,F041,F043,0.0,28.0,23.0,,0.9607547169811321,0.919016780894375,0.7615094339622641,0.9864150943396226,0.7460377358490566,0.9607547169811321,,,,,0.9607547169811321,improving_not_selected,2,0,2,0,0,151,False,4.785772299997916,
1,static_selected_distance,10,True,3,13,A01,A01|F002|7|P1754+P1771+P2409+P2625+P2819+P3592+P3961,A01|F007|9|P0057+P0480+P0652+P0685+P0786+P0812+P1703+P1838+P2738,7,9,F002,F007,0.0,30.0,14.666666666666666,,0.9566037735849057,1.0,0.8883018867924528,0.9328301886792453,0.5615094339622642,0.9566037735849057,,,,,0.9566037735849057,improving_not_selected,4,0,4,0,0,122,False,4.589233899998362,
1,static_selected_distance,11,True,21,29,A01,A01|F011|12|P0174+P0284+P0293+P0535+P0707+P0823+P0923+P1529+P1571+P1718+P3108+P3175,A01|F015|7|P0269+P0476+P0484+P0570+P0637+P1402+P3945,12,7,F011,F015,0.0,31.0,13.0,,0.9535849056603773,0.7043643178278647,0.9166037735849056,0.6988679245283018,0.6722641509433962,0.9535849056603773,,,,,0.9535849056603773,improving_not_selected,2,0,2,0,0,79,False,4.591190999999526,
1,static_selected_distance,12,True,29,59,A01,A01|F015|7|P0269+P0476+P0484+P0570+P0637+P1402+P3945,A01|F028|12|P0241+P0272+P0289+P0320+P0490+P0559+P0600+P0634+P0700+P0953+P1113+P1179,7,12,F015,F028,0.0,32.0,27.666666666666668,,0.949811320754717,0.7043643178278647,0.6890566037735849,0.5279245283018867,0.4420754716981132,0.949811320754717,,,,,0.949811320754717,improving_not_selected,2,0,2,0,0,92,False,4.591619200000423,
1,static_selected_distance,13,True,3,7,A01,A01|F002|7|P1754+P1771+P2409+P2625+P2819+P3592+P3961,A01|F004|11|P0146+P0632+P0908+P1052+P1216+P1264+P1553+P2173+P2793+P3113+P3938,7,11,F002,F004,0.0,33.0,21.333333333333332,,0.9460377358490566,1.0,0.7860377358490566,0.5279245283018867,0.6722641509433962,0.9460377358490566,,,,,0.9460377358490566,improving_not_selected,2,0,2,0,0,103,False,4.588892799998575,
1,static_selected_distance,14,True,15,21,A01,A01|F008|3|P1310+P1334+P3410,A01|F011|12|P0174+P0284+P0293+P0535+P0707+P0823+P0923+P1529+P1571+P1718+P3108+P3175,3,12,F008,F011,0.0,33.0,22.0,,0.9460377358490566,0.6878741591535094,0.7754716981132075,0.42188679245283023,0.7460377358490566,0.9460377358490566,,,,,0.9460377358490566,improving_not_selected,4,0,4,0,0,113,False,4.590485399996396,
1,static_selected_distance,15,True,98,107,A03,A03|F047|5|P0040+P1063+P1231+P2315+P2850,A03|F052|11|P0465+P1035+P2138+P2378+P3105+P3227+P3440+P3587+P3611+P3640+P3987,5,11,F047,F052,0.0,33.0,17.666666666666668,,0.9460377358490566,0.8643391615585597,0.8377358490566038,0.8350943396226416,0.5615094339622642,0.9460377358490566,,,,,0.9460377358490566,accepted,4,0,4,0,0,162,True,4.786751300001924,4.786781700000574
1,static_selected_distance,16,True,67,74,A02,A02|F032|14|P0099+P0379+P0390+P0422+P0546+P0616+P0618+P0738+P1254+P1300+P1681+P2097+P2351+P3385,A02|F035|5|P0115+P3360+P3552+P3652+P3844,14,5,F032,F035,0.0,35.0,17.333333333333332,,0.9369811320754717,1.0,0.8456603773584905,0.9864150943396226,0.7460377358490566,0.9369811320754717,,,,,0.9369811320754717,improving_not_selected,2,0,2,0,0,138,False,4.592787800000224,
1,static_selected_distance,17,True,17,29,A01,A01|F009|11|P0086+P0252+P0860+P1085+P1610+P1743+P1763+P1949+P2163+P3118+P3137,A01|F015|7|P0269+P0476+P0484+P0570+P0637+P1402+P3945,11,7,F009,F015,0.0,38.0,21.333333333333332,,0.9233962264150943,0.7749136210952401,0.7860377358490566,0.6003773584905661,0.5615094339622642,0.9233962264150943,,,,,0.9233962264150943,improving_not_selected,2,0,2,0,0,72,False,4.590831399997114,
1,static_selected_distance,18,True,49,74,A02,A02|F023|9|P0068+P0111+P0298+P0611+P0693+P1031+P1482+P2314+P2790,A02|F035|5|P0115+P3360+P3552+P3652+P3844,9,5,F023,F035,0.0,38.0,6.0,,0.9233962264150943,1.0,0.9762264150943396,0.9864150943396226,0.4941509433962264,0.9233962264150943,,,,,0.9233962264150943,improving_not_selected,4,0,4,0,0,158,False,4.592298199997458,
1,static_selected_distance,19,True,96,107,A03,A03|F046|1|P2863,A03|F052|11|P0465+P1035+P2138+P2378+P3105+P3227+P3440+P3587+P3611+P3640+P3987,1,11,F046,F052,0.0,38.0,31.0,,0.9233962264150943,0.8643391615585597,0.6377358490566039,0.35056603773584905,0.789622641509434,0.9233962264150943,,,,,0.9233962264150943,improving_not_selected,6,0,6,0,0,145,False,4.786438299997826,
1,static_selected_distance,20,True,52,54,A02,A02|F024|12|P0213+P0307+P0433+P0499+P0729+P1905+P2195+P2535+P2572+P3190+P3603+P3872,A02|F025|7|P1886+P2791+P3216+P3506+P3560+P3584+P3815,12,7,F024,F025,0.0,39.0,15.666666666666666,,0.919245283018868,0.8398196483967807,0.8758490566037735,0.6003773584905661,0.7460377358490566,0.919245283018868,,,,,0.919245283018868,improving_not_selected,2,0,2,0,0,98,False,4.592449800002214,
1,static_selected_distance,21,True,0,31,A01,A01|F001|4|P0036+P0918+P2537+P2942,A01|F016|9|P0275+P0423+P0482+P0613+P0647+P0950+P1114+P2472+P2898,4,9,F001,F016,0.0,41.0,35.0,,0.9109433962264151,0.9294506967326246,0.5739622641509434,0.3007547169811321,0.7460377358490566,0.9109433962264151,,,,,0.9109433962264151,improving_not_selected,4,0,4,0,0,99,False,4.5884348999970825,
1,static_selected_distance,22,True,11,15,A01,A01|F006|16|P0042+P0044+P0089+P0113+P0151+P0158+P0186+P0240+P0244+P0267+P0393+P0718+P0863+P1394+P1611+P3271,A01|F008|3|P1310+P1334+P3410,16,3,F006,F008,0.0,41.0,16.333333333333332,,0.9109433962264151,0.8586958855927248,0.8626415094339622,0.7256603773584906,0.6722641509433962,0.9109433962264151,,,,,0.9109433962264151,improving_not_selected,2,0,2,0,0,112,False,4.589634500000102,
1,static_selected_distance,23,True,15,59,A01,A01|F008|3|P1310+P1334+P3410,A01|F028|12|P0241+P0272+P0289+P0320+P0490+P0559+P0600+P0634+P0700+P0953+P1113+P1179,3,12,F008,F028,0.0,41.0,7.333333333333333,,0.9109433962264151,0.6878741591535094,0.9667924528301887,0.9592452830188679,0.5615094339622642,0.9109433962264151,,,,,0.9109433962264151,improving_not_selected,4,0,4,0,0,115,False,4.5907214999970165,
1,static_selected_distance,24,True,45,74,A02,A02|F021|13|P0008+P0124+P1195+P3158+P3305+P3313+P3406+P3544+P3734+P3749+P3809+P3877+P3895,A02|F035|5|P0115+P3360+P3552+P3652+P3844,13,5,F021,F035,0.0,41.0,40.333333333333336,,0.9109433962264151,0.7937898582911843,0.5094339622641509,0.35056603773584905,0.6722641509433962,0.9109433962264151,,,,,0.9109433962264151,improving_not_selected,2,0,2,0,0,117,False,4.592066699995485,
1,static_selected_distance,25,True,77,96,A03,A03|F036|8|P0401+P0709+P1087+P1650+P1817+P3698+P3755+P3770,A03|F046|1|P2863,8,1,F036,F046,0.0,41.0,11.0,,0.9109433962264151,0.5387908473615347,0.9373584905660377,0.9328301886792453,0.789622641509434,0.9109433962264151,,,,,0.9109433962264151,improving_not_selected,6,6,0,0,0,129,False,4.785574599998654,
1,static_selected_distance,26,False,0,23,A01,A01|F001|4|P0036+P0918+P2537+P2942,A01|F012|15|P0004+P0049+P0093+P0228+P0239+P0247+P0266+P0510+P0525+P0561+P0584+P0619+P2131+P2753+P3211,4,15,F001,F012,0.0,42.0,5.333333333333333,,0.9064150943396226,0.8509166882080255,0.9815094339622642,0.9328301886792453,0.5615094339622642,0.9064150943396226,,,,,0.9064150943396226,budget_not_selected,0,0,0,0,0,,False,,
1,static_selected_distance,27,False,65,74,A02,A02|F031|13|P0188+P0221+P0470+P0845+P1206+P1443+P1467+P1512+P1534+P1772+P1859+P2248+P3041,A02|F035|5|P0115+P3360+P3552+P3652+P3844,13,5,F031,F035,0.0,42.0,19.333333333333332,,0.9064150943396226,1.0,0.8166037735849057,0.659622641509434,0.789622641509434,0.9064150943396226,,,,,0.9064150943396226,budget_not_selected,0,0,0,0,0,,False,,
1,static_selected_distance,28,False,77,98,A03,A03|F036|8|P0401+P0709+P1087+P1650+P1817+P3698+P3755+P3770,A03|F047|5|P0040+P1063+P1231+P2315+P2850,8,5,F036,F047,0.0,42.0,24.333333333333332,,0.9064150943396226,0.5387908473615347,0.7415094339622641,0.5279245283018867,0.23188679245283017,0.9064150943396226,,,,,0.9064150943396226,budget_not_selected,0,0,0,0,0,,False,,
1,static_selected_distance,29,False,82,96,A03,A03|F039|15|P0097+P0714+P0855+P1236+P1407+P1474+P1488+P1559+P1725+P1936+P1969+P2159+P2166+P3048+P3576,A03|F046|1|P2863,15,1,F039,F046,0.0,45.0,5.666666666666667,,0.8935849056603774,0.8643391615585597,0.9792452830188679,0.9592452830188679,0.789622641509434,0.8935849056603774,,,,,0.8935849056603774,budget_not_selected,0,0,0,0,0,,False,,
1,static_selected_distance,30,False,29,31,A01,A01|F015|7|P0269+P0476+P0484+P0570+P0637+P1402+P3945,A01|F016|9|P0275+P0423+P0482+P0613+P0647+P0950+P1114+P2472+P2898,7,9,F015,F016,0.0,48.0,16.666666666666668,,0.8833962264150943,0.7058224433035845,0.8573584905660377,0.659622641509434,0.7460377358490566,0.8833962264150943,,,,,0.8833962264150943,budget_not_selected,0,0,0,0,0,,False,,
1,static_selected_distance,31,False,62,74,A02,A02|F029|12|P0226+P1827+P1956+P2101+P2590+P2617+P2683+P2796+P2810+P3402+P3626+P3741,A02|F035|5|P0115+P3360+P3552+P3652+P3844,12,5,F029,F035,0.0,49.0,44.333333333333336,,0.8781132075471698,0.633609506687965,0.45358490566037735,0.3007547169811321,0.13999999999999996,0.8781132075471698,,,,,0.8781132075471698,budget_not_selected,0,0,0,0,0,,False,,
1,static_selected_distance,32,False,0,9,A01,A01|F001|4|P0036+P0918+P2537+P2942,A01|F005|11|P0177+P0622+P0879+P0978+P1006+P1078+P1307+P1710+P1910+P3403+P3882,4,11,F001,F005,0.0,50.0,22.333333333333332,,0.8735849056603774,0.8509166882080255,0.7709433962264151,0.7766037735849056,0.5615094339622642,0.8735849056603774,,,,,0.8735849056603774,budget_not_selected,0,0,0,0,0,,False,,
1,static_selected_distance,33,False,96,99,A03,A03|F046|1|P2863,A03|F048|16|P0255+P1217+P1261+P1569+P1604+P1761+P1870+P2022+P2105+P2156+P2369+P2395+P2743+P2914+P3267+P3471,1,16,F046,F048,0.0,50.0,27.666666666666668,,0.8735849056603774,0.7141797589233189,0.6890566037735849,0.35056603773584905,0.7460377358490566,0.8735849056603774,,,,,0.8735849056603774,budget_not_selected,0,0,0,0,0,,False,,
1,static_selected_distance,34,False,96,100,A03,A03|F046|1|P2863,A03|F048|16|P2396+P2419+P2481+P2604+P2619+P2692+P2712+P2776+P2858+P3027+P3589+P3599+P3699+P3885+P3903+P3966,1,16,F046,F048,0.0,50.0,27.666666666666668,,0.8735849056603774,0.7141797589233189,0.6890566037735849,0.35056603773584905,0.7460377358490566,0.8735849056603774,,,,,0.8735849056603774,budget_not_selected,0,0,0,0,0,,False,,
1,static_selected_distance,35,False,7,15,A01,A01|F004|11|P0146+P0632+P0908+P1052+P1216+P1264+P1553+P2173+P2793+P3113+P3938,A01|F008|3|P1310+P1334+P3410,11,3,F004,F008,0.0,52.0,21.666666666666668,,0.8656603773584906,0.8586958855927248,0.780377358490566,0.6003773584905661,0.27433962264150946,0.8656603773584906,,,,,0.8656603773584906,budget_not_selected,0,0,0,0,0,,False,,
1,static_selected_distance,36,False,8,15,A01,A01|F004|16|P2183+P2362+P2487+P2551+P2669+P2716+P3039+P3053+P3119+P3159+P3243+P3375+P3585+P3598+P3761+P3906,A01|F008|3|P1310+P1334+P3410,16,3,F004,F008,0.0,52.0,21.666666666666668,,0.8656603773584906,0.8586958855927248,0.780377358490566,0.6003773584905661,0.27433962264150946,0.8656603773584906,,,,,0.8656603773584906,budget_not_selected,0,0,0,0,0,,False,,
1,static_selected_distance,37,False,29,33,A01,A01|F015|7|P0269+P0476+P0484+P0570+P0637+P1402+P3945,A01|F017|11|P0137+P0418+P0598+P1079+P1380+P1493+P1521+P1745+P2207+P2309+P2999,7,11,F015,F017,0.0,53.0,43.0,,0.860754716981132,0.854905755095559,0.4732075471698113,0.659622641509434,0.5615094339622642,0.860754716981132,,,,,0.860754716981132,budget_not_selected,0,0,0,0,0,,False,,
1,static_selected_distance,38,False,13,15,A01,A01|F007|9|P0057+P0480+P0652+P0685+P0786+P0812+P1703+P1838+P2738,A01|F008|3|P1310+P1334+P3410,9,3,F007,F008,0.0,54.0,14.333333333333334,,0.8573584905660377,0.8586958855927248,0.8943396226415095,0.9592452830188679,0.5615094339622642,0.8573584905660377,,,,,0.8573584905660377,budget_not_selected,0,0,0,0,0,,False,,
1,static_selected_distance,39,False,3,19,A01,A01|F002|7|P1754+P1771+P2409+P2625+P2819+P3592+P3961,A01|F010|12|P0028+P0077+P0375+P0395+P0583+P0631+P0642+P0835+P1907+P2840+P3644+P3775,7,12,F002,F010,0.0,56.0,3.3333333333333335,,0.8483018867924528,0.9294506967326246,0.9947169811320755,0.9328301886792453,0.5615094339622642,0.8483018867924528,,,,,0.8483018867924528,budget_not_selected,0,0,0,0,0,,False,,
1,static_selected_distance,40,False,52,74,A02,A02|F024|12|P0213+P0307+P0433+P0499+P0729+P1905+P2195+P2535+P2572+P3190+P3603+P3872,A02|F035|5|P0115+P3360+P3552+P3652+P3844,12,5,F024,F035,0.0,57.0,41.333333333333336,,0.8418867924528302,0.633609506687965,0.49547169811320757,0.20226415094339623,0.789622641509434,0.8418867924528302,,,,,0.8418867924528302,budget_not_selected,0,0,0,0,0,,False,,
1,static_selected_distance,41,False,54,74,A02,A02|F025|7|P1886+P2791+P3216+P3506+P3560+P3584+P3815,A02|F035|5|P0115+P3360+P3552+P3652+P3844,7,5,F025,F035,0.0,57.0,57.0,,0.8418867924528302,0.7937898582911843,0.33698113207547165,0.3007547169811321,0.789622641509434,0.8418867924528302,,,,,0.8418867924528302,budget_not_selected,0,0,0,0,0,,False,,
1,static_selected_distance,42,False,15,17,A01,A01|F008|3|P1310+P1334+P3410,A01|F009|11|P0086+P0252+P0860+P1085+P1610+P1743+P1763+P1949+P2163+P3118+P3137,3,11,F008,F009,0.0,59.0,56.333333333333336,,0.8320754716981132,0.6173248558861338,0.3426415094339622,0.16150943396226414,0.27433962264150946,0.8320754716981132,,,,,0.8320754716981132,budget_not_selected,0,0,0,0,0,,False,,
1,static_selected_distance,43,False,15,18,A01,A01|F008|3|P1310+P1334+P3410,A01|F009|16|P2295+P2415+P2720+P2794+P2805+P2859+P2982+P2991+P3006+P3280+P3464+P3478+P3613+P3725+P3807+P3880,3,16,F008,F009,0.0,59.0,56.333333333333336,,0.8320754716981132,0.6173248558861338,0.3426415094339622,0.16150943396226414,0.27433962264150946,0.8320754716981132,,,,,0.8320754716981132,budget_not_selected,0,0,0,0,0,,False,,
1,static_selected_distance,44,False,15,30,A01,A01|F008|3|P1310+P1334+P3410,A01|F015|16|P0409+P0513+P0605+P0969+P0998+P1080+P1364+P1506+P1774+P1782+P2091+P3098+P3234+P3836+P3939+P3985,3,16,F008,F015,0.0,64.0,35.0,,0.8181132075471698,0.3922384769813739,0.5739622641509434,0.459622641509434,0.13999999999999996,0.8181132075471698,,,,,0.8181132075471698,budget_not_selected,0,0,0,0,0,,False,,
1,static_selected_distance,45,False,15,29,A01,A01|F008|3|P1310+P1334+P3410,A01|F015|7|P0269+P0476+P0484+P0570+P0637+P1402+P3945,3,7,F008,F015,0.0,64.0,35.0,,0.8181132075471698,0.3922384769813739,0.5739622641509434,0.459622641509434,0.13999999999999996,0.8181132075471698,,,,,0.8181132075471698,budget_not_selected,0,0,0,0,0,,False,,
1,static_selected_distance,46,False,39,54,A02,A02|F019|12|P0059+P0542+P0957+P1677+P2598+P2822+P3044+P3288+P3409+P3524+P3711+P3982,A02|F025|7|P1886+P2791+P3216+P3506+P3560+P3584+P3815,12,7,F019,F025,0.0,66.0,13.0,,0.8094339622641509,0.21419484696603946,0.9166037735849056,0.8784905660377358,0.5615094339622642,0.8094339622641509,,,,,0.8094339622641509,budget_not_selected,0,0,0,0,0,,False,,
1,static_selected_distance,47,False,84,86,A03,A03|F040|11|P0140+P0367+P0868+P0880+P1004+P1567+P1598+P1705+P1715+P1750+P2374,A03|F041|5|P0227+P0326+P0368+P1137+P2262,11,5,F040,F041,0.0,66.0,64.66666666666667,,0.8094339622641509,0.3196975792334435,0.2909433962264151,0.9328301886792453,0.7460377358490566,0.8094339622641509,,,,,0.8094339622641509,budget_not_selected,0,0,0,0,0,,False,,
1,static_selected_distance,48,False,0,61,A01,A01|F001|4|P0036+P0918+P2537+P2942,A01|F029|12|P0159+P0299+P0306+P0449+P0962+P0987+P1077+P1226+P1276+P1738+P1878+P1919,4,12,F001,F029,0.0,67.0,17.666666666666668,,0.8026415094339623,0.23871436012781846,0.8377358490566038,0.7766037735849056,0.4420754716981132,0.8026415094339623,,,,,0.8026415094339623,budget_not_selected,0,0,0,0,0,,False,,
1,static_selected_distance,49,False,80,96,A03,A03|F038|15|P0238+P0338+P0385+P0399+P0573+P0655+P0721+P0820+P0993+P1913+P2047+P2154+P2544+P2912+P3674,A03|F046|1|P2863,15,1,F038,F046,0.0,67.0,39.0,,0.8026415094339623,0.6436304556559435,0.5256603773584906,0.3886792452830189,0.7460377358490566,0.8026415094339623,,,,,0.8026415094339623,budget_not_selected,0,0,0,0,0,,False,,
1,static_selected_distance,50,False,81,96,A03,A03|F038|16|P1135+P1278+P1562+P1612+P1766+P1858+P2611+P2643+P2674+P2901+P3004+P3126+P3225+P3610+P3612+P3955,A03|F046|1|P2863,16,1,F038,F046,0.0,67.0,39.0,,0.8026415094339623,0.6436304556559435,0.5256603773584906,0.3886792452830189,0.7460377358490566,0.8026415094339623,,,,,0.8026415094339623,budget_not_selected,0,0,0,0,0,,False,,
1,static_selected_distance,51,False,0,33,A01,A01|F001|4|P0036+P0918+P2537+P2942,A01|F017|11|P0137+P0418+P0598+P1079+P1380+P1493+P1521+P1745+P2207+P2309+P2999,4,11,F001,F017,0.0,70.0,61.333333333333336,,0.7943396226415094,0.8509166882080255,0.3109433962264151,0.3007547169811321,0.5615094339622642,0.7943396226415094,,,,,0.7943396226415094,budget_not_selected,0,0,0,0,0,,False,,
1,static_selected_distance,52,False,49,54,A02,A02|F023|9|P0068+P0111+P0298+P0611+P0693+P1031+P1482+P2314+P2790,A02|F025|7|P1886+P2791+P3216+P3506+P3560+P3584+P3815,9,7,F023,F025,0.0,70.0,63.0,,0.7943396226415094,0.7937898582911843,0.2988679245283019,0.3007547169811321,0.789622641509434,0.7943396226415094,,,,,0.7943396226415094,budget_not_selected,0,0,0,0,0,,False,,
1,static_selected_distance,53,False,0,29,A01,A01|F001|4|P0036+P0918+P2537+P2942,A01|F015|7|P0269+P0476+P0484+P0570+P0637+P1402+P3945,4,7,F001,F015,0.0,73.0,18.333333333333332,,0.7845283018867925,0.7058224433035845,0.8283018867924529,0.7766037735849056,0.23188679245283017,0.7845283018867925,,,,,0.7845283018867925,budget_not_selected,0,0,0,0,0,,False,,
1,static_selected_distance,54,False,3,15,A01,A01|F002|7|P1754+P1771+P2409+P2625+P2819+P3592+P3961,A01|F008|3|P1310+P1334+P3410,7,3,F002,F008,0.0,75.0,2.3333333333333335,,0.7762264150943397,0.8586958855927248,0.999245283018868,0.9592452830188679,0.7460377358490566,0.7762264150943397,,,,,0.7762264150943397,budget_not_selected,0,0,0,0,0,,False,,
1,static_selected_distance,55,False,77,107,A03,A03|F036|8|P0401+P0709+P1087+P1650+P1817+P3698+P3755+P3770,A03|F052|11|P0465+P1035+P2138+P2378+P3105+P3227+P3440+P3587+P3611+P3640+P3987,8,11,F036,F052,0.0,75.0,42.0,,0.7762264150943397,0.4031300089200943,0.4883018867924528,0.2516981132075472,0.5615094339622642,0.7762264150943397,,,,,0.7762264150943397,budget_not_selected,0,0,0,0,0,,False,,
1,static_selected_distance,56,False,15,27,A01,A01|F008|3|P1310+P1334+P3410,A01|F014|12|P0061+P0303+P0849+P1095+P1163+P1235+P1805+P1853+P1902+P2120+P2969+P3614,3,12,F008,F014,0.0,76.0,61.666666666666664,,0.7713207547169811,0.3922384769813739,0.30679245283018863,0.12943396226415094,0.5615094339622642,0.7713207547169811,,,,,0.7713207547169811,budget_not_selected,0,0,0,0,0,,False,,
1,static_selected_distance,57,False,15,28,A01,A01|F008|3|P1310+P1334+P3410,A01|F014|16|P2127+P2447+P2512+P2561+P2767+P2844+P2908+P2953+P3160+P3475+P3554+P3634+P3651+P3808+P3973+P3994,3,16,F008,F014,0.0,76.0,61.666666666666664,,0.7713207547169811,0.3922384769813739,0.30679245283018863,0.12943396226415094,0.5615094339622642,0.7713207547169811,,,,,0.7713207547169811,budget_not_selected,0,0,0,0,0,,False,,
1,static_selected_distance,58,False,19,29,A01,A01|F010|12|P0028+P0077+P0375+P0395+P0583+P0631+P0642+P0835+P1907+P2840+P3644+P3775,A01|F015|7|P0269+P0476+P0484+P0570+P0637+P1402+P3945,12,7,F010,F015,0.0,77.0,31.333333333333332,,0.7686792452830189,0.32148366584147414,0.630943396226415,0.5279245283018867,0.4420754716981132,0.7686792452830189,,,,,0.7686792452830189,budget_not_selected,0,0,0,0,0,,False,,
1,static_selected_distance,59,False,54,70,A02,A02|F025|7|P1886+P2791+P3216+P3506+P3560+P3584+P3815,A02|F033|12|P0660+P0761+P1198+P1462+P2397+P2940+P3002+P3303+P3352+P3542+P3649+P3929,7,12,F025,F033,0.0,80.0,36.333333333333336,,0.7588679245283019,0.21419484696603946,0.5573584905660378,0.7766037735849056,0.5615094339622642,0.7588679245283019,,,,,0.7588679245283019,budget_not_selected,0,0,0,0,0,,False,,
1,static_selected_distance,60,False,70,74,A02,A02|F033|12|P0660+P0761+P1198+P1462+P2397+P2940+P3002+P3303+P3352+P3542+P3649+P3929,A02|F035|5|P0115+P3360+P3552+P3652+P3844,12,5,F033,F035,0.0,80.0,20.666666666666668,,0.7588679245283019,0.07853400852459914,0.7973584905660378,0.659622641509434,0.6722641509433962,0.7588679245283019,,,,,0.7588679245283019,budget_not_selected,0,0,0,0,0,,False,,
1,static_selected_distance,61,False,86,107,A03,A03|F041|5|P0227+P0326+P0368+P1137+P2262,A03|F052|11|P0465+P1035+P2138+P2378+P3105+P3227+P3440+P3587+P3611+P3640+P3987,5,11,F041,F052,0.0,80.0,29.0,,0.7588679245283019,0.7000941615997894,0.6656603773584906,0.9328301886792453,0.7460377358490566,0.7588679245283019,,,,,0.7588679245283019,budget_not_selected,0,0,0,0,0,,False,,
1,static_selected_distance,62,False,15,25,A01,A01|F008|3|P1310+P1334+P3410,A01|F013|15|P0229+P0417+P0419+P0453+P0648+P0672+P0785+P0870+P0912+P1139+P1153+P2464+P3092+P3150+P3176,3,15,F008,F013,0.0,81.0,60.333333333333336,,0.7532075471698113,0.8586958855927248,0.3162264150943396,0.7766037735849056,0.16943396226415092,0.7532075471698113,,,,,0.7532075471698113,budget_not_selected,0,0,0,0,0,,False,,
1,static_selected_distance,63,False,15,26,A01,A01|F008|3|P1310+P1334+P3410,A01|F013|16|P1296+P1897+P1992+P2044+P2061+P2343+P2463+P2807+P3202+P3277+P3466+P3572+P3676+P3797+P3849+P3925,3,16,F008,F013,0.0,81.0,60.333333333333336,,0.7532075471698113,0.8586958855927248,0.3162264150943396,0.7766037735849056,0.16943396226415092,0.7532075471698113,,,,,0.7532075471698113,budget_not_selected,0,0,0,0,0,,False,,
1,static_selected_distance,64,False,96,104,A03,A03|F046|1|P2863,A03|F051|16|P0102+P0184+P0349+P0446+P0462+P0502+P0530+P0541+P0797+P0856+P0904+P0997+P1081+P1684+P1723+P3708,1,16,F046,F051,0.0,82.0,55.666666666666664,,0.7483018867924529,0.5644333231583492,0.3479245283018868,0.35056603773584905,0.5169811320754717,0.7483018867924529,,,,,0.7483018867924529,budget_not_selected,0,0,0,0,0,,False,,
1,static_selected_distance,65,False,96,105,A03,A03|F046|1|P2863,A03|F051|17|P1926+P1962+P2059+P2217+P2218+P2228+P2558+P2562+P2726+P2847+P2930+P2945+P3082+P3167+P3184+P3253+P3947,1,17,F046,F051,0.0,82.0,55.666666666666664,,0.7483018867924529,0.5644333231583492,0.3479245283018868,0.35056603773584905,0.5169811320754717,0.7483018867924529,,,,,0.7483018867924529,budget_not_selected,0,0,0,0,0,,False,,
1,static_selected_distance,66,False,39,74,A02,A02|F019|12|P0059+P0542+P0957+P1677+P2598+P2822+P3044+P3288+P3409+P3524+P3711+P3982,A02|F035|5|P0115+P3360+P3552+P3652+P3844,12,5,F019,F035,0.0,83.0,44.0,,0.7433962264150944,0.07853400852459914,0.459622641509434,0.5279245283018867,0.35132075471698115,0.7433962264150944,,,,,0.7433962264150944,budget_not_selected,0,0,0,0,0,,False,,
1,static_selected_distance,67,False,0,27,A01,A01|F001|4|P0036+P0918+P2537+P2942,A01|F014|12|P0061+P0303+P0849+P1095+P1163+P1235+P1805+P1853+P1902+P2120+P2969+P3614,4,12,F001,F014,0.0,85.0,45.0,,0.7366037735849056,0.7058224433035845,0.4479245283018868,0.3007547169811321,0.4420754716981132,0.7366037735849056,,,,,0.7366037735849056,budget_not_selected,0,0,0,0,0,,False,,
1,static_selected_distance,68,False,9,15,A01,A01|F005|11|P0177+P0622+P0879+P0978+P1006+P1078+P1307+P1710+P1910+P3403+P3882,A01|F008|3|P1310+P1334+P3410,11,3,F005,F008,0.0,88.0,39.0,,0.7271698113207548,0.32148366584147414,0.5256603773584906,0.459622641509434,0.27433962264150946,0.7271698113207548,,,,,0.7271698113207548,budget_not_selected,0,0,0,0,0,,False,,
1,static_selected_distance,69,False,10,15,A01,A01|F005|16|P1933+P2027+P2062+P2096+P2165+P2202+P2334+P2540+P2661+P2725+P3074+P3363+P3624+P3706+P3814+P3917,A01|F008|3|P1310+P1334+P3410,16,3,F005,F008,0.0,88.0,39.0,,0.7271698113207548,0.32148366584147414,0.5256603773584906,0.459622641509434,0.27433962264150946,0.7271698113207548,,,,,0.7271698113207548,budget_not_selected,0,0,0,0,0,,False,,
1,static_selected_distance,70,False,78,86,A03,A03|F037|12|P0199+P0260+P0330+P0911+P0980+P1009+P1042+P1221+P1477+P1484+P2048+P2956,A03|F041|5|P0227+P0326+P0368+P1137+P2262,12,5,F037,F041,0.0,88.0,84.33333333333333,,0.7271698113207548,0.3196975792334435,0.20490566037735847,0.8350943396226416,0.27433962264150946,0.7271698113207548,,,,,0.7271698113207548,budget_not_selected,0,0,0,0,0,,False,,
1,static_selected_distance,71,False,15,23,A01,A01|F008|3|P1310+P1334+P3410,A01|F012|15|P0004+P0049+P0093+P0228+P0239+P0247+P0266+P0510+P0525+P0561+P0584+P0619+P2131+P2753+P3211,3,15,F008,F012,0.0,89.0,21.333333333333332,,0.7218867924528302,0.32148366584147414,0.7860377358490566,0.7256603773584906,0.6722641509433962,0.7218867924528302,,,,,0.7218867924528302,budget_not_selected,0,0,0,0,0,,False,,
1,static_selected_distance,72,False,15,63,A01,A01|F008|3|P1310+P1334+P3410,A01|F030|16|P0169+P0332+P0347+P0357+P0479+P0562+P0661+P1007+P1086+P1200+P1324+P1376+P1739+P1804+P2026+P2086,3,16,F008,F030,0.0,89.0,69.33333333333333,,0.7218867924528302,0.32148366584147414,0.26113207547169814,0.12943396226415094,0.7460377358490566,0.7218867924528302,,,,,0.7218867924528302,budget_not_selected,0,0,0,0,0,,False,,
1,static_selected_distance,73,False,0,59,A01,A01|F001|4|P0036+P0918+P2537+P2942,A01|F028|12|P0241+P0272+P0289+P0320+P0490+P0559+P0600+P0634+P0700+P0953+P1113+P1179,4,12,F001,F028,0.0,91.0,10.666666666666666,,0.7143396226415094,0.4807360643988245,0.940377358490566,0.7766037735849056,0.4420754716981132,0.7143396226415094,,,,,0.7143396226415094,budget_not_selected,0,0,0,0,0,,False,,
1,static_selected_distance,74,False,93,96,A03,A03|F045|16|P0365+P0430+P0568+P0673+P0741+P0776+P0781+P0801+P0805+P0826+P0829+P1640+P1785+P1803+P2939+P3969,A03|F046|1|P2863,16,1,F045,F046,0.0,92.0,41.0,,0.7109433962264151,0.5644333231583492,0.4996226415094339,0.35056603773584905,0.7460377358490566,0.7109433962264151,,,,,0.7109433962264151,budget_not_selected,0,0,0,0,0,,False,,
1,static_selected_distance,75,False,86,102,A03,A03|F041|5|P0227+P0326+P0368+P1137+P2262,A03|F049|14|P1520+P2198+P2832+P2893+P2922+P3149+P3191+P3205+P3276+P3416+P3452+P3703+P3771+P3868,5,14,F041,F049,0.0,94.0,48.666666666666664,,0.7060377358490566,0.5644333231583492,0.40981132075471693,0.7256603773584906,0.789622641509434,0.7060377358490566,,,,,0.7060377358490566,budget_not_selected,0,0,0,0,0,,False,,
1,static_selected_distance,76,False,7,29,A01,A01|F004|11|P0146+P0632+P0908+P1052+P1216+P1264+P1553+P2173+P2793+P3113+P3938,A01|F015|7|P0269+P0476+P0484+P0570+P0637+P1402+P3945,11,7,F004,F015,0.0,95.0,13.333333333333334,,0.7026415094339622,0.32148366584147414,0.9116981132075471,0.9328301886792453,0.5615094339622642,0.7026415094339622,,,,,0.7026415094339622,budget_not_selected,0,0,0,0,0,,False,,
1,static_selected_distance,77,False,48,74,A02,A02|F022|14|P2597+P2711+P2809+P3042+P3079+P3083+P3345+P3509+P3532+P3602+P3623+P3751+P3782+P3996,A02|F035|5|P0115+P3360+P3552+P3652+P3844,14,5,F022,F035,0.0,97.0,52.0,,0.689811320754717,0.07853400852459914,0.37056603773584906,0.16150943396226414,0.7460377358490566,0.689811320754717,,,,,0.689811320754717,budget_not_selected,0,0,0,0,0,,False,,
1,static_selected_distance,78,False,3,21,A01,A01|F002|7|P1754+P1771+P2409+P2625+P2819+P3592+P3961,A01|F011|12|P0174+P0284+P0293+P0535+P0707+P0823+P0923+P1529+P1571+P1718+P3108+P3175,7,12,F002,F011,0.0,99.0,21.666666666666668,,0.6826415094339623,0.546570044746234,0.780377358490566,0.3886792452830189,0.7460377358490566,0.6826415094339623,,,,,0.6826415094339623,budget_not_selected,0,0,0,0,0,,False,,
1,static_selected_distance,79,False,3,17,A01,A01|F002|7|P1754+P1771+P2409+P2625+P2819+P3592+P3961,A01|F009|11|P0086+P0252+P0860+P1085+P1610+P1743+P1763+P1949+P2163+P3118+P3137,7,11,F002,F009,0.0,100.0,56.0,,0.6799999999999999,0.546570044746234,0.3460377358490566,0.12943396226415094,0.6722641509433962,0.6799999999999999,,,,,0.6799999999999999,budget_not_selected,0,0,0,0,0,,False,,
1,static_selected_distance,80,False,0,21,A01,A01|F001|4|P0036+P0918+P2537+P2942,A01|F011|12|P0174+P0284+P0293+P0535+P0707+P0823+P0923+P1529+P1571+P1718+P3108+P3175,4,12,F001,F011,0.0,101.0,10.0,,0.6777358490566038,0.4807360643988245,0.9471698113207547,0.7256603773584906,0.6722641509433962,0.6777358490566038,,,,,0.6777358490566038,budget_not_selected,0,0,0,0,0,,False,,
1,static_selected_distance,81,False,0,17,A01,A01|F001|4|P0036+P0918+P2537+P2942,A01|F009|11|P0086+P0252+P0860+P1085+P1610+P1743+P1763+P1949+P2163+P3118+P3137,4,11,F001,F009,0.0,107.0,39.666666666666664,,0.6603773584905661,0.4807360643988245,0.5181132075471698,0.2516981132075472,0.5615094339622642,0.6603773584905661,,,,,0.6603773584905661,budget_not_selected,0,0,0,0,0,,False,,
1,static_selected_distance,82,False,87,96,A03,A03|F041|16|P0377+P0519+P0657+P0794+P1479+P1556+P1742+P1850+P1978+P2178+P2650+P2871+P2966+P3089+P3423+P3954,A03|F046|1|P2863,16,1,F041,F046,0.0,110.0,60.0,,0.6520754716981132,0.5644333231583492,0.31849056603773584,0.2516981132075472,0.4852830188679245,0.6520754716981132,,,,,0.6520754716981132,budget_not_selected,0,0,0,0,0,,False,,
1,static_selected_distance,83,False,86,96,A03,A03|F041|5|P0227+P0326+P0368+P1137+P2262,A03|F046|1|P2863,5,1,F041,F046,0.0,110.0,60.0,,0.6520754716981132,0.5644333231583492,0.31849056603773584,0.2516981132075472,0.4852830188679245,0.6520754716981132,,,,,0.6520754716981132,budget_not_selected,0,0,0,0,0,,False,,
1,static_selected_distance,84,False,86,98,A03,A03|F041|5|P0227+P0326+P0368+P1137+P2262,A03|F047|5|P0040+P1063+P1231+P2315+P2850,5,5,F041,F047,0.0,111.0,46.666666666666664,,0.6486792452830188,0.5644333231583492,0.4286792452830188,0.7256603773584906,0.7460377358490566,0.6486792452830188,,,,,0.6486792452830188,budget_not_selected,0,0,0,0,0,,False,,
1,static_selected_distance,85,False,15,32,A01,A01|F008|3|P1310+P1334+P3410,A01|F016|16|P1347+P1537+P1579+P1582+P1680+P1697+P2185+P2192+P2227+P2731+P2736+P3170+P3192+P3316+P3356+P3427,3,16,F008,F016,0.0,112.0,51.666666666666664,,0.6449056603773584,0.242949657316875,0.37584905660377355,0.12943396226415094,0.789622641509434,0.6449056603773584,,,,,0.6449056603773584,budget_not_selected,0,0,0,0,0,,False,,
1,static_selected_distance,86,False,15,31,A01,A01|F008|3|P1310+P1334+P3410,A01|F016|9|P0275+P0423+P0482+P0613+P0647+P0950+P1114+P2472+P2898,3,9,F008,F016,0.0,112.0,51.666666666666664,,0.6449056603773584,0.242949657316875,0.37584905660377355,0.12943396226415094,0.789622641509434,0.6449056603773584,,,,,0.6449056603773584,budget_not_selected,0,0,0,0,0,,False,,
1,static_selected_distance,87,False,15,33,A01,A01|F008|3|P1310+P1334+P3410,A01|F017|11|P0137+P0418+P0598+P1079+P1380+P1493+P1521+P1745+P2207+P2309+P2999,3,11,F008,F017,0.0,112.0,78.0,,0.6449056603773584,0.32148366584147414,0.22867924528301886,0.12943396226415094,0.27433962264150946,0.6449056603773584,,,,,0.6449056603773584,budget_not_selected,0,0,0,0,0,,False,,
1,static_selected_distance,88,False,15,34,A01,A01|F008|3|P1310+P1334+P3410,A01|F017|16|P2043+P2137+P2139+P2152+P2229+P2499+P2682+P2789+P2825+P2836+P3112+P3240+P3279+P3310+P3655+P3684,3,16,F008,F017,0.0,112.0,78.0,,0.6449056603773584,0.32148366584147414,0.22867924528301886,0.12943396226415094,0.27433962264150946,0.6449056603773584,,,,,0.6449056603773584,budget_not_selected,0,0,0,0,0,,False,,
1,static_selected_distance,89,False,56,74,A02,A02|F026|14|P0230+P0574+P2408+P2710+P2867+P2971+P3013+P3174+P3320+P3582+P3658+P3694+P3862+P3914,A02|F035|5|P0115+P3360+P3552+P3652+P3844,14,5,F026,F035,0.0,112.0,39.0,,0.6449056603773584,0.07853400852459914,0.5256603773584906,0.5279245283018867,0.789622641509434,0.6449056603773584,,,,,0.6449056603773584,budget_not_selected,0,0,0,0,0,,False,,
1,static_selected_distance,90,False,13,29,A01,A01|F007|9|P0057+P0480+P0652+P0685+P0786+P0812+P1703+P1838+P2738,A01|F015|7|P0269+P0476+P0484+P0570+P0637+P1402+P3945,9,7,F007,F015,0.0,113.0,49.333333333333336,,0.6407547169811321,0.32148366584147414,0.40113207547169816,0.5279245283018867,0.4420754716981132,0.6407547169811321,,,,,0.6407547169811321,budget_not_selected,0,0,0,0,0,,False,,
1,static_selected_distance,91,False,3,59,A01,A01|F002|7|P1754+P1771+P2409+P2625+P2819+P3592+P3961,A01|F028|12|P0241+P0272+P0289+P0320+P0490+P0559+P0600+P0634+P0700+P0953+P1113+P1179,7,12,F002,F028,0.0,114.0,7.0,,0.6373584905660377,0.546570044746234,0.9694339622641509,0.9328301886792453,0.5615094339622642,0.6373584905660377,,,,,0.6373584905660377,budget_not_selected,0,0,0,0,0,,False,,
1,static_selected_distance,92,False,42,74,A02,A02|F020|14|P0635+P2429+P3026+P3060+P3093+P3278+P3341+P3483+P3633+P3727+P3822+P3848+P3937+P3998,A02|F035|5|P0115+P3360+P3552+P3652+P3844,14,5,F020,F035,0.0,114.0,74.33333333333333,,0.6373584905660377,0.07853400852459914,0.23886792452830186,0.07509433962264156,0.7460377358490566,0.6373584905660377,,,,,0.6373584905660377,budget_not_selected,0,0,0,0,0,,False,,
1,static_selected_distance,93,False,89,98,A03,A03|F043|14|P0095+P0132+P0520+P0588+P0601+P0778+P0848+P0965+P1050+P1171+P1294+P2636+P3023+P3270,A03|F047|5|P0040+P1063+P1231+P2315+P2850,14,5,F043,F047,0.0,115.0,69.66666666666667,,0.6328301886792453,0.48345010405272415,0.2584905660377359,0.7256603773584906,0.16943396226415092,0.6328301886792453,,,,,0.6328301886792453,budget_not_selected,0,0,0,0,0,,False,,
1,static_selected_distance,94,False,89,96,A03,A03|F043|14|P0095+P0132+P0520+P0588+P0601+P0778+P0848+P0965+P1050+P1171+P1294+P2636+P3023+P3270,A03|F046|1|P2863,14,1,F043,F046,0.0,117.0,83.0,,0.6245283018867924,0.48345010405272415,0.21132075471698109,0.2516981132075472,0.789622641509434,0.6245283018867924,,,,,0.6245283018867924,budget_not_selected,0,0,0,0,0,,False,,
1,static_selected_distance,95,False,90,96,A03,A03|F043|16|P1316+P1327+P1450+P1615+P1855+P1948+P2206+P2442+P2477+P2648+P2766+P3094+P3459+P3510+P3774+P3793,A03|F046|1|P2863,16,1,F043,F046,0.0,117.0,83.0,,0.6245283018867924,0.48345010405272415,0.21132075471698109,0.2516981132075472,0.789622641509434,0.6245283018867924,,,,,0.6245283018867924,budget_not_selected,0,0,0,0,0,,False,,
1,static_selected_distance,96,False,3,27,A01,A01|F002|7|P1754+P1771+P2409+P2625+P2819+P3592+P3961,A01|F014|12|P0061+P0303+P0849+P1095+P1163+P1235+P1805+P1853+P1902+P2120+P2969+P3614,7,12,F002,F014,0.0,124.0,61.333333333333336,,0.6052830188679246,0.32148366584147414,0.3109433962264151,0.10528301886792457,0.5615094339622642,0.6052830188679246,,,,,0.6052830188679246,budget_not_selected,0,0,0,0,0,,False,,
1,static_selected_distance,97,False,3,29,A01,A01|F002|7|P1754+P1771+P2409+P2625+P2819+P3592+P3961,A01|F015|7|P0269+P0476+P0484+P0570+P0637+P1402+P3945,7,7,F002,F015,0.0,127.0,34.666666666666664,,0.5966037735849057,0.32148366584147414,0.5800000000000001,0.42188679245283023,0.6722641509433962,0.5966037735849057,,,,,0.5966037735849057,budget_not_selected,0,0,0,0,0,,False,,
1,static_selected_distance,98,False,29,61,A01,A01|F015|7|P0269+P0476+P0484+P0570+P0637+P1402+P3945,A01|F029|12|P0159+P0299+P0306+P0449+P0962+P0987+P1077+P1226+P1276+P1738+P1878+P1919,7,12,F015,F029,0.0,128.0,13.333333333333334,,0.5932075471698113,0.16018035160321933,0.9116981132075471,0.659622641509434,0.4420754716981132,0.5932075471698113,,,,,0.5932075471698113,budget_not_selected,0,0,0,0,0,,False,,
1,static_selected_distance,99,False,54,64,A02,A02|F025|7|P1886+P2791+P3216+P3506+P3560+P3584+P3815,A02|F030|10|P0448+P2098+P2453+P3096+P3117+P3531+P3615+P3686+P3799+P3847,7,10,F025,F030,0.0,128.0,22.333333333333332,,0.5932075471698113,0.0,0.7709433962264151,0.659622641509434,0.7460377358490566,0.5932075471698113,,,,,0.5932075471698113,budget_not_selected,0,0,0,0,0,,False,,
1,static_selected_distance,100,False,15,40,A01,A01|F008|3|P1310+P1334+P3410,A01|F020|16|P0249+P0350+P0421+P0436+P0440+P0458+P0492+P0612+P1119+P1120+P1315+P1329+P1333+P1343+P1358+P1365,3,16,F008,F020,0.0,130.0,64.33333333333333,,0.5864150943396227,0.242949657316875,0.2924528301886793,0.12943396226415094,0.6722641509433962,0.5864150943396227,,,,,0.5864150943396227,budget_not_selected,0,0,0,0,0,,False,,
1,static_selected_distance,101,False,15,41,A01,A01|F008|3|P1310+P1334+P3410,A01|F020|16|P1453+P1671+P1699+P1713+P1790+P1794+P1857+P2034+P2057+P2216+P2287+P2469+P2543+P2657+P2722+P2831,3,16,F008,F020,0.0,130.0,64.33333333333333,,0.5864150943396227,0.242949657316875,0.2924528301886793,0.12943396226415094,0.6722641509433962,0.5864150943396227,,,,,0.5864150943396227,budget_not_selected,0,0,0,0,0,,False,,
1,static_selected_distance,102,False,0,15,A01,A01|F001|4|P0036+P0918+P2537+P2942,A01|F008|3|P1310+P1334+P3410,4,3,F001,F008,0.0,131.0,16.666666666666668,,0.580754716981132,0.242949657316875,0.8573584905660377,0.8350943396226416,0.6722641509433962,0.580754716981132,,,,,0.580754716981132,budget_not_selected,0,0,0,0,0,,False,,
1,static_selected_distance,103,False,15,46,A01,A01|F008|3|P1310+P1334+P3410,A01|F022|16|P0002+P0055+P0058+P0126+P0214+P0268+P0460+P0750+P0782+P0800+P0909+P0992+P1141+P1151+P1188+P1463,3,16,F008,F022,0.0,134.0,42.0,,0.570566037735849,0.242949657316875,0.4883018867924528,0.2516981132075472,0.6722641509433962,0.570566037735849,,,,,0.570566037735849,budget_not_selected,0,0,0,0,0,,False,,
1,static_selected_distance,104,False,15,47,A01,A01|F008|3|P1310+P1334+P3410,A01|F022|16|P1476+P1481+P1544+P1577+P1627+P1900+P1984+P2051+P2258+P2317+P2333+P2382+P2393+P2425+P2462+P2578,3,16,F008,F022,0.0,134.0,42.0,,0.570566037735849,0.242949657316875,0.4883018867924528,0.2516981132075472,0.6722641509433962,0.570566037735849,,,,,0.570566037735849,budget_not_selected,0,0,0,0,0,,False,,
1,static_selected_distance,105,False,91,96,A03,A03|F044|16|P0074+P0259+P0386+P0396+P0442+P0558+P0566+P0582+P0704+P0728+P0768+P0838+P2843+P3238+P3260+P3334,A03|F046|1|P2863,16,1,F044,F046,0.0,137.0,98.66666666666667,,0.5618867924528301,0.48345010405272415,0.1584905660377358,0.3886792452830189,0.789622641509434,0.5618867924528301,,,,,0.5618867924528301,budget_not_selected,0,0,0,0,0,,False,,
1,static_selected_distance,106,False,92,96,A03,A03|F044|18|P0822+P1103+P1382+P1760+P1960+P2036+P2364+P2667+P2783+P2835+P3008+P3155+P3209+P3325+P3591+P3656+P3762+P3897,A03|F046|1|P2863,18,1,F044,F046,0.0,137.0,98.66666666666667,,0.5618867924528301,0.48345010405272415,0.1584905660377358,0.3886792452830189,0.789622641509434,0.5618867924528301,,,,,0.5618867924528301,budget_not_selected,0,0,0,0,0,,False,,
1,static_selected_distance,107,False,0,19,A01,A01|F001|4|P0036+P0918+P2537+P2942,A01|F010|12|P0028+P0077+P0375+P0395+P0583+P0631+P0642+P0835+P1907+P2840+P3644+P3775,4,12,F001,F010,0.0,147.0,15.0,,0.5275471698113208,0.242949657316875,0.8833962264150943,0.7766037735849056,0.4420754716981132,0.5275471698113208,,,,,0.5275471698113208,budget_not_selected,0,0,0,0,0,,False,,
1,static_selected_distance,108,False,15,37,A01,A01|F008|3|P1310+P1334+P3410,A01|F019|13|P0045+P0134+P0344+P0493+P0572+P0946+P1099+P1101+P1160+P1164+P1284+P1345+P1500,3,13,F008,F019,0.0,147.0,34.0,,0.5275471698113208,0.242949657316875,0.5920754716981131,0.7256603773584906,0.5615094339622642,0.5275471698113208,,,,,0.5275471698113208,budget_not_selected,0,0,0,0,0,,False,,
1,static_selected_distance,109,False,77,86,A03,A03|F036|8|P0401+P0709+P1087+P1650+P1817+P3698+P3755+P3770,A03|F041|5|P0227+P0326+P0368+P1137+P2262,8,5,F036,F041,0.0,150.0,71.0,,0.5173584905660378,0.3239328764225,0.2513207547169811,0.20226415094339623,0.7460377358490566,0.5173584905660378,,,,,0.5173584905660378,budget_not_selected,0,0,0,0,0,,False,,
1,static_selected_distance,110,False,3,9,A01,A01|F002|7|P1754+P1771+P2409+P2625+P2819+P3592+P3961,A01|F005|11|P0177+P0622+P0879+P0978+P1006+P1078+P1307+P1710+P1910+P3403+P3882,7,11,F002,F005,0.0,151.0,38.666666666666664,,0.5150943396226415,0.32148366584147414,0.5313207547169811,0.42188679245283023,0.6722641509433962,0.5150943396226415,,,,,0.5150943396226415,budget_not_selected,0,0,0,0,0,,False,,
1,static_selected_distance,111,False,3,33,A01,A01|F002|7|P1754+P1771+P2409+P2625+P2819+P3592+P3961,A01|F017|11|P0137+P0418+P0598+P1079+P1380+P1493+P1521+P1745+P2207+P2309+P2999,7,11,F002,F017,0.0,161.0,77.66666666666667,,0.48716981132075476,0.32148366584147414,0.23094339622641513,0.10528301886792457,0.6722641509433962,0.48716981132075476,,,,,0.48716981132075476,budget_not_selected,0,0,0,0,0,,False,,
1,static_selected_distance,112,False,13,31,A01,A01|F007|9|P0057+P0480+P0652+P0685+P0786+P0812+P1703+P1838+P2738,A01|F016|9|P0275+P0423+P0482+P0613+P0647+P0950+P1114+P2472+P2898,9,9,F007,F016,0.0,161.0,66.0,,0.48716981132075476,0.242949657316875,0.28490566037735854,0.16150943396226414,0.2888679245283019,0.48716981132075476,,,,,0.48716981132075476,budget_not_selected,0,0,0,0,0,,False,,
1,static_selected_distance,113,False,64,74,A02,A02|F030|10|P0448+P2098+P2453+P3096+P3117+P3531+P3615+P3686+P3799+P3847,A02|F035|5|P0115+P3360+P3552+P3652+P3844,10,5,F030,F035,0.0,161.0,79.33333333333333,,0.48716981132075476,0.0,0.22264150943396221,0.07509433962264156,0.789622641509434,0.48716981132075476,,,,,0.48716981132075476,budget_not_selected,0,0,0,0,0,,False,,
1,static_selected_distance,114,False,84,98,A03,A03|F040|11|P0140+P0367+P0868+P0880+P1004+P1567+P1598+P1705+P1715+P1750+P2374,A03|F047|5|P0040+P1063+P1231+P2315+P2850,11,5,F040,F047,0.0,163.0,111.33333333333333,,0.4826415094339622,0.24050044673584917,0.12867924528301888,0.659622641509434,0.5615094339622642,0.4826415094339622,,,,,0.4826415094339622,budget_not_selected,0,0,0,0,0,,False,,
1,static_selected_distance,115,False,84,96,A03,A03|F040|11|P0140+P0367+P0868+P0880+P1004+P1567+P1598+P1705+P1715+P1750+P2374,A03|F046|1|P2863,11,1,F040,F046,0.0,165.0,124.66666666666667,,0.4747169811320755,0.24050044673584917,0.10528301886792457,0.20226415094339623,0.789622641509434,0.4747169811320755,,,,,0.4747169811320755,budget_not_selected,0,0,0,0,0,,False,,
1,static_selected_distance,116,False,85,96,A03,A03|F040|16|P1908+P2094+P2386+P2555+P2727+P2746+P2775+P2846+P2881+P2935+P3222+P3287+P3322+P3477+P3547+P3721,A03|F046|1|P2863,16,1,F040,F046,0.0,165.0,124.66666666666667,,0.4747169811320755,0.24050044673584917,0.10528301886792457,0.20226415094339623,0.789622641509434,0.4747169811320755,,,,,0.4747169811320755,budget_not_selected,0,0,0,0,0,,False,,
1,static_selected_distance,117,False,0,7,A01,A01|F001|4|P0036+P0918+P2537+P2942,A01|F004|11|P0146+P0632+P0908+P1052+P1216+P1264+P1553+P2173+P2793+P3113+P3938,4,11,F001,F004,0.0,168.0,12.333333333333334,,0.46566037735849053,0.242949657316875,0.9286792452830188,0.7766037735849056,0.5615094339622642,0.46566037735849053,,,,,0.46566037735849053,budget_not_selected,0,0,0,0,0,,False,,
1,static_selected_distance,118,False,3,31,A01,A01|F002|7|P1754+P1771+P2409+P2625+P2819+P3592+P3961,A01|F016|9|P0275+P0423+P0482+P0613+P0647+P0950+P1114+P2472+P2898,7,9,F002,F016,0.0,172.0,51.333333333333336,,0.45547169811320753,0.242949657316875,0.3815094339622641,0.10528301886792457,0.789622641509434,0.45547169811320753,,,,,0.45547169811320753,budget_not_selected,0,0,0,0,0,,False,,
1,static_selected_distance,119,False,0,13,A01,A01|F001|4|P0036+P0918+P2537+P2942,A01|F007|9|P0057+P0480+P0652+P0685+P0786+P0812+P1703+P1838+P2738,4,9,F001,F007,0.0,184.0,31.0,,0.4207547169811321,0.242949657316875,0.6377358490566039,0.7766037735849056,0.4420754716981132,0.4207547169811321,,,,,0.4207547169811321,budget_not_selected,0,0,0,0,0,,False,,
1,static_selected_distance,120,False,78,98,A03,A03|F037|12|P0199+P0260+P0330+P0911+P0980+P1009+P1042+P1221+P1477+P1484+P2048+P2956,A03|F047|5|P0040+P1063+P1231+P2315+P2850,12,5,F037,F047,0.0,190.0,131.0,,0.40415094339622637,0.24050044673584917,0.0928301886792453,0.42188679245283023,0.4420754716981132,0.40415094339622637,,,,,0.40415094339622637,budget_not_selected,0,0,0,0,0,,False,,
1,static_selected_distance,121,False,15,61,A01,A01|F008|3|P1310+P1334+P3410,A01|F029|12|P0159+P0299+P0306+P0449+P0962+P0987+P1077+P1226+P1276+P1738+P1878+P1919,3,12,F008,F029,0.0,191.0,34.333333333333336,,0.4007547169811321,0.080983219105625,0.5860377358490566,0.459622641509434,0.14660377358490562,0.4007547169811321,,,,,0.4007547169811321,budget_not_selected,0,0,0,0,0,,False,,
1,static_selected_distance,122,False,88,96,A03,A03|F042|16|P1174+P1268+P1435+P1683+P2031+P2751+P2779+P2786+P2889+P2965+P3028+P3309+P3346+P3428+P3959+P3970,A03|F046|1|P2863,16,1,F042,F046,0.0,191.0,152.0,,0.4007547169811321,0.24050044673584917,0.05962264150943397,0.16150943396226414,0.4941509433962264,0.4007547169811321,,,,,0.4007547169811321,budget_not_selected,0,0,0,0,0,,False,,
1,static_selected_distance,123,False,96,108,A03,A03|F046|1|P2863,A03|F042+F050|18|P0166+P0294+P0455+P0540+P0617+P0638+P0643+P0865+P1203+P1767+P2093+P2330+P2521+P2730+P2972+P2984+P3627+P3730,1,18,F046,F042|F050,0.0,191.0,170.16666666666669,,0.4007547169811321,0.24050044673584917,0.05962264150943397,0.16150943396226414,0.4941509433962264,0.4007547169811321,,,,,0.4007547169811321,budget_not_selected,0,0,0,0,0,,False,,
1,static_selected_distance,124,False,49,64,A02,A02|F023|9|P0068+P0111+P0298+P0611+P0693+P1031+P1482+P2314+P2790,A02|F030|10|P0448+P2098+P2453+P3096+P3117+P3531+P3615+P3686+P3799+P3847,9,10,F023,F030,0.0,192.0,85.33333333333333,,0.3969811320754717,0.0,0.20075471698113212,0.07509433962264156,0.789622641509434,0.3969811320754717,,,,,0.3969811320754717,budget_not_selected,0,0,0,0,0,,False,,
1,static_selected_distance,125,False,78,96,A03,A03|F037|12|P0199+P0260+P0330+P0911+P0980+P1009+P1042+P1221+P1477+P1484+P2048+P2956,A03|F046|1|P2863,12,1,F037,F046,0.0,192.0,144.33333333333334,,0.3969811320754717,0.24050044673584917,0.07207547169811324,0.10528301886792457,0.7460377358490566,0.3969811320754717,,,,,0.3969811320754717,budget_not_selected,0,0,0,0,0,,False,,
1,static_selected_distance,126,False,79,96,A03,A03|F037|16|P2045+P2058+P2261+P2275+P2291+P2448+P2450+P2531+P3084+P3156+P3530+P3637+P3717+P3846+P3851+P3989,A03|F046|1|P2863,16,1,F037,F046,0.0,192.0,144.33333333333334,,0.3969811320754717,0.24050044673584917,0.07207547169811324,0.10528301886792457,0.7460377358490566,0.3969811320754717,,,,,0.3969811320754717,budget_not_selected,0,0,0,0,0,,False,,
1,static_selected_distance,127,False,0,3,A01,A01|F001|4|P0036+P0918+P2537+P2942,A01|F002|7|P1754+P1771+P2409+P2625+P2819+P3592+P3961,4,7,F001,F002,0.0,200.0,17.666666666666668,,0.3766037735849057,0.242949657316875,0.8377358490566038,0.7766037735849056,0.6722641509433962,0.3766037735849057,,,,,0.3766037735849057,budget_not_selected,0,0,0,0,0,,False,,
1,static_selected_distance,128,False,77,84,A03,A03|F036|8|P0401+P0709+P1087+P1650+P1817+P3698+P3755+P3770,A03|F040|11|P0140+P0367+P0868+P0880+P1004+P1567+P1598+P1705+P1715+P1750+P2374,8,11,F036,F040,0.0,205.0,135.66666666666666,,0.3652830188679246,0.16196643821125,0.0860377358490566,0.16150943396226414,0.5615094339622642,0.3652830188679246,,,,,0.3652830188679246,budget_not_selected,0,0,0,0,0,,False,,
1,static_selected_distance,129,False,0,25,A01,A01|F001|4|P0036+P0918+P2537+P2942,A01|F013|15|P0229+P0417+P0419+P0453+P0648+P0672+P0785+P0870+P0912+P1139+P1153+P2464+P3092+P3150+P3176,4,15,F001,F013,0.0,210.0,77.0,,0.3501886792452831,0.242949657316875,0.23245283018867924,0.459622641509434,0.4420754716981132,0.3501886792452831,,,,,0.3501886792452831,budget_not_selected,0,0,0,0,0,,False,,
1,static_selected_distance,130,False,15,73,A01,A01|F008|3|P1310+P1334+P3410,A01|F035|16|P0428+P0565+P0665+P0677+P0755+P1049+P1124+P1256+P1366+P1575+P1701+P1714+P2079+P2116+P2239+P2413,3,16,F008,F035,0.0,227.0,22.0,,0.31169811320754715,0.0,0.7754716981132075,0.8350943396226416,0.789622641509434,0.31169811320754715,,,,,0.31169811320754715,budget_not_selected,0,0,0,0,0,,False,,
1,static_selected_distance,131,False,3,61,A01,A01|F002|7|P1754+P1771+P2409+P2625+P2819+P3592+P3961,A01|F029|12|P0159+P0299+P0306+P0449+P0962+P0987+P1077+P1226+P1276+P1738+P1878+P1919,7,12,F002,F029,0.0,253.0,34.0,,0.2554716981132076,0.080983219105625,0.5920754716981131,0.42188679245283023,0.5615094339622642,0.2554716981132076,,,,,0.2554716981132076,budget_not_selected,0,0,0,0,0,,False,,
2,static_selected_distance,1,True,96,107,A03,A03|F046|1|P2863,A03|F047+F052|16|P0040+P0465+P1035+P1063+P1231+P2138+P2315+P2378+P2850+P3105+P3227+P3440+P3587+P3611+P3640+P3987,1,16,F046,F052|F047,0.0,15.0,22.166666666666668,,0.9966037735849057,1.0,0.9116981132075471,0.659622641509434,0.789622641509434,0.9966037735849057,,,,,0.9966037735849057,improving_not_selected,6,6,0,0,0,120,False,5.467419000000518,
2,static_selected_distance,2,True,96,101,A03,A03|F046|1|P2863,A03|F049|14|P1520+P2198+P2832+P2893+P2922+P3149+P3191+P3205+P3276+P3416+P3452+P3703+P3771+P3868,1,14,F046,F049,0.0,17.0,11.333333333333334,,0.9916981132075472,1.0,0.9350943396226415,0.659622641509434,0.5169811320754717,0.9916981132075472,,,,,0.9916981132075472,improving_not_selected,4,0,4,0,0,146,False,5.1966147999992245,
2,static_selected_distance,3,True,15,19,A01,A01|F008|3|P1310+P1334+P3410,A01|F010|12|P0028+P0077+P0375+P0395+P0583+P0631+P0642+P0835+P1907+P2840+P3644+P3775,3,12,F008,F010,0.0,19.0,3.6666666666666665,,0.9864150943396226,0.9292451888601003,0.9932075471698113,0.9592452830188679,0.16943396226415092,0.9864150943396226,,,,,0.9864150943396226,improving_not_selected,4,0,4,0,0,131,False,4.901476400002139,
2,static_selected_distance,4,True,54,62,A02,A02|F025|7|P1886+P2791+P3216+P3506+P3560+P3584+P3815,A02|F029|12|P0226+P1827+P1956+P2101+P2590+P2617+P2683+P2796+P2810+P3402+P3626+P3741,7,12,F025,F029,0.0,24.0,12.666666666666666,,0.9739622641509434,0.8398196483967807,0.9226415094339623,0.9864150943396226,0.5615094339622642,0.9739622641509434,,,,,0.9739622641509434,improving_not_selected,2,0,2,0,0,117,False,4.902823399999761,
2,static_selected_distance,5,True,0,37,A01,A01|F001|4|P0036+P0918+P2537+P2942,A01|F019|13|P0045+P0134+P0344+P0493+P0572+P0946+P1099+P1101+P1160+P1164+P1284+P1345+P1500,4,13,F001,F019,0.0,25.0,17.333333333333332,,0.9694339622641509,0.8643391615585597,0.8456603773584905,0.9328301886792453,0.4420754716981132,0.9694339622641509,,,,,0.9694339622641509,improving_not_selected,2,0,2,0,0,127,False,4.900747200001206,
2,static_selected_distance,6,True,9,29,A01,A01|F005|11|P0177+P0622+P0879+P0978+P1006+P1078+P1307+P1710+P1910+P3403+P3882,A01|F015|7|P0269+P0476+P0484+P0570+P0637+P1402+P3945,11,7,F005,F015,0.0,25.0,4.0,,0.9694339622641509,0.7843564518281836,0.9909433962264151,0.9864150943396226,0.5615094339622642,0.9694339622641509,,,,,0.9694339622641509,improving_not_selected,2,0,2,0,0,81,False,4.90116780000244,
2,static_selected_distance,7,True,27,29,A01,A01|F014|12|P0061+P0303+P0849+P1095+P1163+P1235+P1805+P1853+P1902+P2120+P2969+P3614,A01|F015|7|P0269+P0476+P0484+P0570+P0637+P1402+P3945,12,7,F014,F015,0.0,27.0,26.666666666666668,,0.9633962264150944,1.0,0.7090566037735849,0.659622641509434,0.4420754716981132,0.9633962264150944,,,,,0.9633962264150944,improving_not_selected,2,0,2,0,0,74,False,4.902169900000445,
2,static_selected_distance,8,True,86,89,A03,A03|F041|5|P0227+P0326+P0368+P1137+P2262,A03|F043|14|P0095+P0132+P0520+P0588+P0601+P0778+P0848+P0965+P1050+P1171+P1294+P2636+P3023+P3270,5,14,F041,F043,0.0,28.0,23.0,,0.9607547169811321,0.919016780894375,0.7615094339622641,0.9864150943396226,0.7460377358490566,0.9607547169811321,,,,,0.9607547169811321,improving_not_selected,2,0,2,0,0,151,False,5.196032699997886,
2,static_selected_distance,9,True,3,13,A01,A01|F002|7|P1754+P1771+P2409+P2625+P2819+P3592+P3961,A01|F007|9|P0057+P0480+P0652+P0685+P0786+P0812+P1703+P1838+P2738,7,9,F002,F007,0.0,30.0,14.666666666666666,,0.9566037735849057,1.0,0.8883018867924528,0.9328301886792453,0.5615094339622642,0.9566037735849057,,,,,0.9566037735849057,improving_not_selected,4,0,4,0,0,122,False,4.901051000000734,
2,static_selected_distance,10,True,21,29,A01,A01|F011|12|P0174+P0284+P0293+P0535+P0707+P0823+P0923+P1529+P1571+P1718+P3108+P3175,A01|F015|7|P0269+P0476+P0484+P0570+P0637+P1402+P3945,12,7,F011,F015,0.0,31.0,13.0,,0.9535849056603773,0.7043643178278647,0.9166037735849056,0.6988679245283018,0.6722641509433962,0.9535849056603773,,,,,0.9535849056603773,improving_not_selected,2,0,2,0,0,79,False,4.902052899997216,
2,static_selected_distance,11,True,29,59,A01,A01|F015|7|P0269+P0476+P0484+P0570+P0637+P1402+P3945,A01|F028|12|P0241+P0272+P0289+P0320+P0490+P0559+P0600+P0634+P0700+P0953+P1113+P1179,7,12,F015,F028,0.0,32.0,27.666666666666668,,0.949811320754717,0.7043643178278647,0.6890566037735849,0.5279245283018867,0.4420754716981132,0.949811320754717,,,,,0.949811320754717,improving_not_selected,2,0,2,0,0,92,False,4.902282800001558,
2,static_selected_distance,12,True,3,7,A01,A01|F002|7|P1754+P1771+P2409+P2625+P2819+P3592+P3961,A01|F004|11|P0146+P0632+P0908+P1052+P1216+P1264+P1553+P2173+P2793+P3113+P3938,7,11,F002,F004,0.0,33.0,21.333333333333332,,0.9460377358490566,1.0,0.7860377358490566,0.5279245283018867,0.6722641509433962,0.9460377358490566,,,,,0.9460377358490566,improving_not_selected,2,0,2,0,0,103,False,4.900863800001389,
2,static_selected_distance,13,True,15,21,A01,A01|F008|3|P1310+P1334+P3410,A01|F011|12|P0174+P0284+P0293+P0535+P0707+P0823+P0923+P1529+P1571+P1718+P3108+P3175,3,12,F008,F011,0.0,33.0,22.0,,0.9460377358490566,0.6878741591535094,0.7754716981132075,0.42188679245283023,0.7460377358490566,0.9460377358490566,,,,,0.9460377358490566,improving_not_selected,4,0,4,0,0,113,False,4.901651599997422,
2,static_selected_distance,14,True,67,74,A02,A02|F032|14|P0099+P0379+P0390+P0422+P0546+P0616+P0618+P0738+P1254+P1300+P1681+P2097+P2351+P3385,A02|F035|5|P0115+P3360+P3552+P3652+P3844,14,5,F032,F035,0.0,35.0,17.333333333333332,,0.9369811320754717,1.0,0.8456603773584905,0.9864150943396226,0.7460377358490566,0.9369811320754717,,,,,0.9369811320754717,improving_not_selected,2,0,2,0,0,138,False,5.017632199997024,
2,static_selected_distance,15,True,17,29,A01,A01|F009|11|P0086+P0252+P0860+P1085+P1610+P1743+P1763+P1949+P2163+P3118+P3137,A01|F015|7|P0269+P0476+P0484+P0570+P0637+P1402+P3945,11,7,F009,F015,0.0,38.0,21.333333333333332,,0.9233962264150943,0.7749136210952401,0.7860377358490566,0.6003773584905661,0.5615094339622642,0.9233962264150943,,,,,0.9233962264150943,improving_not_selected,2,0,2,0,0,72,False,4.901941899996018,
2,static_selected_distance,16,True,49,74,A02,A02|F023|9|P0068+P0111+P0298+P0611+P0693+P1031+P1482+P2314+P2790,A02|F035|5|P0115+P3360+P3552+P3652+P3844,9,5,F023,F035,0.0,38.0,6.0,,0.9233962264150943,1.0,0.9762264150943396,0.9864150943396226,0.4941509433962264,0.9233962264150943,,,,,0.9233962264150943,accepted,4,0,4,0,0,158,True,4.902587500000664,5.467517899996892
2,static_selected_distance,17,True,52,54,A02,A02|F024|12|P0213+P0307+P0433+P0499+P0729+P1905+P2195+P2535+P2572+P3190+P3603+P3872,A02|F025|7|P1886+P2791+P3216+P3506+P3560+P3584+P3815,12,7,F024,F025,0.0,39.0,15.666666666666666,,0.919245283018868,0.8398196483967807,0.8758490566037735,0.6003773584905661,0.7460377358490566,0.919245283018868,,,,,0.919245283018868,improving_not_selected,2,0,2,0,0,98,False,4.902707399996871,
2,static_selected_distance,18,True,0,31,A01,A01|F001|4|P0036+P0918+P2537+P2942,A01|F016|9|P0275+P0423+P0482+P0613+P0647+P0950+P1114+P2472+P2898,4,9,F001,F016,0.0,41.0,35.0,,0.9109433962264151,0.9294506967326246,0.5739622641509434,0.3007547169811321,0.7460377358490566,0.9109433962264151,,,,,0.9109433962264151,improving_not_selected,4,0,4,0,0,99,False,4.900632199998654,
2,static_selected_distance,19,True,11,15,A01,A01|F006|16|P0042+P0044+P0089+P0113+P0151+P0158+P0186+P0240+P0244+P0267+P0393+P0718+P0863+P1394+P1611+P3271,A01|F008|3|P1310+P1334+P3410,16,3,F006,F008,0.0,41.0,16.333333333333332,,0.9109433962264151,0.8586958855927248,0.8626415094339622,0.7256603773584906,0.6722641509433962,0.9109433962264151,,,,,0.9109433962264151,improving_not_selected,2,0,2,0,0,112,False,4.90129490000254,
2,static_selected_distance,20,True,15,59,A01,A01|F008|3|P1310+P1334+P3410,A01|F028|12|P0241+P0272+P0289+P0320+P0490+P0559+P0600+P0634+P0700+P0953+P1113+P1179,3,12,F008,F028,0.0,41.0,7.333333333333333,,0.9109433962264151,0.6878741591535094,0.9667924528301887,0.9592452830188679,0.5615094339622642,0.9109433962264151,,,,,0.9109433962264151,improving_not_selected,4,0,4,0,0,115,False,4.901829499998712,
2,static_selected_distance,21,True,45,74,A02,A02|F021|13|P0008+P0124+P1195+P3158+P3305+P3313+P3406+P3544+P3734+P3749+P3809+P3877+P3895,A02|F035|5|P0115+P3360+P3552+P3652+P3844,13,5,F021,F035,0.0,41.0,40.333333333333336,,0.9109433962264151,0.7937898582911843,0.5094339622641509,0.35056603773584905,0.6722641509433962,0.9109433962264151,,,,,0.9109433962264151,improving_not_selected,2,0,2,0,0,117,False,4.902405399996496,
2,static_selected_distance,22,True,77,96,A03,A03|F036|8|P0401+P0709+P1087+P1650+P1817+P3698+P3755+P3770,A03|F046|1|P2863,8,1,F036,F046,0.0,41.0,11.0,,0.9109433962264151,0.5387908473615347,0.9373584905660377,0.9328301886792453,0.789622641509434,0.9109433962264151,,,,,0.9109433962264151,improving_not_selected,6,0,6,0,0,129,False,5.017844299996796,
2,static_selected_distance,23,True,0,23,A01,A01|F001|4|P0036+P0918+P2537+P2942,A01|F012|15|P0004+P0049+P0093+P0228+P0239+P0247+P0266+P0510+P0525+P0561+P0584+P0619+P2131+P2753+P3211,4,15,F001,F012,0.0,42.0,5.333333333333333,,0.9064150943396226,0.8509166882080255,0.9815094339622642,0.9328301886792453,0.5615094339622642,0.9064150943396226,,,,,0.9064150943396226,improving_not_selected,2,2,0,0,0,122,False,4.900386299996171,
2,static_selected_distance,24,True,65,74,A02,A02|F031|13|P0188+P0221+P0470+P0845+P1206+P1443+P1467+P1512+P1534+P1772+P1859+P2248+P3041,A02|F035|5|P0115+P3360+P3552+P3652+P3844,13,5,F031,F035,0.0,42.0,19.333333333333332,,0.9064150943396226,1.0,0.8166037735849057,0.659622641509434,0.789622641509434,0.9064150943396226,,,,,0.9064150943396226,improving_not_selected,2,2,0,0,0,126,False,5.017467099998612,
2,static_selected_distance,25,True,82,96,A03,A03|F039|15|P0097+P0714+P0855+P1236+P1407+P1474+P1488+P1559+P1725+P1936+P1969+P2159+P2166+P3048+P3576,A03|F046|1|P2863,15,1,F039,F046,0.0,45.0,5.666666666666667,,0.8935849056603774,0.8643391615585597,0.9792452830188679,0.9592452830188679,0.789622641509434,0.8935849056603774,,,,,0.8935849056603774,improving_not_selected,4,4,0,0,0,116,False,5.195547399998759,
2,static_selected_distance,26,False,29,31,A01,A01|F015|7|P0269+P0476+P0484+P0570+P0637+P1402+P3945,A01|F016|9|P0275+P0423+P0482+P0613+P0647+P0950+P1114+P2472+P2898,7,9,F015,F016,0.0,48.0,16.666666666666668,,0.8833962264150943,0.7058224433035845,0.8573584905660377,0.659622641509434,0.7460377358490566,0.8833962264150943,,,,,0.8833962264150943,budget_not_selected,0,0,0,0,0,,False,,
2,static_selected_distance,27,False,62,74,A02,A02|F029|12|P0226+P1827+P1956+P2101+P2590+P2617+P2683+P2796+P2810+P3402+P3626+P3741,A02|F035|5|P0115+P3360+P3552+P3652+P3844,12,5,F029,F035,0.0,49.0,44.333333333333336,,0.8781132075471698,0.633609506687965,0.45358490566037735,0.3007547169811321,0.13999999999999996,0.8781132075471698,,,,,0.8781132075471698,budget_not_selected,0,0,0,0,0,,False,,
2,static_selected_distance,28,False,0,9,A01,A01|F001|4|P0036+P0918+P2537+P2942,A01|F005|11|P0177+P0622+P0879+P0978+P1006+P1078+P1307+P1710+P1910+P3403+P3882,4,11,F001,F005,0.0,50.0,22.333333333333332,,0.8735849056603774,0.8509166882080255,0.7709433962264151,0.7766037735849056,0.5615094339622642,0.8735849056603774,,,,,0.8735849056603774,budget_not_selected,0,0,0,0,0,,False,,
2,static_selected_distance,29,False,96,98,A03,A03|F046|1|P2863,A03|F048|16|P0255+P1217+P1261+P1569+P1604+P1761+P1870+P2022+P2105+P2156+P2369+P2395+P2743+P2914+P3267+P3471,1,16,F046,F048,0.0,50.0,27.666666666666668,,0.8735849056603774,0.7141797589233189,0.6890566037735849,0.35056603773584905,0.7460377358490566,0.8735849056603774,,,,,0.8735849056603774,budget_not_selected,0,0,0,0,0,,False,,
2,static_selected_distance,30,False,96,99,A03,A03|F046|1|P2863,A03|F048|16|P2396+P2419+P2481+P2604+P2619+P2692+P2712+P2776+P2858+P3027+P3589+P3599+P3699+P3885+P3903+P3966,1,16,F046,F048,0.0,50.0,27.666666666666668,,0.8735849056603774,0.7141797589233189,0.6890566037735849,0.35056603773584905,0.7460377358490566,0.8735849056603774,,,,,0.8735849056603774,budget_not_selected,0,0,0,0,0,,False,,
2,static_selected_distance,31,False,7,15,A01,A01|F004|11|P0146+P0632+P0908+P1052+P1216+P1264+P1553+P2173+P2793+P3113+P3938,A01|F008|3|P1310+P1334+P3410,11,3,F004,F008,0.0,52.0,21.666666666666668,,0.8656603773584906,0.8586958855927248,0.780377358490566,0.6003773584905661,0.27433962264150946,0.8656603773584906,,,,,0.8656603773584906,budget_not_selected,0,0,0,0,0,,False,,
2,static_selected_distance,32,False,8,15,A01,A01|F004|16|P2183+P2362+P2487+P2551+P2669+P2716+P3039+P3053+P3119+P3159+P3243+P3375+P3585+P3598+P3761+P3906,A01|F008|3|P1310+P1334+P3410,16,3,F004,F008,0.0,52.0,21.666666666666668,,0.8656603773584906,0.8586958855927248,0.780377358490566,0.6003773584905661,0.27433962264150946,0.8656603773584906,,,,,0.8656603773584906,budget_not_selected,0,0,0,0,0,,False,,
2,static_selected_distance,33,False,29,33,A01,A01|F015|7|P0269+P0476+P0484+P0570+P0637+P1402+P3945,A01|F017|11|P0137+P0418+P0598+P1079+P1380+P1493+P1521+P1745+P2207+P2309+P2999,7,11,F015,F017,0.0,53.0,43.0,,0.860754716981132,0.854905755095559,0.4732075471698113,0.659622641509434,0.5615094339622642,0.860754716981132,,,,,0.860754716981132,budget_not_selected,0,0,0,0,0,,False,,
2,static_selected_distance,34,False,13,15,A01,A01|F007|9|P0057+P0480+P0652+P0685+P0786+P0812+P1703+P1838+P2738,A01|F008|3|P1310+P1334+P3410,9,3,F007,F008,0.0,54.0,14.333333333333334,,0.8573584905660377,0.8586958855927248,0.8943396226415095,0.9592452830188679,0.5615094339622642,0.8573584905660377,,,,,0.8573584905660377,budget_not_selected,0,0,0,0,0,,False,,
2,static_selected_distance,35,False,3,19,A01,A01|F002|7|P1754+P1771+P2409+P2625+P2819+P3592+P3961,A01|F010|12|P0028+P0077+P0375+P0395+P0583+P0631+P0642+P0835+P1907+P2840+P3644+P3775,7,12,F002,F010,0.0,56.0,3.3333333333333335,,0.8483018867924528,0.9294506967326246,0.9947169811320755,0.9328301886792453,0.5615094339622642,0.8483018867924528,,,,,0.8483018867924528,budget_not_selected,0,0,0,0,0,,False,,
2,static_selected_distance,36,False,52,74,A02,A02|F024|12|P0213+P0307+P0433+P0499+P0729+P1905+P2195+P2535+P2572+P3190+P3603+P3872,A02|F035|5|P0115+P3360+P3552+P3652+P3844,12,5,F024,F035,0.0,57.0,41.333333333333336,,0.8418867924528302,0.633609506687965,0.49547169811320757,0.20226415094339623,0.789622641509434,0.8418867924528302,,,,,0.8418867924528302,budget_not_selected,0,0,0,0,0,,False,,
2,static_selected_distance,37,False,54,74,A02,A02|F025|7|P1886+P2791+P3216+P3506+P3560+P3584+P3815,A02|F035|5|P0115+P3360+P3552+P3652+P3844,7,5,F025,F035,0.0,57.0,57.0,,0.8418867924528302,0.7937898582911843,0.33698113207547165,0.3007547169811321,0.789622641509434,0.8418867924528302,,,,,0.8418867924528302,budget_not_selected,0,0,0,0,0,,False,,
2,static_selected_distance,38,False,15,17,A01,A01|F008|3|P1310+P1334+P3410,A01|F009|11|P0086+P0252+P0860+P1085+P1610+P1743+P1763+P1949+P2163+P3118+P3137,3,11,F008,F009,0.0,59.0,56.333333333333336,,0.8320754716981132,0.6173248558861338,0.3426415094339622,0.16150943396226414,0.27433962264150946,0.8320754716981132,,,,,0.8320754716981132,budget_not_selected,0,0,0,0,0,,False,,
2,static_selected_distance,39,False,15,18,A01,A01|F008|3|P1310+P1334+P3410,A01|F009|16|P2295+P2415+P2720+P2794+P2805+P2859+P2982+P2991+P3006+P3280+P3464+P3478+P3613+P3725+P3807+P3880,3,16,F008,F009,0.0,59.0,56.333333333333336,,0.8320754716981132,0.6173248558861338,0.3426415094339622,0.16150943396226414,0.27433962264150946,0.8320754716981132,,,,,0.8320754716981132,budget_not_selected,0,0,0,0,0,,False,,
2,static_selected_distance,40,False,15,30,A01,A01|F008|3|P1310+P1334+P3410,A01|F015|16|P0409+P0513+P0605+P0969+P0998+P1080+P1364+P1506+P1774+P1782+P2091+P3098+P3234+P3836+P3939+P3985,3,16,F008,F015,0.0,64.0,35.0,,0.8181132075471698,0.3922384769813739,0.5739622641509434,0.459622641509434,0.13999999999999996,0.8181132075471698,,,,,0.8181132075471698,budget_not_selected,0,0,0,0,0,,False,,
2,static_selected_distance,41,False,15,29,A01,A01|F008|3|P1310+P1334+P3410,A01|F015|7|P0269+P0476+P0484+P0570+P0637+P1402+P3945,3,7,F008,F015,0.0,64.0,35.0,,0.8181132075471698,0.3922384769813739,0.5739622641509434,0.459622641509434,0.13999999999999996,0.8181132075471698,,,,,0.8181132075471698,budget_not_selected,0,0,0,0,0,,False,,
2,static_selected_distance,42,False,39,54,A02,A02|F019|12|P0059+P0542+P0957+P1677+P2598+P2822+P3044+P3288+P3409+P3524+P3711+P3982,A02|F025|7|P1886+P2791+P3216+P3506+P3560+P3584+P3815,12,7,F019,F025,0.0,66.0,13.0,,0.8094339622641509,0.21419484696603946,0.9166037735849056,0.8784905660377358,0.5615094339622642,0.8094339622641509,,,,,0.8094339622641509,budget_not_selected,0,0,0,0,0,,False,,
2,static_selected_distance,43,False,84,86,A03,A03|F040|11|P0140+P0367+P0868+P0880+P1004+P1567+P1598+P1705+P1715+P1750+P2374,A03|F041|5|P0227+P0326+P0368+P1137+P2262,11,5,F040,F041,0.0,66.0,64.66666666666667,,0.8094339622641509,0.3196975792334435,0.2909433962264151,0.9328301886792453,0.7460377358490566,0.8094339622641509,,,,,0.8094339622641509,budget_not_selected,0,0,0,0,0,,False,,
2,static_selected_distance,44,False,0,61,A01,A01|F001|4|P0036+P0918+P2537+P2942,A01|F029|12|P0159+P0299+P0306+P0449+P0962+P0987+P1077+P1226+P1276+P1738+P1878+P1919,4,12,F001,F029,0.0,67.0,17.666666666666668,,0.8026415094339623,0.23871436012781846,0.8377358490566038,0.7766037735849056,0.4420754716981132,0.8026415094339623,,,,,0.8026415094339623,budget_not_selected,0,0,0,0,0,,False,,
2,static_selected_distance,45,False,80,96,A03,A03|F038|15|P0238+P0338+P0385+P0399+P0573+P0655+P0721+P0820+P0993+P1913+P2047+P2154+P2544+P2912+P3674,A03|F046|1|P2863,15,1,F038,F046,0.0,67.0,39.0,,0.8026415094339623,0.6436304556559435,0.5256603773584906,0.3886792452830189,0.7460377358490566,0.8026415094339623,,,,,0.8026415094339623,budget_not_selected,0,0,0,0,0,,False,,
2,static_selected_distance,46,False,81,96,A03,A03|F038|16|P1135+P1278+P1562+P1612+P1766+P1858+P2611+P2643+P2674+P2901+P3004+P3126+P3225+P3610+P3612+P3955,A03|F046|1|P2863,16,1,F038,F046,0.0,67.0,39.0,,0.8026415094339623,0.6436304556559435,0.5256603773584906,0.3886792452830189,0.7460377358490566,0.8026415094339623,,,,,0.8026415094339623,budget_not_selected,0,0,0,0,0,,False,,
2,static_selected_distance,47,False,0,33,A01,A01|F001|4|P0036+P0918+P2537+P2942,A01|F017|11|P0137+P0418+P0598+P1079+P1380+P1493+P1521+P1745+P2207+P2309+P2999,4,11,F001,F017,0.0,70.0,61.333333333333336,,0.7943396226415094,0.8509166882080255,0.3109433962264151,0.3007547169811321,0.5615094339622642,0.7943396226415094,,,,,0.7943396226415094,budget_not_selected,0,0,0,0,0,,False,,
2,static_selected_distance,48,False,49,54,A02,A02|F023|9|P0068+P0111+P0298+P0611+P0693+P1031+P1482+P2314+P2790,A02|F025|7|P1886+P2791+P3216+P3506+P3560+P3584+P3815,9,7,F023,F025,0.0,70.0,63.0,,0.7943396226415094,0.7937898582911843,0.2988679245283019,0.3007547169811321,0.789622641509434,0.7943396226415094,,,,,0.7943396226415094,budget_not_selected,0,0,0,0,0,,False,,
2,static_selected_distance,49,False,0,29,A01,A01|F001|4|P0036+P0918+P2537+P2942,A01|F015|7|P0269+P0476+P0484+P0570+P0637+P1402+P3945,4,7,F001,F015,0.0,73.0,18.333333333333332,,0.7845283018867925,0.7058224433035845,0.8283018867924529,0.7766037735849056,0.23188679245283017,0.7845283018867925,,,,,0.7845283018867925,budget_not_selected,0,0,0,0,0,,False,,
2,static_selected_distance,50,False,3,15,A01,A01|F002|7|P1754+P1771+P2409+P2625+P2819+P3592+P3961,A01|F008|3|P1310+P1334+P3410,7,3,F002,F008,0.0,75.0,2.3333333333333335,,0.7762264150943397,0.8586958855927248,0.999245283018868,0.9592452830188679,0.7460377358490566,0.7762264150943397,,,,,0.7762264150943397,budget_not_selected,0,0,0,0,0,,False,,
2,static_selected_distance,51,False,15,27,A01,A01|F008|3|P1310+P1334+P3410,A01|F014|12|P0061+P0303+P0849+P1095+P1163+P1235+P1805+P1853+P1902+P2120+P2969+P3614,3,12,F008,F014,0.0,76.0,61.666666666666664,,0.7713207547169811,0.3922384769813739,0.30679245283018863,0.12943396226415094,0.5615094339622642,0.7713207547169811,,,,,0.7713207547169811,budget_not_selected,0,0,0,0,0,,False,,
2,static_selected_distance,52,False,15,28,A01,A01|F008|3|P1310+P1334+P3410,A01|F014|16|P2127+P2447+P2512+P2561+P2767+P2844+P2908+P2953+P3160+P3475+P3554+P3634+P3651+P3808+P3973+P3994,3,16,F008,F014,0.0,76.0,61.666666666666664,,0.7713207547169811,0.3922384769813739,0.30679245283018863,0.12943396226415094,0.5615094339622642,0.7713207547169811,,,,,0.7713207547169811,budget_not_selected,0,0,0,0,0,,False,,
2,static_selected_distance,53,False,19,29,A01,A01|F010|12|P0028+P0077+P0375+P0395+P0583+P0631+P0642+P0835+P1907+P2840+P3644+P3775,A01|F015|7|P0269+P0476+P0484+P0570+P0637+P1402+P3945,12,7,F010,F015,0.0,77.0,31.333333333333332,,0.7686792452830189,0.32148366584147414,0.630943396226415,0.5279245283018867,0.4420754716981132,0.7686792452830189,,,,,0.7686792452830189,budget_not_selected,0,0,0,0,0,,False,,
2,static_selected_distance,54,False,54,70,A02,A02|F025|7|P1886+P2791+P3216+P3506+P3560+P3584+P3815,A02|F033|12|P0660+P0761+P1198+P1462+P2397+P2940+P3002+P3303+P3352+P3542+P3649+P3929,7,12,F025,F033,0.0,80.0,36.333333333333336,,0.7588679245283019,0.21419484696603946,0.5573584905660378,0.7766037735849056,0.5615094339622642,0.7588679245283019,,,,,0.7588679245283019,budget_not_selected,0,0,0,0,0,,False,,
2,static_selected_distance,55,False,70,74,A02,A02|F033|12|P0660+P0761+P1198+P1462+P2397+P2940+P3002+P3303+P3352+P3542+P3649+P3929,A02|F035|5|P0115+P3360+P3552+P3652+P3844,12,5,F033,F035,0.0,80.0,20.666666666666668,,0.7588679245283019,0.07853400852459914,0.7973584905660378,0.659622641509434,0.6722641509433962,0.7588679245283019,,,,,0.7588679245283019,budget_not_selected,0,0,0,0,0,,False,,
2,static_selected_distance,56,False,15,25,A01,A01|F008|3|P1310+P1334+P3410,A01|F013|15|P0229+P0417+P0419+P0453+P0648+P0672+P0785+P0870+P0912+P1139+P1153+P2464+P3092+P3150+P3176,3,15,F008,F013,0.0,81.0,60.333333333333336,,0.7532075471698113,0.8586958855927248,0.3162264150943396,0.7766037735849056,0.16943396226415092,0.7532075471698113,,,,,0.7532075471698113,budget_not_selected,0,0,0,0,0,,False,,
2,static_selected_distance,57,False,15,26,A01,A01|F008|3|P1310+P1334+P3410,A01|F013|16|P1296+P1897+P1992+P2044+P2061+P2343+P2463+P2807+P3202+P3277+P3466+P3572+P3676+P3797+P3849+P3925,3,16,F008,F013,0.0,81.0,60.333333333333336,,0.7532075471698113,0.8586958855927248,0.3162264150943396,0.7766037735849056,0.16943396226415092,0.7532075471698113,,,,,0.7532075471698113,budget_not_selected,0,0,0,0,0,,False,,
2,static_selected_distance,58,False,96,103,A03,A03|F046|1|P2863,A03|F051|16|P0102+P0184+P0349+P0446+P0462+P0502+P0530+P0541+P0797+P0856+P0904+P0997+P1081+P1684+P1723+P3708,1,16,F046,F051,0.0,82.0,55.666666666666664,,0.7483018867924529,0.5644333231583492,0.3479245283018868,0.35056603773584905,0.5169811320754717,0.7483018867924529,,,,,0.7483018867924529,budget_not_selected,0,0,0,0,0,,False,,
2,static_selected_distance,59,False,96,104,A03,A03|F046|1|P2863,A03|F051|17|P1926+P1962+P2059+P2217+P2218+P2228+P2558+P2562+P2726+P2847+P2930+P2945+P3082+P3167+P3184+P3253+P3947,1,17,F046,F051,0.0,82.0,55.666666666666664,,0.7483018867924529,0.5644333231583492,0.3479245283018868,0.35056603773584905,0.5169811320754717,0.7483018867924529,,,,,0.7483018867924529,budget_not_selected,0,0,0,0,0,,False,,
2,static_selected_distance,60,False,39,74,A02,A02|F019|12|P0059+P0542+P0957+P1677+P2598+P2822+P3044+P3288+P3409+P3524+P3711+P3982,A02|F035|5|P0115+P3360+P3552+P3652+P3844,12,5,F019,F035,0.0,83.0,44.0,,0.7433962264150944,0.07853400852459914,0.459622641509434,0.5279245283018867,0.35132075471698115,0.7433962264150944,,,,,0.7433962264150944,budget_not_selected,0,0,0,0,0,,False,,
2,static_selected_distance,61,False,0,27,A01,A01|F001|4|P0036+P0918+P2537+P2942,A01|F014|12|P0061+P0303+P0849+P1095+P1163+P1235+P1805+P1853+P1902+P2120+P2969+P3614,4,12,F001,F014,0.0,85.0,45.0,,0.7366037735849056,0.7058224433035845,0.4479245283018868,0.3007547169811321,0.4420754716981132,0.7366037735849056,,,,,0.7366037735849056,budget_not_selected,0,0,0,0,0,,False,,
2,static_selected_distance,62,False,9,15,A01,A01|F005|11|P0177+P0622+P0879+P0978+P1006+P1078+P1307+P1710+P1910+P3403+P3882,A01|F008|3|P1310+P1334+P3410,11,3,F005,F008,0.0,88.0,39.0,,0.7271698113207548,0.32148366584147414,0.5256603773584906,0.459622641509434,0.27433962264150946,0.7271698113207548,,,,,0.7271698113207548,budget_not_selected,0,0,0,0,0,,False,,
2,static_selected_distance,63,False,10,15,A01,A01|F005|16|P1933+P2027+P2062+P2096+P2165+P2202+P2334+P2540+P2661+P2725+P3074+P3363+P3624+P3706+P3814+P3917,A01|F008|3|P1310+P1334+P3410,16,3,F005,F008,0.0,88.0,39.0,,0.7271698113207548,0.32148366584147414,0.5256603773584906,0.459622641509434,0.27433962264150946,0.7271698113207548,,,,,0.7271698113207548,budget_not_selected,0,0,0,0,0,,False,,
2,static_selected_distance,64,False,78,86,A03,A03|F037|12|P0199+P0260+P0330+P0911+P0980+P1009+P1042+P1221+P1477+P1484+P2048+P2956,A03|F041|5|P0227+P0326+P0368+P1137+P2262,12,5,F037,F041,0.0,88.0,84.33333333333333,,0.7271698113207548,0.3196975792334435,0.20490566037735847,0.8350943396226416,0.27433962264150946,0.7271698113207548,,,,,0.7271698113207548,budget_not_selected,0,0,0,0,0,,False,,
2,static_selected_distance,65,False,15,23,A01,A01|F008|3|P1310+P1334+P3410,A01|F012|15|P0004+P0049+P0093+P0228+P0239+P0247+P0266+P0510+P0525+P0561+P0584+P0619+P2131+P2753+P3211,3,15,F008,F012,0.0,89.0,21.333333333333332,,0.7218867924528302,0.32148366584147414,0.7860377358490566,0.7256603773584906,0.6722641509433962,0.7218867924528302,,,,,0.7218867924528302,budget_not_selected,0,0,0,0,0,,False,,
2,static_selected_distance,66,False,15,63,A01,A01|F008|3|P1310+P1334+P3410,A01|F030|16|P0169+P0332+P0347+P0357+P0479+P0562+P0661+P1007+P1086+P1200+P1324+P1376+P1739+P1804+P2026+P2086,3,16,F008,F030,0.0,89.0,69.33333333333333,,0.7218867924528302,0.32148366584147414,0.26113207547169814,0.12943396226415094,0.7460377358490566,0.7218867924528302,,,,,0.7218867924528302,budget_not_selected,0,0,0,0,0,,False,,
2,static_selected_distance,67,False,0,59,A01,A01|F001|4|P0036+P0918+P2537+P2942,A01|F028|12|P0241+P0272+P0289+P0320+P0490+P0559+P0600+P0634+P0700+P0953+P1113+P1179,4,12,F001,F028,0.0,91.0,10.666666666666666,,0.7143396226415094,0.4807360643988245,0.940377358490566,0.7766037735849056,0.4420754716981132,0.7143396226415094,,,,,0.7143396226415094,budget_not_selected,0,0,0,0,0,,False,,
2,static_selected_distance,68,False,93,96,A03,A03|F045|16|P0365+P0430+P0568+P0673+P0741+P0776+P0781+P0801+P0805+P0826+P0829+P1640+P1785+P1803+P2939+P3969,A03|F046|1|P2863,16,1,F045,F046,0.0,92.0,41.0,,0.7109433962264151,0.5644333231583492,0.4996226415094339,0.35056603773584905,0.7460377358490566,0.7109433962264151,,,,,0.7109433962264151,budget_not_selected,0,0,0,0,0,,False,,
2,static_selected_distance,69,False,86,101,A03,A03|F041|5|P0227+P0326+P0368+P1137+P2262,A03|F049|14|P1520+P2198+P2832+P2893+P2922+P3149+P3191+P3205+P3276+P3416+P3452+P3703+P3771+P3868,5,14,F041,F049,0.0,94.0,48.666666666666664,,0.7060377358490566,0.5644333231583492,0.40981132075471693,0.7256603773584906,0.789622641509434,0.7060377358490566,,,,,0.7060377358490566,budget_not_selected,0,0,0,0,0,,False,,
2,static_selected_distance,70,False,7,29,A01,A01|F004|11|P0146+P0632+P0908+P1052+P1216+P1264+P1553+P2173+P2793+P3113+P3938,A01|F015|7|P0269+P0476+P0484+P0570+P0637+P1402+P3945,11,7,F004,F015,0.0,95.0,13.333333333333334,,0.7026415094339622,0.32148366584147414,0.9116981132075471,0.9328301886792453,0.5615094339622642,0.7026415094339622,,,,,0.7026415094339622,budget_not_selected,0,0,0,0,0,,False,,
2,static_selected_distance,71,False,48,74,A02,A02|F022|14|P2597+P2711+P2809+P3042+P3079+P3083+P3345+P3509+P3532+P3602+P3623+P3751+P3782+P3996,A02|F035|5|P0115+P3360+P3552+P3652+P3844,14,5,F022,F035,0.0,97.0,52.0,,0.689811320754717,0.07853400852459914,0.37056603773584906,0.16150943396226414,0.7460377358490566,0.689811320754717,,,,,0.689811320754717,budget_not_selected,0,0,0,0,0,,False,,
2,static_selected_distance,72,False,3,21,A01,A01|F002|7|P1754+P1771+P2409+P2625+P2819+P3592+P3961,A01|F011|12|P0174+P0284+P0293+P0535+P0707+P0823+P0923+P1529+P1571+P1718+P3108+P3175,7,12,F002,F011,0.0,99.0,21.666666666666668,,0.6826415094339623,0.546570044746234,0.780377358490566,0.3886792452830189,0.7460377358490566,0.6826415094339623,,,,,0.6826415094339623,budget_not_selected,0,0,0,0,0,,False,,
2,static_selected_distance,73,False,3,17,A01,A01|F002|7|P1754+P1771+P2409+P2625+P2819+P3592+P3961,A01|F009|11|P0086+P0252+P0860+P1085+P1610+P1743+P1763+P1949+P2163+P3118+P3137,7,11,F002,F009,0.0,100.0,56.0,,0.6799999999999999,0.546570044746234,0.3460377358490566,0.12943396226415094,0.6722641509433962,0.6799999999999999,,,,,0.6799999999999999,budget_not_selected,0,0,0,0,0,,False,,
2,static_selected_distance,74,False,0,21,A01,A01|F001|4|P0036+P0918+P2537+P2942,A01|F011|12|P0174+P0284+P0293+P0535+P0707+P0823+P0923+P1529+P1571+P1718+P3108+P3175,4,12,F001,F011,0.0,101.0,10.0,,0.6777358490566038,0.4807360643988245,0.9471698113207547,0.7256603773584906,0.6722641509433962,0.6777358490566038,,,,,0.6777358490566038,budget_not_selected,0,0,0,0,0,,False,,
2,static_selected_distance,75,False,0,17,A01,A01|F001|4|P0036+P0918+P2537+P2942,A01|F009|11|P0086+P0252+P0860+P1085+P1610+P1743+P1763+P1949+P2163+P3118+P3137,4,11,F001,F009,0.0,107.0,39.666666666666664,,0.6603773584905661,0.4807360643988245,0.5181132075471698,0.2516981132075472,0.5615094339622642,0.6603773584905661,,,,,0.6603773584905661,budget_not_selected,0,0,0,0,0,,False,,
2,static_selected_distance,76,False,87,96,A03,A03|F041|16|P0377+P0519+P0657+P0794+P1479+P1556+P1742+P1850+P1978+P2178+P2650+P2871+P2966+P3089+P3423+P3954,A03|F046|1|P2863,16,1,F041,F046,0.0,110.0,60.0,,0.6520754716981132,0.5644333231583492,0.31849056603773584,0.2516981132075472,0.4852830188679245,0.6520754716981132,,,,,0.6520754716981132,budget_not_selected,0,0,0,0,0,,False,,
2,static_selected_distance,77,False,86,96,A03,A03|F041|5|P0227+P0326+P0368+P1137+P2262,A03|F046|1|P2863,5,1,F041,F046,0.0,110.0,60.0,,0.6520754716981132,0.5644333231583492,0.31849056603773584,0.2516981132075472,0.4852830188679245,0.6520754716981132,,,,,0.6520754716981132,budget_not_selected,0,0,0,0,0,,False,,
2,static_selected_distance,78,False,15,32,A01,A01|F008|3|P1310+P1334+P3410,A01|F016|16|P1347+P1537+P1579+P1582+P1680+P1697+P2185+P2192+P2227+P2731+P2736+P3170+P3192+P3316+P3356+P3427,3,16,F008,F016,0.0,112.0,51.666666666666664,,0.6449056603773584,0.242949657316875,0.37584905660377355,0.12943396226415094,0.789622641509434,0.6449056603773584,,,,,0.6449056603773584,budget_not_selected,0,0,0,0,0,,False,,
2,static_selected_distance,79,False,15,31,A01,A01|F008|3|P1310+P1334+P3410,A01|F016|9|P0275+P0423+P0482+P0613+P0647+P0950+P1114+P2472+P2898,3,9,F008,F016,0.0,112.0,51.666666666666664,,0.6449056603773584,0.242949657316875,0.37584905660377355,0.12943396226415094,0.789622641509434,0.6449056603773584,,,,,0.6449056603773584,budget_not_selected,0,0,0,0,0,,False,,
2,static_selected_distance,80,False,15,33,A01,A01|F008|3|P1310+P1334+P3410,A01|F017|11|P0137+P0418+P0598+P1079+P1380+P1493+P1521+P1745+P2207+P2309+P2999,3,11,F008,F017,0.0,112.0,78.0,,0.6449056603773584,0.32148366584147414,0.22867924528301886,0.12943396226415094,0.27433962264150946,0.6449056603773584,,,,,0.6449056603773584,budget_not_selected,0,0,0,0,0,,False,,
2,static_selected_distance,81,False,15,34,A01,A01|F008|3|P1310+P1334+P3410,A01|F017|16|P2043+P2137+P2139+P2152+P2229+P2499+P2682+P2789+P2825+P2836+P3112+P3240+P3279+P3310+P3655+P3684,3,16,F008,F017,0.0,112.0,78.0,,0.6449056603773584,0.32148366584147414,0.22867924528301886,0.12943396226415094,0.27433962264150946,0.6449056603773584,,,,,0.6449056603773584,budget_not_selected,0,0,0,0,0,,False,,
2,static_selected_distance,82,False,56,74,A02,A02|F026|14|P0230+P0574+P2408+P2710+P2867+P2971+P3013+P3174+P3320+P3582+P3658+P3694+P3862+P3914,A02|F035|5|P0115+P3360+P3552+P3652+P3844,14,5,F026,F035,0.0,112.0,39.0,,0.6449056603773584,0.07853400852459914,0.5256603773584906,0.5279245283018867,0.789622641509434,0.6449056603773584,,,,,0.6449056603773584,budget_not_selected,0,0,0,0,0,,False,,
2,static_selected_distance,83,False,13,29,A01,A01|F007|9|P0057+P0480+P0652+P0685+P0786+P0812+P1703+P1838+P2738,A01|F015|7|P0269+P0476+P0484+P0570+P0637+P1402+P3945,9,7,F007,F015,0.0,113.0,49.333333333333336,,0.6407547169811321,0.32148366584147414,0.40113207547169816,0.5279245283018867,0.4420754716981132,0.6407547169811321,,,,,0.6407547169811321,budget_not_selected,0,0,0,0,0,,False,,
2,static_selected_distance,84,False,3,59,A01,A01|F002|7|P1754+P1771+P2409+P2625+P2819+P3592+P3961,A01|F028|12|P0241+P0272+P0289+P0320+P0490+P0559+P0600+P0634+P0700+P0953+P1113+P1179,7,12,F002,F028,0.0,114.0,7.0,,0.6373584905660377,0.546570044746234,0.9694339622641509,0.9328301886792453,0.5615094339622642,0.6373584905660377,,,,,0.6373584905660377,budget_not_selected,0,0,0,0,0,,False,,
2,static_selected_distance,85,False,42,74,A02,A02|F020|14|P0635+P2429+P3026+P3060+P3093+P3278+P3341+P3483+P3633+P3727+P3822+P3848+P3937+P3998,A02|F035|5|P0115+P3360+P3552+P3652+P3844,14,5,F020,F035,0.0,114.0,74.33333333333333,,0.6373584905660377,0.07853400852459914,0.23886792452830186,0.07509433962264156,0.7460377358490566,0.6373584905660377,,,,,0.6373584905660377,budget_not_selected,0,0,0,0,0,,False,,
2,static_selected_distance,86,False,89,96,A03,A03|F043|14|P0095+P0132+P0520+P0588+P0601+P0778+P0848+P0965+P1050+P1171+P1294+P2636+P3023+P3270,A03|F046|1|P2863,14,1,F043,F046,0.0,117.0,83.0,,0.6245283018867924,0.48345010405272415,0.21132075471698109,0.2516981132075472,0.789622641509434,0.6245283018867924,,,,,0.6245283018867924,budget_not_selected,0,0,0,0,0,,False,,
2,static_selected_distance,87,False,90,96,A03,A03|F043|16|P1316+P1327+P1450+P1615+P1855+P1948+P2206+P2442+P2477+P2648+P2766+P3094+P3459+P3510+P3774+P3793,A03|F046|1|P2863,16,1,F043,F046,0.0,117.0,83.0,,0.6245283018867924,0.48345010405272415,0.21132075471698109,0.2516981132075472,0.789622641509434,0.6245283018867924,,,,,0.6245283018867924,budget_not_selected,0,0,0,0,0,,False,,
2,static_selected_distance,88,False,3,27,A01,A01|F002|7|P1754+P1771+P2409+P2625+P2819+P3592+P3961,A01|F014|12|P0061+P0303+P0849+P1095+P1163+P1235+P1805+P1853+P1902+P2120+P2969+P3614,7,12,F002,F014,0.0,124.0,61.333333333333336,,0.6052830188679246,0.32148366584147414,0.3109433962264151,0.10528301886792457,0.5615094339622642,0.6052830188679246,,,,,0.6052830188679246,budget_not_selected,0,0,0,0,0,,False,,
2,static_selected_distance,89,False,3,29,A01,A01|F002|7|P1754+P1771+P2409+P2625+P2819+P3592+P3961,A01|F015|7|P0269+P0476+P0484+P0570+P0637+P1402+P3945,7,7,F002,F015,0.0,127.0,34.666666666666664,,0.5966037735849057,0.32148366584147414,0.5800000000000001,0.42188679245283023,0.6722641509433962,0.5966037735849057,,,,,0.5966037735849057,budget_not_selected,0,0,0,0,0,,False,,
2,static_selected_distance,90,False,29,61,A01,A01|F015|7|P0269+P0476+P0484+P0570+P0637+P1402+P3945,A01|F029|12|P0159+P0299+P0306+P0449+P0962+P0987+P1077+P1226+P1276+P1738+P1878+P1919,7,12,F015,F029,0.0,128.0,13.333333333333334,,0.5932075471698113,0.16018035160321933,0.9116981132075471,0.659622641509434,0.4420754716981132,0.5932075471698113,,,,,0.5932075471698113,budget_not_selected,0,0,0,0,0,,False,,
2,static_selected_distance,91,False,54,64,A02,A02|F025|7|P1886+P2791+P3216+P3506+P3560+P3584+P3815,A02|F030|10|P0448+P2098+P2453+P3096+P3117+P3531+P3615+P3686+P3799+P3847,7,10,F025,F030,0.0,128.0,22.333333333333332,,0.5932075471698113,0.0,0.7709433962264151,0.659622641509434,0.7460377358490566,0.5932075471698113,,,,,0.5932075471698113,budget_not_selected,0,0,0,0,0,,False,,
2,static_selected_distance,92,False,15,40,A01,A01|F008|3|P1310+P1334+P3410,A01|F020|16|P0249+P0350+P0421+P0436+P0440+P0458+P0492+P0612+P1119+P1120+P1315+P1329+P1333+P1343+P1358+P1365,3,16,F008,F020,0.0,130.0,64.33333333333333,,0.5864150943396227,0.242949657316875,0.2924528301886793,0.12943396226415094,0.6722641509433962,0.5864150943396227,,,,,0.5864150943396227,budget_not_selected,0,0,0,0,0,,False,,
2,static_selected_distance,93,False,15,41,A01,A01|F008|3|P1310+P1334+P3410,A01|F020|16|P1453+P1671+P1699+P1713+P1790+P1794+P1857+P2034+P2057+P2216+P2287+P2469+P2543+P2657+P2722+P2831,3,16,F008,F020,0.0,130.0,64.33333333333333,,0.5864150943396227,0.242949657316875,0.2924528301886793,0.12943396226415094,0.6722641509433962,0.5864150943396227,,,,,0.5864150943396227,budget_not_selected,0,0,0,0,0,,False,,
2,static_selected_distance,94,False,0,15,A01,A01|F001|4|P0036+P0918+P2537+P2942,A01|F008|3|P1310+P1334+P3410,4,3,F001,F008,0.0,131.0,16.666666666666668,,0.580754716981132,0.242949657316875,0.8573584905660377,0.8350943396226416,0.6722641509433962,0.580754716981132,,,,,0.580754716981132,budget_not_selected,0,0,0,0,0,,False,,
2,static_selected_distance,95,False,15,46,A01,A01|F008|3|P1310+P1334+P3410,A01|F022|16|P0002+P0055+P0058+P0126+P0214+P0268+P0460+P0750+P0782+P0800+P0909+P0992+P1141+P1151+P1188+P1463,3,16,F008,F022,0.0,134.0,42.0,,0.570566037735849,0.242949657316875,0.4883018867924528,0.2516981132075472,0.6722641509433962,0.570566037735849,,,,,0.570566037735849,budget_not_selected,0,0,0,0,0,,False,,
2,static_selected_distance,96,False,15,47,A01,A01|F008|3|P1310+P1334+P3410,A01|F022|16|P1476+P1481+P1544+P1577+P1627+P1900+P1984+P2051+P2258+P2317+P2333+P2382+P2393+P2425+P2462+P2578,3,16,F008,F022,0.0,134.0,42.0,,0.570566037735849,0.242949657316875,0.4883018867924528,0.2516981132075472,0.6722641509433962,0.570566037735849,,,,,0.570566037735849,budget_not_selected,0,0,0,0,0,,False,,
2,static_selected_distance,97,False,91,96,A03,A03|F044|16|P0074+P0259+P0386+P0396+P0442+P0558+P0566+P0582+P0704+P0728+P0768+P0838+P2843+P3238+P3260+P3334,A03|F046|1|P2863,16,1,F044,F046,0.0,137.0,98.66666666666667,,0.5618867924528301,0.48345010405272415,0.1584905660377358,0.3886792452830189,0.789622641509434,0.5618867924528301,,,,,0.5618867924528301,budget_not_selected,0,0,0,0,0,,False,,
2,static_selected_distance,98,False,92,96,A03,A03|F044|18|P0822+P1103+P1382+P1760+P1960+P2036+P2364+P2667+P2783+P2835+P3008+P3155+P3209+P3325+P3591+P3656+P3762+P3897,A03|F046|1|P2863,18,1,F044,F046,0.0,137.0,98.66666666666667,,0.5618867924528301,0.48345010405272415,0.1584905660377358,0.3886792452830189,0.789622641509434,0.5618867924528301,,,,,0.5618867924528301,budget_not_selected,0,0,0,0,0,,False,,
2,static_selected_distance,99,False,0,19,A01,A01|F001|4|P0036+P0918+P2537+P2942,A01|F010|12|P0028+P0077+P0375+P0395+P0583+P0631+P0642+P0835+P1907+P2840+P3644+P3775,4,12,F001,F010,0.0,147.0,15.0,,0.5275471698113208,0.242949657316875,0.8833962264150943,0.7766037735849056,0.4420754716981132,0.5275471698113208,,,,,0.5275471698113208,budget_not_selected,0,0,0,0,0,,False,,
2,static_selected_distance,100,False,15,37,A01,A01|F008|3|P1310+P1334+P3410,A01|F019|13|P0045+P0134+P0344+P0493+P0572+P0946+P1099+P1101+P1160+P1164+P1284+P1345+P1500,3,13,F008,F019,0.0,147.0,34.0,,0.5275471698113208,0.242949657316875,0.5920754716981131,0.7256603773584906,0.5615094339622642,0.5275471698113208,,,,,0.5275471698113208,budget_not_selected,0,0,0,0,0,,False,,
2,static_selected_distance,101,False,77,86,A03,A03|F036|8|P0401+P0709+P1087+P1650+P1817+P3698+P3755+P3770,A03|F041|5|P0227+P0326+P0368+P1137+P2262,8,5,F036,F041,0.0,150.0,71.0,,0.5173584905660378,0.3239328764225,0.2513207547169811,0.20226415094339623,0.7460377358490566,0.5173584905660378,,,,,0.5173584905660378,budget_not_selected,0,0,0,0,0,,False,,
2,static_selected_distance,102,False,3,9,A01,A01|F002|7|P1754+P1771+P2409+P2625+P2819+P3592+P3961,A01|F005|11|P0177+P0622+P0879+P0978+P1006+P1078+P1307+P1710+P1910+P3403+P3882,7,11,F002,F005,0.0,151.0,38.666666666666664,,0.5150943396226415,0.32148366584147414,0.5313207547169811,0.42188679245283023,0.6722641509433962,0.5150943396226415,,,,,0.5150943396226415,budget_not_selected,0,0,0,0,0,,False,,
2,static_selected_distance,103,False,3,33,A01,A01|F002|7|P1754+P1771+P2409+P2625+P2819+P3592+P3961,A01|F017|11|P0137+P0418+P0598+P1079+P1380+P1493+P1521+P1745+P2207+P2309+P2999,7,11,F002,F017,0.0,161.0,77.66666666666667,,0.48716981132075476,0.32148366584147414,0.23094339622641513,0.10528301886792457,0.6722641509433962,0.48716981132075476,,,,,0.48716981132075476,budget_not_selected,0,0,0,0,0,,False,,
2,static_selected_distance,104,False,13,31,A01,A01|F007|9|P0057+P0480+P0652+P0685+P0786+P0812+P1703+P1838+P2738,A01|F016|9|P0275+P0423+P0482+P0613+P0647+P0950+P1114+P2472+P2898,9,9,F007,F016,0.0,161.0,66.0,,0.48716981132075476,0.242949657316875,0.28490566037735854,0.16150943396226414,0.2888679245283019,0.48716981132075476,,,,,0.48716981132075476,budget_not_selected,0,0,0,0,0,,False,,
2,static_selected_distance,105,False,64,74,A02,A02|F030|10|P0448+P2098+P2453+P3096+P3117+P3531+P3615+P3686+P3799+P3847,A02|F035|5|P0115+P3360+P3552+P3652+P3844,10,5,F030,F035,0.0,161.0,79.33333333333333,,0.48716981132075476,0.0,0.22264150943396221,0.07509433962264156,0.789622641509434,0.48716981132075476,,,,,0.48716981132075476,budget_not_selected,0,0,0,0,0,,False,,
2,static_selected_distance,106,False,84,96,A03,A03|F040|11|P0140+P0367+P0868+P0880+P1004+P1567+P1598+P1705+P1715+P1750+P2374,A03|F046|1|P2863,11,1,F040,F046,0.0,165.0,124.66666666666667,,0.4747169811320755,0.24050044673584917,0.10528301886792457,0.20226415094339623,0.789622641509434,0.4747169811320755,,,,,0.4747169811320755,budget_not_selected,0,0,0,0,0,,False,,
2,static_selected_distance,107,False,85,96,A03,A03|F040|16|P1908+P2094+P2386+P2555+P2727+P2746+P2775+P2846+P2881+P2935+P3222+P3287+P3322+P3477+P3547+P3721,A03|F046|1|P2863,16,1,F040,F046,0.0,165.0,124.66666666666667,,0.4747169811320755,0.24050044673584917,0.10528301886792457,0.20226415094339623,0.789622641509434,0.4747169811320755,,,,,0.4747169811320755,budget_not_selected,0,0,0,0,0,,False,,
2,static_selected_distance,108,False,0,7,A01,A01|F001|4|P0036+P0918+P2537+P2942,A01|F004|11|P0146+P0632+P0908+P1052+P1216+P1264+P1553+P2173+P2793+P3113+P3938,4,11,F001,F004,0.0,168.0,12.333333333333334,,0.46566037735849053,0.242949657316875,0.9286792452830188,0.7766037735849056,0.5615094339622642,0.46566037735849053,,,,,0.46566037735849053,budget_not_selected,0,0,0,0,0,,False,,
2,static_selected_distance,109,False,3,31,A01,A01|F002|7|P1754+P1771+P2409+P2625+P2819+P3592+P3961,A01|F016|9|P0275+P0423+P0482+P0613+P0647+P0950+P1114+P2472+P2898,7,9,F002,F016,0.0,172.0,51.333333333333336,,0.45547169811320753,0.242949657316875,0.3815094339622641,0.10528301886792457,0.789622641509434,0.45547169811320753,,,,,0.45547169811320753,budget_not_selected,0,0,0,0,0,,False,,
2,static_selected_distance,110,False,0,13,A01,A01|F001|4|P0036+P0918+P2537+P2942,A01|F007|9|P0057+P0480+P0652+P0685+P0786+P0812+P1703+P1838+P2738,4,9,F001,F007,0.0,184.0,31.0,,0.4207547169811321,0.242949657316875,0.6377358490566039,0.7766037735849056,0.4420754716981132,0.4207547169811321,,,,,0.4207547169811321,budget_not_selected,0,0,0,0,0,,False,,
2,static_selected_distance,111,False,15,61,A01,A01|F008|3|P1310+P1334+P3410,A01|F029|12|P0159+P0299+P0306+P0449+P0962+P0987+P1077+P1226+P1276+P1738+P1878+P1919,3,12,F008,F029,0.0,191.0,34.333333333333336,,0.4007547169811321,0.080983219105625,0.5860377358490566,0.459622641509434,0.14660377358490562,0.4007547169811321,,,,,0.4007547169811321,budget_not_selected,0,0,0,0,0,,False,,
2,static_selected_distance,112,False,88,96,A03,A03|F042|16|P1174+P1268+P1435+P1683+P2031+P2751+P2779+P2786+P2889+P2965+P3028+P3309+P3346+P3428+P3959+P3970,A03|F046|1|P2863,16,1,F042,F046,0.0,191.0,152.0,,0.4007547169811321,0.24050044673584917,0.05962264150943397,0.16150943396226414,0.4941509433962264,0.4007547169811321,,,,,0.4007547169811321,budget_not_selected,0,0,0,0,0,,False,,
2,static_selected_distance,113,False,96,106,A03,A03|F046|1|P2863,A03|F042+F050|18|P0166+P0294+P0455+P0540+P0617+P0638+P0643+P0865+P1203+P1767+P2093+P2330+P2521+P2730+P2972+P2984+P3627+P3730,1,18,F046,F042|F050,0.0,191.0,170.16666666666669,,0.4007547169811321,0.24050044673584917,0.05962264150943397,0.16150943396226414,0.4941509433962264,0.4007547169811321,,,,,0.4007547169811321,budget_not_selected,0,0,0,0,0,,False,,
2,static_selected_distance,114,False,49,64,A02,A02|F023|9|P0068+P0111+P0298+P0611+P0693+P1031+P1482+P2314+P2790,A02|F030|10|P0448+P2098+P2453+P3096+P3117+P3531+P3615+P3686+P3799+P3847,9,10,F023,F030,0.0,192.0,85.33333333333333,,0.3969811320754717,0.0,0.20075471698113212,0.07509433962264156,0.789622641509434,0.3969811320754717,,,,,0.3969811320754717,budget_not_selected,0,0,0,0,0,,False,,
2,static_selected_distance,115,False,78,96,A03,A03|F037|12|P0199+P0260+P0330+P0911+P0980+P1009+P1042+P1221+P1477+P1484+P2048+P2956,A03|F046|1|P2863,12,1,F037,F046,0.0,192.0,144.33333333333334,,0.3969811320754717,0.24050044673584917,0.07207547169811324,0.10528301886792457,0.7460377358490566,0.3969811320754717,,,,,0.3969811320754717,budget_not_selected,0,0,0,0,0,,False,,
2,static_selected_distance,116,False,79,96,A03,A03|F037|16|P2045+P2058+P2261+P2275+P2291+P2448+P2450+P2531+P3084+P3156+P3530+P3637+P3717+P3846+P3851+P3989,A03|F046|1|P2863,16,1,F037,F046,0.0,192.0,144.33333333333334,,0.3969811320754717,0.24050044673584917,0.07207547169811324,0.10528301886792457,0.7460377358490566,0.3969811320754717,,,,,0.3969811320754717,budget_not_selected,0,0,0,0,0,,False,,
2,static_selected_distance,117,False,0,3,A01,A01|F001|4|P0036+P0918+P2537+P2942,A01|F002|7|P1754+P1771+P2409+P2625+P2819+P3592+P3961,4,7,F001,F002,0.0,200.0,17.666666666666668,,0.3766037735849057,0.242949657316875,0.8377358490566038,0.7766037735849056,0.6722641509433962,0.3766037735849057,,,,,0.3766037735849057,budget_not_selected,0,0,0,0,0,,False,,
2,static_selected_distance,118,False,77,84,A03,A03|F036|8|P0401+P0709+P1087+P1650+P1817+P3698+P3755+P3770,A03|F040|11|P0140+P0367+P0868+P0880+P1004+P1567+P1598+P1705+P1715+P1750+P2374,8,11,F036,F040,0.0,205.0,135.66666666666666,,0.3652830188679246,0.16196643821125,0.0860377358490566,0.16150943396226414,0.5615094339622642,0.3652830188679246,,,,,0.3652830188679246,budget_not_selected,0,0,0,0,0,,False,,
2,static_selected_distance,119,False,0,25,A01,A01|F001|4|P0036+P0918+P2537+P2942,A01|F013|15|P0229+P0417+P0419+P0453+P0648+P0672+P0785+P0870+P0912+P1139+P1153+P2464+P3092+P3150+P3176,4,15,F001,F013,0.0,210.0,77.0,,0.3501886792452831,0.242949657316875,0.23245283018867924,0.459622641509434,0.4420754716981132,0.3501886792452831,,,,,0.3501886792452831,budget_not_selected,0,0,0,0,0,,False,,
2,static_selected_distance,120,False,15,73,A01,A01|F008|3|P1310+P1334+P3410,A01|F035|16|P0428+P0565+P0665+P0677+P0755+P1049+P1124+P1256+P1366+P1575+P1701+P1714+P2079+P2116+P2239+P2413,3,16,F008,F035,0.0,227.0,22.0,,0.31169811320754715,0.0,0.7754716981132075,0.8350943396226416,0.789622641509434,0.31169811320754715,,,,,0.31169811320754715,budget_not_selected,0,0,0,0,0,,False,,
2,static_selected_distance,121,False,3,61,A01,A01|F002|7|P1754+P1771+P2409+P2625+P2819+P3592+P3961,A01|F029|12|P0159+P0299+P0306+P0449+P0962+P0987+P1077+P1226+P1276+P1738+P1878+P1919,7,12,F002,F029,0.0,253.0,34.0,,0.2554716981132076,0.080983219105625,0.5920754716981131,0.42188679245283023,0.5615094339622642,0.2554716981132076,,,,,0.2554716981132076,budget_not_selected,0,0,0,0,0,,False,,
3,static_selected_distance,1,True,94,105,A03,A03|F046|1|P2863,A03|F047+F052|16|P0040+P0465+P1035+P1063+P1231+P2138+P2315+P2378+P2850+P3105+P3227+P3440+P3587+P3611+P3640+P3987,1,16,F046,F052|F047,0.0,15.0,22.166666666666668,,0.9966037735849057,1.0,0.9116981132075471,0.659622641509434,0.789622641509434,0.9966037735849057,,,,,0.9966037735849057,improving_not_selected,6,0,6,0,0,120,False,6.178630000002158,
3,static_selected_distance,2,True,94,99,A03,A03|F046|1|P2863,A03|F049|14|P1520+P2198+P2832+P2893+P2922+P3149+P3191+P3205+P3276+P3416+P3452+P3703+P3771+P3868,1,14,F046,F049,0.0,17.0,11.333333333333334,,0.9916981132075472,1.0,0.9350943396226415,0.659622641509434,0.5169811320754717,0.9916981132075472,,,,,0.9916981132075472,improving_not_selected,4,0,4,0,0,146,False,6.178323599997384,
3,static_selected_distance,3,True,15,19,A01,A01|F008|3|P1310+P1334+P3410,A01|F010|12|P0028+P0077+P0375+P0395+P0583+P0631+P0642+P0835+P1907+P2840+P3644+P3775,3,12,F008,F010,0.0,19.0,3.6666666666666665,,0.9864150943396226,0.9292451888601003,0.9932075471698113,0.9592452830188679,0.16943396226415092,0.9864150943396226,,,,,0.9864150943396226,improving_not_selected,4,0,4,0,0,131,False,5.735321300002397,
3,static_selected_distance,4,True,53,61,A02,A02|F025|7|P1886+P2791+P3216+P3506+P3560+P3584+P3815,A02|F029|12|P0226+P1827+P1956+P2101+P2590+P2617+P2683+P2796+P2810+P3402+P3626+P3741,7,12,F025,F029,0.0,24.0,12.666666666666666,,0.9739622641509434,0.8398196483967807,0.9226415094339623,0.9864150943396226,0.5615094339622642,0.9739622641509434,,,,,0.9739622641509434,improving_not_selected,2,0,2,0,0,117,False,6.06659309999668,
3,static_selected_distance,5,True,0,37,A01,A01|F001|4|P0036+P0918+P2537+P2942,A01|F019|13|P0045+P0134+P0344+P0493+P0572+P0946+P1099+P1101+P1160+P1164+P1284+P1345+P1500,4,13,F001,F019,0.0,25.0,17.333333333333332,,0.9694339622641509,0.8643391615585597,0.8456603773584905,0.9328301886792453,0.4420754716981132,0.9694339622641509,,,,,0.9694339622641509,improving_not_selected,2,0,2,0,0,127,False,5.733518399996683,
3,static_selected_distance,6,True,9,29,A01,A01|F005|11|P0177+P0622+P0879+P0978+P1006+P1078+P1307+P1710+P1910+P3403+P3882,A01|F015|7|P0269+P0476+P0484+P0570+P0637+P1402+P3945,11,7,F005,F015,0.0,25.0,4.0,,0.9694339622641509,0.7843564518281836,0.9909433962264151,0.9864150943396226,0.5615094339622642,0.9694339622641509,,,,,0.9694339622641509,improving_not_selected,2,0,2,0,0,81,False,5.7345617999963,
3,static_selected_distance,7,True,27,29,A01,A01|F014|12|P0061+P0303+P0849+P1095+P1163+P1235+P1805+P1853+P1902+P2120+P2969+P3614,A01|F015|7|P0269+P0476+P0484+P0570+P0637+P1402+P3945,12,7,F014,F015,0.0,27.0,26.666666666666668,,0.9633962264150944,1.0,0.7090566037735849,0.659622641509434,0.4420754716981132,0.9633962264150944,,,,,0.9633962264150944,improving_not_selected,2,0,2,0,0,74,False,5.7370573000007425,
3,static_selected_distance,8,True,84,87,A03,A03|F041|5|P0227+P0326+P0368+P1137+P2262,A03|F043|14|P0095+P0132+P0520+P0588+P0601+P0778+P0848+P0965+P1050+P1171+P1294+P2636+P3023+P3270,5,14,F041,F043,0.0,28.0,23.0,,0.9607547169811321,0.919016780894375,0.7615094339622641,0.9864150943396226,0.7460377358490566,0.9607547169811321,,,,,0.9607547169811321,accepted,2,0,2,0,0,151,True,6.06796469999972,6.178659199998947
3,static_selected_distance,9,True,3,13,A01,A01|F002|7|P1754+P1771+P2409+P2625+P2819+P3592+P3961,A01|F007|9|P0057+P0480+P0652+P0685+P0786+P0812+P1703+P1838+P2738,7,9,F002,F007,0.0,30.0,14.666666666666666,,0.9566037735849057,1.0,0.8883018867924528,0.9328301886792453,0.5615094339622642,0.9566037735849057,,,,,0.9566037735849057,improving_not_selected,4,0,4,0,0,122,False,5.73427719999745,
3,static_selected_distance,10,True,21,29,A01,A01|F011|12|P0174+P0284+P0293+P0535+P0707+P0823+P0923+P1529+P1571+P1718+P3108+P3175,A01|F015|7|P0269+P0476+P0484+P0570+P0637+P1402+P3945,12,7,F011,F015,0.0,31.0,13.0,,0.9535849056603773,0.7043643178278647,0.9166037735849056,0.6988679245283018,0.6722641509433962,0.9535849056603773,,,,,0.9535849056603773,improving_not_selected,2,0,2,0,0,79,False,5.736762100001215,
3,static_selected_distance,11,True,29,58,A01,A01|F015|7|P0269+P0476+P0484+P0570+P0637+P1402+P3945,A01|F028|12|P0241+P0272+P0289+P0320+P0490+P0559+P0600+P0634+P0700+P0953+P1113+P1179,7,12,F015,F028,0.0,32.0,27.666666666666668,,0.949811320754717,0.7043643178278647,0.6890566037735849,0.5279245283018867,0.4420754716981132,0.949811320754717,,,,,0.949811320754717,improving_not_selected,2,0,2,0,0,92,False,6.065985599998385,
3,static_selected_distance,12,True,3,7,A01,A01|F002|7|P1754+P1771+P2409+P2625+P2819+P3592+P3961,A01|F004|11|P0146+P0632+P0908+P1052+P1216+P1264+P1553+P2173+P2793+P3113+P3938,7,11,F002,F004,0.0,33.0,21.333333333333332,,0.9460377358490566,1.0,0.7860377358490566,0.5279245283018867,0.6722641509433962,0.9460377358490566,,,,,0.9460377358490566,improving_not_selected,2,0,2,0,0,103,False,5.7338125000023865,
3,static_selected_distance,13,True,15,21,A01,A01|F008|3|P1310+P1334+P3410,A01|F011|12|P0174+P0284+P0293+P0535+P0707+P0823+P0923+P1529+P1571+P1718+P3108+P3175,3,12,F008,F011,0.0,33.0,22.0,,0.9460377358490566,0.6878741591535094,0.7754716981132075,0.42188679245283023,0.7460377358490566,0.9460377358490566,,,,,0.9460377358490566,improving_not_selected,4,0,4,0,0,113,False,5.735756499998388,
3,static_selected_distance,14,True,17,29,A01,A01|F009|11|P0086+P0252+P0860+P1085+P1610+P1743+P1763+P1949+P2163+P3118+P3137,A01|F015|7|P0269+P0476+P0484+P0570+P0637+P1402+P3945,11,7,F009,F015,0.0,38.0,21.333333333333332,,0.9233962264150943,0.7749136210952401,0.7860377358490566,0.6003773584905661,0.5615094339622642,0.9233962264150943,,,,,0.9233962264150943,improving_not_selected,2,0,2,0,0,72,False,5.736482399996021,
3,static_selected_distance,15,True,51,53,A02,A02|F024|12|P0213+P0307+P0433+P0499+P0729+P1905+P2195+P2535+P2572+P3190+P3603+P3872,A02|F025|7|P1886+P2791+P3216+P3506+P3560+P3584+P3815,12,7,F024,F025,0.0,39.0,15.666666666666666,,0.919245283018868,0.8398196483967807,0.8758490566037735,0.6003773584905661,0.7460377358490566,0.919245283018868,,,,,0.919245283018868,improving_not_selected,2,0,2,0,0,98,False,6.066285499997321,
3,static_selected_distance,16,True,0,31,A01,A01|F001|4|P0036+P0918+P2537+P2942,A01|F016|9|P0275+P0423+P0482+P0613+P0647+P0950+P1114+P2472+P2898,4,9,F001,F016,0.0,41.0,35.0,,0.9109433962264151,0.9294506967326246,0.5739622641509434,0.3007547169811321,0.7460377358490566,0.9109433962264151,,,,,0.9109433962264151,improving_not_selected,4,0,4,0,0,99,False,5.733198199995968,
3,static_selected_distance,17,True,11,15,A01,A01|F006|16|P0042+P0044+P0089+P0113+P0151+P0158+P0186+P0240+P0244+P0267+P0393+P0718+P0863+P1394+P1611+P3271,A01|F008|3|P1310+P1334+P3410,16,3,F006,F008,0.0,41.0,16.333333333333332,,0.9109433962264151,0.8586958855927248,0.8626415094339622,0.7256603773584906,0.6722641509433962,0.9109433962264151,,,,,0.9109433962264151,improving_not_selected,2,0,2,0,0,112,False,5.734875099995406,
3,static_selected_distance,18,True,15,58,A01,A01|F008|3|P1310+P1334+P3410,A01|F028|12|P0241+P0272+P0289+P0320+P0490+P0559+P0600+P0634+P0700+P0953+P1113+P1179,3,12,F008,F028,0.0,41.0,7.333333333333333,,0.9109433962264151,0.6878741591535094,0.9667924528301887,0.9592452830188679,0.5615094339622642,0.9109433962264151,,,,,0.9109433962264151,improving_not_selected,4,0,4,0,0,115,False,5.736199200000556,
3,static_selected_distance,19,True,75,94,A03,A03|F036|8|P0401+P0709+P1087+P1650+P1817+P3698+P3755+P3770,A03|F046|1|P2863,8,1,F036,F046,0.0,41.0,11.0,,0.9109433962264151,0.5387908473615347,0.9373584905660377,0.9328301886792453,0.789622641509434,0.9109433962264151,,,,,0.9109433962264151,improving_not_selected,6,0,6,0,0,129,False,6.067171199996665,
3,static_selected_distance,20,True,0,23,A01,A01|F001|4|P0036+P0918+P2537+P2942,A01|F012|15|P0004+P0049+P0093+P0228+P0239+P0247+P0266+P0510+P0525+P0561+P0584+P0619+P2131+P2753+P3211,4,15,F001,F012,0.0,42.0,5.333333333333333,,0.9064150943396226,0.8509166882080255,0.9815094339622642,0.9328301886792453,0.5615094339622642,0.9064150943396226,,,,,0.9064150943396226,improving_not_selected,2,0,2,0,0,122,False,5.732621700000891,
3,static_selected_distance,21,True,80,94,A03,A03|F039|15|P0097+P0714+P0855+P1236+P1407+P1474+P1488+P1559+P1725+P1936+P1969+P2159+P2166+P3048+P3576,A03|F046|1|P2863,15,1,F039,F046,0.0,45.0,5.666666666666667,,0.8935849056603774,0.8643391615585597,0.9792452830188679,0.9592452830188679,0.789622641509434,0.8935849056603774,,,,,0.8935849056603774,improving_not_selected,4,0,4,0,0,116,False,6.067652400000952,
3,static_selected_distance,22,True,29,31,A01,A01|F015|7|P0269+P0476+P0484+P0570+P0637+P1402+P3945,A01|F016|9|P0275+P0423+P0482+P0613+P0647+P0950+P1114+P2472+P2898,7,9,F015,F016,0.0,48.0,16.666666666666668,,0.8833962264150943,0.7058224433035845,0.8573584905660377,0.659622641509434,0.7460377358490566,0.8833962264150943,,,,,0.8833962264150943,improving_not_selected,4,4,0,0,0,71,False,6.065604700001131,
3,static_selected_distance,23,True,0,9,A01,A01|F001|4|P0036+P0918+P2537+P2942,A01|F005|11|P0177+P0622+P0879+P0978+P1006+P1078+P1307+P1710+P1910+P3403+P3882,4,11,F001,F005,0.0,50.0,22.333333333333332,,0.8735849056603774,0.8509166882080255,0.7709433962264151,0.7766037735849056,0.5615094339622642,0.8735849056603774,,,,,0.8735849056603774,improving_not_selected,4,4,0,0,0,98,False,5.732238700002199,
3,static_selected_distance,24,True,94,96,A03,A03|F046|1|P2863,A03|F048|16|P0255+P1217+P1261+P1569+P1604+P1761+P1870+P2022+P2105+P2156+P2369+P2395+P2743+P2914+P3267+P3471,1,16,F046,F048,0.0,50.0,27.666666666666668,,0.8735849056603774,0.7141797589233189,0.6890566037735849,0.35056603773584905,0.7460377358490566,0.8735849056603774,,,,,0.8735849056603774,improving_not_selected,2,2,0,0,0,115,False,6.17792080000072,
3,static_selected_distance,25,True,94,97,A03,A03|F046|1|P2863,A03|F048|16|P2396+P2419+P2481+P2604+P2619+P2692+P2712+P2776+P2858+P3027+P3589+P3599+P3699+P3885+P3903+P3966,1,16,F046,F048,0.0,50.0,27.666666666666668,,0.8735849056603774,0.7141797589233189,0.6890566037735849,0.35056603773584905,0.7460377358490566,0.8735849056603774,,,,,0.8735849056603774,improving_not_selected,2,0,2,0,0,115,False,6.178120399999898,
3,static_selected_distance,26,False,7,15,A01,A01|F004|11|P0146+P0632+P0908+P1052+P1216+P1264+P1553+P2173+P2793+P3113+P3938,A01|F008|3|P1310+P1334+P3410,11,3,F004,F008,0.0,52.0,21.666666666666668,,0.8656603773584906,0.8586958855927248,0.780377358490566,0.6003773584905661,0.27433962264150946,0.8656603773584906,,,,,0.8656603773584906,budget_not_selected,0,0,0,0,0,,False,,
3,static_selected_distance,27,False,8,15,A01,A01|F004|16|P2183+P2362+P2487+P2551+P2669+P2716+P3039+P3053+P3119+P3159+P3243+P3375+P3585+P3598+P3761+P3906,A01|F008|3|P1310+P1334+P3410,16,3,F004,F008,0.0,52.0,21.666666666666668,,0.8656603773584906,0.8586958855927248,0.780377358490566,0.6003773584905661,0.27433962264150946,0.8656603773584906,,,,,0.8656603773584906,budget_not_selected,0,0,0,0,0,,False,,
3,static_selected_distance,28,False,29,33,A01,A01|F015|7|P0269+P0476+P0484+P0570+P0637+P1402+P3945,A01|F017|11|P0137+P0418+P0598+P1079+P1380+P1493+P1521+P1745+P2207+P2309+P2999,7,11,F015,F017,0.0,53.0,43.0,,0.860754716981132,0.854905755095559,0.4732075471698113,0.659622641509434,0.5615094339622642,0.860754716981132,,,,,0.860754716981132,budget_not_selected,0,0,0,0,0,,False,,
3,static_selected_distance,29,False,13,15,A01,A01|F007|9|P0057+P0480+P0652+P0685+P0786+P0812+P1703+P1838+P2738,A01|F008|3|P1310+P1334+P3410,9,3,F007,F008,0.0,54.0,14.333333333333334,,0.8573584905660377,0.8586958855927248,0.8943396226415095,0.9592452830188679,0.5615094339622642,0.8573584905660377,,,,,0.8573584905660377,budget_not_selected,0,0,0,0,0,,False,,
3,static_selected_distance,30,False,3,19,A01,A01|F002|7|P1754+P1771+P2409+P2625+P2819+P3592+P3961,A01|F010|12|P0028+P0077+P0375+P0395+P0583+P0631+P0642+P0835+P1907+P2840+P3644+P3775,7,12,F002,F010,0.0,56.0,3.3333333333333335,,0.8483018867924528,0.9294506967326246,0.9947169811320755,0.9328301886792453,0.5615094339622642,0.8483018867924528,,,,,0.8483018867924528,budget_not_selected,0,0,0,0,0,,False,,
3,static_selected_distance,31,False,15,17,A01,A01|F008|3|P1310+P1334+P3410,A01|F009|11|P0086+P0252+P0860+P1085+P1610+P1743+P1763+P1949+P2163+P3118+P3137,3,11,F008,F009,0.0,59.0,56.333333333333336,,0.8320754716981132,0.6173248558861338,0.3426415094339622,0.16150943396226414,0.27433962264150946,0.8320754716981132,,,,,0.8320754716981132,budget_not_selected,0,0,0,0,0,,False,,
3,static_selected_distance,32,False,15,18,A01,A01|F008|3|P1310+P1334+P3410,A01|F009|16|P2295+P2415+P2720+P2794+P2805+P2859+P2982+P2991+P3006+P3280+P3464+P3478+P3613+P3725+P3807+P3880,3,16,F008,F009,0.0,59.0,56.333333333333336,,0.8320754716981132,0.6173248558861338,0.3426415094339622,0.16150943396226414,0.27433962264150946,0.8320754716981132,,,,,0.8320754716981132,budget_not_selected,0,0,0,0,0,,False,,
3,static_selected_distance,33,False,15,30,A01,A01|F008|3|P1310+P1334+P3410,A01|F015|16|P0409+P0513+P0605+P0969+P0998+P1080+P1364+P1506+P1774+P1782+P2091+P3098+P3234+P3836+P3939+P3985,3,16,F008,F015,0.0,64.0,35.0,,0.8181132075471698,0.3922384769813739,0.5739622641509434,0.459622641509434,0.13999999999999996,0.8181132075471698,,,,,0.8181132075471698,budget_not_selected,0,0,0,0,0,,False,,
3,static_selected_distance,34,False,15,29,A01,A01|F008|3|P1310+P1334+P3410,A01|F015|7|P0269+P0476+P0484+P0570+P0637+P1402+P3945,3,7,F008,F015,0.0,64.0,35.0,,0.8181132075471698,0.3922384769813739,0.5739622641509434,0.459622641509434,0.13999999999999996,0.8181132075471698,,,,,0.8181132075471698,budget_not_selected,0,0,0,0,0,,False,,
3,static_selected_distance,35,False,39,53,A02,A02|F019|12|P0059+P0542+P0957+P1677+P2598+P2822+P3044+P3288+P3409+P3524+P3711+P3982,A02|F025|7|P1886+P2791+P3216+P3506+P3560+P3584+P3815,12,7,F019,F025,0.0,66.0,13.0,,0.8094339622641509,0.21419484696603946,0.9166037735849056,0.8784905660377358,0.5615094339622642,0.8094339622641509,,,,,0.8094339622641509,budget_not_selected,0,0,0,0,0,,False,,
3,static_selected_distance,36,False,82,84,A03,A03|F040|11|P0140+P0367+P0868+P0880+P1004+P1567+P1598+P1705+P1715+P1750+P2374,A03|F041|5|P0227+P0326+P0368+P1137+P2262,11,5,F040,F041,0.0,66.0,64.66666666666667,,0.8094339622641509,0.3196975792334435,0.2909433962264151,0.9328301886792453,0.7460377358490566,0.8094339622641509,,,,,0.8094339622641509,budget_not_selected,0,0,0,0,0,,False,,
3,static_selected_distance,37,False,0,60,A01,A01|F001|4|P0036+P0918+P2537+P2942,A01|F029|12|P0159+P0299+P0306+P0449+P0962+P0987+P1077+P1226+P1276+P1738+P1878+P1919,4,12,F001,F029,0.0,67.0,17.666666666666668,,0.8026415094339623,0.23871436012781846,0.8377358490566038,0.7766037735849056,0.4420754716981132,0.8026415094339623,,,,,0.8026415094339623,budget_not_selected,0,0,0,0,0,,False,,
3,static_selected_distance,38,False,78,94,A03,A03|F038|15|P0238+P0338+P0385+P0399+P0573+P0655+P0721+P0820+P0993+P1913+P2047+P2154+P2544+P2912+P3674,A03|F046|1|P2863,15,1,F038,F046,0.0,67.0,39.0,,0.8026415094339623,0.6436304556559435,0.5256603773584906,0.3886792452830189,0.7460377358490566,0.8026415094339623,,,,,0.8026415094339623,budget_not_selected,0,0,0,0,0,,False,,
3,static_selected_distance,39,False,79,94,A03,A03|F038|16|P1135+P1278+P1562+P1612+P1766+P1858+P2611+P2643+P2674+P2901+P3004+P3126+P3225+P3610+P3612+P3955,A03|F046|1|P2863,16,1,F038,F046,0.0,67.0,39.0,,0.8026415094339623,0.6436304556559435,0.5256603773584906,0.3886792452830189,0.7460377358490566,0.8026415094339623,,,,,0.8026415094339623,budget_not_selected,0,0,0,0,0,,False,,
3,static_selected_distance,40,False,0,33,A01,A01|F001|4|P0036+P0918+P2537+P2942,A01|F017|11|P0137+P0418+P0598+P1079+P1380+P1493+P1521+P1745+P2207+P2309+P2999,4,11,F001,F017,0.0,70.0,61.333333333333336,,0.7943396226415094,0.8509166882080255,0.3109433962264151,0.3007547169811321,0.5615094339622642,0.7943396226415094,,,,,0.7943396226415094,budget_not_selected,0,0,0,0,0,,False,,
3,static_selected_distance,41,False,0,29,A01,A01|F001|4|P0036+P0918+P2537+P2942,A01|F015|7|P0269+P0476+P0484+P0570+P0637+P1402+P3945,4,7,F001,F015,0.0,73.0,18.333333333333332,,0.7845283018867925,0.7058224433035845,0.8283018867924529,0.7766037735849056,0.23188679245283017,0.7845283018867925,,,,,0.7845283018867925,budget_not_selected,0,0,0,0,0,,False,,
3,static_selected_distance,42,False,3,15,A01,A01|F002|7|P1754+P1771+P2409+P2625+P2819+P3592+P3961,A01|F008|3|P1310+P1334+P3410,7,3,F002,F008,0.0,75.0,2.3333333333333335,,0.7762264150943397,0.8586958855927248,0.999245283018868,0.9592452830188679,0.7460377358490566,0.7762264150943397,,,,,0.7762264150943397,budget_not_selected,0,0,0,0,0,,False,,
3,static_selected_distance,43,False,15,27,A01,A01|F008|3|P1310+P1334+P3410,A01|F014|12|P0061+P0303+P0849+P1095+P1163+P1235+P1805+P1853+P1902+P2120+P2969+P3614,3,12,F008,F014,0.0,76.0,61.666666666666664,,0.7713207547169811,0.3922384769813739,0.30679245283018863,0.12943396226415094,0.5615094339622642,0.7713207547169811,,,,,0.7713207547169811,budget_not_selected,0,0,0,0,0,,False,,
3,static_selected_distance,44,False,15,28,A01,A01|F008|3|P1310+P1334+P3410,A01|F014|16|P2127+P2447+P2512+P2561+P2767+P2844+P2908+P2953+P3160+P3475+P3554+P3634+P3651+P3808+P3973+P3994,3,16,F008,F014,0.0,76.0,61.666666666666664,,0.7713207547169811,0.3922384769813739,0.30679245283018863,0.12943396226415094,0.5615094339622642,0.7713207547169811,,,,,0.7713207547169811,budget_not_selected,0,0,0,0,0,,False,,
3,static_selected_distance,45,False,19,29,A01,A01|F010|12|P0028+P0077+P0375+P0395+P0583+P0631+P0642+P0835+P1907+P2840+P3644+P3775,A01|F015|7|P0269+P0476+P0484+P0570+P0637+P1402+P3945,12,7,F010,F015,0.0,77.0,31.333333333333332,,0.7686792452830189,0.32148366584147414,0.630943396226415,0.5279245283018867,0.4420754716981132,0.7686792452830189,,,,,0.7686792452830189,budget_not_selected,0,0,0,0,0,,False,,
3,static_selected_distance,46,False,53,69,A02,A02|F025|7|P1886+P2791+P3216+P3506+P3560+P3584+P3815,A02|F033|12|P0660+P0761+P1198+P1462+P2397+P2940+P3002+P3303+P3352+P3542+P3649+P3929,7,12,F025,F033,0.0,80.0,36.333333333333336,,0.7588679245283019,0.21419484696603946,0.5573584905660378,0.7766037735849056,0.5615094339622642,0.7588679245283019,,,,,0.7588679245283019,budget_not_selected,0,0,0,0,0,,False,,
3,static_selected_distance,47,False,15,25,A01,A01|F008|3|P1310+P1334+P3410,A01|F013|15|P0229+P0417+P0419+P0453+P0648+P0672+P0785+P0870+P0912+P1139+P1153+P2464+P3092+P3150+P3176,3,15,F008,F013,0.0,81.0,60.333333333333336,,0.7532075471698113,0.8586958855927248,0.3162264150943396,0.7766037735849056,0.16943396226415092,0.7532075471698113,,,,,0.7532075471698113,budget_not_selected,0,0,0,0,0,,False,,
3,static_selected_distance,48,False,15,26,A01,A01|F008|3|P1310+P1334+P3410,A01|F013|16|P1296+P1897+P1992+P2044+P2061+P2343+P2463+P2807+P3202+P3277+P3466+P3572+P3676+P3797+P3849+P3925,3,16,F008,F013,0.0,81.0,60.333333333333336,,0.7532075471698113,0.8586958855927248,0.3162264150943396,0.7766037735849056,0.16943396226415092,0.7532075471698113,,,,,0.7532075471698113,budget_not_selected,0,0,0,0,0,,False,,
3,static_selected_distance,49,False,94,101,A03,A03|F046|1|P2863,A03|F051|16|P0102+P0184+P0349+P0446+P0462+P0502+P0530+P0541+P0797+P0856+P0904+P0997+P1081+P1684+P1723+P3708,1,16,F046,F051,0.0,82.0,55.666666666666664,,0.7483018867924529,0.5644333231583492,0.3479245283018868,0.35056603773584905,0.5169811320754717,0.7483018867924529,,,,,0.7483018867924529,budget_not_selected,0,0,0,0,0,,False,,
3,static_selected_distance,50,False,94,102,A03,A03|F046|1|P2863,A03|F051|17|P1926+P1962+P2059+P2217+P2218+P2228+P2558+P2562+P2726+P2847+P2930+P2945+P3082+P3167+P3184+P3253+P3947,1,17,F046,F051,0.0,82.0,55.666666666666664,,0.7483018867924529,0.5644333231583492,0.3479245283018868,0.35056603773584905,0.5169811320754717,0.7483018867924529,,,,,0.7483018867924529,budget_not_selected,0,0,0,0,0,,False,,
3,static_selected_distance,51,False,0,27,A01,A01|F001|4|P0036+P0918+P2537+P2942,A01|F014|12|P0061+P0303+P0849+P1095+P1163+P1235+P1805+P1853+P1902+P2120+P2969+P3614,4,12,F001,F014,0.0,85.0,45.0,,0.7366037735849056,0.7058224433035845,0.4479245283018868,0.3007547169811321,0.4420754716981132,0.7366037735849056,,,,,0.7366037735849056,budget_not_selected,0,0,0,0,0,,False,,
3,static_selected_distance,52,False,9,15,A01,A01|F005|11|P0177+P0622+P0879+P0978+P1006+P1078+P1307+P1710+P1910+P3403+P3882,A01|F008|3|P1310+P1334+P3410,11,3,F005,F008,0.0,88.0,39.0,,0.7271698113207548,0.32148366584147414,0.5256603773584906,0.459622641509434,0.27433962264150946,0.7271698113207548,,,,,0.7271698113207548,budget_not_selected,0,0,0,0,0,,False,,
3,static_selected_distance,53,False,10,15,A01,A01|F005|16|P1933+P2027+P2062+P2096+P2165+P2202+P2334+P2540+P2661+P2725+P3074+P3363+P3624+P3706+P3814+P3917,A01|F008|3|P1310+P1334+P3410,16,3,F005,F008,0.0,88.0,39.0,,0.7271698113207548,0.32148366584147414,0.5256603773584906,0.459622641509434,0.27433962264150946,0.7271698113207548,,,,,0.7271698113207548,budget_not_selected,0,0,0,0,0,,False,,
3,static_selected_distance,54,False,76,84,A03,A03|F037|12|P0199+P0260+P0330+P0911+P0980+P1009+P1042+P1221+P1477+P1484+P2048+P2956,A03|F041|5|P0227+P0326+P0368+P1137+P2262,12,5,F037,F041,0.0,88.0,84.33333333333333,,0.7271698113207548,0.3196975792334435,0.20490566037735847,0.8350943396226416,0.27433962264150946,0.7271698113207548,,,,,0.7271698113207548,budget_not_selected,0,0,0,0,0,,False,,
3,static_selected_distance,55,False,15,23,A01,A01|F008|3|P1310+P1334+P3410,A01|F012|15|P0004+P0049+P0093+P0228+P0239+P0247+P0266+P0510+P0525+P0561+P0584+P0619+P2131+P2753+P3211,3,15,F008,F012,0.0,89.0,21.333333333333332,,0.7218867924528302,0.32148366584147414,0.7860377358490566,0.7256603773584906,0.6722641509433962,0.7218867924528302,,,,,0.7218867924528302,budget_not_selected,0,0,0,0,0,,False,,
3,static_selected_distance,56,False,15,62,A01,A01|F008|3|P1310+P1334+P3410,A01|F030|16|P0169+P0332+P0347+P0357+P0479+P0562+P0661+P1007+P1086+P1200+P1324+P1376+P1739+P1804+P2026+P2086,3,16,F008,F030,0.0,89.0,69.33333333333333,,0.7218867924528302,0.32148366584147414,0.26113207547169814,0.12943396226415094,0.7460377358490566,0.7218867924528302,,,,,0.7218867924528302,budget_not_selected,0,0,0,0,0,,False,,
3,static_selected_distance,57,False,0,58,A01,A01|F001|4|P0036+P0918+P2537+P2942,A01|F028|12|P0241+P0272+P0289+P0320+P0490+P0559+P0600+P0634+P0700+P0953+P1113+P1179,4,12,F001,F028,0.0,91.0,10.666666666666666,,0.7143396226415094,0.4807360643988245,0.940377358490566,0.7766037735849056,0.4420754716981132,0.7143396226415094,,,,,0.7143396226415094,budget_not_selected,0,0,0,0,0,,False,,
3,static_selected_distance,58,False,91,94,A03,A03|F045|16|P0365+P0430+P0568+P0673+P0741+P0776+P0781+P0801+P0805+P0826+P0829+P1640+P1785+P1803+P2939+P3969,A03|F046|1|P2863,16,1,F045,F046,0.0,92.0,41.0,,0.7109433962264151,0.5644333231583492,0.4996226415094339,0.35056603773584905,0.7460377358490566,0.7109433962264151,,,,,0.7109433962264151,budget_not_selected,0,0,0,0,0,,False,,
3,static_selected_distance,59,False,84,99,A03,A03|F041|5|P0227+P0326+P0368+P1137+P2262,A03|F049|14|P1520+P2198+P2832+P2893+P2922+P3149+P3191+P3205+P3276+P3416+P3452+P3703+P3771+P3868,5,14,F041,F049,0.0,94.0,48.666666666666664,,0.7060377358490566,0.5644333231583492,0.40981132075471693,0.7256603773584906,0.789622641509434,0.7060377358490566,,,,,0.7060377358490566,budget_not_selected,0,0,0,0,0,,False,,
3,static_selected_distance,60,False,7,29,A01,A01|F004|11|P0146+P0632+P0908+P1052+P1216+P1264+P1553+P2173+P2793+P3113+P3938,A01|F015|7|P0269+P0476+P0484+P0570+P0637+P1402+P3945,11,7,F004,F015,0.0,95.0,13.333333333333334,,0.7026415094339622,0.32148366584147414,0.9116981132075471,0.9328301886792453,0.5615094339622642,0.7026415094339622,,,,,0.7026415094339622,budget_not_selected,0,0,0,0,0,,False,,
3,static_selected_distance,61,False,3,21,A01,A01|F002|7|P1754+P1771+P2409+P2625+P2819+P3592+P3961,A01|F011|12|P0174+P0284+P0293+P0535+P0707+P0823+P0923+P1529+P1571+P1718+P3108+P3175,7,12,F002,F011,0.0,99.0,21.666666666666668,,0.6826415094339623,0.546570044746234,0.780377358490566,0.3886792452830189,0.7460377358490566,0.6826415094339623,,,,,0.6826415094339623,budget_not_selected,0,0,0,0,0,,False,,
3,static_selected_distance,62,False,3,17,A01,A01|F002|7|P1754+P1771+P2409+P2625+P2819+P3592+P3961,A01|F009|11|P0086+P0252+P0860+P1085+P1610+P1743+P1763+P1949+P2163+P3118+P3137,7,11,F002,F009,0.0,100.0,56.0,,0.6799999999999999,0.546570044746234,0.3460377358490566,0.12943396226415094,0.6722641509433962,0.6799999999999999,,,,,0.6799999999999999,budget_not_selected,0,0,0,0,0,,False,,
3,static_selected_distance,63,False,0,21,A01,A01|F001|4|P0036+P0918+P2537+P2942,A01|F011|12|P0174+P0284+P0293+P0535+P0707+P0823+P0923+P1529+P1571+P1718+P3108+P3175,4,12,F001,F011,0.0,101.0,10.0,,0.6777358490566038,0.4807360643988245,0.9471698113207547,0.7256603773584906,0.6722641509433962,0.6777358490566038,,,,,0.6777358490566038,budget_not_selected,0,0,0,0,0,,False,,
3,static_selected_distance,64,False,0,17,A01,A01|F001|4|P0036+P0918+P2537+P2942,A01|F009|11|P0086+P0252+P0860+P1085+P1610+P1743+P1763+P1949+P2163+P3118+P3137,4,11,F001,F009,0.0,107.0,39.666666666666664,,0.6603773584905661,0.4807360643988245,0.5181132075471698,0.2516981132075472,0.5615094339622642,0.6603773584905661,,,,,0.6603773584905661,budget_not_selected,0,0,0,0,0,,False,,
3,static_selected_distance,65,False,85,94,A03,A03|F041|16|P0377+P0519+P0657+P0794+P1479+P1556+P1742+P1850+P1978+P2178+P2650+P2871+P2966+P3089+P3423+P3954,A03|F046|1|P2863,16,1,F041,F046,0.0,110.0,60.0,,0.6520754716981132,0.5644333231583492,0.31849056603773584,0.2516981132075472,0.4852830188679245,0.6520754716981132,,,,,0.6520754716981132,budget_not_selected,0,0,0,0,0,,False,,
3,static_selected_distance,66,False,84,94,A03,A03|F041|5|P0227+P0326+P0368+P1137+P2262,A03|F046|1|P2863,5,1,F041,F046,0.0,110.0,60.0,,0.6520754716981132,0.5644333231583492,0.31849056603773584,0.2516981132075472,0.4852830188679245,0.6520754716981132,,,,,0.6520754716981132,budget_not_selected,0,0,0,0,0,,False,,
3,static_selected_distance,67,False,15,32,A01,A01|F008|3|P1310+P1334+P3410,A01|F016|16|P1347+P1537+P1579+P1582+P1680+P1697+P2185+P2192+P2227+P2731+P2736+P3170+P3192+P3316+P3356+P3427,3,16,F008,F016,0.0,112.0,51.666666666666664,,0.6449056603773584,0.242949657316875,0.37584905660377355,0.12943396226415094,0.789622641509434,0.6449056603773584,,,,,0.6449056603773584,budget_not_selected,0,0,0,0,0,,False,,
3,static_selected_distance,68,False,15,31,A01,A01|F008|3|P1310+P1334+P3410,A01|F016|9|P0275+P0423+P0482+P0613+P0647+P0950+P1114+P2472+P2898,3,9,F008,F016,0.0,112.0,51.666666666666664,,0.6449056603773584,0.242949657316875,0.37584905660377355,0.12943396226415094,0.789622641509434,0.6449056603773584,,,,,0.6449056603773584,budget_not_selected,0,0,0,0,0,,False,,
3,static_selected_distance,69,False,15,33,A01,A01|F008|3|P1310+P1334+P3410,A01|F017|11|P0137+P0418+P0598+P1079+P1380+P1493+P1521+P1745+P2207+P2309+P2999,3,11,F008,F017,0.0,112.0,78.0,,0.6449056603773584,0.32148366584147414,0.22867924528301886,0.12943396226415094,0.27433962264150946,0.6449056603773584,,,,,0.6449056603773584,budget_not_selected,0,0,0,0,0,,False,,
3,static_selected_distance,70,False,15,34,A01,A01|F008|3|P1310+P1334+P3410,A01|F017|16|P2043+P2137+P2139+P2152+P2229+P2499+P2682+P2789+P2825+P2836+P3112+P3240+P3279+P3310+P3655+P3684,3,16,F008,F017,0.0,112.0,78.0,,0.6449056603773584,0.32148366584147414,0.22867924528301886,0.12943396226415094,0.27433962264150946,0.6449056603773584,,,,,0.6449056603773584,budget_not_selected,0,0,0,0,0,,False,,
3,static_selected_distance,71,False,13,29,A01,A01|F007|9|P0057+P0480+P0652+P0685+P0786+P0812+P1703+P1838+P2738,A01|F015|7|P0269+P0476+P0484+P0570+P0637+P1402+P3945,9,7,F007,F015,0.0,113.0,49.333333333333336,,0.6407547169811321,0.32148366584147414,0.40113207547169816,0.5279245283018867,0.4420754716981132,0.6407547169811321,,,,,0.6407547169811321,budget_not_selected,0,0,0,0,0,,False,,
3,static_selected_distance,72,False,3,58,A01,A01|F002|7|P1754+P1771+P2409+P2625+P2819+P3592+P3961,A01|F028|12|P0241+P0272+P0289+P0320+P0490+P0559+P0600+P0634+P0700+P0953+P1113+P1179,7,12,F002,F028,0.0,114.0,7.0,,0.6373584905660377,0.546570044746234,0.9694339622641509,0.9328301886792453,0.5615094339622642,0.6373584905660377,,,,,0.6373584905660377,budget_not_selected,0,0,0,0,0,,False,,
3,static_selected_distance,73,False,87,94,A03,A03|F043|14|P0095+P0132+P0520+P0588+P0601+P0778+P0848+P0965+P1050+P1171+P1294+P2636+P3023+P3270,A03|F046|1|P2863,14,1,F043,F046,0.0,117.0,83.0,,0.6245283018867924,0.48345010405272415,0.21132075471698109,0.2516981132075472,0.789622641509434,0.6245283018867924,,,,,0.6245283018867924,budget_not_selected,0,0,0,0,0,,False,,
3,static_selected_distance,74,False,88,94,A03,A03|F043|16|P1316+P1327+P1450+P1615+P1855+P1948+P2206+P2442+P2477+P2648+P2766+P3094+P3459+P3510+P3774+P3793,A03|F046|1|P2863,16,1,F043,F046,0.0,117.0,83.0,,0.6245283018867924,0.48345010405272415,0.21132075471698109,0.2516981132075472,0.789622641509434,0.6245283018867924,,,,,0.6245283018867924,budget_not_selected,0,0,0,0,0,,False,,
3,static_selected_distance,75,False,3,27,A01,A01|F002|7|P1754+P1771+P2409+P2625+P2819+P3592+P3961,A01|F014|12|P0061+P0303+P0849+P1095+P1163+P1235+P1805+P1853+P1902+P2120+P2969+P3614,7,12,F002,F014,0.0,124.0,61.333333333333336,,0.6052830188679246,0.32148366584147414,0.3109433962264151,0.10528301886792457,0.5615094339622642,0.6052830188679246,,,,,0.6052830188679246,budget_not_selected,0,0,0,0,0,,False,,
3,static_selected_distance,76,False,3,29,A01,A01|F002|7|P1754+P1771+P2409+P2625+P2819+P3592+P3961,A01|F015|7|P0269+P0476+P0484+P0570+P0637+P1402+P3945,7,7,F002,F015,0.0,127.0,34.666666666666664,,0.5966037735849057,0.32148366584147414,0.5800000000000001,0.42188679245283023,0.6722641509433962,0.5966037735849057,,,,,0.5966037735849057,budget_not_selected,0,0,0,0,0,,False,,
3,static_selected_distance,77,False,29,60,A01,A01|F015|7|P0269+P0476+P0484+P0570+P0637+P1402+P3945,A01|F029|12|P0159+P0299+P0306+P0449+P0962+P0987+P1077+P1226+P1276+P1738+P1878+P1919,7,12,F015,F029,0.0,128.0,13.333333333333334,,0.5932075471698113,0.16018035160321933,0.9116981132075471,0.659622641509434,0.4420754716981132,0.5932075471698113,,,,,0.5932075471698113,budget_not_selected,0,0,0,0,0,,False,,
3,static_selected_distance,78,False,53,63,A02,A02|F025|7|P1886+P2791+P3216+P3506+P3560+P3584+P3815,A02|F030|10|P0448+P2098+P2453+P3096+P3117+P3531+P3615+P3686+P3799+P3847,7,10,F025,F030,0.0,128.0,22.333333333333332,,0.5932075471698113,0.0,0.7709433962264151,0.659622641509434,0.7460377358490566,0.5932075471698113,,,,,0.5932075471698113,budget_not_selected,0,0,0,0,0,,False,,
3,static_selected_distance,79,False,15,40,A01,A01|F008|3|P1310+P1334+P3410,A01|F020|16|P0249+P0350+P0421+P0436+P0440+P0458+P0492+P0612+P1119+P1120+P1315+P1329+P1333+P1343+P1358+P1365,3,16,F008,F020,0.0,130.0,64.33333333333333,,0.5864150943396227,0.242949657316875,0.2924528301886793,0.12943396226415094,0.6722641509433962,0.5864150943396227,,,,,0.5864150943396227,budget_not_selected,0,0,0,0,0,,False,,
3,static_selected_distance,80,False,15,41,A01,A01|F008|3|P1310+P1334+P3410,A01|F020|16|P1453+P1671+P1699+P1713+P1790+P1794+P1857+P2034+P2057+P2216+P2287+P2469+P2543+P2657+P2722+P2831,3,16,F008,F020,0.0,130.0,64.33333333333333,,0.5864150943396227,0.242949657316875,0.2924528301886793,0.12943396226415094,0.6722641509433962,0.5864150943396227,,,,,0.5864150943396227,budget_not_selected,0,0,0,0,0,,False,,
3,static_selected_distance,81,False,0,15,A01,A01|F001|4|P0036+P0918+P2537+P2942,A01|F008|3|P1310+P1334+P3410,4,3,F001,F008,0.0,131.0,16.666666666666668,,0.580754716981132,0.242949657316875,0.8573584905660377,0.8350943396226416,0.6722641509433962,0.580754716981132,,,,,0.580754716981132,budget_not_selected,0,0,0,0,0,,False,,
3,static_selected_distance,82,False,15,46,A01,A01|F008|3|P1310+P1334+P3410,A01|F022|16|P0002+P0055+P0058+P0126+P0214+P0268+P0460+P0750+P0782+P0800+P0909+P0992+P1141+P1151+P1188+P1463,3,16,F008,F022,0.0,134.0,42.0,,0.570566037735849,0.242949657316875,0.4883018867924528,0.2516981132075472,0.6722641509433962,0.570566037735849,,,,,0.570566037735849,budget_not_selected,0,0,0,0,0,,False,,
3,static_selected_distance,83,False,15,47,A01,A01|F008|3|P1310+P1334+P3410,A01|F022|16|P1476+P1481+P1544+P1577+P1627+P1900+P1984+P2051+P2258+P2317+P2333+P2382+P2393+P2425+P2462+P2578,3,16,F008,F022,0.0,134.0,42.0,,0.570566037735849,0.242949657316875,0.4883018867924528,0.2516981132075472,0.6722641509433962,0.570566037735849,,,,,0.570566037735849,budget_not_selected,0,0,0,0,0,,False,,
3,static_selected_distance,84,False,89,94,A03,A03|F044|16|P0074+P0259+P0386+P0396+P0442+P0558+P0566+P0582+P0704+P0728+P0768+P0838+P2843+P3238+P3260+P3334,A03|F046|1|P2863,16,1,F044,F046,0.0,137.0,98.66666666666667,,0.5618867924528301,0.48345010405272415,0.1584905660377358,0.3886792452830189,0.789622641509434,0.5618867924528301,,,,,0.5618867924528301,budget_not_selected,0,0,0,0,0,,False,,
3,static_selected_distance,85,False,90,94,A03,A03|F044|18|P0822+P1103+P1382+P1760+P1960+P2036+P2364+P2667+P2783+P2835+P3008+P3155+P3209+P3325+P3591+P3656+P3762+P3897,A03|F046|1|P2863,18,1,F044,F046,0.0,137.0,98.66666666666667,,0.5618867924528301,0.48345010405272415,0.1584905660377358,0.3886792452830189,0.789622641509434,0.5618867924528301,,,,,0.5618867924528301,budget_not_selected,0,0,0,0,0,,False,,
3,static_selected_distance,86,False,0,19,A01,A01|F001|4|P0036+P0918+P2537+P2942,A01|F010|12|P0028+P0077+P0375+P0395+P0583+P0631+P0642+P0835+P1907+P2840+P3644+P3775,4,12,F001,F010,0.0,147.0,15.0,,0.5275471698113208,0.242949657316875,0.8833962264150943,0.7766037735849056,0.4420754716981132,0.5275471698113208,,,,,0.5275471698113208,budget_not_selected,0,0,0,0,0,,False,,
3,static_selected_distance,87,False,15,37,A01,A01|F008|3|P1310+P1334+P3410,A01|F019|13|P0045+P0134+P0344+P0493+P0572+P0946+P1099+P1101+P1160+P1164+P1284+P1345+P1500,3,13,F008,F019,0.0,147.0,34.0,,0.5275471698113208,0.242949657316875,0.5920754716981131,0.7256603773584906,0.5615094339622642,0.5275471698113208,,,,,0.5275471698113208,budget_not_selected,0,0,0,0,0,,False,,
3,static_selected_distance,88,False,75,84,A03,A03|F036|8|P0401+P0709+P1087+P1650+P1817+P3698+P3755+P3770,A03|F041|5|P0227+P0326+P0368+P1137+P2262,8,5,F036,F041,0.0,150.0,71.0,,0.5173584905660378,0.3239328764225,0.2513207547169811,0.20226415094339623,0.7460377358490566,0.5173584905660378,,,,,0.5173584905660378,budget_not_selected,0,0,0,0,0,,False,,
3,static_selected_distance,89,False,3,9,A01,A01|F002|7|P1754+P1771+P2409+P2625+P2819+P3592+P3961,A01|F005|11|P0177+P0622+P0879+P0978+P1006+P1078+P1307+P1710+P1910+P3403+P3882,7,11,F002,F005,0.0,151.0,38.666666666666664,,0.5150943396226415,0.32148366584147414,0.5313207547169811,0.42188679245283023,0.6722641509433962,0.5150943396226415,,,,,0.5150943396226415,budget_not_selected,0,0,0,0,0,,False,,
3,static_selected_distance,90,False,3,33,A01,A01|F002|7|P1754+P1771+P2409+P2625+P2819+P3592+P3961,A01|F017|11|P0137+P0418+P0598+P1079+P1380+P1493+P1521+P1745+P2207+P2309+P2999,7,11,F002,F017,0.0,161.0,77.66666666666667,,0.48716981132075476,0.32148366584147414,0.23094339622641513,0.10528301886792457,0.6722641509433962,0.48716981132075476,,,,,0.48716981132075476,budget_not_selected,0,0,0,0,0,,False,,
3,static_selected_distance,91,False,13,31,A01,A01|F007|9|P0057+P0480+P0652+P0685+P0786+P0812+P1703+P1838+P2738,A01|F016|9|P0275+P0423+P0482+P0613+P0647+P0950+P1114+P2472+P2898,9,9,F007,F016,0.0,161.0,66.0,,0.48716981132075476,0.242949657316875,0.28490566037735854,0.16150943396226414,0.2888679245283019,0.48716981132075476,,,,,0.48716981132075476,budget_not_selected,0,0,0,0,0,,False,,
3,static_selected_distance,92,False,82,94,A03,A03|F040|11|P0140+P0367+P0868+P0880+P1004+P1567+P1598+P1705+P1715+P1750+P2374,A03|F046|1|P2863,11,1,F040,F046,0.0,165.0,124.66666666666667,,0.4747169811320755,0.24050044673584917,0.10528301886792457,0.20226415094339623,0.789622641509434,0.4747169811320755,,,,,0.4747169811320755,budget_not_selected,0,0,0,0,0,,False,,
3,static_selected_distance,93,False,83,94,A03,A03|F040|16|P1908+P2094+P2386+P2555+P2727+P2746+P2775+P2846+P2881+P2935+P3222+P3287+P3322+P3477+P3547+P3721,A03|F046|1|P2863,16,1,F040,F046,0.0,165.0,124.66666666666667,,0.4747169811320755,0.24050044673584917,0.10528301886792457,0.20226415094339623,0.789622641509434,0.4747169811320755,,,,,0.4747169811320755,budget_not_selected,0,0,0,0,0,,False,,
3,static_selected_distance,94,False,0,7,A01,A01|F001|4|P0036+P0918+P2537+P2942,A01|F004|11|P0146+P0632+P0908+P1052+P1216+P1264+P1553+P2173+P2793+P3113+P3938,4,11,F001,F004,0.0,168.0,12.333333333333334,,0.46566037735849053,0.242949657316875,0.9286792452830188,0.7766037735849056,0.5615094339622642,0.46566037735849053,,,,,0.46566037735849053,budget_not_selected,0,0,0,0,0,,False,,
3,static_selected_distance,95,False,3,31,A01,A01|F002|7|P1754+P1771+P2409+P2625+P2819+P3592+P3961,A01|F016|9|P0275+P0423+P0482+P0613+P0647+P0950+P1114+P2472+P2898,7,9,F002,F016,0.0,172.0,51.333333333333336,,0.45547169811320753,0.242949657316875,0.3815094339622641,0.10528301886792457,0.789622641509434,0.45547169811320753,,,,,0.45547169811320753,budget_not_selected,0,0,0,0,0,,False,,
3,static_selected_distance,96,False,0,13,A01,A01|F001|4|P0036+P0918+P2537+P2942,A01|F007|9|P0057+P0480+P0652+P0685+P0786+P0812+P1703+P1838+P2738,4,9,F001,F007,0.0,184.0,31.0,,0.4207547169811321,0.242949657316875,0.6377358490566039,0.7766037735849056,0.4420754716981132,0.4207547169811321,,,,,0.4207547169811321,budget_not_selected,0,0,0,0,0,,False,,
3,static_selected_distance,97,False,15,60,A01,A01|F008|3|P1310+P1334+P3410,A01|F029|12|P0159+P0299+P0306+P0449+P0962+P0987+P1077+P1226+P1276+P1738+P1878+P1919,3,12,F008,F029,0.0,191.0,34.333333333333336,,0.4007547169811321,0.080983219105625,0.5860377358490566,0.459622641509434,0.14660377358490562,0.4007547169811321,,,,,0.4007547169811321,budget_not_selected,0,0,0,0,0,,False,,
3,static_selected_distance,98,False,86,94,A03,A03|F042|16|P1174+P1268+P1435+P1683+P2031+P2751+P2779+P2786+P2889+P2965+P3028+P3309+P3346+P3428+P3959+P3970,A03|F046|1|P2863,16,1,F042,F046,0.0,191.0,152.0,,0.4007547169811321,0.24050044673584917,0.05962264150943397,0.16150943396226414,0.4941509433962264,0.4007547169811321,,,,,0.4007547169811321,budget_not_selected,0,0,0,0,0,,False,,
3,static_selected_distance,99,False,94,104,A03,A03|F046|1|P2863,A03|F042+F050|18|P0166+P0294+P0455+P0540+P0617+P0638+P0643+P0865+P1203+P1767+P2093+P2330+P2521+P2730+P2972+P2984+P3627+P3730,1,18,F046,F042|F050,0.0,191.0,170.16666666666669,,0.4007547169811321,0.24050044673584917,0.05962264150943397,0.16150943396226414,0.4941509433962264,0.4007547169811321,,,,,0.4007547169811321,budget_not_selected,0,0,0,0,0,,False,,
3,static_selected_distance,100,False,76,94,A03,A03|F037|12|P0199+P0260+P0330+P0911+P0980+P1009+P1042+P1221+P1477+P1484+P2048+P2956,A03|F046|1|P2863,12,1,F037,F046,0.0,192.0,144.33333333333334,,0.3969811320754717,0.24050044673584917,0.07207547169811324,0.10528301886792457,0.7460377358490566,0.3969811320754717,,,,,0.3969811320754717,budget_not_selected,0,0,0,0,0,,False,,
3,static_selected_distance,101,False,77,94,A03,A03|F037|16|P2045+P2058+P2261+P2275+P2291+P2448+P2450+P2531+P3084+P3156+P3530+P3637+P3717+P3846+P3851+P3989,A03|F046|1|P2863,16,1,F037,F046,0.0,192.0,144.33333333333334,,0.3969811320754717,0.24050044673584917,0.07207547169811324,0.10528301886792457,0.7460377358490566,0.3969811320754717,,,,,0.3969811320754717,budget_not_selected,0,0,0,0,0,,False,,
3,static_selected_distance,102,False,0,3,A01,A01|F001|4|P0036+P0918+P2537+P2942,A01|F002|7|P1754+P1771+P2409+P2625+P2819+P3592+P3961,4,7,F001,F002,0.0,200.0,17.666666666666668,,0.3766037735849057,0.242949657316875,0.8377358490566038,0.7766037735849056,0.6722641509433962,0.3766037735849057,,,,,0.3766037735849057,budget_not_selected,0,0,0,0,0,,False,,
3,static_selected_distance,103,False,75,82,A03,A03|F036|8|P0401+P0709+P1087+P1650+P1817+P3698+P3755+P3770,A03|F040|11|P0140+P0367+P0868+P0880+P1004+P1567+P1598+P1705+P1715+P1750+P2374,8,11,F036,F040,0.0,205.0,135.66666666666666,,0.3652830188679246,0.16196643821125,0.0860377358490566,0.16150943396226414,0.5615094339622642,0.3652830188679246,,,,,0.3652830188679246,budget_not_selected,0,0,0,0,0,,False,,
3,static_selected_distance,104,False,0,25,A01,A01|F001|4|P0036+P0918+P2537+P2942,A01|F013|15|P0229+P0417+P0419+P0453+P0648+P0672+P0785+P0870+P0912+P1139+P1153+P2464+P3092+P3150+P3176,4,15,F001,F013,0.0,210.0,77.0,,0.3501886792452831,0.242949657316875,0.23245283018867924,0.459622641509434,0.4420754716981132,0.3501886792452831,,,,,0.3501886792452831,budget_not_selected,0,0,0,0,0,,False,,
3,static_selected_distance,105,False,15,72,A01,A01|F008|3|P1310+P1334+P3410,A01|F035|16|P0428+P0565+P0665+P0677+P0755+P1049+P1124+P1256+P1366+P1575+P1701+P1714+P2079+P2116+P2239+P2413,3,16,F008,F035,0.0,227.0,22.0,,0.31169811320754715,0.0,0.7754716981132075,0.8350943396226416,0.789622641509434,0.31169811320754715,,,,,0.31169811320754715,budget_not_selected,0,0,0,0,0,,False,,
3,static_selected_distance,106,False,3,60,A01,A01|F002|7|P1754+P1771+P2409+P2625+P2819+P3592+P3961,A01|F029|12|P0159+P0299+P0306+P0449+P0962+P0987+P1077+P1226+P1276+P1738+P1878+P1919,7,12,F002,F029,0.0,253.0,34.0,,0.2554716981132076,0.080983219105625,0.5920754716981131,0.42188679245283023,0.5615094339622642,0.2554716981132076,,,,,0.2554716981132076,budget_not_selected,0,0,0,0,0,,False,,
4,static_selected_distance,1,True,92,103,A03,A03|F046|1|P2863,A03|F047+F052|16|P0040+P0465+P1035+P1063+P1231+P2138+P2315+P2378+P2850+P3105+P3227+P3440+P3587+P3611+P3640+P3987,1,16,F046,F052|F047,0.0,15.0,22.166666666666668,,0.9966037735849057,1.0,0.9116981132075471,0.659622641509434,0.789622641509434,0.9966037735849057,,,,,0.9966037735849057,improving_not_selected,6,0,6,0,0,120,False,6.462367499996617,
4,static_selected_distance,2,True,92,97,A03,A03|F046|1|P2863,A03|F049|14|P1520+P2198+P2832+P2893+P2922+P3149+P3191+P3205+P3276+P3416+P3452+P3703+P3771+P3868,1,14,F046,F049,0.0,17.0,11.333333333333334,,0.9916981132075472,1.0,0.9350943396226415,0.659622641509434,0.5169811320754717,0.9916981132075472,,,,,0.9916981132075472,accepted,4,0,4,0,0,146,True,6.461271300002409,6.462466099997982
4,static_selected_distance,3,True,15,19,A01,A01|F008|3|P1310+P1334+P3410,A01|F010|12|P0028+P0077+P0375+P0395+P0583+P0631+P0642+P0835+P1907+P2840+P3644+P3775,3,12,F008,F010,0.0,19.0,3.6666666666666665,,0.9864150943396226,0.9292451888601003,0.9932075471698113,0.9592452830188679,0.16943396226415092,0.9864150943396226,,,,,0.9864150943396226,improving_not_selected,4,0,4,0,0,131,False,6.456366899998102,
4,static_selected_distance,4,True,53,61,A02,A02|F025|7|P1886+P2791+P3216+P3506+P3560+P3584+P3815,A02|F029|12|P0226+P1827+P1956+P2101+P2590+P2617+P2683+P2796+P2810+P3402+P3626+P3741,7,12,F025,F029,0.0,24.0,12.666666666666666,,0.9739622641509434,0.8398196483967807,0.9226415094339623,0.9864150943396226,0.5615094339622642,0.9739622641509434,,,,,0.9739622641509434,improving_not_selected,2,0,2,0,0,117,False,6.459009199999855,
4,static_selected_distance,5,True,0,37,A01,A01|F001|4|P0036+P0918+P2537+P2942,A01|F019|13|P0045+P0134+P0344+P0493+P0572+P0946+P1099+P1101+P1160+P1164+P1284+P1345+P1500,4,13,F001,F019,0.0,25.0,17.333333333333332,,0.9694339622641509,0.8643391615585597,0.8456603773584905,0.9328301886792453,0.4420754716981132,0.9694339622641509,,,,,0.9694339622641509,improving_not_selected,2,0,2,0,0,127,False,6.195405699996627,
4,static_selected_distance,6,True,9,29,A01,A01|F005|11|P0177+P0622+P0879+P0978+P1006+P1078+P1307+P1710+P1910+P3403+P3882,A01|F015|7|P0269+P0476+P0484+P0570+P0637+P1402+P3945,11,7,F005,F015,0.0,25.0,4.0,,0.9694339622641509,0.7843564518281836,0.9909433962264151,0.9864150943396226,0.5615094339622642,0.9694339622641509,,,,,0.9694339622641509,improving_not_selected,2,0,2,0,0,81,False,6.4558993999962695,
4,static_selected_distance,7,True,27,29,A01,A01|F014|12|P0061+P0303+P0849+P1095+P1163+P1235+P1805+P1853+P1902+P2120+P2969+P3614,A01|F015|7|P0269+P0476+P0484+P0570+P0637+P1402+P3945,12,7,F014,F015,0.0,27.0,26.666666666666668,,0.9633962264150944,1.0,0.7090566037735849,0.659622641509434,0.4420754716981132,0.9633962264150944,,,,,0.9633962264150944,improving_not_selected,2,0,2,0,0,74,False,6.457253900000069,
4,static_selected_distance,8,True,3,13,A01,A01|F002|7|P1754+P1771+P2409+P2625+P2819+P3592+P3961,A01|F007|9|P0057+P0480+P0652+P0685+P0786+P0812+P1703+P1838+P2738,7,9,F002,F007,0.0,30.0,14.666666666666666,,0.9566037735849057,1.0,0.8883018867924528,0.9328301886792453,0.5615094339622642,0.9566037735849057,,,,,0.9566037735849057,improving_not_selected,4,0,4,0,0,122,False,6.196170399998664,
4,static_selected_distance,9,True,21,29,A01,A01|F011|12|P0174+P0284+P0293+P0535+P0707+P0823+P0923+P1529+P1571+P1718+P3108+P3175,A01|F015|7|P0269+P0476+P0484+P0570+P0637+P1402+P3945,12,7,F011,F015,0.0,31.0,13.0,,0.9535849056603773,0.7043643178278647,0.9166037735849056,0.6988679245283018,0.6722641509433962,0.9535849056603773,,,,,0.9535849056603773,improving_not_selected,2,0,2,0,0,79,False,6.4571507000000565,
4,static_selected_distance,10,True,29,58,A01,A01|F015|7|P0269+P0476+P0484+P0570+P0637+P1402+P3945,A01|F028|12|P0241+P0272+P0289+P0320+P0490+P0559+P0600+P0634+P0700+P0953+P1113+P1179,7,12,F015,F028,0.0,32.0,27.666666666666668,,0.949811320754717,0.7043643178278647,0.6890566037735849,0.5279245283018867,0.4420754716981132,0.949811320754717,,,,,0.949811320754717,improving_not_selected,2,0,2,0,0,92,False,6.457711600000039,
4,static_selected_distance,11,True,3,7,A01,A01|F002|7|P1754+P1771+P2409+P2625+P2819+P3592+P3961,A01|F004|11|P0146+P0632+P0908+P1052+P1216+P1264+P1553+P2173+P2793+P3113+P3938,7,11,F002,F004,0.0,33.0,21.333333333333332,,0.9460377358490566,1.0,0.7860377358490566,0.5279245283018867,0.6722641509433962,0.9460377358490566,,,,,0.9460377358490566,improving_not_selected,2,0,2,0,0,103,False,6.195712499997171,
4,static_selected_distance,12,True,15,21,A01,A01|F008|3|P1310+P1334+P3410,A01|F011|12|P0174+P0284+P0293+P0535+P0707+P0823+P0923+P1529+P1571+P1718+P3108+P3175,3,12,F008,F011,0.0,33.0,22.0,,0.9460377358490566,0.6878741591535094,0.7754716981132075,0.42188679245283023,0.7460377358490566,0.9460377358490566,,,,,0.9460377358490566,improving_not_selected,4,0,4,0,0,113,False,6.456750099998317,
4,static_selected_distance,13,True,17,29,A01,A01|F009|11|P0086+P0252+P0860+P1085+P1610+P1743+P1763+P1949+P2163+P3118+P3137,A01|F015|7|P0269+P0476+P0484+P0570+P0637+P1402+P3945,11,7,F009,F015,0.0,38.0,21.333333333333332,,0.9233962264150943,0.7749136210952401,0.7860377358490566,0.6003773584905661,0.5615094339622642,0.9233962264150943,,,,,0.9233962264150943,improving_not_selected,2,0,2,0,0,72,False,6.457047700001567,
4,static_selected_distance,14,True,51,53,A02,A02|F024|12|P0213+P0307+P0433+P0499+P0729+P1905+P2195+P2535+P2572+P3190+P3603+P3872,A02|F025|7|P1886+P2791+P3216+P3506+P3560+P3584+P3815,12,7,F024,F025,0.0,39.0,15.666666666666666,,0.919245283018868,0.8398196483967807,0.8758490566037735,0.6003773584905661,0.7460377358490566,0.919245283018868,,,,,0.919245283018868,improving_not_selected,2,0,2,0,0,98,False,6.457820299998275,
4,static_selected_distance,15,True,0,31,A01,A01|F001|4|P0036+P0918+P2537+P2942,A01|F016|9|P0275+P0423+P0482+P0613+P0647+P0950+P1114+P2472+P2898,4,9,F001,F016,0.0,41.0,35.0,,0.9109433962264151,0.9294506967326246,0.5739622641509434,0.3007547169811321,0.7460377358490566,0.9109433962264151,,,,,0.9109433962264151,improving_not_selected,4,0,4,0,0,99,False,6.195129399995494,
4,static_selected_distance,16,True,11,15,A01,A01|F006|16|P0042+P0044+P0089+P0113+P0151+P0158+P0186+P0240+P0244+P0267+P0393+P0718+P0863+P1394+P1611+P3271,A01|F008|3|P1310+P1334+P3410,16,3,F006,F008,0.0,41.0,16.333333333333332,,0.9109433962264151,0.8586958855927248,0.8626415094339622,0.7256603773584906,0.6722641509433962,0.9109433962264151,,,,,0.9109433962264151,improving_not_selected,2,0,2,0,0,112,False,6.456036600000516,
4,static_selected_distance,17,True,15,58,A01,A01|F008|3|P1310+P1334+P3410,A01|F028|12|P0241+P0272+P0289+P0320+P0490+P0559+P0600+P0634+P0700+P0953+P1113+P1179,3,12,F008,F028,0.0,41.0,7.333333333333333,,0.9109433962264151,0.6878741591535094,0.9667924528301887,0.9592452830188679,0.5615094339622642,0.9109433962264151,,,,,0.9109433962264151,improving_not_selected,4,0,4,0,0,115,False,6.456942500000878,
4,static_selected_distance,18,True,75,92,A03,A03|F036|8|P0401+P0709+P1087+P1650+P1817+P3698+P3755+P3770,A03|F046|1|P2863,8,1,F036,F046,0.0,41.0,11.0,,0.9109433962264151,0.5387908473615347,0.9373584905660377,0.9328301886792453,0.789622641509434,0.9109433962264151,,,,,0.9109433962264151,improving_not_selected,6,0,6,0,0,129,False,6.459384100002353,
4,static_selected_distance,19,True,0,23,A01,A01|F001|4|P0036+P0918+P2537+P2942,A01|F012|15|P0004+P0049+P0093+P0228+P0239+P0247+P0266+P0510+P0525+P0561+P0584+P0619+P2131+P2753+P3211,4,15,F001,F012,0.0,42.0,5.333333333333333,,0.9064150943396226,0.8509166882080255,0.9815094339622642,0.9328301886792453,0.5615094339622642,0.9064150943396226,,,,,0.9064150943396226,improving_not_selected,2,0,2,0,0,122,False,6.194695799997135,
4,static_selected_distance,20,True,80,92,A03,A03|F039|15|P0097+P0714+P0855+P1236+P1407+P1474+P1488+P1559+P1725+P1936+P1969+P2159+P2166+P3048+P3576,A03|F046|1|P2863,15,1,F039,F046,0.0,45.0,5.666666666666667,,0.8935849056603774,0.8643391615585597,0.9792452830188679,0.9592452830188679,0.789622641509434,0.8935849056603774,,,,,0.8935849056603774,improving_not_selected,4,0,4,0,0,116,False,6.459957099999883,
4,static_selected_distance,21,True,29,31,A01,A01|F015|7|P0269+P0476+P0484+P0570+P0637+P1402+P3945,A01|F016|9|P0275+P0423+P0482+P0613+P0647+P0950+P1114+P2472+P2898,7,9,F015,F016,0.0,48.0,16.666666666666668,,0.8833962264150943,0.7058224433035845,0.8573584905660377,0.659622641509434,0.7460377358490566,0.8833962264150943,,,,,0.8833962264150943,improving_not_selected,4,0,4,0,0,71,False,6.457602299997234,
4,static_selected_distance,22,True,0,9,A01,A01|F001|4|P0036+P0918+P2537+P2942,A01|F005|11|P0177+P0622+P0879+P0978+P1006+P1078+P1307+P1710+P1910+P3403+P3882,4,11,F001,F005,0.0,50.0,22.333333333333332,,0.8735849056603774,0.8509166882080255,0.7709433962264151,0.7766037735849056,0.5615094339622642,0.8735849056603774,,,,,0.8735849056603774,improving_not_selected,4,0,4,0,0,98,False,6.194347299999208,
4,static_selected_distance,23,True,92,94,A03,A03|F046|1|P2863,A03|F048|16|P0255+P1217+P1261+P1569+P1604+P1761+P1870+P2022+P2105+P2156+P2369+P2395+P2743+P2914+P3267+P3471,1,16,F046,F048,0.0,50.0,27.666666666666668,,0.8735849056603774,0.7141797589233189,0.6890566037735849,0.35056603773584905,0.7460377358490566,0.8735849056603774,,,,,0.8735849056603774,improving_not_selected,2,0,2,0,0,115,False,6.4603447999979835,
4,static_selected_distance,24,True,92,95,A03,A03|F046|1|P2863,A03|F048|16|P2396+P2419+P2481+P2604+P2619+P2692+P2712+P2776+P2858+P3027+P3589+P3599+P3699+P3885+P3903+P3966,1,16,F046,F048,0.0,50.0,27.666666666666668,,0.8735849056603774,0.7141797589233189,0.6890566037735849,0.35056603773584905,0.7460377358490566,0.8735849056603774,,,,,0.8735849056603774,improving_not_selected,2,0,2,0,0,115,False,6.460692699998617,
4,static_selected_distance,25,True,7,15,A01,A01|F004|11|P0146+P0632+P0908+P1052+P1216+P1264+P1553+P2173+P2793+P3113+P3938,A01|F008|3|P1310+P1334+P3410,11,3,F004,F008,0.0,52.0,21.666666666666668,,0.8656603773584906,0.8586958855927248,0.780377358490566,0.6003773584905661,0.27433962264150946,0.8656603773584906,,,,,0.8656603773584906,improving_not_selected,4,4,0,0,0,98,False,6.455744599996251,
4,static_selected_distance,26,False,8,15,A01,A01|F004|16|P2183+P2362+P2487+P2551+P2669+P2716+P3039+P3053+P3119+P3159+P3243+P3375+P3585+P3598+P3761+P3906,A01|F008|3|P1310+P1334+P3410,16,3,F004,F008,0.0,52.0,21.666666666666668,,0.8656603773584906,0.8586958855927248,0.780377358490566,0.6003773584905661,0.27433962264150946,0.8656603773584906,,,,,0.8656603773584906,budget_not_selected,0,0,0,0,0,,False,,
4,static_selected_distance,27,False,29,33,A01,A01|F015|7|P0269+P0476+P0484+P0570+P0637+P1402+P3945,A01|F017|11|P0137+P0418+P0598+P1079+P1380+P1493+P1521+P1745+P2207+P2309+P2999,7,11,F015,F017,0.0,53.0,43.0,,0.860754716981132,0.854905755095559,0.4732075471698113,0.659622641509434,0.5615094339622642,0.860754716981132,,,,,0.860754716981132,budget_not_selected,0,0,0,0,0,,False,,
4,static_selected_distance,28,False,13,15,A01,A01|F007|9|P0057+P0480+P0652+P0685+P0786+P0812+P1703+P1838+P2738,A01|F008|3|P1310+P1334+P3410,9,3,F007,F008,0.0,54.0,14.333333333333334,,0.8573584905660377,0.8586958855927248,0.8943396226415095,0.9592452830188679,0.5615094339622642,0.8573584905660377,,,,,0.8573584905660377,budget_not_selected,0,0,0,0,0,,False,,
4,static_selected_distance,29,False,3,19,A01,A01|F002|7|P1754+P1771+P2409+P2625+P2819+P3592+P3961,A01|F010|12|P0028+P0077+P0375+P0395+P0583+P0631+P0642+P0835+P1907+P2840+P3644+P3775,7,12,F002,F010,0.0,56.0,3.3333333333333335,,0.8483018867924528,0.9294506967326246,0.9947169811320755,0.9328301886792453,0.5615094339622642,0.8483018867924528,,,,,0.8483018867924528,budget_not_selected,0,0,0,0,0,,False,,
4,static_selected_distance,30,False,15,17,A01,A01|F008|3|P1310+P1334+P3410,A01|F009|11|P0086+P0252+P0860+P1085+P1610+P1743+P1763+P1949+P2163+P3118+P3137,3,11,F008,F009,0.0,59.0,56.333333333333336,,0.8320754716981132,0.6173248558861338,0.3426415094339622,0.16150943396226414,0.27433962264150946,0.8320754716981132,,,,,0.8320754716981132,budget_not_selected,0,0,0,0,0,,False,,
4,static_selected_distance,31,False,15,18,A01,A01|F008|3|P1310+P1334+P3410,A01|F009|16|P2295+P2415+P2720+P2794+P2805+P2859+P2982+P2991+P3006+P3280+P3464+P3478+P3613+P3725+P3807+P3880,3,16,F008,F009,0.0,59.0,56.333333333333336,,0.8320754716981132,0.6173248558861338,0.3426415094339622,0.16150943396226414,0.27433962264150946,0.8320754716981132,,,,,0.8320754716981132,budget_not_selected,0,0,0,0,0,,False,,
4,static_selected_distance,32,False,15,30,A01,A01|F008|3|P1310+P1334+P3410,A01|F015|16|P0409+P0513+P0605+P0969+P0998+P1080+P1364+P1506+P1774+P1782+P2091+P3098+P3234+P3836+P3939+P3985,3,16,F008,F015,0.0,64.0,35.0,,0.8181132075471698,0.3922384769813739,0.5739622641509434,0.459622641509434,0.13999999999999996,0.8181132075471698,,,,,0.8181132075471698,budget_not_selected,0,0,0,0,0,,False,,
4,static_selected_distance,33,False,15,29,A01,A01|F008|3|P1310+P1334+P3410,A01|F015|7|P0269+P0476+P0484+P0570+P0637+P1402+P3945,3,7,F008,F015,0.0,64.0,35.0,,0.8181132075471698,0.3922384769813739,0.5739622641509434,0.459622641509434,0.13999999999999996,0.8181132075471698,,,,,0.8181132075471698,budget_not_selected,0,0,0,0,0,,False,,
4,static_selected_distance,34,False,39,53,A02,A02|F019|12|P0059+P0542+P0957+P1677+P2598+P2822+P3044+P3288+P3409+P3524+P3711+P3982,A02|F025|7|P1886+P2791+P3216+P3506+P3560+P3584+P3815,12,7,F019,F025,0.0,66.0,13.0,,0.8094339622641509,0.21419484696603946,0.9166037735849056,0.8784905660377358,0.5615094339622642,0.8094339622641509,,,,,0.8094339622641509,budget_not_selected,0,0,0,0,0,,False,,
4,static_selected_distance,35,False,0,60,A01,A01|F001|4|P0036+P0918+P2537+P2942,A01|F029|12|P0159+P0299+P0306+P0449+P0962+P0987+P1077+P1226+P1276+P1738+P1878+P1919,4,12,F001,F029,0.0,67.0,17.666666666666668,,0.8026415094339623,0.23871436012781846,0.8377358490566038,0.7766037735849056,0.4420754716981132,0.8026415094339623,,,,,0.8026415094339623,budget_not_selected,0,0,0,0,0,,False,,
4,static_selected_distance,36,False,78,92,A03,A03|F038|15|P0238+P0338+P0385+P0399+P0573+P0655+P0721+P0820+P0993+P1913+P2047+P2154+P2544+P2912+P3674,A03|F046|1|P2863,15,1,F038,F046,0.0,67.0,39.0,,0.8026415094339623,0.6436304556559435,0.5256603773584906,0.3886792452830189,0.7460377358490566,0.8026415094339623,,,,,0.8026415094339623,budget_not_selected,0,0,0,0,0,,False,,
4,static_selected_distance,37,False,79,92,A03,A03|F038|16|P1135+P1278+P1562+P1612+P1766+P1858+P2611+P2643+P2674+P2901+P3004+P3126+P3225+P3610+P3612+P3955,A03|F046|1|P2863,16,1,F038,F046,0.0,67.0,39.0,,0.8026415094339623,0.6436304556559435,0.5256603773584906,0.3886792452830189,0.7460377358490566,0.8026415094339623,,,,,0.8026415094339623,budget_not_selected,0,0,0,0,0,,False,,
4,static_selected_distance,38,False,0,33,A01,A01|F001|4|P0036+P0918+P2537+P2942,A01|F017|11|P0137+P0418+P0598+P1079+P1380+P1493+P1521+P1745+P2207+P2309+P2999,4,11,F001,F017,0.0,70.0,61.333333333333336,,0.7943396226415094,0.8509166882080255,0.3109433962264151,0.3007547169811321,0.5615094339622642,0.7943396226415094,,,,,0.7943396226415094,budget_not_selected,0,0,0,0,0,,False,,
4,static_selected_distance,39,False,0,29,A01,A01|F001|4|P0036+P0918+P2537+P2942,A01|F015|7|P0269+P0476+P0484+P0570+P0637+P1402+P3945,4,7,F001,F015,0.0,73.0,18.333333333333332,,0.7845283018867925,0.7058224433035845,0.8283018867924529,0.7766037735849056,0.23188679245283017,0.7845283018867925,,,,,0.7845283018867925,budget_not_selected,0,0,0,0,0,,False,,
4,static_selected_distance,40,False,3,15,A01,A01|F002|7|P1754+P1771+P2409+P2625+P2819+P3592+P3961,A01|F008|3|P1310+P1334+P3410,7,3,F002,F008,0.0,75.0,2.3333333333333335,,0.7762264150943397,0.8586958855927248,0.999245283018868,0.9592452830188679,0.7460377358490566,0.7762264150943397,,,,,0.7762264150943397,budget_not_selected,0,0,0,0,0,,False,,
4,static_selected_distance,41,False,15,27,A01,A01|F008|3|P1310+P1334+P3410,A01|F014|12|P0061+P0303+P0849+P1095+P1163+P1235+P1805+P1853+P1902+P2120+P2969+P3614,3,12,F008,F014,0.0,76.0,61.666666666666664,,0.7713207547169811,0.3922384769813739,0.30679245283018863,0.12943396226415094,0.5615094339622642,0.7713207547169811,,,,,0.7713207547169811,budget_not_selected,0,0,0,0,0,,False,,
4,static_selected_distance,42,False,15,28,A01,A01|F008|3|P1310+P1334+P3410,A01|F014|16|P2127+P2447+P2512+P2561+P2767+P2844+P2908+P2953+P3160+P3475+P3554+P3634+P3651+P3808+P3973+P3994,3,16,F008,F014,0.0,76.0,61.666666666666664,,0.7713207547169811,0.3922384769813739,0.30679245283018863,0.12943396226415094,0.5615094339622642,0.7713207547169811,,,,,0.7713207547169811,budget_not_selected,0,0,0,0,0,,False,,
4,static_selected_distance,43,False,19,29,A01,A01|F010|12|P0028+P0077+P0375+P0395+P0583+P0631+P0642+P0835+P1907+P2840+P3644+P3775,A01|F015|7|P0269+P0476+P0484+P0570+P0637+P1402+P3945,12,7,F010,F015,0.0,77.0,31.333333333333332,,0.7686792452830189,0.32148366584147414,0.630943396226415,0.5279245283018867,0.4420754716981132,0.7686792452830189,,,,,0.7686792452830189,budget_not_selected,0,0,0,0,0,,False,,
4,static_selected_distance,44,False,53,69,A02,A02|F025|7|P1886+P2791+P3216+P3506+P3560+P3584+P3815,A02|F033|12|P0660+P0761+P1198+P1462+P2397+P2940+P3002+P3303+P3352+P3542+P3649+P3929,7,12,F025,F033,0.0,80.0,36.333333333333336,,0.7588679245283019,0.21419484696603946,0.5573584905660378,0.7766037735849056,0.5615094339622642,0.7588679245283019,,,,,0.7588679245283019,budget_not_selected,0,0,0,0,0,,False,,
4,static_selected_distance,45,False,15,25,A01,A01|F008|3|P1310+P1334+P3410,A01|F013|15|P0229+P0417+P0419+P0453+P0648+P0672+P0785+P0870+P0912+P1139+P1153+P2464+P3092+P3150+P3176,3,15,F008,F013,0.0,81.0,60.333333333333336,,0.7532075471698113,0.8586958855927248,0.3162264150943396,0.7766037735849056,0.16943396226415092,0.7532075471698113,,,,,0.7532075471698113,budget_not_selected,0,0,0,0,0,,False,,
4,static_selected_distance,46,False,15,26,A01,A01|F008|3|P1310+P1334+P3410,A01|F013|16|P1296+P1897+P1992+P2044+P2061+P2343+P2463+P2807+P3202+P3277+P3466+P3572+P3676+P3797+P3849+P3925,3,16,F008,F013,0.0,81.0,60.333333333333336,,0.7532075471698113,0.8586958855927248,0.3162264150943396,0.7766037735849056,0.16943396226415092,0.7532075471698113,,,,,0.7532075471698113,budget_not_selected,0,0,0,0,0,,False,,
4,static_selected_distance,47,False,92,99,A03,A03|F046|1|P2863,A03|F051|16|P0102+P0184+P0349+P0446+P0462+P0502+P0530+P0541+P0797+P0856+P0904+P0997+P1081+P1684+P1723+P3708,1,16,F046,F051,0.0,82.0,55.666666666666664,,0.7483018867924529,0.5644333231583492,0.3479245283018868,0.35056603773584905,0.5169811320754717,0.7483018867924529,,,,,0.7483018867924529,budget_not_selected,0,0,0,0,0,,False,,
4,static_selected_distance,48,False,92,100,A03,A03|F046|1|P2863,A03|F051|17|P1926+P1962+P2059+P2217+P2218+P2228+P2558+P2562+P2726+P2847+P2930+P2945+P3082+P3167+P3184+P3253+P3947,1,17,F046,F051,0.0,82.0,55.666666666666664,,0.7483018867924529,0.5644333231583492,0.3479245283018868,0.35056603773584905,0.5169811320754717,0.7483018867924529,,,,,0.7483018867924529,budget_not_selected,0,0,0,0,0,,False,,
4,static_selected_distance,49,False,0,27,A01,A01|F001|4|P0036+P0918+P2537+P2942,A01|F014|12|P0061+P0303+P0849+P1095+P1163+P1235+P1805+P1853+P1902+P2120+P2969+P3614,4,12,F001,F014,0.0,85.0,45.0,,0.7366037735849056,0.7058224433035845,0.4479245283018868,0.3007547169811321,0.4420754716981132,0.7366037735849056,,,,,0.7366037735849056,budget_not_selected,0,0,0,0,0,,False,,
4,static_selected_distance,50,False,9,15,A01,A01|F005|11|P0177+P0622+P0879+P0978+P1006+P1078+P1307+P1710+P1910+P3403+P3882,A01|F008|3|P1310+P1334+P3410,11,3,F005,F008,0.0,88.0,39.0,,0.7271698113207548,0.32148366584147414,0.5256603773584906,0.459622641509434,0.27433962264150946,0.7271698113207548,,,,,0.7271698113207548,budget_not_selected,0,0,0,0,0,,False,,
4,static_selected_distance,51,False,10,15,A01,A01|F005|16|P1933+P2027+P2062+P2096+P2165+P2202+P2334+P2540+P2661+P2725+P3074+P3363+P3624+P3706+P3814+P3917,A01|F008|3|P1310+P1334+P3410,16,3,F005,F008,0.0,88.0,39.0,,0.7271698113207548,0.32148366584147414,0.5256603773584906,0.459622641509434,0.27433962264150946,0.7271698113207548,,,,,0.7271698113207548,budget_not_selected,0,0,0,0,0,,False,,
4,static_selected_distance,52,False,15,23,A01,A01|F008|3|P1310+P1334+P3410,A01|F012|15|P0004+P0049+P0093+P0228+P0239+P0247+P0266+P0510+P0525+P0561+P0584+P0619+P2131+P2753+P3211,3,15,F008,F012,0.0,89.0,21.333333333333332,,0.7218867924528302,0.32148366584147414,0.7860377358490566,0.7256603773584906,0.6722641509433962,0.7218867924528302,,,,,0.7218867924528302,budget_not_selected,0,0,0,0,0,,False,,
4,static_selected_distance,53,False,15,62,A01,A01|F008|3|P1310+P1334+P3410,A01|F030|16|P0169+P0332+P0347+P0357+P0479+P0562+P0661+P1007+P1086+P1200+P1324+P1376+P1739+P1804+P2026+P2086,3,16,F008,F030,0.0,89.0,69.33333333333333,,0.7218867924528302,0.32148366584147414,0.26113207547169814,0.12943396226415094,0.7460377358490566,0.7218867924528302,,,,,0.7218867924528302,budget_not_selected,0,0,0,0,0,,False,,
4,static_selected_distance,54,False,0,58,A01,A01|F001|4|P0036+P0918+P2537+P2942,A01|F028|12|P0241+P0272+P0289+P0320+P0490+P0559+P0600+P0634+P0700+P0953+P1113+P1179,4,12,F001,F028,0.0,91.0,10.666666666666666,,0.7143396226415094,0.4807360643988245,0.940377358490566,0.7766037735849056,0.4420754716981132,0.7143396226415094,,,,,0.7143396226415094,budget_not_selected,0,0,0,0,0,,False,,
4,static_selected_distance,55,False,89,92,A03,A03|F045|16|P0365+P0430+P0568+P0673+P0741+P0776+P0781+P0801+P0805+P0826+P0829+P1640+P1785+P1803+P2939+P3969,A03|F046|1|P2863,16,1,F045,F046,0.0,92.0,41.0,,0.7109433962264151,0.5644333231583492,0.4996226415094339,0.35056603773584905,0.7460377358490566,0.7109433962264151,,,,,0.7109433962264151,budget_not_selected,0,0,0,0,0,,False,,
4,static_selected_distance,56,False,7,29,A01,A01|F004|11|P0146+P0632+P0908+P1052+P1216+P1264+P1553+P2173+P2793+P3113+P3938,A01|F015|7|P0269+P0476+P0484+P0570+P0637+P1402+P3945,11,7,F004,F015,0.0,95.0,13.333333333333334,,0.7026415094339622,0.32148366584147414,0.9116981132075471,0.9328301886792453,0.5615094339622642,0.7026415094339622,,,,,0.7026415094339622,budget_not_selected,0,0,0,0,0,,False,,
4,static_selected_distance,57,False,3,21,A01,A01|F002|7|P1754+P1771+P2409+P2625+P2819+P3592+P3961,A01|F011|12|P0174+P0284+P0293+P0535+P0707+P0823+P0923+P1529+P1571+P1718+P3108+P3175,7,12,F002,F011,0.0,99.0,21.666666666666668,,0.6826415094339623,0.546570044746234,0.780377358490566,0.3886792452830189,0.7460377358490566,0.6826415094339623,,,,,0.6826415094339623,budget_not_selected,0,0,0,0,0,,False,,
4,static_selected_distance,58,False,3,17,A01,A01|F002|7|P1754+P1771+P2409+P2625+P2819+P3592+P3961,A01|F009|11|P0086+P0252+P0860+P1085+P1610+P1743+P1763+P1949+P2163+P3118+P3137,7,11,F002,F009,0.0,100.0,56.0,,0.6799999999999999,0.546570044746234,0.3460377358490566,0.12943396226415094,0.6722641509433962,0.6799999999999999,,,,,0.6799999999999999,budget_not_selected,0,0,0,0,0,,False,,
4,static_selected_distance,59,False,0,21,A01,A01|F001|4|P0036+P0918+P2537+P2942,A01|F011|12|P0174+P0284+P0293+P0535+P0707+P0823+P0923+P1529+P1571+P1718+P3108+P3175,4,12,F001,F011,0.0,101.0,10.0,,0.6777358490566038,0.4807360643988245,0.9471698113207547,0.7256603773584906,0.6722641509433962,0.6777358490566038,,,,,0.6777358490566038,budget_not_selected,0,0,0,0,0,,False,,
4,static_selected_distance,60,False,0,17,A01,A01|F001|4|P0036+P0918+P2537+P2942,A01|F009|11|P0086+P0252+P0860+P1085+P1610+P1743+P1763+P1949+P2163+P3118+P3137,4,11,F001,F009,0.0,107.0,39.666666666666664,,0.6603773584905661,0.4807360643988245,0.5181132075471698,0.2516981132075472,0.5615094339622642,0.6603773584905661,,,,,0.6603773584905661,budget_not_selected,0,0,0,0,0,,False,,
4,static_selected_distance,61,False,84,92,A03,A03|F041|16|P0377+P0519+P0657+P0794+P1479+P1556+P1742+P1850+P1978+P2178+P2650+P2871+P2966+P3089+P3423+P3954,A03|F046|1|P2863,16,1,F041,F046,0.0,110.0,60.0,,0.6520754716981132,0.5644333231583492,0.31849056603773584,0.2516981132075472,0.4852830188679245,0.6520754716981132,,,,,0.6520754716981132,budget_not_selected,0,0,0,0,0,,False,,
4,static_selected_distance,62,False,15,32,A01,A01|F008|3|P1310+P1334+P3410,A01|F016|16|P1347+P1537+P1579+P1582+P1680+P1697+P2185+P2192+P2227+P2731+P2736+P3170+P3192+P3316+P3356+P3427,3,16,F008,F016,0.0,112.0,51.666666666666664,,0.6449056603773584,0.242949657316875,0.37584905660377355,0.12943396226415094,0.789622641509434,0.6449056603773584,,,,,0.6449056603773584,budget_not_selected,0,0,0,0,0,,False,,
4,static_selected_distance,63,False,15,31,A01,A01|F008|3|P1310+P1334+P3410,A01|F016|9|P0275+P0423+P0482+P0613+P0647+P0950+P1114+P2472+P2898,3,9,F008,F016,0.0,112.0,51.666666666666664,,0.6449056603773584,0.242949657316875,0.37584905660377355,0.12943396226415094,0.789622641509434,0.6449056603773584,,,,,0.6449056603773584,budget_not_selected,0,0,0,0,0,,False,,
4,static_selected_distance,64,False,15,33,A01,A01|F008|3|P1310+P1334+P3410,A01|F017|11|P0137+P0418+P0598+P1079+P1380+P1493+P1521+P1745+P2207+P2309+P2999,3,11,F008,F017,0.0,112.0,78.0,,0.6449056603773584,0.32148366584147414,0.22867924528301886,0.12943396226415094,0.27433962264150946,0.6449056603773584,,,,,0.6449056603773584,budget_not_selected,0,0,0,0,0,,False,,
4,static_selected_distance,65,False,15,34,A01,A01|F008|3|P1310+P1334+P3410,A01|F017|16|P2043+P2137+P2139+P2152+P2229+P2499+P2682+P2789+P2825+P2836+P3112+P3240+P3279+P3310+P3655+P3684,3,16,F008,F017,0.0,112.0,78.0,,0.6449056603773584,0.32148366584147414,0.22867924528301886,0.12943396226415094,0.27433962264150946,0.6449056603773584,,,,,0.6449056603773584,budget_not_selected,0,0,0,0,0,,False,,
4,static_selected_distance,66,False,13,29,A01,A01|F007|9|P0057+P0480+P0652+P0685+P0786+P0812+P1703+P1838+P2738,A01|F015|7|P0269+P0476+P0484+P0570+P0637+P1402+P3945,9,7,F007,F015,0.0,113.0,49.333333333333336,,0.6407547169811321,0.32148366584147414,0.40113207547169816,0.5279245283018867,0.4420754716981132,0.6407547169811321,,,,,0.6407547169811321,budget_not_selected,0,0,0,0,0,,False,,
4,static_selected_distance,67,False,3,58,A01,A01|F002|7|P1754+P1771+P2409+P2625+P2819+P3592+P3961,A01|F028|12|P0241+P0272+P0289+P0320+P0490+P0559+P0600+P0634+P0700+P0953+P1113+P1179,7,12,F002,F028,0.0,114.0,7.0,,0.6373584905660377,0.546570044746234,0.9694339622641509,0.9328301886792453,0.5615094339622642,0.6373584905660377,,,,,0.6373584905660377,budget_not_selected,0,0,0,0,0,,False,,
4,static_selected_distance,68,False,86,92,A03,A03|F043|16|P1316+P1327+P1450+P1615+P1855+P1948+P2206+P2442+P2477+P2648+P2766+P3094+P3459+P3510+P3774+P3793,A03|F046|1|P2863,16,1,F043,F046,0.0,117.0,83.0,,0.6245283018867924,0.48345010405272415,0.21132075471698109,0.2516981132075472,0.789622641509434,0.6245283018867924,,,,,0.6245283018867924,budget_not_selected,0,0,0,0,0,,False,,
4,static_selected_distance,69,False,3,27,A01,A01|F002|7|P1754+P1771+P2409+P2625+P2819+P3592+P3961,A01|F014|12|P0061+P0303+P0849+P1095+P1163+P1235+P1805+P1853+P1902+P2120+P2969+P3614,7,12,F002,F014,0.0,124.0,61.333333333333336,,0.6052830188679246,0.32148366584147414,0.3109433962264151,0.10528301886792457,0.5615094339622642,0.6052830188679246,,,,,0.6052830188679246,budget_not_selected,0,0,0,0,0,,False,,
4,static_selected_distance,70,False,3,29,A01,A01|F002|7|P1754+P1771+P2409+P2625+P2819+P3592+P3961,A01|F015|7|P0269+P0476+P0484+P0570+P0637+P1402+P3945,7,7,F002,F015,0.0,127.0,34.666666666666664,,0.5966037735849057,0.32148366584147414,0.5800000000000001,0.42188679245283023,0.6722641509433962,0.5966037735849057,,,,,0.5966037735849057,budget_not_selected,0,0,0,0,0,,False,,
4,static_selected_distance,71,False,29,60,A01,A01|F015|7|P0269+P0476+P0484+P0570+P0637+P1402+P3945,A01|F029|12|P0159+P0299+P0306+P0449+P0962+P0987+P1077+P1226+P1276+P1738+P1878+P1919,7,12,F015,F029,0.0,128.0,13.333333333333334,,0.5932075471698113,0.16018035160321933,0.9116981132075471,0.659622641509434,0.4420754716981132,0.5932075471698113,,,,,0.5932075471698113,budget_not_selected,0,0,0,0,0,,False,,
4,static_selected_distance,72,False,53,63,A02,A02|F025|7|P1886+P2791+P3216+P3506+P3560+P3584+P3815,A02|F030|10|P0448+P2098+P2453+P3096+P3117+P3531+P3615+P3686+P3799+P3847,7,10,F025,F030,0.0,128.0,22.333333333333332,,0.5932075471698113,0.0,0.7709433962264151,0.659622641509434,0.7460377358490566,0.5932075471698113,,,,,0.5932075471698113,budget_not_selected,0,0,0,0,0,,False,,
4,static_selected_distance,73,False,15,40,A01,A01|F008|3|P1310+P1334+P3410,A01|F020|16|P0249+P0350+P0421+P0436+P0440+P0458+P0492+P0612+P1119+P1120+P1315+P1329+P1333+P1343+P1358+P1365,3,16,F008,F020,0.0,130.0,64.33333333333333,,0.5864150943396227,0.242949657316875,0.2924528301886793,0.12943396226415094,0.6722641509433962,0.5864150943396227,,,,,0.5864150943396227,budget_not_selected,0,0,0,0,0,,False,,
4,static_selected_distance,74,False,15,41,A01,A01|F008|3|P1310+P1334+P3410,A01|F020|16|P1453+P1671+P1699+P1713+P1790+P1794+P1857+P2034+P2057+P2216+P2287+P2469+P2543+P2657+P2722+P2831,3,16,F008,F020,0.0,130.0,64.33333333333333,,0.5864150943396227,0.242949657316875,0.2924528301886793,0.12943396226415094,0.6722641509433962,0.5864150943396227,,,,,0.5864150943396227,budget_not_selected,0,0,0,0,0,,False,,
4,static_selected_distance,75,False,0,15,A01,A01|F001|4|P0036+P0918+P2537+P2942,A01|F008|3|P1310+P1334+P3410,4,3,F001,F008,0.0,131.0,16.666666666666668,,0.580754716981132,0.242949657316875,0.8573584905660377,0.8350943396226416,0.6722641509433962,0.580754716981132,,,,,0.580754716981132,budget_not_selected,0,0,0,0,0,,False,,
4,static_selected_distance,76,False,15,46,A01,A01|F008|3|P1310+P1334+P3410,A01|F022|16|P0002+P0055+P0058+P0126+P0214+P0268+P0460+P0750+P0782+P0800+P0909+P0992+P1141+P1151+P1188+P1463,3,16,F008,F022,0.0,134.0,42.0,,0.570566037735849,0.242949657316875,0.4883018867924528,0.2516981132075472,0.6722641509433962,0.570566037735849,,,,,0.570566037735849,budget_not_selected,0,0,0,0,0,,False,,
4,static_selected_distance,77,False,15,47,A01,A01|F008|3|P1310+P1334+P3410,A01|F022|16|P1476+P1481+P1544+P1577+P1627+P1900+P1984+P2051+P2258+P2317+P2333+P2382+P2393+P2425+P2462+P2578,3,16,F008,F022,0.0,134.0,42.0,,0.570566037735849,0.242949657316875,0.4883018867924528,0.2516981132075472,0.6722641509433962,0.570566037735849,,,,,0.570566037735849,budget_not_selected,0,0,0,0,0,,False,,
4,static_selected_distance,78,False,87,92,A03,A03|F044|16|P0074+P0259+P0386+P0396+P0442+P0558+P0566+P0582+P0704+P0728+P0768+P0838+P2843+P3238+P3260+P3334,A03|F046|1|P2863,16,1,F044,F046,0.0,137.0,98.66666666666667,,0.5618867924528301,0.48345010405272415,0.1584905660377358,0.3886792452830189,0.789622641509434,0.5618867924528301,,,,,0.5618867924528301,budget_not_selected,0,0,0,0,0,,False,,
4,static_selected_distance,79,False,88,92,A03,A03|F044|18|P0822+P1103+P1382+P1760+P1960+P2036+P2364+P2667+P2783+P2835+P3008+P3155+P3209+P3325+P3591+P3656+P3762+P3897,A03|F046|1|P2863,18,1,F044,F046,0.0,137.0,98.66666666666667,,0.5618867924528301,0.48345010405272415,0.1584905660377358,0.3886792452830189,0.789622641509434,0.5618867924528301,,,,,0.5618867924528301,budget_not_selected,0,0,0,0,0,,False,,
4,static_selected_distance,80,False,0,19,A01,A01|F001|4|P0036+P0918+P2537+P2942,A01|F010|12|P0028+P0077+P0375+P0395+P0583+P0631+P0642+P0835+P1907+P2840+P3644+P3775,4,12,F001,F010,0.0,147.0,15.0,,0.5275471698113208,0.242949657316875,0.8833962264150943,0.7766037735849056,0.4420754716981132,0.5275471698113208,,,,,0.5275471698113208,budget_not_selected,0,0,0,0,0,,False,,
4,static_selected_distance,81,False,15,37,A01,A01|F008|3|P1310+P1334+P3410,A01|F019|13|P0045+P0134+P0344+P0493+P0572+P0946+P1099+P1101+P1160+P1164+P1284+P1345+P1500,3,13,F008,F019,0.0,147.0,34.0,,0.5275471698113208,0.242949657316875,0.5920754716981131,0.7256603773584906,0.5615094339622642,0.5275471698113208,,,,,0.5275471698113208,budget_not_selected,0,0,0,0,0,,False,,
4,static_selected_distance,82,False,3,9,A01,A01|F002|7|P1754+P1771+P2409+P2625+P2819+P3592+P3961,A01|F005|11|P0177+P0622+P0879+P0978+P1006+P1078+P1307+P1710+P1910+P3403+P3882,7,11,F002,F005,0.0,151.0,38.666666666666664,,0.5150943396226415,0.32148366584147414,0.5313207547169811,0.42188679245283023,0.6722641509433962,0.5150943396226415,,,,,0.5150943396226415,budget_not_selected,0,0,0,0,0,,False,,
4,static_selected_distance,83,False,3,33,A01,A01|F002|7|P1754+P1771+P2409+P2625+P2819+P3592+P3961,A01|F017|11|P0137+P0418+P0598+P1079+P1380+P1493+P1521+P1745+P2207+P2309+P2999,7,11,F002,F017,0.0,161.0,77.66666666666667,,0.48716981132075476,0.32148366584147414,0.23094339622641513,0.10528301886792457,0.6722641509433962,0.48716981132075476,,,,,0.48716981132075476,budget_not_selected,0,0,0,0,0,,False,,
4,static_selected_distance,84,False,13,31,A01,A01|F007|9|P0057+P0480+P0652+P0685+P0786+P0812+P1703+P1838+P2738,A01|F016|9|P0275+P0423+P0482+P0613+P0647+P0950+P1114+P2472+P2898,9,9,F007,F016,0.0,161.0,66.0,,0.48716981132075476,0.242949657316875,0.28490566037735854,0.16150943396226414,0.2888679245283019,0.48716981132075476,,,,,0.48716981132075476,budget_not_selected,0,0,0,0,0,,False,,
4,static_selected_distance,85,False,82,92,A03,A03|F040|11|P0140+P0367+P0868+P0880+P1004+P1567+P1598+P1705+P1715+P1750+P2374,A03|F046|1|P2863,11,1,F040,F046,0.0,165.0,124.66666666666667,,0.4747169811320755,0.24050044673584917,0.10528301886792457,0.20226415094339623,0.789622641509434,0.4747169811320755,,,,,0.4747169811320755,budget_not_selected,0,0,0,0,0,,False,,
4,static_selected_distance,86,False,83,92,A03,A03|F040|16|P1908+P2094+P2386+P2555+P2727+P2746+P2775+P2846+P2881+P2935+P3222+P3287+P3322+P3477+P3547+P3721,A03|F046|1|P2863,16,1,F040,F046,0.0,165.0,124.66666666666667,,0.4747169811320755,0.24050044673584917,0.10528301886792457,0.20226415094339623,0.789622641509434,0.4747169811320755,,,,,0.4747169811320755,budget_not_selected,0,0,0,0,0,,False,,
4,static_selected_distance,87,False,0,7,A01,A01|F001|4|P0036+P0918+P2537+P2942,A01|F004|11|P0146+P0632+P0908+P1052+P1216+P1264+P1553+P2173+P2793+P3113+P3938,4,11,F001,F004,0.0,168.0,12.333333333333334,,0.46566037735849053,0.242949657316875,0.9286792452830188,0.7766037735849056,0.5615094339622642,0.46566037735849053,,,,,0.46566037735849053,budget_not_selected,0,0,0,0,0,,False,,
4,static_selected_distance,88,False,3,31,A01,A01|F002|7|P1754+P1771+P2409+P2625+P2819+P3592+P3961,A01|F016|9|P0275+P0423+P0482+P0613+P0647+P0950+P1114+P2472+P2898,7,9,F002,F016,0.0,172.0,51.333333333333336,,0.45547169811320753,0.242949657316875,0.3815094339622641,0.10528301886792457,0.789622641509434,0.45547169811320753,,,,,0.45547169811320753,budget_not_selected,0,0,0,0,0,,False,,
4,static_selected_distance,89,False,0,13,A01,A01|F001|4|P0036+P0918+P2537+P2942,A01|F007|9|P0057+P0480+P0652+P0685+P0786+P0812+P1703+P1838+P2738,4,9,F001,F007,0.0,184.0,31.0,,0.4207547169811321,0.242949657316875,0.6377358490566039,0.7766037735849056,0.4420754716981132,0.4207547169811321,,,,,0.4207547169811321,budget_not_selected,0,0,0,0,0,,False,,
4,static_selected_distance,90,False,15,60,A01,A01|F008|3|P1310+P1334+P3410,A01|F029|12|P0159+P0299+P0306+P0449+P0962+P0987+P1077+P1226+P1276+P1738+P1878+P1919,3,12,F008,F029,0.0,191.0,34.333333333333336,,0.4007547169811321,0.080983219105625,0.5860377358490566,0.459622641509434,0.14660377358490562,0.4007547169811321,,,,,0.4007547169811321,budget_not_selected,0,0,0,0,0,,False,,
4,static_selected_distance,91,False,85,92,A03,A03|F042|16|P1174+P1268+P1435+P1683+P2031+P2751+P2779+P2786+P2889+P2965+P3028+P3309+P3346+P3428+P3959+P3970,A03|F046|1|P2863,16,1,F042,F046,0.0,191.0,152.0,,0.4007547169811321,0.24050044673584917,0.05962264150943397,0.16150943396226414,0.4941509433962264,0.4007547169811321,,,,,0.4007547169811321,budget_not_selected,0,0,0,0,0,,False,,
4,static_selected_distance,92,False,92,102,A03,A03|F046|1|P2863,A03|F042+F050|18|P0166+P0294+P0455+P0540+P0617+P0638+P0643+P0865+P1203+P1767+P2093+P2330+P2521+P2730+P2972+P2984+P3627+P3730,1,18,F046,F042|F050,0.0,191.0,170.16666666666669,,0.4007547169811321,0.24050044673584917,0.05962264150943397,0.16150943396226414,0.4941509433962264,0.4007547169811321,,,,,0.4007547169811321,budget_not_selected,0,0,0,0,0,,False,,
4,static_selected_distance,93,False,76,92,A03,A03|F037|12|P0199+P0260+P0330+P0911+P0980+P1009+P1042+P1221+P1477+P1484+P2048+P2956,A03|F046|1|P2863,12,1,F037,F046,0.0,192.0,144.33333333333334,,0.3969811320754717,0.24050044673584917,0.07207547169811324,0.10528301886792457,0.7460377358490566,0.3969811320754717,,,,,0.3969811320754717,budget_not_selected,0,0,0,0,0,,False,,
4,static_selected_distance,94,False,77,92,A03,A03|F037|16|P2045+P2058+P2261+P2275+P2291+P2448+P2450+P2531+P3084+P3156+P3530+P3637+P3717+P3846+P3851+P3989,A03|F046|1|P2863,16,1,F037,F046,0.0,192.0,144.33333333333334,,0.3969811320754717,0.24050044673584917,0.07207547169811324,0.10528301886792457,0.7460377358490566,0.3969811320754717,,,,,0.3969811320754717,budget_not_selected,0,0,0,0,0,,False,,
4,static_selected_distance,95,False,0,3,A01,A01|F001|4|P0036+P0918+P2537+P2942,A01|F002|7|P1754+P1771+P2409+P2625+P2819+P3592+P3961,4,7,F001,F002,0.0,200.0,17.666666666666668,,0.3766037735849057,0.242949657316875,0.8377358490566038,0.7766037735849056,0.6722641509433962,0.3766037735849057,,,,,0.3766037735849057,budget_not_selected,0,0,0,0,0,,False,,
4,static_selected_distance,96,False,75,82,A03,A03|F036|8|P0401+P0709+P1087+P1650+P1817+P3698+P3755+P3770,A03|F040|11|P0140+P0367+P0868+P0880+P1004+P1567+P1598+P1705+P1715+P1750+P2374,8,11,F036,F040,0.0,205.0,135.66666666666666,,0.3652830188679246,0.16196643821125,0.0860377358490566,0.16150943396226414,0.5615094339622642,0.3652830188679246,,,,,0.3652830188679246,budget_not_selected,0,0,0,0,0,,False,,
4,static_selected_distance,97,False,0,25,A01,A01|F001|4|P0036+P0918+P2537+P2942,A01|F013|15|P0229+P0417+P0419+P0453+P0648+P0672+P0785+P0870+P0912+P1139+P1153+P2464+P3092+P3150+P3176,4,15,F001,F013,0.0,210.0,77.0,,0.3501886792452831,0.242949657316875,0.23245283018867924,0.459622641509434,0.4420754716981132,0.3501886792452831,,,,,0.3501886792452831,budget_not_selected,0,0,0,0,0,,False,,
4,static_selected_distance,98,False,15,72,A01,A01|F008|3|P1310+P1334+P3410,A01|F035|16|P0428+P0565+P0665+P0677+P0755+P1049+P1124+P1256+P1366+P1575+P1701+P1714+P2079+P2116+P2239+P2413,3,16,F008,F035,0.0,227.0,22.0,,0.31169811320754715,0.0,0.7754716981132075,0.8350943396226416,0.789622641509434,0.31169811320754715,,,,,0.31169811320754715,budget_not_selected,0,0,0,0,0,,False,,
4,static_selected_distance,99,False,3,60,A01,A01|F002|7|P1754+P1771+P2409+P2625+P2819+P3592+P3961,A01|F029|12|P0159+P0299+P0306+P0449+P0962+P0987+P1077+P1226+P1276+P1738+P1878+P1919,7,12,F002,F029,0.0,253.0,34.0,,0.2554716981132076,0.080983219105625,0.5920754716981131,0.42188679245283023,0.5615094339622642,0.2554716981132076,,,,,0.2554716981132076,budget_not_selected,0,0,0,0,0,,False,,
5,static_selected_distance,1,True,15,19,A01,A01|F008|3|P1310+P1334+P3410,A01|F010|12|P0028+P0077+P0375+P0395+P0583+P0631+P0642+P0835+P1907+P2840+P3644+P3775,3,12,F008,F010,0.0,19.0,3.6666666666666665,,0.9864150943396226,0.9292451888601003,0.9932075471698113,0.9592452830188679,0.16943396226415092,0.9864150943396226,,,,,0.9864150943396226,accepted,4,0,4,0,0,131,True,7.115152400001534,7.221714999999676
5,static_selected_distance,2,True,53,61,A02,A02|F025|7|P1886+P2791+P3216+P3506+P3560+P3584+P3815,A02|F029|12|P0226+P1827+P1956+P2101+P2590+P2617+P2683+P2796+P2810+P3402+P3626+P3741,7,12,F025,F029,0.0,24.0,12.666666666666666,,0.9739622641509434,0.8398196483967807,0.9226415094339623,0.9864150943396226,0.5615094339622642,0.9739622641509434,,,,,0.9739622641509434,improving_not_selected,2,0,2,0,0,117,False,7.221682499999588,
5,static_selected_distance,3,True,0,37,A01,A01|F001|4|P0036+P0918+P2537+P2942,A01|F019|13|P0045+P0134+P0344+P0493+P0572+P0946+P1099+P1101+P1160+P1164+P1284+P1345+P1500,4,13,F001,F019,0.0,25.0,17.333333333333332,,0.9694339622641509,0.8643391615585597,0.8456603773584905,0.9328301886792453,0.4420754716981132,0.9694339622641509,,,,,0.9694339622641509,improving_not_selected,2,0,2,0,0,127,False,6.4766522999998415,
5,static_selected_distance,4,True,9,29,A01,A01|F005|11|P0177+P0622+P0879+P0978+P1006+P1078+P1307+P1710+P1910+P3403+P3882,A01|F015|7|P0269+P0476+P0484+P0570+P0637+P1402+P3945,11,7,F005,F015,0.0,25.0,4.0,,0.9694339622641509,0.7843564518281836,0.9909433962264151,0.9864150943396226,0.5615094339622642,0.9694339622641509,,,,,0.9694339622641509,improving_not_selected,2,0,2,0,0,81,False,6.615419900001143,
5,static_selected_distance,5,True,27,29,A01,A01|F014|12|P0061+P0303+P0849+P1095+P1163+P1235+P1805+P1853+P1902+P2120+P2969+P3614,A01|F015|7|P0269+P0476+P0484+P0570+P0637+P1402+P3945,12,7,F014,F015,0.0,27.0,26.666666666666668,,0.9633962264150944,1.0,0.7090566037735849,0.659622641509434,0.4420754716981132,0.9633962264150944,,,,,0.9633962264150944,improving_not_selected,2,0,2,0,0,74,False,7.115908300002047,
5,static_selected_distance,6,True,3,13,A01,A01|F002|7|P1754+P1771+P2409+P2625+P2819+P3592+P3961,A01|F007|9|P0057+P0480+P0652+P0685+P0786+P0812+P1703+P1838+P2738,7,9,F002,F007,0.0,30.0,14.666666666666666,,0.9566037735849057,1.0,0.8883018867924528,0.9328301886792453,0.5615094339622642,0.9566037735849057,,,,,0.9566037735849057,improving_not_selected,4,0,4,0,0,122,False,6.476958100000047,
5,static_selected_distance,7,True,21,29,A01,A01|F011|12|P0174+P0284+P0293+P0535+P0707+P0823+P0923+P1529+P1571+P1718+P3108+P3175,A01|F015|7|P0269+P0476+P0484+P0570+P0637+P1402+P3945,12,7,F011,F015,0.0,31.0,13.0,,0.9535849056603773,0.7043643178278647,0.9166037735849056,0.6988679245283018,0.6722641509433962,0.9535849056603773,,,,,0.9535849056603773,improving_not_selected,2,0,2,0,0,79,False,7.1157867000001715,
5,static_selected_distance,8,True,29,58,A01,A01|F015|7|P0269+P0476+P0484+P0570+P0637+P1402+P3945,A01|F028|12|P0241+P0272+P0289+P0320+P0490+P0559+P0600+P0634+P0700+P0953+P1113+P1179,7,12,F015,F028,0.0,32.0,27.666666666666668,,0.949811320754717,0.7043643178278647,0.6890566037735849,0.5279245283018867,0.4420754716981132,0.949811320754717,,,,,0.949811320754717,improving_not_selected,2,0,2,0,0,92,False,7.221385899996676,
5,static_selected_distance,9,True,3,7,A01,A01|F002|7|P1754+P1771+P2409+P2625+P2819+P3592+P3961,A01|F004|11|P0146+P0632+P0908+P1052+P1216+P1264+P1553+P2173+P2793+P3113+P3938,7,11,F002,F004,0.0,33.0,21.333333333333332,,0.9460377358490566,1.0,0.7860377358490566,0.5279245283018867,0.6722641509433962,0.9460377358490566,,,,,0.9460377358490566,improving_not_selected,2,0,2,0,0,103,False,6.476767399995879,
5,static_selected_distance,10,True,15,21,A01,A01|F008|3|P1310+P1334+P3410,A01|F011|12|P0174+P0284+P0293+P0535+P0707+P0823+P0923+P1529+P1571+P1718+P3108+P3175,3,12,F008,F011,0.0,33.0,22.0,,0.9460377358490566,0.6878741591535094,0.7754716981132075,0.42188679245283023,0.7460377358490566,0.9460377358490566,,,,,0.9460377358490566,improving_not_selected,4,0,4,0,0,113,False,7.115338600000541,
5,static_selected_distance,11,True,17,29,A01,A01|F009|11|P0086+P0252+P0860+P1085+P1610+P1743+P1763+P1949+P2163+P3118+P3137,A01|F015|7|P0269+P0476+P0484+P0570+P0637+P1402+P3945,11,7,F009,F015,0.0,38.0,21.333333333333332,,0.9233962264150943,0.7749136210952401,0.7860377358490566,0.6003773584905661,0.5615094339622642,0.9233962264150943,,,,,0.9233962264150943,improving_not_selected,2,0,2,0,0,72,False,7.11567130000185,
5,static_selected_distance,12,True,51,53,A02,A02|F024|12|P0213+P0307+P0433+P0499+P0729+P1905+P2195+P2535+P2572+P3190+P3603+P3872,A02|F025|7|P1886+P2791+P3216+P3506+P3560+P3584+P3815,12,7,F024,F025,0.0,39.0,15.666666666666666,,0.919245283018868,0.8398196483967807,0.8758490566037735,0.6003773584905661,0.7460377358490566,0.919245283018868,,,,,0.919245283018868,improving_not_selected,2,0,2,0,0,98,False,7.221552499999234,
5,static_selected_distance,13,True,0,31,A01,A01|F001|4|P0036+P0918+P2537+P2942,A01|F016|9|P0275+P0423+P0482+P0613+P0647+P0950+P1114+P2472+P2898,4,9,F001,F016,0.0,41.0,35.0,,0.9109433962264151,0.9294506967326246,0.5739622641509434,0.3007547169811321,0.7460377358490566,0.9109433962264151,,,,,0.9109433962264151,improving_not_selected,4,0,4,0,0,99,False,6.476541299998644,
5,static_selected_distance,14,True,11,15,A01,A01|F006|16|P0042+P0044+P0089+P0113+P0151+P0158+P0186+P0240+P0244+P0267+P0393+P0718+P0863+P1394+P1611+P3271,A01|F008|3|P1310+P1334+P3410,16,3,F006,F008,0.0,41.0,16.333333333333332,,0.9109433962264151,0.8586958855927248,0.8626415094339622,0.7256603773584906,0.6722641509433962,0.9109433962264151,,,,,0.9109433962264151,improving_not_selected,2,0,2,0,0,112,False,6.615589699998964,
5,static_selected_distance,15,True,15,58,A01,A01|F008|3|P1310+P1334+P3410,A01|F028|12|P0241+P0272+P0289+P0320+P0490+P0559+P0600+P0634+P0700+P0953+P1113+P1179,3,12,F008,F028,0.0,41.0,7.333333333333333,,0.9109433962264151,0.6878741591535094,0.9667924528301887,0.9592452830188679,0.5615094339622642,0.9109433962264151,,,,,0.9109433962264151,improving_not_selected,4,0,4,0,0,115,False,7.115550700000313,
5,static_selected_distance,16,True,0,23,A01,A01|F001|4|P0036+P0918+P2537+P2942,A01|F012|15|P0004+P0049+P0093+P0228+P0239+P0247+P0266+P0510+P0525+P0561+P0584+P0619+P2131+P2753+P3211,4,15,F001,F012,0.0,42.0,5.333333333333333,,0.9064150943396226,0.8509166882080255,0.9815094339622642,0.9328301886792453,0.5615094339622642,0.9064150943396226,,,,,0.9064150943396226,improving_not_selected,2,0,2,0,0,122,False,6.476365299997269,
5,static_selected_distance,17,True,29,31,A01,A01|F015|7|P0269+P0476+P0484+P0570+P0637+P1402+P3945,A01|F016|9|P0275+P0423+P0482+P0613+P0647+P0950+P1114+P2472+P2898,7,9,F015,F016,0.0,48.0,16.666666666666668,,0.8833962264150943,0.7058224433035845,0.8573584905660377,0.659622641509434,0.7460377358490566,0.8833962264150943,,,,,0.8833962264150943,improving_not_selected,4,0,4,0,0,71,False,7.1161167999962345,
5,static_selected_distance,18,True,0,9,A01,A01|F001|4|P0036+P0918+P2537+P2942,A01|F005|11|P0177+P0622+P0879+P0978+P1006+P1078+P1307+P1710+P1910+P3403+P3882,4,11,F001,F005,0.0,50.0,22.333333333333332,,0.8735849056603774,0.8509166882080255,0.7709433962264151,0.7766037735849056,0.5615094339622642,0.8735849056603774,,,,,0.8735849056603774,improving_not_selected,4,0,4,0,0,98,False,6.476195399998687,
5,static_selected_distance,19,True,7,15,A01,A01|F004|11|P0146+P0632+P0908+P1052+P1216+P1264+P1553+P2173+P2793+P3113+P3938,A01|F008|3|P1310+P1334+P3410,11,3,F004,F008,0.0,52.0,21.666666666666668,,0.8656603773584906,0.8586958855927248,0.780377358490566,0.6003773584905661,0.27433962264150946,0.8656603773584906,,,,,0.8656603773584906,improving_not_selected,4,0,4,0,0,98,False,6.614756900002249,
5,static_selected_distance,20,True,8,15,A01,A01|F004|16|P2183+P2362+P2487+P2551+P2669+P2716+P3039+P3053+P3119+P3159+P3243+P3375+P3585+P3598+P3761+P3906,A01|F008|3|P1310+P1334+P3410,16,3,F004,F008,0.0,52.0,21.666666666666668,,0.8656603773584906,0.8586958855927248,0.780377358490566,0.6003773584905661,0.27433962264150946,0.8656603773584906,,,,,0.8656603773584906,improving_not_selected,2,0,2,0,0,98,False,6.615100999995775,
5,static_selected_distance,21,True,29,33,A01,A01|F015|7|P0269+P0476+P0484+P0570+P0637+P1402+P3945,A01|F017|11|P0137+P0418+P0598+P1079+P1380+P1493+P1521+P1745+P2207+P2309+P2999,7,11,F015,F017,0.0,53.0,43.0,,0.860754716981132,0.854905755095559,0.4732075471698113,0.659622641509434,0.5615094339622642,0.860754716981132,,,,,0.860754716981132,improving_not_selected,2,2,0,0,0,63,False,7.221073599997908,
5,static_selected_distance,22,True,13,15,A01,A01|F007|9|P0057+P0480+P0652+P0685+P0786+P0812+P1703+P1838+P2738,A01|F008|3|P1310+P1334+P3410,9,3,F007,F008,0.0,54.0,14.333333333333334,,0.8573584905660377,0.8586958855927248,0.8943396226415095,0.9592452830188679,0.5615094339622642,0.8573584905660377,,,,,0.8573584905660377,improving_not_selected,6,6,0,0,0,116,False,6.902263899995887,
5,static_selected_distance,23,True,3,19,A01,A01|F002|7|P1754+P1771+P2409+P2625+P2819+P3592+P3961,A01|F010|12|P0028+P0077+P0375+P0395+P0583+P0631+P0642+P0835+P1907+P2840+P3644+P3775,7,12,F002,F010,0.0,56.0,3.3333333333333335,,0.8483018867924528,0.9294506967326246,0.9947169811320755,0.9328301886792453,0.5615094339622642,0.8483018867924528,,,,,0.8483018867924528,improving_not_selected,2,2,0,0,0,93,False,6.614185099999304,
5,static_selected_distance,24,True,15,17,A01,A01|F008|3|P1310+P1334+P3410,A01|F009|11|P0086+P0252+P0860+P1085+P1610+P1743+P1763+P1949+P2163+P3118+P3137,3,11,F008,F009,0.0,59.0,56.333333333333336,,0.8320754716981132,0.6173248558861338,0.3426415094339622,0.16150943396226414,0.27433962264150946,0.8320754716981132,,,,,0.8320754716981132,improving_not_selected,4,4,0,0,0,90,False,7.114750799999456,
5,static_selected_distance,25,True,15,18,A01,A01|F008|3|P1310+P1334+P3410,A01|F009|16|P2295+P2415+P2720+P2794+P2805+P2859+P2982+P2991+P3006+P3280+P3464+P3478+P3613+P3725+P3807+P3880,3,16,F008,F009,0.0,59.0,56.333333333333336,,0.8320754716981132,0.6173248558861338,0.3426415094339622,0.16150943396226414,0.27433962264150946,0.8320754716981132,,,,,0.8320754716981132,improving_not_selected,2,0,2,0,0,90,False,7.114954700002272,
5,static_selected_distance,26,False,15,30,A01,A01|F008|3|P1310+P1334+P3410,A01|F015|16|P0409+P0513+P0605+P0969+P0998+P1080+P1364+P1506+P1774+P1782+P2091+P3098+P3234+P3836+P3939+P3985,3,16,F008,F015,0.0,64.0,35.0,,0.8181132075471698,0.3922384769813739,0.5739622641509434,0.459622641509434,0.13999999999999996,0.8181132075471698,,,,,0.8181132075471698,budget_not_selected,0,0,0,0,0,,False,,
5,static_selected_distance,27,False,15,29,A01,A01|F008|3|P1310+P1334+P3410,A01|F015|7|P0269+P0476+P0484+P0570+P0637+P1402+P3945,3,7,F008,F015,0.0,64.0,35.0,,0.8181132075471698,0.3922384769813739,0.5739622641509434,0.459622641509434,0.13999999999999996,0.8181132075471698,,,,,0.8181132075471698,budget_not_selected,0,0,0,0,0,,False,,
5,static_selected_distance,28,False,39,53,A02,A02|F019|12|P0059+P0542+P0957+P1677+P2598+P2822+P3044+P3288+P3409+P3524+P3711+P3982,A02|F025|7|P1886+P2791+P3216+P3506+P3560+P3584+P3815,12,7,F019,F025,0.0,66.0,13.0,,0.8094339622641509,0.21419484696603946,0.9166037735849056,0.8784905660377358,0.5615094339622642,0.8094339622641509,,,,,0.8094339622641509,budget_not_selected,0,0,0,0,0,,False,,
5,static_selected_distance,29,False,0,60,A01,A01|F001|4|P0036+P0918+P2537+P2942,A01|F029|12|P0159+P0299+P0306+P0449+P0962+P0987+P1077+P1226+P1276+P1738+P1878+P1919,4,12,F001,F029,0.0,67.0,17.666666666666668,,0.8026415094339623,0.23871436012781846,0.8377358490566038,0.7766037735849056,0.4420754716981132,0.8026415094339623,,,,,0.8026415094339623,budget_not_selected,0,0,0,0,0,,False,,
5,static_selected_distance,30,False,0,33,A01,A01|F001|4|P0036+P0918+P2537+P2942,A01|F017|11|P0137+P0418+P0598+P1079+P1380+P1493+P1521+P1745+P2207+P2309+P2999,4,11,F001,F017,0.0,70.0,61.333333333333336,,0.7943396226415094,0.8509166882080255,0.3109433962264151,0.3007547169811321,0.5615094339622642,0.7943396226415094,,,,,0.7943396226415094,budget_not_selected,0,0,0,0,0,,False,,
5,static_selected_distance,31,False,0,29,A01,A01|F001|4|P0036+P0918+P2537+P2942,A01|F015|7|P0269+P0476+P0484+P0570+P0637+P1402+P3945,4,7,F001,F015,0.0,73.0,18.333333333333332,,0.7845283018867925,0.7058224433035845,0.8283018867924529,0.7766037735849056,0.23188679245283017,0.7845283018867925,,,,,0.7845283018867925,budget_not_selected,0,0,0,0,0,,False,,
5,static_selected_distance,32,False,3,15,A01,A01|F002|7|P1754+P1771+P2409+P2625+P2819+P3592+P3961,A01|F008|3|P1310+P1334+P3410,7,3,F002,F008,0.0,75.0,2.3333333333333335,,0.7762264150943397,0.8586958855927248,0.999245283018868,0.9592452830188679,0.7460377358490566,0.7762264150943397,,,,,0.7762264150943397,budget_not_selected,0,0,0,0,0,,False,,
5,static_selected_distance,33,False,15,27,A01,A01|F008|3|P1310+P1334+P3410,A01|F014|12|P0061+P0303+P0849+P1095+P1163+P1235+P1805+P1853+P1902+P2120+P2969+P3614,3,12,F008,F014,0.0,76.0,61.666666666666664,,0.7713207547169811,0.3922384769813739,0.30679245283018863,0.12943396226415094,0.5615094339622642,0.7713207547169811,,,,,0.7713207547169811,budget_not_selected,0,0,0,0,0,,False,,
5,static_selected_distance,34,False,15,28,A01,A01|F008|3|P1310+P1334+P3410,A01|F014|16|P2127+P2447+P2512+P2561+P2767+P2844+P2908+P2953+P3160+P3475+P3554+P3634+P3651+P3808+P3973+P3994,3,16,F008,F014,0.0,76.0,61.666666666666664,,0.7713207547169811,0.3922384769813739,0.30679245283018863,0.12943396226415094,0.5615094339622642,0.7713207547169811,,,,,0.7713207547169811,budget_not_selected,0,0,0,0,0,,False,,
5,static_selected_distance,35,False,19,29,A01,A01|F010|12|P0028+P0077+P0375+P0395+P0583+P0631+P0642+P0835+P1907+P2840+P3644+P3775,A01|F015|7|P0269+P0476+P0484+P0570+P0637+P1402+P3945,12,7,F010,F015,0.0,77.0,31.333333333333332,,0.7686792452830189,0.32148366584147414,0.630943396226415,0.5279245283018867,0.4420754716981132,0.7686792452830189,,,,,0.7686792452830189,budget_not_selected,0,0,0,0,0,,False,,
5,static_selected_distance,36,False,53,69,A02,A02|F025|7|P1886+P2791+P3216+P3506+P3560+P3584+P3815,A02|F033|12|P0660+P0761+P1198+P1462+P2397+P2940+P3002+P3303+P3352+P3542+P3649+P3929,7,12,F025,F033,0.0,80.0,36.333333333333336,,0.7588679245283019,0.21419484696603946,0.5573584905660378,0.7766037735849056,0.5615094339622642,0.7588679245283019,,,,,0.7588679245283019,budget_not_selected,0,0,0,0,0,,False,,
5,static_selected_distance,37,False,15,25,A01,A01|F008|3|P1310+P1334+P3410,A01|F013|15|P0229+P0417+P0419+P0453+P0648+P0672+P0785+P0870+P0912+P1139+P1153+P2464+P3092+P3150+P3176,3,15,F008,F013,0.0,81.0,60.333333333333336,,0.7532075471698113,0.8586958855927248,0.3162264150943396,0.7766037735849056,0.16943396226415092,0.7532075471698113,,,,,0.7532075471698113,budget_not_selected,0,0,0,0,0,,False,,
5,static_selected_distance,38,False,15,26,A01,A01|F008|3|P1310+P1334+P3410,A01|F013|16|P1296+P1897+P1992+P2044+P2061+P2343+P2463+P2807+P3202+P3277+P3466+P3572+P3676+P3797+P3849+P3925,3,16,F008,F013,0.0,81.0,60.333333333333336,,0.7532075471698113,0.8586958855927248,0.3162264150943396,0.7766037735849056,0.16943396226415092,0.7532075471698113,,,,,0.7532075471698113,budget_not_selected,0,0,0,0,0,,False,,
5,static_selected_distance,39,False,0,27,A01,A01|F001|4|P0036+P0918+P2537+P2942,A01|F014|12|P0061+P0303+P0849+P1095+P1163+P1235+P1805+P1853+P1902+P2120+P2969+P3614,4,12,F001,F014,0.0,85.0,45.0,,0.7366037735849056,0.7058224433035845,0.4479245283018868,0.3007547169811321,0.4420754716981132,0.7366037735849056,,,,,0.7366037735849056,budget_not_selected,0,0,0,0,0,,False,,
5,static_selected_distance,40,False,9,15,A01,A01|F005|11|P0177+P0622+P0879+P0978+P1006+P1078+P1307+P1710+P1910+P3403+P3882,A01|F008|3|P1310+P1334+P3410,11,3,F005,F008,0.0,88.0,39.0,,0.7271698113207548,0.32148366584147414,0.5256603773584906,0.459622641509434,0.27433962264150946,0.7271698113207548,,,,,0.7271698113207548,budget_not_selected,0,0,0,0,0,,False,,
5,static_selected_distance,41,False,10,15,A01,A01|F005|16|P1933+P2027+P2062+P2096+P2165+P2202+P2334+P2540+P2661+P2725+P3074+P3363+P3624+P3706+P3814+P3917,A01|F008|3|P1310+P1334+P3410,16,3,F005,F008,0.0,88.0,39.0,,0.7271698113207548,0.32148366584147414,0.5256603773584906,0.459622641509434,0.27433962264150946,0.7271698113207548,,,,,0.7271698113207548,budget_not_selected,0,0,0,0,0,,False,,
5,static_selected_distance,42,False,15,23,A01,A01|F008|3|P1310+P1334+P3410,A01|F012|15|P0004+P0049+P0093+P0228+P0239+P0247+P0266+P0510+P0525+P0561+P0584+P0619+P2131+P2753+P3211,3,15,F008,F012,0.0,89.0,21.333333333333332,,0.7218867924528302,0.32148366584147414,0.7860377358490566,0.7256603773584906,0.6722641509433962,0.7218867924528302,,,,,0.7218867924528302,budget_not_selected,0,0,0,0,0,,False,,
5,static_selected_distance,43,False,15,62,A01,A01|F008|3|P1310+P1334+P3410,A01|F030|16|P0169+P0332+P0347+P0357+P0479+P0562+P0661+P1007+P1086+P1200+P1324+P1376+P1739+P1804+P2026+P2086,3,16,F008,F030,0.0,89.0,69.33333333333333,,0.7218867924528302,0.32148366584147414,0.26113207547169814,0.12943396226415094,0.7460377358490566,0.7218867924528302,,,,,0.7218867924528302,budget_not_selected,0,0,0,0,0,,False,,
5,static_selected_distance,44,False,0,58,A01,A01|F001|4|P0036+P0918+P2537+P2942,A01|F028|12|P0241+P0272+P0289+P0320+P0490+P0559+P0600+P0634+P0700+P0953+P1113+P1179,4,12,F001,F028,0.0,91.0,10.666666666666666,,0.7143396226415094,0.4807360643988245,0.940377358490566,0.7766037735849056,0.4420754716981132,0.7143396226415094,,,,,0.7143396226415094,budget_not_selected,0,0,0,0,0,,False,,
5,static_selected_distance,45,False,7,29,A01,A01|F004|11|P0146+P0632+P0908+P1052+P1216+P1264+P1553+P2173+P2793+P3113+P3938,A01|F015|7|P0269+P0476+P0484+P0570+P0637+P1402+P3945,11,7,F004,F015,0.0,95.0,13.333333333333334,,0.7026415094339622,0.32148366584147414,0.9116981132075471,0.9328301886792453,0.5615094339622642,0.7026415094339622,,,,,0.7026415094339622,budget_not_selected,0,0,0,0,0,,False,,
5,static_selected_distance,46,False,3,21,A01,A01|F002|7|P1754+P1771+P2409+P2625+P2819+P3592+P3961,A01|F011|12|P0174+P0284+P0293+P0535+P0707+P0823+P0923+P1529+P1571+P1718+P3108+P3175,7,12,F002,F011,0.0,99.0,21.666666666666668,,0.6826415094339623,0.546570044746234,0.780377358490566,0.3886792452830189,0.7460377358490566,0.6826415094339623,,,,,0.6826415094339623,budget_not_selected,0,0,0,0,0,,False,,
5,static_selected_distance,47,False,3,17,A01,A01|F002|7|P1754+P1771+P2409+P2625+P2819+P3592+P3961,A01|F009|11|P0086+P0252+P0860+P1085+P1610+P1743+P1763+P1949+P2163+P3118+P3137,7,11,F002,F009,0.0,100.0,56.0,,0.6799999999999999,0.546570044746234,0.3460377358490566,0.12943396226415094,0.6722641509433962,0.6799999999999999,,,,,0.6799999999999999,budget_not_selected,0,0,0,0,0,,False,,
5,static_selected_distance,48,False,0,21,A01,A01|F001|4|P0036+P0918+P2537+P2942,A01|F011|12|P0174+P0284+P0293+P0535+P0707+P0823+P0923+P1529+P1571+P1718+P3108+P3175,4,12,F001,F011,0.0,101.0,10.0,,0.6777358490566038,0.4807360643988245,0.9471698113207547,0.7256603773584906,0.6722641509433962,0.6777358490566038,,,,,0.6777358490566038,budget_not_selected,0,0,0,0,0,,False,,
5,static_selected_distance,49,False,0,17,A01,A01|F001|4|P0036+P0918+P2537+P2942,A01|F009|11|P0086+P0252+P0860+P1085+P1610+P1743+P1763+P1949+P2163+P3118+P3137,4,11,F001,F009,0.0,107.0,39.666666666666664,,0.6603773584905661,0.4807360643988245,0.5181132075471698,0.2516981132075472,0.5615094339622642,0.6603773584905661,,,,,0.6603773584905661,budget_not_selected,0,0,0,0,0,,False,,
5,static_selected_distance,50,False,15,32,A01,A01|F008|3|P1310+P1334+P3410,A01|F016|16|P1347+P1537+P1579+P1582+P1680+P1697+P2185+P2192+P2227+P2731+P2736+P3170+P3192+P3316+P3356+P3427,3,16,F008,F016,0.0,112.0,51.666666666666664,,0.6449056603773584,0.242949657316875,0.37584905660377355,0.12943396226415094,0.789622641509434,0.6449056603773584,,,,,0.6449056603773584,budget_not_selected,0,0,0,0,0,,False,,
5,static_selected_distance,51,False,15,31,A01,A01|F008|3|P1310+P1334+P3410,A01|F016|9|P0275+P0423+P0482+P0613+P0647+P0950+P1114+P2472+P2898,3,9,F008,F016,0.0,112.0,51.666666666666664,,0.6449056603773584,0.242949657316875,0.37584905660377355,0.12943396226415094,0.789622641509434,0.6449056603773584,,,,,0.6449056603773584,budget_not_selected,0,0,0,0,0,,False,,
5,static_selected_distance,52,False,15,33,A01,A01|F008|3|P1310+P1334+P3410,A01|F017|11|P0137+P0418+P0598+P1079+P1380+P1493+P1521+P1745+P2207+P2309+P2999,3,11,F008,F017,0.0,112.0,78.0,,0.6449056603773584,0.32148366584147414,0.22867924528301886,0.12943396226415094,0.27433962264150946,0.6449056603773584,,,,,0.6449056603773584,budget_not_selected,0,0,0,0,0,,False,,
5,static_selected_distance,53,False,15,34,A01,A01|F008|3|P1310+P1334+P3410,A01|F017|16|P2043+P2137+P2139+P2152+P2229+P2499+P2682+P2789+P2825+P2836+P3112+P3240+P3279+P3310+P3655+P3684,3,16,F008,F017,0.0,112.0,78.0,,0.6449056603773584,0.32148366584147414,0.22867924528301886,0.12943396226415094,0.27433962264150946,0.6449056603773584,,,,,0.6449056603773584,budget_not_selected,0,0,0,0,0,,False,,
5,static_selected_distance,54,False,13,29,A01,A01|F007|9|P0057+P0480+P0652+P0685+P0786+P0812+P1703+P1838+P2738,A01|F015|7|P0269+P0476+P0484+P0570+P0637+P1402+P3945,9,7,F007,F015,0.0,113.0,49.333333333333336,,0.6407547169811321,0.32148366584147414,0.40113207547169816,0.5279245283018867,0.4420754716981132,0.6407547169811321,,,,,0.6407547169811321,budget_not_selected,0,0,0,0,0,,False,,
5,static_selected_distance,55,False,3,58,A01,A01|F002|7|P1754+P1771+P2409+P2625+P2819+P3592+P3961,A01|F028|12|P0241+P0272+P0289+P0320+P0490+P0559+P0600+P0634+P0700+P0953+P1113+P1179,7,12,F002,F028,0.0,114.0,7.0,,0.6373584905660377,0.546570044746234,0.9694339622641509,0.9328301886792453,0.5615094339622642,0.6373584905660377,,,,,0.6373584905660377,budget_not_selected,0,0,0,0,0,,False,,
5,static_selected_distance,56,False,3,27,A01,A01|F002|7|P1754+P1771+P2409+P2625+P2819+P3592+P3961,A01|F014|12|P0061+P0303+P0849+P1095+P1163+P1235+P1805+P1853+P1902+P2120+P2969+P3614,7,12,F002,F014,0.0,124.0,61.333333333333336,,0.6052830188679246,0.32148366584147414,0.3109433962264151,0.10528301886792457,0.5615094339622642,0.6052830188679246,,,,,0.6052830188679246,budget_not_selected,0,0,0,0,0,,False,,
5,static_selected_distance,57,False,3,29,A01,A01|F002|7|P1754+P1771+P2409+P2625+P2819+P3592+P3961,A01|F015|7|P0269+P0476+P0484+P0570+P0637+P1402+P3945,7,7,F002,F015,0.0,127.0,34.666666666666664,,0.5966037735849057,0.32148366584147414,0.5800000000000001,0.42188679245283023,0.6722641509433962,0.5966037735849057,,,,,0.5966037735849057,budget_not_selected,0,0,0,0,0,,False,,
5,static_selected_distance,58,False,29,60,A01,A01|F015|7|P0269+P0476+P0484+P0570+P0637+P1402+P3945,A01|F029|12|P0159+P0299+P0306+P0449+P0962+P0987+P1077+P1226+P1276+P1738+P1878+P1919,7,12,F015,F029,0.0,128.0,13.333333333333334,,0.5932075471698113,0.16018035160321933,0.9116981132075471,0.659622641509434,0.4420754716981132,0.5932075471698113,,,,,0.5932075471698113,budget_not_selected,0,0,0,0,0,,False,,
5,static_selected_distance,59,False,53,63,A02,A02|F025|7|P1886+P2791+P3216+P3506+P3560+P3584+P3815,A02|F030|10|P0448+P2098+P2453+P3096+P3117+P3531+P3615+P3686+P3799+P3847,7,10,F025,F030,0.0,128.0,22.333333333333332,,0.5932075471698113,0.0,0.7709433962264151,0.659622641509434,0.7460377358490566,0.5932075471698113,,,,,0.5932075471698113,budget_not_selected,0,0,0,0,0,,False,,
5,static_selected_distance,60,False,15,40,A01,A01|F008|3|P1310+P1334+P3410,A01|F020|16|P0249+P0350+P0421+P0436+P0440+P0458+P0492+P0612+P1119+P1120+P1315+P1329+P1333+P1343+P1358+P1365,3,16,F008,F020,0.0,130.0,64.33333333333333,,0.5864150943396227,0.242949657316875,0.2924528301886793,0.12943396226415094,0.6722641509433962,0.5864150943396227,,,,,0.5864150943396227,budget_not_selected,0,0,0,0,0,,False,,
5,static_selected_distance,61,False,15,41,A01,A01|F008|3|P1310+P1334+P3410,A01|F020|16|P1453+P1671+P1699+P1713+P1790+P1794+P1857+P2034+P2057+P2216+P2287+P2469+P2543+P2657+P2722+P2831,3,16,F008,F020,0.0,130.0,64.33333333333333,,0.5864150943396227,0.242949657316875,0.2924528301886793,0.12943396226415094,0.6722641509433962,0.5864150943396227,,,,,0.5864150943396227,budget_not_selected,0,0,0,0,0,,False,,
5,static_selected_distance,62,False,0,15,A01,A01|F001|4|P0036+P0918+P2537+P2942,A01|F008|3|P1310+P1334+P3410,4,3,F001,F008,0.0,131.0,16.666666666666668,,0.580754716981132,0.242949657316875,0.8573584905660377,0.8350943396226416,0.6722641509433962,0.580754716981132,,,,,0.580754716981132,budget_not_selected,0,0,0,0,0,,False,,
5,static_selected_distance,63,False,15,46,A01,A01|F008|3|P1310+P1334+P3410,A01|F022|16|P0002+P0055+P0058+P0126+P0214+P0268+P0460+P0750+P0782+P0800+P0909+P0992+P1141+P1151+P1188+P1463,3,16,F008,F022,0.0,134.0,42.0,,0.570566037735849,0.242949657316875,0.4883018867924528,0.2516981132075472,0.6722641509433962,0.570566037735849,,,,,0.570566037735849,budget_not_selected,0,0,0,0,0,,False,,
5,static_selected_distance,64,False,15,47,A01,A01|F008|3|P1310+P1334+P3410,A01|F022|16|P1476+P1481+P1544+P1577+P1627+P1900+P1984+P2051+P2258+P2317+P2333+P2382+P2393+P2425+P2462+P2578,3,16,F008,F022,0.0,134.0,42.0,,0.570566037735849,0.242949657316875,0.4883018867924528,0.2516981132075472,0.6722641509433962,0.570566037735849,,,,,0.570566037735849,budget_not_selected,0,0,0,0,0,,False,,
5,static_selected_distance,65,False,0,19,A01,A01|F001|4|P0036+P0918+P2537+P2942,A01|F010|12|P0028+P0077+P0375+P0395+P0583+P0631+P0642+P0835+P1907+P2840+P3644+P3775,4,12,F001,F010,0.0,147.0,15.0,,0.5275471698113208,0.242949657316875,0.8833962264150943,0.7766037735849056,0.4420754716981132,0.5275471698113208,,,,,0.5275471698113208,budget_not_selected,0,0,0,0,0,,False,,
5,static_selected_distance,66,False,15,37,A01,A01|F008|3|P1310+P1334+P3410,A01|F019|13|P0045+P0134+P0344+P0493+P0572+P0946+P1099+P1101+P1160+P1164+P1284+P1345+P1500,3,13,F008,F019,0.0,147.0,34.0,,0.5275471698113208,0.242949657316875,0.5920754716981131,0.7256603773584906,0.5615094339622642,0.5275471698113208,,,,,0.5275471698113208,budget_not_selected,0,0,0,0,0,,False,,
5,static_selected_distance,67,False,3,9,A01,A01|F002|7|P1754+P1771+P2409+P2625+P2819+P3592+P3961,A01|F005|11|P0177+P0622+P0879+P0978+P1006+P1078+P1307+P1710+P1910+P3403+P3882,7,11,F002,F005,0.0,151.0,38.666666666666664,,0.5150943396226415,0.32148366584147414,0.5313207547169811,0.42188679245283023,0.6722641509433962,0.5150943396226415,,,,,0.5150943396226415,budget_not_selected,0,0,0,0,0,,False,,
5,static_selected_distance,68,False,3,33,A01,A01|F002|7|P1754+P1771+P2409+P2625+P2819+P3592+P3961,A01|F017|11|P0137+P0418+P0598+P1079+P1380+P1493+P1521+P1745+P2207+P2309+P2999,7,11,F002,F017,0.0,161.0,77.66666666666667,,0.48716981132075476,0.32148366584147414,0.23094339622641513,0.10528301886792457,0.6722641509433962,0.48716981132075476,,,,,0.48716981132075476,budget_not_selected,0,0,0,0,0,,False,,
5,static_selected_distance,69,False,13,31,A01,A01|F007|9|P0057+P0480+P0652+P0685+P0786+P0812+P1703+P1838+P2738,A01|F016|9|P0275+P0423+P0482+P0613+P0647+P0950+P1114+P2472+P2898,9,9,F007,F016,0.0,161.0,66.0,,0.48716981132075476,0.242949657316875,0.28490566037735854,0.16150943396226414,0.2888679245283019,0.48716981132075476,,,,,0.48716981132075476,budget_not_selected,0,0,0,0,0,,False,,
5,static_selected_distance,70,False,0,7,A01,A01|F001|4|P0036+P0918+P2537+P2942,A01|F004|11|P0146+P0632+P0908+P1052+P1216+P1264+P1553+P2173+P2793+P3113+P3938,4,11,F001,F004,0.0,168.0,12.333333333333334,,0.46566037735849053,0.242949657316875,0.9286792452830188,0.7766037735849056,0.5615094339622642,0.46566037735849053,,,,,0.46566037735849053,budget_not_selected,0,0,0,0,0,,False,,
5,static_selected_distance,71,False,3,31,A01,A01|F002|7|P1754+P1771+P2409+P2625+P2819+P3592+P3961,A01|F016|9|P0275+P0423+P0482+P0613+P0647+P0950+P1114+P2472+P2898,7,9,F002,F016,0.0,172.0,51.333333333333336,,0.45547169811320753,0.242949657316875,0.3815094339622641,0.10528301886792457,0.789622641509434,0.45547169811320753,,,,,0.45547169811320753,budget_not_selected,0,0,0,0,0,,False,,
5,static_selected_distance,72,False,0,13,A01,A01|F001|4|P0036+P0918+P2537+P2942,A01|F007|9|P0057+P0480+P0652+P0685+P0786+P0812+P1703+P1838+P2738,4,9,F001,F007,0.0,184.0,31.0,,0.4207547169811321,0.242949657316875,0.6377358490566039,0.7766037735849056,0.4420754716981132,0.4207547169811321,,,,,0.4207547169811321,budget_not_selected,0,0,0,0,0,,False,,
5,static_selected_distance,73,False,15,60,A01,A01|F008|3|P1310+P1334+P3410,A01|F029|12|P0159+P0299+P0306+P0449+P0962+P0987+P1077+P1226+P1276+P1738+P1878+P1919,3,12,F008,F029,0.0,191.0,34.333333333333336,,0.4007547169811321,0.080983219105625,0.5860377358490566,0.459622641509434,0.14660377358490562,0.4007547169811321,,,,,0.4007547169811321,budget_not_selected,0,0,0,0,0,,False,,
5,static_selected_distance,74,False,0,3,A01,A01|F001|4|P0036+P0918+P2537+P2942,A01|F002|7|P1754+P1771+P2409+P2625+P2819+P3592+P3961,4,7,F001,F002,0.0,200.0,17.666666666666668,,0.3766037735849057,0.242949657316875,0.8377358490566038,0.7766037735849056,0.6722641509433962,0.3766037735849057,,,,,0.3766037735849057,budget_not_selected,0,0,0,0,0,,False,,
5,static_selected_distance,75,False,75,82,A03,A03|F036|8|P0401+P0709+P1087+P1650+P1817+P3698+P3755+P3770,A03|F040|11|P0140+P0367+P0868+P0880+P1004+P1567+P1598+P1705+P1715+P1750+P2374,8,11,F036,F040,0.0,205.0,135.66666666666666,,0.3652830188679246,0.16196643821125,0.0860377358490566,0.16150943396226414,0.5615094339622642,0.3652830188679246,,,,,0.3652830188679246,budget_not_selected,0,0,0,0,0,,False,,
5,static_selected_distance,76,False,0,25,A01,A01|F001|4|P0036+P0918+P2537+P2942,A01|F013|15|P0229+P0417+P0419+P0453+P0648+P0672+P0785+P0870+P0912+P1139+P1153+P2464+P3092+P3150+P3176,4,15,F001,F013,0.0,210.0,77.0,,0.3501886792452831,0.242949657316875,0.23245283018867924,0.459622641509434,0.4420754716981132,0.3501886792452831,,,,,0.3501886792452831,budget_not_selected,0,0,0,0,0,,False,,
5,static_selected_distance,77,False,15,72,A01,A01|F008|3|P1310+P1334+P3410,A01|F035|16|P0428+P0565+P0665+P0677+P0755+P1049+P1124+P1256+P1366+P1575+P1701+P1714+P2079+P2116+P2239+P2413,3,16,F008,F035,0.0,227.0,22.0,,0.31169811320754715,0.0,0.7754716981132075,0.8350943396226416,0.789622641509434,0.31169811320754715,,,,,0.31169811320754715,budget_not_selected,0,0,0,0,0,,False,,
5,static_selected_distance,78,False,3,60,A01,A01|F002|7|P1754+P1771+P2409+P2625+P2819+P3592+P3961,A01|F029|12|P0159+P0299+P0306+P0449+P0962+P0987+P1077+P1226+P1276+P1738+P1878+P1919,7,12,F002,F029,0.0,253.0,34.0,,0.2554716981132076,0.080983219105625,0.5920754716981131,0.42188679245283023,0.5615094339622642,0.2554716981132076,,,,,0.2554716981132076,budget_not_selected,0,0,0,0,0,,False,,
6,static_selected_distance,1,True,51,59,A02,A02|F025|7|P1886+P2791+P3216+P3506+P3560+P3584+P3815,A02|F029|12|P0226+P1827+P1956+P2101+P2590+P2617+P2683+P2796+P2810+P3402+P3626+P3741,7,12,F025,F029,0.0,24.0,12.666666666666666,,0.9739622641509434,0.8398196483967807,0.9226415094339623,0.9864150943396226,0.5615094339622642,0.9739622641509434,,,,,0.9739622641509434,improving_not_selected,2,0,2,0,0,117,False,8.86930779999966,
6,static_selected_distance,2,True,0,35,A01,A01|F001|4|P0036+P0918+P2537+P2942,A01|F019|13|P0045+P0134+P0344+P0493+P0572+P0946+P1099+P1101+P1160+P1164+P1284+P1345+P1500,4,13,F001,F019,0.0,25.0,17.333333333333332,,0.9694339622641509,0.8643391615585597,0.8456603773584905,0.9328301886792453,0.4420754716981132,0.9694339622641509,,,,,0.9694339622641509,accepted,2,0,2,0,0,127,True,7.900168699998176,8.993066499999259
6,static_selected_distance,3,True,9,27,A01,A01|F005|11|P0177+P0622+P0879+P0978+P1006+P1078+P1307+P1710+P1910+P3403+P3882,A01|F015|7|P0269+P0476+P0484+P0570+P0637+P1402+P3945,11,7,F005,F015,0.0,25.0,4.0,,0.9694339622641509,0.7843564518281836,0.9909433962264151,0.9864150943396226,0.5615094339622642,0.9694339622641509,,,,,0.9694339622641509,improving_not_selected,2,0,2,0,0,81,False,8.74133140000049,
6,static_selected_distance,4,True,25,27,A01,A01|F014|12|P0061+P0303+P0849+P1095+P1163+P1235+P1805+P1853+P1902+P2120+P2969+P3614,A01|F015|7|P0269+P0476+P0484+P0570+P0637+P1402+P3945,12,7,F014,F015,0.0,27.0,26.666666666666668,,0.9633962264150944,1.0,0.7090566037735849,0.659622641509434,0.4420754716981132,0.9633962264150944,,,,,0.9633962264150944,improving_not_selected,2,0,2,0,0,74,False,8.741894599996158,
6,static_selected_distance,5,True,3,13,A01,A01|F002|7|P1754+P1771+P2409+P2625+P2819+P3592+P3961,A01|F007|9|P0057+P0480+P0652+P0685+P0786+P0812+P1703+P1838+P2738,7,9,F002,F007,0.0,30.0,14.666666666666666,,0.9566037735849057,1.0,0.8883018867924528,0.9328301886792453,0.5615094339622642,0.9566037735849057,,,,,0.9566037735849057,improving_not_selected,4,0,4,0,0,122,False,8.363083899996127,
6,static_selected_distance,6,True,19,27,A01,A01|F011|12|P0174+P0284+P0293+P0535+P0707+P0823+P0923+P1529+P1571+P1718+P3108+P3175,A01|F015|7|P0269+P0476+P0484+P0570+P0637+P1402+P3945,12,7,F011,F015,0.0,31.0,13.0,,0.9535849056603773,0.7043643178278647,0.9166037735849056,0.6988679245283018,0.6722641509433962,0.9535849056603773,,,,,0.9535849056603773,improving_not_selected,2,0,2,0,0,79,False,8.741682899999432,
6,static_selected_distance,7,True,27,56,A01,A01|F015|7|P0269+P0476+P0484+P0570+P0637+P1402+P3945,A01|F028|12|P0241+P0272+P0289+P0320+P0490+P0559+P0600+P0634+P0700+P0953+P1113+P1179,7,12,F015,F028,0.0,32.0,27.666666666666668,,0.949811320754717,0.7043643178278647,0.6890566037735849,0.5279245283018867,0.4420754716981132,0.949811320754717,,,,,0.949811320754717,improving_not_selected,2,0,2,0,0,92,False,8.74281239999982,
6,static_selected_distance,8,True,3,7,A01,A01|F002|7|P1754+P1771+P2409+P2625+P2819+P3592+P3961,A01|F004|11|P0146+P0632+P0908+P1052+P1216+P1264+P1553+P2173+P2793+P3113+P3938,7,11,F002,F004,0.0,33.0,21.333333333333332,,0.9460377358490566,1.0,0.7860377358490566,0.5279245283018867,0.6722641509433962,0.9460377358490566,,,,,0.9460377358490566,improving_not_selected,2,0,2,0,0,103,False,8.362872600002447,
6,static_selected_distance,9,True,16,27,A01,A01|F009|11|P0086+P0252+P0860+P1085+P1610+P1743+P1763+P1949+P2163+P3118+P3137,A01|F015|7|P0269+P0476+P0484+P0570+P0637+P1402+P3945,11,7,F009,F015,0.0,38.0,21.333333333333332,,0.9233962264150943,0.7749136210952401,0.7860377358490566,0.6003773584905661,0.5615094339622642,0.9233962264150943,,,,,0.9233962264150943,improving_not_selected,2,0,2,0,0,72,False,8.741496099995857,
6,static_selected_distance,10,True,49,51,A02,A02|F024|12|P0213+P0307+P0433+P0499+P0729+P1905+P2195+P2535+P2572+P3190+P3603+P3872,A02|F025|7|P1886+P2791+P3216+P3506+P3560+P3584+P3815,12,7,F024,F025,0.0,39.0,15.666666666666666,,0.919245283018868,0.8398196483967807,0.8758490566037735,0.6003773584905661,0.7460377358490566,0.919245283018868,,,,,0.919245283018868,improving_not_selected,2,0,2,0,0,98,False,8.869181599999138,
6,static_selected_distance,11,True,0,29,A01,A01|F001|4|P0036+P0918+P2537+P2942,A01|F016|9|P0275+P0423+P0482+P0613+P0647+P0950+P1114+P2472+P2898,4,9,F001,F016,0.0,41.0,35.0,,0.9109433962264151,0.9294506967326246,0.5739622641509434,0.3007547169811321,0.7460377358490566,0.9109433962264151,,,,,0.9109433962264151,improving_not_selected,4,0,4,0,0,99,False,7.680536399995617,
6,static_selected_distance,12,True,0,21,A01,A01|F001|4|P0036+P0918+P2537+P2942,A01|F012|15|P0004+P0049+P0093+P0228+P0239+P0247+P0266+P0510+P0525+P0561+P0584+P0619+P2131+P2753+P3211,4,15,F001,F012,0.0,42.0,5.333333333333333,,0.9064150943396226,0.8509166882080255,0.9815094339622642,0.9328301886792453,0.5615094339622642,0.9064150943396226,,,,,0.9064150943396226,improving_not_selected,2,0,2,0,0,122,False,7.227287000001525,
6,static_selected_distance,13,True,27,29,A01,A01|F015|7|P0269+P0476+P0484+P0570+P0637+P1402+P3945,A01|F016|9|P0275+P0423+P0482+P0613+P0647+P0950+P1114+P2472+P2898,7,9,F015,F016,0.0,48.0,16.666666666666668,,0.8833962264150943,0.7058224433035845,0.8573584905660377,0.659622641509434,0.7460377358490566,0.8833962264150943,,,,,0.8833962264150943,improving_not_selected,4,0,4,0,0,71,False,8.742408099999011,
6,static_selected_distance,14,True,0,9,A01,A01|F001|4|P0036+P0918+P2537+P2942,A01|F005|11|P0177+P0622+P0879+P0978+P1006+P1078+P1307+P1710+P1910+P3403+P3882,4,11,F001,F005,0.0,50.0,22.333333333333332,,0.8735849056603774,0.8509166882080255,0.7709433962264151,0.7766037735849056,0.5615094339622642,0.8735849056603774,,,,,0.8735849056603774,improving_not_selected,4,0,4,0,0,98,False,7.227092100001755,
6,static_selected_distance,15,True,27,31,A01,A01|F015|7|P0269+P0476+P0484+P0570+P0637+P1402+P3945,A01|F017|11|P0137+P0418+P0598+P1079+P1380+P1493+P1521+P1745+P2207+P2309+P2999,7,11,F015,F017,0.0,53.0,43.0,,0.860754716981132,0.854905755095559,0.4732075471698113,0.659622641509434,0.5615094339622642,0.860754716981132,,,,,0.860754716981132,improving_not_selected,2,0,2,0,0,63,False,8.742689599996083,
6,static_selected_distance,16,True,37,51,A02,A02|F019|12|P0059+P0542+P0957+P1677+P2598+P2822+P3044+P3288+P3409+P3524+P3711+P3982,A02|F025|7|P1886+P2791+P3216+P3506+P3560+P3584+P3815,12,7,F019,F025,0.0,66.0,13.0,,0.8094339622641509,0.21419484696603946,0.9166037735849056,0.8784905660377358,0.5615094339622642,0.8094339622641509,,,,,0.8094339622641509,improving_not_selected,2,2,0,0,0,86,False,8.868997400000808,
6,static_selected_distance,17,True,0,58,A01,A01|F001|4|P0036+P0918+P2537+P2942,A01|F029|12|P0159+P0299+P0306+P0449+P0962+P0987+P1077+P1226+P1276+P1738+P1878+P1919,4,12,F001,F029,0.0,67.0,17.666666666666668,,0.8026415094339623,0.23871436012781846,0.8377358490566038,0.7766037735849056,0.4420754716981132,0.8026415094339623,,,,,0.8026415094339623,improving_not_selected,4,4,0,0,0,109,False,8.362646000001405,
6,static_selected_distance,18,True,0,31,A01,A01|F001|4|P0036+P0918+P2537+P2942,A01|F017|11|P0137+P0418+P0598+P1079+P1380+P1493+P1521+P1745+P2207+P2309+P2999,4,11,F001,F017,0.0,70.0,61.333333333333336,,0.7943396226415094,0.8509166882080255,0.3109433962264151,0.3007547169811321,0.5615094339622642,0.7943396226415094,,,,,0.7943396226415094,improving_not_selected,4,4,0,0,0,82,False,7.899811099996441,
6,static_selected_distance,19,True,0,27,A01,A01|F001|4|P0036+P0918+P2537+P2942,A01|F015|7|P0269+P0476+P0484+P0570+P0637+P1402+P3945,4,7,F001,F015,0.0,73.0,18.333333333333332,,0.7845283018867925,0.7058224433035845,0.8283018867924529,0.7766037735849056,0.23188679245283017,0.7845283018867925,,,,,0.7845283018867925,improving_not_selected,6,6,0,0,0,91,False,7.680278799998632,
6,static_selected_distance,20,True,51,67,A02,A02|F025|7|P1886+P2791+P3216+P3506+P3560+P3584+P3815,A02|F033|12|P0660+P0761+P1198+P1462+P2397+P2940+P3002+P3303+P3352+P3542+P3649+P3929,7,12,F025,F033,0.0,80.0,36.333333333333336,,0.7588679245283019,0.21419484696603946,0.5573584905660378,0.7766037735849056,0.5615094339622642,0.7588679245283019,,,,,0.7588679245283019,improving_not_selected,2,2,0,0,0,95,False,8.992983800002548,
6,static_selected_distance,21,True,0,25,A01,A01|F001|4|P0036+P0918+P2537+P2942,A01|F014|12|P0061+P0303+P0849+P1095+P1163+P1235+P1805+P1853+P1902+P2120+P2969+P3614,4,12,F001,F014,0.0,85.0,45.0,,0.7366037735849056,0.7058224433035845,0.4479245283018868,0.3007547169811321,0.4420754716981132,0.7366037735849056,,,,,0.7366037735849056,improving_not_selected,4,4,0,0,0,81,False,7.427125800000795,
6,static_selected_distance,22,True,0,56,A01,A01|F001|4|P0036+P0918+P2537+P2942,A01|F028|12|P0241+P0272+P0289+P0320+P0490+P0559+P0600+P0634+P0700+P0953+P1113+P1179,4,12,F001,F028,0.0,91.0,10.666666666666666,,0.7143396226415094,0.4807360643988245,0.940377358490566,0.7766037735849056,0.4420754716981132,0.7143396226415094,,,,,0.7143396226415094,improving_not_selected,4,4,0,0,0,101,False,8.107750099996338,
6,static_selected_distance,23,True,7,27,A01,A01|F004|11|P0146+P0632+P0908+P1052+P1216+P1264+P1553+P2173+P2793+P3113+P3938,A01|F015|7|P0269+P0476+P0484+P0570+P0637+P1402+P3945,11,7,F004,F015,0.0,95.0,13.333333333333334,,0.7026415094339622,0.32148366584147414,0.9116981132075471,0.9328301886792453,0.5615094339622642,0.7026415094339622,,,,,0.7026415094339622,improving_not_selected,2,2,0,0,0,38,False,8.741036400002486,
6,static_selected_distance,24,True,3,19,A01,A01|F002|7|P1754+P1771+P2409+P2625+P2819+P3592+P3961,A01|F011|12|P0174+P0284+P0293+P0535+P0707+P0823+P0923+P1529+P1571+P1718+P3108+P3175,7,12,F002,F011,0.0,99.0,21.666666666666668,,0.6826415094339623,0.546570044746234,0.780377358490566,0.3886792452830189,0.7460377358490566,0.6826415094339623,,,,,0.6826415094339623,improving_not_selected,2,2,0,0,0,71,False,8.619008800000302,
6,static_selected_distance,25,True,3,16,A01,A01|F002|7|P1754+P1771+P2409+P2625+P2819+P3592+P3961,A01|F009|11|P0086+P0252+P0860+P1085+P1610+P1743+P1763+P1949+P2163+P3118+P3137,7,11,F002,F009,0.0,100.0,56.0,,0.6799999999999999,0.546570044746234,0.3460377358490566,0.12943396226415094,0.6722641509433962,0.6799999999999999,,,,,0.6799999999999999,improving_not_selected,2,2,0,0,0,46,False,8.460949499996786,
6,static_selected_distance,26,False,0,19,A01,A01|F001|4|P0036+P0918+P2537+P2942,A01|F011|12|P0174+P0284+P0293+P0535+P0707+P0823+P0923+P1529+P1571+P1718+P3108+P3175,4,12,F001,F011,0.0,101.0,10.0,,0.6777358490566038,0.4807360643988245,0.9471698113207547,0.7256603773584906,0.6722641509433962,0.6777358490566038,,,,,0.6777358490566038,budget_not_selected,0,0,0,0,0,,False,,
6,static_selected_distance,27,False,0,16,A01,A01|F001|4|P0036+P0918+P2537+P2942,A01|F009|11|P0086+P0252+P0860+P1085+P1610+P1743+P1763+P1949+P2163+P3118+P3137,4,11,F001,F009,0.0,107.0,39.666666666666664,,0.6603773584905661,0.4807360643988245,0.5181132075471698,0.2516981132075472,0.5615094339622642,0.6603773584905661,,,,,0.6603773584905661,budget_not_selected,0,0,0,0,0,,False,,
6,static_selected_distance,28,False,13,27,A01,A01|F007|9|P0057+P0480+P0652+P0685+P0786+P0812+P1703+P1838+P2738,A01|F015|7|P0269+P0476+P0484+P0570+P0637+P1402+P3945,9,7,F007,F015,0.0,113.0,49.333333333333336,,0.6407547169811321,0.32148366584147414,0.40113207547169816,0.5279245283018867,0.4420754716981132,0.6407547169811321,,,,,0.6407547169811321,budget_not_selected,0,0,0,0,0,,False,,
6,static_selected_distance,29,False,3,56,A01,A01|F002|7|P1754+P1771+P2409+P2625+P2819+P3592+P3961,A01|F028|12|P0241+P0272+P0289+P0320+P0490+P0559+P0600+P0634+P0700+P0953+P1113+P1179,7,12,F002,F028,0.0,114.0,7.0,,0.6373584905660377,0.546570044746234,0.9694339622641509,0.9328301886792453,0.5615094339622642,0.6373584905660377,,,,,0.6373584905660377,budget_not_selected,0,0,0,0,0,,False,,
6,static_selected_distance,30,False,3,25,A01,A01|F002|7|P1754+P1771+P2409+P2625+P2819+P3592+P3961,A01|F014|12|P0061+P0303+P0849+P1095+P1163+P1235+P1805+P1853+P1902+P2120+P2969+P3614,7,12,F002,F014,0.0,124.0,61.333333333333336,,0.6052830188679246,0.32148366584147414,0.3109433962264151,0.10528301886792457,0.5615094339622642,0.6052830188679246,,,,,0.6052830188679246,budget_not_selected,0,0,0,0,0,,False,,
6,static_selected_distance,31,False,3,27,A01,A01|F002|7|P1754+P1771+P2409+P2625+P2819+P3592+P3961,A01|F015|7|P0269+P0476+P0484+P0570+P0637+P1402+P3945,7,7,F002,F015,0.0,127.0,34.666666666666664,,0.5966037735849057,0.32148366584147414,0.5800000000000001,0.42188679245283023,0.6722641509433962,0.5966037735849057,,,,,0.5966037735849057,budget_not_selected,0,0,0,0,0,,False,,
6,static_selected_distance,32,False,27,58,A01,A01|F015|7|P0269+P0476+P0484+P0570+P0637+P1402+P3945,A01|F029|12|P0159+P0299+P0306+P0449+P0962+P0987+P1077+P1226+P1276+P1738+P1878+P1919,7,12,F015,F029,0.0,128.0,13.333333333333334,,0.5932075471698113,0.16018035160321933,0.9116981132075471,0.659622641509434,0.4420754716981132,0.5932075471698113,,,,,0.5932075471698113,budget_not_selected,0,0,0,0,0,,False,,
6,static_selected_distance,33,False,51,61,A02,A02|F025|7|P1886+P2791+P3216+P3506+P3560+P3584+P3815,A02|F030|10|P0448+P2098+P2453+P3096+P3117+P3531+P3615+P3686+P3799+P3847,7,10,F025,F030,0.0,128.0,22.333333333333332,,0.5932075471698113,0.0,0.7709433962264151,0.659622641509434,0.7460377358490566,0.5932075471698113,,,,,0.5932075471698113,budget_not_selected,0,0,0,0,0,,False,,
6,static_selected_distance,34,False,0,103,A01,A01|F001|4|P0036+P0918+P2537+P2942,A01|F008+F010|15|P0028+P0077+P0375+P0395+P0583+P0631+P0642+P0835+P1310+P1334+P1907+P2840+P3410+P3644+P3775,4,15,F001,F010|F008,0.0,131.0,15.833333333333334,,0.580754716981132,0.242949657316875,0.8573584905660377,0.8350943396226416,0.6722641509433962,0.580754716981132,,,,,0.580754716981132,budget_not_selected,0,0,0,0,0,,False,,
6,static_selected_distance,35,False,3,9,A01,A01|F002|7|P1754+P1771+P2409+P2625+P2819+P3592+P3961,A01|F005|11|P0177+P0622+P0879+P0978+P1006+P1078+P1307+P1710+P1910+P3403+P3882,7,11,F002,F005,0.0,151.0,38.666666666666664,,0.5150943396226415,0.32148366584147414,0.5313207547169811,0.42188679245283023,0.6722641509433962,0.5150943396226415,,,,,0.5150943396226415,budget_not_selected,0,0,0,0,0,,False,,
6,static_selected_distance,36,False,3,31,A01,A01|F002|7|P1754+P1771+P2409+P2625+P2819+P3592+P3961,A01|F017|11|P0137+P0418+P0598+P1079+P1380+P1493+P1521+P1745+P2207+P2309+P2999,7,11,F002,F017,0.0,161.0,77.66666666666667,,0.48716981132075476,0.32148366584147414,0.23094339622641513,0.10528301886792457,0.6722641509433962,0.48716981132075476,,,,,0.48716981132075476,budget_not_selected,0,0,0,0,0,,False,,
6,static_selected_distance,37,False,13,29,A01,A01|F007|9|P0057+P0480+P0652+P0685+P0786+P0812+P1703+P1838+P2738,A01|F016|9|P0275+P0423+P0482+P0613+P0647+P0950+P1114+P2472+P2898,9,9,F007,F016,0.0,161.0,66.0,,0.48716981132075476,0.242949657316875,0.28490566037735854,0.16150943396226414,0.2888679245283019,0.48716981132075476,,,,,0.48716981132075476,budget_not_selected,0,0,0,0,0,,False,,
6,static_selected_distance,38,False,0,7,A01,A01|F001|4|P0036+P0918+P2537+P2942,A01|F004|11|P0146+P0632+P0908+P1052+P1216+P1264+P1553+P2173+P2793+P3113+P3938,4,11,F001,F004,0.0,168.0,12.333333333333334,,0.46566037735849053,0.242949657316875,0.9286792452830188,0.7766037735849056,0.5615094339622642,0.46566037735849053,,,,,0.46566037735849053,budget_not_selected,0,0,0,0,0,,False,,
6,static_selected_distance,39,False,3,29,A01,A01|F002|7|P1754+P1771+P2409+P2625+P2819+P3592+P3961,A01|F016|9|P0275+P0423+P0482+P0613+P0647+P0950+P1114+P2472+P2898,7,9,F002,F016,0.0,172.0,51.333333333333336,,0.45547169811320753,0.242949657316875,0.3815094339622641,0.10528301886792457,0.789622641509434,0.45547169811320753,,,,,0.45547169811320753,budget_not_selected,0,0,0,0,0,,False,,
6,static_selected_distance,40,False,0,13,A01,A01|F001|4|P0036+P0918+P2537+P2942,A01|F007|9|P0057+P0480+P0652+P0685+P0786+P0812+P1703+P1838+P2738,4,9,F001,F007,0.0,184.0,31.0,,0.4207547169811321,0.242949657316875,0.6377358490566039,0.7766037735849056,0.4420754716981132,0.4207547169811321,,,,,0.4207547169811321,budget_not_selected,0,0,0,0,0,,False,,
6,static_selected_distance,41,False,0,3,A01,A01|F001|4|P0036+P0918+P2537+P2942,A01|F002|7|P1754+P1771+P2409+P2625+P2819+P3592+P3961,4,7,F001,F002,0.0,200.0,17.666666666666668,,0.3766037735849057,0.242949657316875,0.8377358490566038,0.7766037735849056,0.6722641509433962,0.3766037735849057,,,,,0.3766037735849057,budget_not_selected,0,0,0,0,0,,False,,
6,static_selected_distance,42,False,73,80,A03,A03|F036|8|P0401+P0709+P1087+P1650+P1817+P3698+P3755+P3770,A03|F040|11|P0140+P0367+P0868+P0880+P1004+P1567+P1598+P1705+P1715+P1750+P2374,8,11,F036,F040,0.0,205.0,135.66666666666666,,0.3652830188679246,0.16196643821125,0.0860377358490566,0.16150943396226414,0.5615094339622642,0.3652830188679246,,,,,0.3652830188679246,budget_not_selected,0,0,0,0,0,,False,,
6,static_selected_distance,43,False,0,23,A01,A01|F001|4|P0036+P0918+P2537+P2942,A01|F013|15|P0229+P0417+P0419+P0453+P0648+P0672+P0785+P0870+P0912+P1139+P1153+P2464+P3092+P3150+P3176,4,15,F001,F013,0.0,210.0,77.0,,0.3501886792452831,0.242949657316875,0.23245283018867924,0.459622641509434,0.4420754716981132,0.3501886792452831,,,,,0.3501886792452831,budget_not_selected,0,0,0,0,0,,False,,
6,static_selected_distance,44,False,3,58,A01,A01|F002|7|P1754+P1771+P2409+P2625+P2819+P3592+P3961,A01|F029|12|P0159+P0299+P0306+P0449+P0962+P0987+P1077+P1226+P1276+P1738+P1878+P1919,7,12,F002,F029,0.0,253.0,34.0,,0.2554716981132076,0.080983219105625,0.5920754716981131,0.42188679245283023,0.5615094339622642,0.2554716981132076,,,,,0.2554716981132076,budget_not_selected,0,0,0,0,0,,False,,
7,static_selected_distance,1,True,49,57,A02,A02|F025|7|P1886+P2791+P3216+P3506+P3560+P3584+P3815,A02|F029|12|P0226+P1827+P1956+P2101+P2590+P2617+P2683+P2796+P2810+P3402+P3626+P3741,7,12,F025,F029,0.0,24.0,12.666666666666666,,0.9739622641509434,0.8398196483967807,0.9226415094339623,0.9864150943396226,0.5615094339622642,0.9739622641509434,,,,,0.9739622641509434,improving_not_selected,2,0,2,0,0,117,False,10.167488400002185,
7,static_selected_distance,2,True,8,26,A01,A01|F005|11|P0177+P0622+P0879+P0978+P1006+P1078+P1307+P1710+P1910+P3403+P3882,A01|F015|7|P0269+P0476+P0484+P0570+P0637+P1402+P3945,11,7,F005,F015,0.0,25.0,4.0,,0.9694339622641509,0.7843564518281836,0.9909433962264151,0.9864150943396226,0.5615094339622642,0.9694339622641509,,,,,0.9694339622641509,improving_not_selected,2,0,2,0,0,81,False,9.711272100001224,
7,static_selected_distance,3,True,24,26,A01,A01|F014|12|P0061+P0303+P0849+P1095+P1163+P1235+P1805+P1853+P1902+P2120+P2969+P3614,A01|F015|7|P0269+P0476+P0484+P0570+P0637+P1402+P3945,12,7,F014,F015,0.0,27.0,26.666666666666668,,0.9633962264150944,1.0,0.7090566037735849,0.659622641509434,0.4420754716981132,0.9633962264150944,,,,,0.9633962264150944,improving_not_selected,2,0,2,0,0,74,False,10.037024799996288,
7,static_selected_distance,4,True,2,12,A01,A01|F002|7|P1754+P1771+P2409+P2625+P2819+P3592+P3961,A01|F007|9|P0057+P0480+P0652+P0685+P0786+P0812+P1703+P1838+P2738,7,9,F002,F007,0.0,30.0,14.666666666666666,,0.9566037735849057,1.0,0.8883018867924528,0.9328301886792453,0.5615094339622642,0.9566037735849057,,,,,0.9566037735849057,accepted,4,0,4,0,0,122,True,9.100541499996325,10.325728399999207
7,static_selected_distance,5,True,18,26,A01,A01|F011|12|P0174+P0284+P0293+P0535+P0707+P0823+P0923+P1529+P1571+P1718+P3108+P3175,A01|F015|7|P0269+P0476+P0484+P0570+P0637+P1402+P3945,12,7,F011,F015,0.0,31.0,13.0,,0.9535849056603773,0.7043643178278647,0.9166037735849056,0.6988679245283018,0.6722641509433962,0.9535849056603773,,,,,0.9535849056603773,improving_not_selected,2,0,2,0,0,79,False,10.036731000000145,
7,static_selected_distance,6,True,26,54,A01,A01|F015|7|P0269+P0476+P0484+P0570+P0637+P1402+P3945,A01|F028|12|P0241+P0272+P0289+P0320+P0490+P0559+P0600+P0634+P0700+P0953+P1113+P1179,7,12,F015,F028,0.0,32.0,27.666666666666668,,0.949811320754717,0.7043643178278647,0.6890566037735849,0.5279245283018867,0.4420754716981132,0.949811320754717,,,,,0.949811320754717,improving_not_selected,2,0,2,0,0,92,False,10.038059599995904,
7,static_selected_distance,7,True,2,6,A01,A01|F002|7|P1754+P1771+P2409+P2625+P2819+P3592+P3961,A01|F004|11|P0146+P0632+P0908+P1052+P1216+P1264+P1553+P2173+P2793+P3113+P3938,7,11,F002,F004,0.0,33.0,21.333333333333332,,0.9460377358490566,1.0,0.7860377358490566,0.5279245283018867,0.6722641509433962,0.9460377358490566,,,,,0.9460377358490566,improving_not_selected,2,0,2,0,0,103,False,8.995541700001922,
7,static_selected_distance,8,True,15,26,A01,A01|F009|11|P0086+P0252+P0860+P1085+P1610+P1743+P1763+P1949+P2163+P3118+P3137,A01|F015|7|P0269+P0476+P0484+P0570+P0637+P1402+P3945,11,7,F009,F015,0.0,38.0,21.333333333333332,,0.9233962264150943,0.7749136210952401,0.7860377358490566,0.6003773584905661,0.5615094339622642,0.9233962264150943,,,,,0.9233962264150943,improving_not_selected,2,0,2,0,0,72,False,10.036414800000784,
7,static_selected_distance,9,True,47,49,A02,A02|F024|12|P0213+P0307+P0433+P0499+P0729+P1905+P2195+P2535+P2572+P3190+P3603+P3872,A02|F025|7|P1886+P2791+P3216+P3506+P3560+P3584+P3815,12,7,F024,F025,0.0,39.0,15.666666666666666,,0.919245283018868,0.8398196483967807,0.8758490566037735,0.6003773584905661,0.7460377358490566,0.919245283018868,,,,,0.919245283018868,improving_not_selected,2,0,2,0,0,98,False,10.167228099999193,
7,static_selected_distance,10,True,26,28,A01,A01|F015|7|P0269+P0476+P0484+P0570+P0637+P1402+P3945,A01|F016|9|P0275+P0423+P0482+P0613+P0647+P0950+P1114+P2472+P2898,7,9,F015,F016,0.0,48.0,16.666666666666668,,0.8833962264150943,0.7058224433035845,0.8573584905660377,0.659622641509434,0.7460377358490566,0.8833962264150943,,,,,0.8833962264150943,improving_not_selected,4,0,4,0,0,71,False,10.037490599999728,
7,static_selected_distance,11,True,26,30,A01,A01|F015|7|P0269+P0476+P0484+P0570+P0637+P1402+P3945,A01|F017|11|P0137+P0418+P0598+P1079+P1380+P1493+P1521+P1745+P2207+P2309+P2999,7,11,F015,F017,0.0,53.0,43.0,,0.860754716981132,0.854905755095559,0.4732075471698113,0.659622641509434,0.5615094339622642,0.860754716981132,,,,,0.860754716981132,improving_not_selected,2,0,2,0,0,63,False,10.037772999996378,
7,static_selected_distance,12,True,35,49,A02,A02|F019|12|P0059+P0542+P0957+P1677+P2598+P2822+P3044+P3288+P3409+P3524+P3711+P3982,A02|F025|7|P1886+P2791+P3216+P3506+P3560+P3584+P3815,12,7,F019,F025,0.0,66.0,13.0,,0.8094339622641509,0.21419484696603946,0.9166037735849056,0.8784905660377358,0.5615094339622642,0.8094339622641509,,,,,0.8094339622641509,improving_not_selected,2,0,2,0,0,86,False,10.166959299996961,
7,static_selected_distance,13,True,49,65,A02,A02|F025|7|P1886+P2791+P3216+P3506+P3560+P3584+P3815,A02|F033|12|P0660+P0761+P1198+P1462+P2397+P2940+P3002+P3303+P3352+P3542+P3649+P3929,7,12,F025,F033,0.0,80.0,36.333333333333336,,0.7588679245283019,0.21419484696603946,0.5573584905660378,0.7766037735849056,0.5615094339622642,0.7588679245283019,,,,,0.7588679245283019,improving_not_selected,2,0,2,0,0,95,False,10.325696899999457,
7,static_selected_distance,14,True,6,26,A01,A01|F004|11|P0146+P0632+P0908+P1052+P1216+P1264+P1553+P2173+P2793+P3113+P3938,A01|F015|7|P0269+P0476+P0484+P0570+P0637+P1402+P3945,11,7,F004,F015,0.0,95.0,13.333333333333334,,0.7026415094339622,0.32148366584147414,0.9116981132075471,0.9328301886792453,0.5615094339622642,0.7026415094339622,,,,,0.7026415094339622,improving_not_selected,2,0,2,0,0,38,False,9.711150199997064,
7,static_selected_distance,15,True,2,18,A01,A01|F002|7|P1754+P1771+P2409+P2625+P2819+P3592+P3961,A01|F011|12|P0174+P0284+P0293+P0535+P0707+P0823+P0923+P1529+P1571+P1718+P3108+P3175,7,12,F002,F011,0.0,99.0,21.666666666666668,,0.6826415094339623,0.546570044746234,0.780377358490566,0.3886792452830189,0.7460377358490566,0.6826415094339623,,,,,0.6826415094339623,improving_not_selected,2,0,2,0,0,71,False,9.100792899997032,
7,static_selected_distance,16,True,2,15,A01,A01|F002|7|P1754+P1771+P2409+P2625+P2819+P3592+P3961,A01|F009|11|P0086+P0252+P0860+P1085+P1610+P1743+P1763+P1949+P2163+P3118+P3137,7,11,F002,F009,0.0,100.0,56.0,,0.6799999999999999,0.546570044746234,0.3460377358490566,0.12943396226415094,0.6722641509433962,0.6799999999999999,,,,,0.6799999999999999,improving_not_selected,2,0,2,0,0,46,False,9.100671300002432,
7,static_selected_distance,17,True,12,26,A01,A01|F007|9|P0057+P0480+P0652+P0685+P0786+P0812+P1703+P1838+P2738,A01|F015|7|P0269+P0476+P0484+P0570+P0637+P1402+P3945,9,7,F007,F015,0.0,113.0,49.333333333333336,,0.6407547169811321,0.32148366584147414,0.40113207547169816,0.5279245283018867,0.4420754716981132,0.6407547169811321,,,,,0.6407547169811321,improving_not_selected,4,4,0,0,0,74,False,9.914532700000564,
7,static_selected_distance,18,True,2,54,A01,A01|F002|7|P1754+P1771+P2409+P2625+P2819+P3592+P3961,A01|F028|12|P0241+P0272+P0289+P0320+P0490+P0559+P0600+P0634+P0700+P0953+P1113+P1179,7,12,F002,F028,0.0,114.0,7.0,,0.6373584905660377,0.546570044746234,0.9694339622641509,0.9328301886792453,0.5615094339622642,0.6373584905660377,,,,,0.6373584905660377,improving_not_selected,2,2,0,0,0,69,False,9.71095239999704,
7,static_selected_distance,19,True,2,24,A01,A01|F002|7|P1754+P1771+P2409+P2625+P2819+P3592+P3961,A01|F014|12|P0061+P0303+P0849+P1095+P1163+P1235+P1805+P1853+P1902+P2120+P2969+P3614,7,12,F002,F014,0.0,124.0,61.333333333333336,,0.6052830188679246,0.32148366584147414,0.3109433962264151,0.10528301886792457,0.5615094339622642,0.6052830188679246,,,,,0.6052830188679246,improving_not_selected,2,2,0,0,0,41,False,9.226862299998174,
7,static_selected_distance,20,True,2,26,A01,A01|F002|7|P1754+P1771+P2409+P2625+P2819+P3592+P3961,A01|F015|7|P0269+P0476+P0484+P0570+P0637+P1402+P3945,7,7,F002,F015,0.0,127.0,34.666666666666664,,0.5966037735849057,0.32148366584147414,0.5800000000000001,0.42188679245283023,0.6722641509433962,0.5966037735849057,,,,,0.5966037735849057,improving_not_selected,4,4,0,0,0,75,False,9.466983099999197,
7,static_selected_distance,21,True,26,56,A01,A01|F015|7|P0269+P0476+P0484+P0570+P0637+P1402+P3945,A01|F029|12|P0159+P0299+P0306+P0449+P0962+P0987+P1077+P1226+P1276+P1738+P1878+P1919,7,12,F015,F029,0.0,128.0,13.333333333333334,,0.5932075471698113,0.16018035160321933,0.9116981132075471,0.659622641509434,0.4420754716981132,0.5932075471698113,,,,,0.5932075471698113,improving_not_selected,2,2,0,0,0,43,False,10.166586400002416,
7,static_selected_distance,22,True,49,59,A02,A02|F025|7|P1886+P2791+P3216+P3506+P3560+P3584+P3815,A02|F030|10|P0448+P2098+P2453+P3096+P3117+P3531+P3615+P3686+P3799+P3847,7,10,F025,F030,0.0,128.0,22.333333333333332,,0.5932075471698113,0.0,0.7709433962264151,0.659622641509434,0.7460377358490566,0.5932075471698113,,,,,0.5932075471698113,improving_not_selected,2,2,0,0,0,41,False,10.325491700001294,
7,static_selected_distance,23,True,2,8,A01,A01|F002|7|P1754+P1771+P2409+P2625+P2819+P3592+P3961,A01|F005|11|P0177+P0622+P0879+P0978+P1006+P1078+P1307+P1710+P1910+P3403+P3882,7,11,F002,F005,0.0,151.0,38.666666666666664,,0.5150943396226415,0.32148366584147414,0.5313207547169811,0.42188679245283023,0.6722641509433962,0.5150943396226415,,,,,0.5150943396226415,improving_not_selected,2,2,0,0,0,43,False,9.100290000002133,
7,static_selected_distance,24,True,2,30,A01,A01|F002|7|P1754+P1771+P2409+P2625+P2819+P3592+P3961,A01|F017|11|P0137+P0418+P0598+P1079+P1380+P1493+P1521+P1745+P2207+P2309+P2999,7,11,F002,F017,0.0,161.0,77.66666666666667,,0.48716981132075476,0.32148366584147414,0.23094339622641513,0.10528301886792457,0.6722641509433962,0.48716981132075476,,,,,0.48716981132075476,improving_not_selected,2,2,0,0,0,26,False,9.586617799999658,
7,static_selected_distance,25,True,12,28,A01,A01|F007|9|P0057+P0480+P0652+P0685+P0786+P0812+P1703+P1838+P2738,A01|F016|9|P0275+P0423+P0482+P0613+P0647+P0950+P1114+P2472+P2898,9,9,F007,F016,0.0,161.0,66.0,,0.48716981132075476,0.242949657316875,0.28490566037735854,0.16150943396226414,0.2888679245283019,0.48716981132075476,,,,,0.48716981132075476,improving_not_selected,2,2,0,0,0,33,False,10.0360342999993,
7,static_selected_distance,26,False,2,28,A01,A01|F002|7|P1754+P1771+P2409+P2625+P2819+P3592+P3961,A01|F016|9|P0275+P0423+P0482+P0613+P0647+P0950+P1114+P2472+P2898,7,9,F002,F016,0.0,172.0,51.333333333333336,,0.45547169811320753,0.242949657316875,0.3815094339622641,0.10528301886792457,0.789622641509434,0.45547169811320753,,,,,0.45547169811320753,budget_not_selected,0,0,0,0,0,,False,,
7,static_selected_distance,27,False,71,78,A03,A03|F036|8|P0401+P0709+P1087+P1650+P1817+P3698+P3755+P3770,A03|F040|11|P0140+P0367+P0868+P0880+P1004+P1567+P1598+P1705+P1715+P1750+P2374,8,11,F036,F040,0.0,205.0,135.66666666666666,,0.3652830188679246,0.16196643821125,0.0860377358490566,0.16150943396226414,0.5615094339622642,0.3652830188679246,,,,,0.3652830188679246,budget_not_selected,0,0,0,0,0,,False,,
7,static_selected_distance,28,False,2,56,A01,A01|F002|7|P1754+P1771+P2409+P2625+P2819+P3592+P3961,A01|F029|12|P0159+P0299+P0306+P0449+P0962+P0987+P1077+P1226+P1276+P1738+P1878+P1919,7,12,F002,F029,0.0,253.0,34.0,,0.2554716981132076,0.080983219105625,0.5920754716981131,0.42188679245283023,0.5615094339622642,0.2554716981132076,,,,,0.2554716981132076,budget_not_selected,0,0,0,0,0,,False,,
8,static_selected_distance,1,True,47,55,A02,A02|F025|7|P1886+P2791+P3216+P3506+P3560+P3584+P3815,A02|F029|12|P0226+P1827+P1956+P2101+P2590+P2617+P2683+P2796+P2810+P3402+P3626+P3741,7,12,F025,F029,0.0,24.0,12.666666666666666,,0.9739622641509434,0.8398196483967807,0.9226415094339623,0.9864150943396226,0.5615094339622642,0.9739622641509434,,,,,0.9739622641509434,accepted,2,0,2,0,0,117,True,10.328872699996282,10.43527670000185
8,static_selected_distance,2,True,7,24,A01,A01|F005|11|P0177+P0622+P0879+P0978+P1006+P1078+P1307+P1710+P1910+P3403+P3882,A01|F015|7|P0269+P0476+P0484+P0570+P0637+P1402+P3945,11,7,F005,F015,0.0,25.0,4.0,,0.9694339622641509,0.7843564518281836,0.9909433962264151,0.9864150943396226,0.5615094339622642,0.9694339622641509,,,,,0.9694339622641509,improving_not_selected,2,0,2,0,0,81,False,10.327492999997048,
8,static_selected_distance,3,True,22,24,A01,A01|F014|12|P0061+P0303+P0849+P1095+P1163+P1235+P1805+P1853+P1902+P2120+P2969+P3614,A01|F015|7|P0269+P0476+P0484+P0570+P0637+P1402+P3945,12,7,F014,F015,0.0,27.0,26.666666666666668,,0.9633962264150944,1.0,0.7090566037735849,0.659622641509434,0.4420754716981132,0.9633962264150944,,,,,0.9633962264150944,improving_not_selected,2,0,2,0,0,74,False,10.327974499996344,
8,static_selected_distance,4,True,16,24,A01,A01|F011|12|P0174+P0284+P0293+P0535+P0707+P0823+P0923+P1529+P1571+P1718+P3108+P3175,A01|F015|7|P0269+P0476+P0484+P0570+P0637+P1402+P3945,12,7,F011,F015,0.0,31.0,13.0,,0.9535849056603773,0.7043643178278647,0.9166037735849056,0.6988679245283018,0.6722641509433962,0.9535849056603773,,,,,0.9535849056603773,improving_not_selected,2,0,2,0,0,79,False,10.327849100001913,
8,static_selected_distance,5,True,24,52,A01,A01|F015|7|P0269+P0476+P0484+P0570+P0637+P1402+P3945,A01|F028|12|P0241+P0272+P0289+P0320+P0490+P0559+P0600+P0634+P0700+P0953+P1113+P1179,7,12,F015,F028,0.0,32.0,27.666666666666668,,0.949811320754717,0.7043643178278647,0.6890566037735849,0.5279245283018867,0.4420754716981132,0.949811320754717,,,,,0.949811320754717,improving_not_selected,2,0,2,0,0,92,False,10.328397099998256,
8,static_selected_distance,6,True,13,24,A01,A01|F009|11|P0086+P0252+P0860+P1085+P1610+P1743+P1763+P1949+P2163+P3118+P3137,A01|F015|7|P0269+P0476+P0484+P0570+P0637+P1402+P3945,11,7,F009,F015,0.0,38.0,21.333333333333332,,0.9233962264150943,0.7749136210952401,0.7860377358490566,0.6003773584905661,0.5615094339622642,0.9233962264150943,,,,,0.9233962264150943,improving_not_selected,2,0,2,0,0,72,False,10.327609300002223,
8,static_selected_distance,7,True,45,47,A02,A02|F024|12|P0213+P0307+P0433+P0499+P0729+P1905+P2195+P2535+P2572+P3190+P3603+P3872,A02|F025|7|P1886+P2791+P3216+P3506+P3560+P3584+P3815,12,7,F024,F025,0.0,39.0,15.666666666666666,,0.919245283018868,0.8398196483967807,0.8758490566037735,0.6003773584905661,0.7460377358490566,0.919245283018868,,,,,0.919245283018868,improving_not_selected,2,0,2,0,0,98,False,10.32875729999796,
8,static_selected_distance,8,True,24,26,A01,A01|F015|7|P0269+P0476+P0484+P0570+P0637+P1402+P3945,A01|F016|9|P0275+P0423+P0482+P0613+P0647+P0950+P1114+P2472+P2898,7,9,F015,F016,0.0,48.0,16.666666666666668,,0.8833962264150943,0.7058224433035845,0.8573584905660377,0.659622641509434,0.7460377358490566,0.8833962264150943,,,,,0.8833962264150943,improving_not_selected,4,0,4,0,0,71,False,10.32816989999992,
8,static_selected_distance,9,True,24,28,A01,A01|F015|7|P0269+P0476+P0484+P0570+P0637+P1402+P3945,A01|F017|11|P0137+P0418+P0598+P1079+P1380+P1493+P1521+P1745+P2207+P2309+P2999,7,11,F015,F017,0.0,53.0,43.0,,0.860754716981132,0.854905755095559,0.4732075471698113,0.659622641509434,0.5615094339622642,0.860754716981132,,,,,0.860754716981132,improving_not_selected,2,0,2,0,0,63,False,10.328283800001373,
8,static_selected_distance,10,True,33,47,A02,A02|F019|12|P0059+P0542+P0957+P1677+P2598+P2822+P3044+P3288+P3409+P3524+P3711+P3982,A02|F025|7|P1886+P2791+P3216+P3506+P3560+P3584+P3815,12,7,F019,F025,0.0,66.0,13.0,,0.8094339622641509,0.21419484696603946,0.9166037735849056,0.8784905660377358,0.5615094339622642,0.8094339622641509,,,,,0.8094339622641509,improving_not_selected,2,0,2,0,0,86,False,10.328637899998284,
8,static_selected_distance,11,True,47,63,A02,A02|F025|7|P1886+P2791+P3216+P3506+P3560+P3584+P3815,A02|F033|12|P0660+P0761+P1198+P1462+P2397+P2940+P3002+P3303+P3352+P3542+P3649+P3929,7,12,F025,F033,0.0,80.0,36.333333333333336,,0.7588679245283019,0.21419484696603946,0.5573584905660378,0.7766037735849056,0.5615094339622642,0.7588679245283019,,,,,0.7588679245283019,improving_not_selected,2,0,2,0,0,95,False,10.329105899996648,
8,static_selected_distance,12,True,5,24,A01,A01|F004|11|P0146+P0632+P0908+P1052+P1216+P1264+P1553+P2173+P2793+P3113+P3938,A01|F015|7|P0269+P0476+P0484+P0570+P0637+P1402+P3945,11,7,F004,F015,0.0,95.0,13.333333333333334,,0.7026415094339622,0.32148366584147414,0.9116981132075471,0.9328301886792453,0.5615094339622642,0.7026415094339622,,,,,0.7026415094339622,improving_not_selected,2,0,2,0,0,38,False,10.32736819999991,
8,static_selected_distance,13,True,24,54,A01,A01|F015|7|P0269+P0476+P0484+P0570+P0637+P1402+P3945,A01|F029|12|P0159+P0299+P0306+P0449+P0962+P0987+P1077+P1226+P1276+P1738+P1878+P1919,7,12,F015,F029,0.0,128.0,13.333333333333334,,0.5932075471698113,0.16018035160321933,0.9116981132075471,0.659622641509434,0.4420754716981132,0.5932075471698113,,,,,0.5932075471698113,improving_not_selected,2,0,2,0,0,43,False,10.328519299997424,
8,static_selected_distance,14,True,47,57,A02,A02|F025|7|P1886+P2791+P3216+P3506+P3560+P3584+P3815,A02|F030|10|P0448+P2098+P2453+P3096+P3117+P3531+P3615+P3686+P3799+P3847,7,10,F025,F030,0.0,128.0,22.333333333333332,,0.5932075471698113,0.0,0.7709433962264151,0.659622641509434,0.7460377358490566,0.5932075471698113,,,,,0.5932075471698113,improving_not_selected,2,0,2,0,0,41,False,10.328987900000357,
8,static_selected_distance,15,True,69,76,A03,A03|F036|8|P0401+P0709+P1087+P1650+P1817+P3698+P3755+P3770,A03|F040|11|P0140+P0367+P0868+P0880+P1004+P1567+P1598+P1705+P1715+P1750+P2374,8,11,F036,F040,0.0,205.0,135.66666666666666,,0.3652830188679246,0.16196643821125,0.0860377358490566,0.16150943396226414,0.5615094339622642,0.3652830188679246,,,,,0.3652830188679246,improving_not_selected,2,2,0,0,0,89,False,10.435120000001916,
9,static_selected_distance,1,True,7,24,A01,A01|F005|11|P0177+P0622+P0879+P0978+P1006+P1078+P1307+P1710+P1910+P3403+P3882,A01|F015|7|P0269+P0476+P0484+P0570+P0637+P1402+P3945,11,7,F005,F015,0.0,25.0,4.0,,0.9694339622641509,0.7843564518281836,0.9909433962264151,0.9864150943396226,0.5615094339622642,0.9694339622641509,,,,,0.9694339622641509,improving_not_selected,2,0,2,0,0,81,False,10.438458299999184,
9,static_selected_distance,2,True,22,24,A01,A01|F014|12|P0061+P0303+P0849+P1095+P1163+P1235+P1805+P1853+P1902+P2120+P2969+P3614,A01|F015|7|P0269+P0476+P0484+P0570+P0637+P1402+P3945,12,7,F014,F015,0.0,27.0,26.666666666666668,,0.9633962264150944,1.0,0.7090566037735849,0.659622641509434,0.4420754716981132,0.9633962264150944,,,,,0.9633962264150944,improving_not_selected,2,0,2,0,0,74,False,10.439037299998745,
9,static_selected_distance,3,True,16,24,A01,A01|F011|12|P0174+P0284+P0293+P0535+P0707+P0823+P0923+P1529+P1571+P1718+P3108+P3175,A01|F015|7|P0269+P0476+P0484+P0570+P0637+P1402+P3945,12,7,F011,F015,0.0,31.0,13.0,,0.9535849056603773,0.7043643178278647,0.9166037735849056,0.6988679245283018,0.6722641509433962,0.9535849056603773,,,,,0.9535849056603773,improving_not_selected,2,0,2,0,0,79,False,10.438877799999318,
9,static_selected_distance,4,True,24,51,A01,A01|F015|7|P0269+P0476+P0484+P0570+P0637+P1402+P3945,A01|F028|12|P0241+P0272+P0289+P0320+P0490+P0559+P0600+P0634+P0700+P0953+P1113+P1179,7,12,F015,F028,0.0,32.0,27.666666666666668,,0.949811320754717,0.7043643178278647,0.6890566037735849,0.5279245283018867,0.4420754716981132,0.949811320754717,,,,,0.949811320754717,accepted,2,0,2,0,0,92,True,10.439457799999218,10.44036629999755
9,static_selected_distance,5,True,13,24,A01,A01|F009|11|P0086+P0252+P0860+P1085+P1610+P1743+P1763+P1949+P2163+P3118+P3137,A01|F015|7|P0269+P0476+P0484+P0570+P0637+P1402+P3945,11,7,F009,F015,0.0,38.0,21.333333333333332,,0.9233962264150943,0.7749136210952401,0.7860377358490566,0.6003773584905661,0.5615094339622642,0.9233962264150943,,,,,0.9233962264150943,improving_not_selected,2,0,2,0,0,72,False,10.438728299996,
9,static_selected_distance,6,True,24,26,A01,A01|F015|7|P0269+P0476+P0484+P0570+P0637+P1402+P3945,A01|F016|9|P0275+P0423+P0482+P0613+P0647+P0950+P1114+P2472+P2898,7,9,F015,F016,0.0,48.0,16.666666666666668,,0.8833962264150943,0.7058224433035845,0.8573584905660377,0.659622641509434,0.7460377358490566,0.8833962264150943,,,,,0.8833962264150943,improving_not_selected,4,0,4,0,0,71,False,10.439231700001983,
9,static_selected_distance,7,True,24,28,A01,A01|F015|7|P0269+P0476+P0484+P0570+P0637+P1402+P3945,A01|F017|11|P0137+P0418+P0598+P1079+P1380+P1493+P1521+P1745+P2207+P2309+P2999,7,11,F015,F017,0.0,53.0,43.0,,0.860754716981132,0.854905755095559,0.4732075471698113,0.659622641509434,0.5615094339622642,0.860754716981132,,,,,0.860754716981132,improving_not_selected,2,0,2,0,0,63,False,10.43934459999582,
9,static_selected_distance,8,True,5,24,A01,A01|F004|11|P0146+P0632+P0908+P1052+P1216+P1264+P1553+P2173+P2793+P3113+P3938,A01|F015|7|P0269+P0476+P0484+P0570+P0637+P1402+P3945,11,7,F004,F015,0.0,95.0,13.333333333333334,,0.7026415094339622,0.32148366584147414,0.9116981132075471,0.9328301886792453,0.5615094339622642,0.7026415094339622,,,,,0.7026415094339622,improving_not_selected,2,0,2,0,0,38,False,10.43815370000084,
9,static_selected_distance,9,True,24,53,A01,A01|F015|7|P0269+P0476+P0484+P0570+P0637+P1402+P3945,A01|F029|12|P0159+P0299+P0306+P0449+P0962+P0987+P1077+P1226+P1276+P1738+P1878+P1919,7,12,F015,F029,0.0,128.0,13.333333333333334,,0.5932075471698113,0.16018035160321933,0.9116981132075471,0.659622641509434,0.4420754716981132,0.5932075471698113,,,,,0.5932075471698113,improving_not_selected,2,0,2,0,0,43,False,10.439644199999748,
9,static_selected_distance,10,True,67,74,A03,A03|F036|8|P0401+P0709+P1087+P1650+P1817+P3698+P3755+P3770,A03|F040|11|P0140+P0367+P0868+P0880+P1004+P1567+P1598+P1705+P1715+P1750+P2374,8,11,F036,F040,0.0,205.0,135.66666666666666,,0.3652830188679246,0.16196643821125,0.0860377358490566,0.16150943396226414,0.5615094339622642,0.3652830188679246,,,,,0.3652830188679246,improving_not_selected,2,0,2,0,0,89,False,10.440275299995847,
10,static_selected_distance,1,True,65,72,A03,A03|F036|8|P0401+P0709+P1087+P1650+P1817+P3698+P3755+P3770,A03|F040|11|P0140+P0367+P0868+P0880+P1004+P1567+P1598+P1705+P1715+P1750+P2374,8,11,F036,F040,0.0,205.0,135.66666666666666,,0.3652830188679246,0.16196643821125,0.0860377358490566,0.16150943396226414,0.5615094339622642,0.3652830188679246,,,,,0.3652830188679246,accepted,2,0,2,0,0,89,True,10.441954100002476,10.441991799998505
