from_node,to_node,aircraft_type,distance_km,flight_minutes,fuel_consumption_kg,full_tank_leg_feasible,from_can_refuel,to_can_refuel
A01,A02,T1,35.0,9,119.0,1,0,0
A01,A02,T2,35.0,10,87.5,1,0,0
A01,A02,T3,35.0,12,101.5,1,0,0
A01,A03,T1,84.0,21,285.6,1,0,0
A01,A03,T2,84.0,23,210.0,1,0,0
A01,A03,T3,84.0,27,243.6,1,0,0
A01,F001,T1,219.0,53,744.6,1,0,0
A01,F001,T2,219.0,60,547.5,1,0,0
A01,F001,T3,219.0,70,635.1,1,0,0
A01,F002,T1,217.0,53,737.8,1,0,0
A01,F002,T2,217.0,60,542.5,1,0,0
A01,F002,T3,217.0,69,629.3,1,0,0
A01,F003,T1,192.0,47,652.8,1,0,0
A01,F003,T2,192.0,53,480.0,1,0,0
A01,F003,T3,192.0,61,556.8,1,0,0
A01,F004,T1,197.0,48,669.8,1,0,0
A01,F004,T2,197.0,54,492.5,1,0,0
A01,F004,T3,197.0,63,571.3,1,0,0
A01,F005,T1,190.0,46,646.0,1,0,0
A01,F005,T2,190.0,52,475.0,1,0,0
A01,F005,T3,190.0,60,551.0,1,0,0
A01,F006,T1,235.0,57,799.0,1,0,1
A01,F006,T2,235.0,65,587.5,1,0,1
A01,F006,T3,235.0,75,681.5,1,0,1
A01,F007,T1,233.0,56,792.2,1,0,0
A01,F007,T2,233.0,64,582.5,1,0,0
A01,F007,T3,233.0,74,675.7,1,0,0
A01,F008,T1,221.0,54,751.4,1,0,0
A01,F008,T2,221.0,61,552.5,1,0,0
A01,F008,T3,221.0,70,640.9,1,0,0
A01,F009,T1,166.0,40,564.4,1,0,0
A01,F009,T2,166.0,46,415.0,1,0,0
A01,F009,T3,166.0,53,481.4,1,0,0
A01,F010,T1,216.0,52,734.4,1,0,0
A01,F010,T2,216.0,59,540.0,1,0,0
A01,F010,T3,216.0,69,626.4,1,0,0
A01,F011,T1,201.0,49,683.4,1,0,1
A01,F011,T2,201.0,55,502.5,1,0,1
A01,F011,T3,201.0,64,582.9,1,0,1
A01,F012,T1,208.0,50,707.2,1,0,0
A01,F012,T2,208.0,57,520.0,1,0,0
A01,F012,T3,208.0,66,603.2,1,0,0
A01,F013,T1,279.0,67,948.6,0,0,0
A01,F013,T2,279.0,77,697.5,1,0,0
A01,F013,T3,279.0,89,809.1,1,0,0
A01,F014,T1,164.0,40,557.6,1,0,0
A01,F014,T2,164.0,45,410.0,1,0,0
A01,F014,T3,164.0,52,475.6,1,0,0
A01,F015,T1,191.0,46,649.4,1,0,0
A01,F015,T2,191.0,53,477.5,1,0,0
A01,F015,T3,191.0,61,553.9,1,0,0
A01,F016,T1,181.0,44,615.4,1,0,0
A01,F016,T2,181.0,50,452.5,1,0,0
A01,F016,T3,181.0,58,524.9,1,0,0
A01,F017,T1,153.0,37,520.2,1,0,0
A01,F017,T2,153.0,42,382.5,1,0,0
A01,F017,T3,153.0,49,443.7,1,0,0
A01,F018,T1,196.0,48,666.4,1,0,1
A01,F018,T2,196.0,54,490.0,1,0,1
A01,F018,T3,196.0,62,568.4,1,0,1
A01,F019,T1,204.0,49,693.6,1,0,0
A01,F019,T2,204.0,56,510.0,1,0,0
A01,F019,T3,204.0,65,591.6,1,0,0
A01,F020,T1,171.0,42,581.4,1,0,0
A01,F020,T2,171.0,47,427.5,1,0,0
A01,F020,T3,171.0,54,495.9,1,0,0
A01,F021,T1,218.0,53,741.2,1,0,0
A01,F021,T2,218.0,60,545.0,1,0,0
A01,F021,T3,218.0,69,632.2,1,0,0
A01,F022,T1,194.0,47,659.6,1,0,0
A01,F022,T2,194.0,53,485.0,1,0,0
A01,F022,T3,194.0,62,562.6,1,0,0
A01,F023,T1,270.0,65,918.0,0,0,0
A01,F023,T2,270.0,74,675.0,1,0,0
A01,F023,T3,270.0,86,783.0,1,0,0
A01,F024,T1,211.0,51,717.4,1,0,1
A01,F024,T2,211.0,58,527.5,1,0,1
A01,F024,T3,211.0,67,611.9,1,0,1
A01,F025,T1,202.0,49,686.8,1,0,0
A01,F025,T2,202.0,56,505.0,1,0,0
A01,F025,T3,202.0,64,585.8,1,0,0
A01,F026,T1,204.0,49,693.6,1,0,0
A01,F026,T2,204.0,56,510.0,1,0,0
A01,F026,T3,204.0,65,591.6,1,0,0
A01,F027,T1,191.0,46,649.4,1,0,0
A01,F027,T2,191.0,53,477.5,1,0,0
A01,F027,T3,191.0,61,553.9,1,0,0
A01,F028,T1,217.0,53,737.8,1,0,0
A01,F028,T2,217.0,60,542.5,1,0,0
A01,F028,T3,217.0,69,629.3,1,0,0
A01,F029,T1,211.0,51,717.4,1,0,0
A01,F029,T2,211.0,58,527.5,1,0,0
A01,F029,T3,211.0,67,611.9,1,0,0
A01,F030,T1,158.0,38,537.2,1,0,0
A01,F030,T2,158.0,44,395.0,1,0,0
A01,F030,T3,158.0,50,458.2,1,0,0
A01,F031,T1,245.0,59,833.0,1,0,1
A01,F031,T2,245.0,67,612.5,1,0,1
A01,F031,T3,245.0,78,710.5,1,0,1
A01,F032,T1,280.0,68,952.0,0,0,0
A01,F032,T2,280.0,77,700.0,1,0,0
A01,F032,T3,280.0,89,812.0,1,0,0
A01,F033,T1,227.0,55,771.8,1,0,0
A01,F033,T2,227.0,62,567.5,1,0,0
A01,F033,T3,227.0,72,658.3,1,0,0
A01,F034,T1,246.0,60,836.4,1,0,0
A01,F034,T2,246.0,68,615.0,1,0,0
A01,F034,T3,246.0,78,713.4,1,0,0
A01,F035,T1,258.0,62,877.2,0,0,0
A01,F035,T2,258.0,71,645.0,1,0,0
A01,F035,T3,258.0,82,748.2,1,0,0
A01,F036,T1,217.0,53,737.8,1,0,0
A01,F036,T2,217.0,60,542.5,1,0,0
A01,F036,T3,217.0,69,629.3,1,0,0
A01,F037,T1,395.0,95,1343.0,0,0,0
A01,F037,T2,395.0,108,987.5,1,0,0
A01,F037,T3,395.0,125,1145.5,1,0,0
A01,F038,T1,282.0,68,958.8,0,0,1
A01,F038,T2,282.0,77,705.0,1,0,1
A01,F038,T3,282.0,90,817.8,1,0,1
A01,F039,T1,240.0,58,816.0,1,0,0
A01,F039,T2,240.0,66,600.0,1,0,0
A01,F039,T3,240.0,76,696.0,1,0,0
A01,F040,T1,373.0,90,1268.2,0,0,0
A01,F040,T2,373.0,102,932.5,1,0,0
A01,F040,T3,373.0,118,1081.7,1,0,0
A01,F041,T1,308.0,74,1047.2,0,0,0
A01,F041,T2,308.0,84,770.0,1,0,0
A01,F041,T3,308.0,98,893.2,1,0,0
A01,F042,T1,401.0,97,1363.4,0,0,0
A01,F042,T2,401.0,110,1002.5,0,0,0
A01,F042,T3,401.0,127,1162.9,1,0,0
A01,F043,T1,329.0,79,1118.6,0,0,0
A01,F043,T2,329.0,90,822.5,1,0,0
A01,F043,T3,329.0,104,954.1,1,0,0
A01,F044,T1,346.0,84,1176.4,0,0,1
A01,F044,T2,346.0,95,865.0,1,0,1
A01,F044,T3,346.0,110,1003.4,1,0,1
A01,F045,T1,288.0,70,979.2,0,0,0
A01,F045,T2,288.0,79,720.0,1,0,0
A01,F045,T3,288.0,91,835.2,1,0,0
A01,F046,T1,235.0,57,799.0,1,0,0
A01,F046,T2,235.0,65,587.5,1,0,0
A01,F046,T3,235.0,75,681.5,1,0,0
A01,F047,T1,247.0,60,839.8,1,0,0
A01,F047,T2,247.0,68,617.5,1,0,0
A01,F047,T3,247.0,78,716.3,1,0,0
A01,F048,T1,269.0,65,914.6,0,0,0
A01,F048,T2,269.0,74,672.5,1,0,0
A01,F048,T3,269.0,85,780.1,1,0,0
A01,F049,T1,248.0,60,843.2,1,0,0
A01,F049,T2,248.0,68,620.0,1,0,0
A01,F049,T3,248.0,79,719.2,1,0,0
A01,F050,T1,439.0,106,1492.6,0,0,1
A01,F050,T2,439.0,120,1097.5,0,0,1
A01,F050,T3,439.0,139,1273.1,1,0,1
A01,F051,T1,299.0,72,1016.6,0,0,0
A01,F051,T2,299.0,82,747.5,1,0,0
A01,F051,T3,299.0,95,867.1,1,0,0
A01,F052,T1,269.0,65,914.6,0,0,0
A01,F052,T2,269.0,74,672.5,1,0,0
A01,F052,T3,269.0,85,780.1,1,0,0
A02,A01,T1,35.0,9,119.0,1,0,0
A02,A01,T2,35.0,10,87.5,1,0,0
A02,A01,T3,35.0,12,101.5,1,0,0
A02,A03,T1,49.0,12,166.6,1,0,0
A02,A03,T2,49.0,14,122.5,1,0,0
A02,A03,T3,49.0,16,142.1,1,0,0
A02,F001,T1,233.0,56,792.2,1,0,0
A02,F001,T2,233.0,64,582.5,1,0,0
A02,F001,T3,233.0,74,675.7,1,0,0
A02,F002,T1,251.0,61,853.4,0,0,0
A02,F002,T2,251.0,69,627.5,1,0,0
A02,F002,T3,251.0,80,727.9,1,0,0
A02,F003,T1,223.0,54,758.2,1,0,0
A02,F003,T2,223.0,61,557.5,1,0,0
A02,F003,T3,223.0,71,646.7,1,0,0
A02,F004,T1,229.0,55,778.6,1,0,0
A02,F004,T2,229.0,63,572.5,1,0,0
A02,F004,T3,229.0,73,664.1,1,0,0
A02,F005,T1,211.0,51,717.4,1,0,0
A02,F005,T2,211.0,58,527.5,1,0,0
A02,F005,T3,211.0,67,611.9,1,0,0
A02,F006,T1,267.0,65,907.8,0,0,1
A02,F006,T2,267.0,73,667.5,1,0,1
A02,F006,T3,267.0,85,774.3,1,0,1
A02,F007,T1,265.0,64,901.0,0,0,0
A02,F007,T2,265.0,73,662.5,1,0,0
A02,F007,T3,265.0,84,768.5,1,0,0
A02,F008,T1,250.0,60,850.0,1,0,0
A02,F008,T2,250.0,69,625.0,1,0,0
A02,F008,T3,250.0,79,725.0,1,0,0
A02,F009,T1,194.0,47,659.6,1,0,0
A02,F009,T2,194.0,53,485.0,1,0,0
A02,F009,T3,194.0,62,562.6,1,0,0
A02,F010,T1,247.0,60,839.8,1,0,0
A02,F010,T2,247.0,68,617.5,1,0,0
A02,F010,T3,247.0,78,716.3,1,0,0
A02,F011,T1,228.0,55,775.2,1,0,1
A02,F011,T2,228.0,63,570.0,1,0,1
A02,F011,T3,228.0,72,661.2,1,0,1
A02,F012,T1,229.0,55,778.6,1,0,0
A02,F012,T2,229.0,63,572.5,1,0,0
A02,F012,T3,229.0,73,664.1,1,0,0
A02,F013,T1,311.0,75,1057.4,0,0,0
A02,F013,T2,311.0,85,777.5,1,0,0
A02,F013,T3,311.0,99,901.9,1,0,0
A02,F014,T1,188.0,46,639.2,1,0,0
A02,F014,T2,188.0,52,470.0,1,0,0
A02,F014,T3,188.0,60,545.2,1,0,0
A02,F015,T1,215.0,52,731.0,1,0,0
A02,F015,T2,215.0,59,537.5,1,0,0
A02,F015,T3,215.0,68,623.5,1,0,0
A02,F016,T1,198.0,48,673.2,1,0,0
A02,F016,T2,198.0,54,495.0,1,0,0
A02,F016,T3,198.0,63,574.2,1,0,0
A02,F017,T1,171.0,42,581.4,1,0,0
A02,F017,T2,171.0,47,427.5,1,0,0
A02,F017,T3,171.0,54,495.9,1,0,0
A02,F018,T1,214.0,52,727.6,1,0,1
A02,F018,T2,214.0,59,535.0,1,0,1
A02,F018,T3,214.0,68,620.6,1,0,1
A02,F019,T1,216.0,52,734.4,1,0,0
A02,F019,T2,216.0,59,540.0,1,0,0
A02,F019,T3,216.0,69,626.4,1,0,0
A02,F020,T1,185.0,45,629.0,1,0,0
A02,F020,T2,185.0,51,462.5,1,0,0
A02,F020,T3,185.0,59,536.5,1,0,0
A02,F021,T1,220.0,53,748.0,1,0,0
A02,F021,T2,220.0,60,550.0,1,0,0
A02,F021,T3,220.0,70,638.0,1,0,0
A02,F022,T1,208.0,50,707.2,1,0,0
A02,F022,T2,208.0,57,520.0,1,0,0
A02,F022,T3,208.0,66,603.2,1,0,0
A02,F023,T1,267.0,65,907.8,0,0,0
A02,F023,T2,267.0,73,667.5,1,0,0
A02,F023,T3,267.0,85,774.3,1,0,0
A02,F024,T1,219.0,53,744.6,1,0,1
A02,F024,T2,219.0,60,547.5,1,0,1
A02,F024,T3,219.0,70,635.1,1,0,1
A02,F025,T1,203.0,49,690.2,1,0,0
A02,F025,T2,203.0,56,507.5,1,0,0
A02,F025,T3,203.0,65,588.7,1,0,0
A02,F026,T1,221.0,54,751.4,1,0,0
A02,F026,T2,221.0,61,552.5,1,0,0
A02,F026,T3,221.0,70,640.9,1,0,0
A02,F027,T1,198.0,48,673.2,1,0,0
A02,F027,T2,198.0,54,495.0,1,0,0
A02,F027,T3,198.0,63,574.2,1,0,0
A02,F028,T1,243.0,59,826.2,1,0,0
A02,F028,T2,243.0,67,607.5,1,0,0
A02,F028,T3,243.0,77,704.7,1,0,0
A02,F029,T1,216.0,52,734.4,1,0,0
A02,F029,T2,216.0,59,540.0,1,0,0
A02,F029,T3,216.0,69,626.4,1,0,0
A02,F030,T1,180.0,44,612.0,1,0,0
A02,F030,T2,180.0,50,450.0,1,0,0
A02,F030,T3,180.0,57,522.0,1,0,0
A02,F031,T1,242.0,59,822.8,1,0,1
A02,F031,T2,242.0,66,605.0,1,0,1
A02,F031,T3,242.0,77,701.8,1,0,1
A02,F032,T1,279.0,67,948.6,0,0,0
A02,F032,T2,279.0,77,697.5,1,0,0
A02,F032,T3,279.0,89,809.1,1,0,0
A02,F033,T1,239.0,58,812.6,1,0,0
A02,F033,T2,239.0,66,597.5,1,0,0
A02,F033,T3,239.0,76,693.1,1,0,0
A02,F034,T1,255.0,62,867.0,0,0,0
A02,F034,T2,255.0,70,637.5,1,0,0
A02,F034,T3,255.0,81,739.5,1,0,0
A02,F035,T1,261.0,63,887.4,0,0,0
A02,F035,T2,261.0,72,652.5,1,0,0
A02,F035,T3,261.0,83,756.9,1,0,0
A02,F036,T1,215.0,52,731.0,1,0,0
A02,F036,T2,215.0,59,537.5,1,0,0
A02,F036,T3,215.0,68,623.5,1,0,0
A02,F037,T1,375.0,90,1275.0,0,0,0
A02,F037,T2,375.0,103,937.5,1,0,0
A02,F037,T3,375.0,119,1087.5,1,0,0
A02,F038,T1,268.0,65,911.2,0,0,1
A02,F038,T2,268.0,74,670.0,1,0,1
A02,F038,T3,268.0,85,777.2,1,0,1
A02,F039,T1,226.0,55,768.4,1,0,0
A02,F039,T2,226.0,62,565.0,1,0,0
A02,F039,T3,226.0,72,655.4,1,0,0
A02,F040,T1,355.0,86,1207.0,0,0,0
A02,F040,T2,355.0,97,887.5,1,0,0
A02,F040,T3,355.0,113,1029.5,1,0,0
A02,F041,T1,290.0,70,986.0,0,0,0
A02,F041,T2,290.0,80,725.0,1,0,0
A02,F041,T3,290.0,92,841.0,1,0,0
A02,F042,T1,383.0,92,1302.2,0,0,0
A02,F042,T2,383.0,105,957.5,1,0,0
A02,F042,T3,383.0,121,1110.7,1,0,0
A02,F043,T1,313.0,76,1064.2,0,0,0
A02,F043,T2,313.0,86,782.5,1,0,0
A02,F043,T3,313.0,99,907.7,1,0,0
A02,F044,T1,329.0,79,1118.6,0,0,1
A02,F044,T2,329.0,90,822.5,1,0,1
A02,F044,T3,329.0,104,954.1,1,0,1
A02,F045,T1,271.0,66,921.4,0,0,0
A02,F045,T2,271.0,74,677.5,1,0,0
A02,F045,T3,271.0,86,785.9,1,0,0
A02,F046,T1,227.0,55,771.8,1,0,0
A02,F046,T2,227.0,62,567.5,1,0,0
A02,F046,T3,227.0,72,658.3,1,0,0
A02,F047,T1,241.0,58,819.4,1,0,0
A02,F047,T2,241.0,66,602.5,1,0,0
A02,F047,T3,241.0,77,698.9,1,0,0
A02,F048,T1,256.0,62,870.4,0,0,0
A02,F048,T2,256.0,70,640.0,1,0,0
A02,F048,T3,256.0,81,742.4,1,0,0
A02,F049,T1,239.0,58,812.6,1,0,0
A02,F049,T2,239.0,66,597.5,1,0,0
A02,F049,T3,239.0,76,693.1,1,0,0
A02,F050,T1,419.0,101,1424.6,0,0,1
A02,F050,T2,419.0,115,1047.5,0,0,1
A02,F050,T3,419.0,133,1215.1,1,0,1
A02,F051,T1,285.0,69,969.0,0,0,0
A02,F051,T2,285.0,78,712.5,1,0,0
A02,F051,T3,285.0,90,826.5,1,0,0
A02,F052,T1,259.0,63,880.6,0,0,0
A02,F052,T2,259.0,71,647.5,1,0,0
A02,F052,T3,259.0,82,751.1,1,0,0
A03,A01,T1,84.0,21,285.6,1,0,0
A03,A01,T2,84.0,23,210.0,1,0,0
A03,A01,T3,84.0,27,243.6,1,0,0
A03,A02,T1,49.0,12,166.6,1,0,0
A03,A02,T2,49.0,14,122.5,1,0,0
A03,A02,T3,49.0,16,142.1,1,0,0
A03,F001,T1,267.0,65,907.8,0,0,0
A03,F001,T2,267.0,73,667.5,1,0,0
A03,F001,T3,267.0,85,774.3,1,0,0
A03,F002,T1,300.0,72,1020.0,0,0,0
A03,F002,T2,300.0,82,750.0,1,0,0
A03,F002,T3,300.0,95,870.0,1,0,0
A03,F003,T1,271.0,66,921.4,0,0,0
A03,F003,T2,271.0,74,677.5,1,0,0
A03,F003,T3,271.0,86,785.9,1,0,0
A03,F004,T1,278.0,67,945.2,0,0,0
A03,F004,T2,278.0,76,695.0,1,0,0
A03,F004,T3,278.0,88,806.2,1,0,0
A03,F005,T1,251.0,61,853.4,0,0,0
A03,F005,T2,251.0,69,627.5,1,0,0
A03,F005,T3,251.0,80,727.9,1,0,0
A03,F006,T1,316.0,76,1074.4,0,0,1
A03,F006,T2,316.0,87,790.0,1,0,1
A03,F006,T3,316.0,100,916.4,1,0,1
A03,F007,T1,314.0,76,1067.6,0,0,0
A03,F007,T2,314.0,86,785.0,1,0,0
A03,F007,T3,314.0,100,910.6,1,0,0
A03,F008,T1,298.0,72,1013.2,0,0,0
A03,F008,T2,298.0,82,745.0,1,0,0
A03,F008,T3,298.0,95,864.2,1,0,0
A03,F009,T1,240.0,58,816.0,1,0,0
A03,F009,T2,240.0,66,600.0,1,0,0
A03,F009,T3,240.0,76,696.0,1,0,0
A03,F010,T1,295.0,71,1003.0,0,0,0
A03,F010,T2,295.0,81,737.5,1,0,0
A03,F010,T3,295.0,94,855.5,1,0,0
A03,F011,T1,274.0,66,931.6,0,0,1
A03,F011,T2,274.0,75,685.0,1,0,1
A03,F011,T3,274.0,87,794.6,1,0,1
A03,F012,T1,268.0,65,911.2,0,0,0
A03,F012,T2,268.0,74,670.0,1,0,0
A03,F012,T3,268.0,85,777.2,1,0,0
A03,F013,T1,360.0,87,1224.0,0,0,0
A03,F013,T2,360.0,99,900.0,1,0,0
A03,F013,T3,360.0,114,1044.0,1,0,0
A03,F014,T1,232.0,56,788.8,1,0,0
A03,F014,T2,232.0,64,580.0,1,0,0
A03,F014,T3,232.0,74,672.8,1,0,0
A03,F015,T1,258.0,62,877.2,0,0,0
A03,F015,T2,258.0,71,645.0,1,0,0
A03,F015,T3,258.0,82,748.2,1,0,0
A03,F016,T1,235.0,57,799.0,1,0,0
A03,F016,T2,235.0,65,587.5,1,0,0
A03,F016,T3,235.0,75,681.5,1,0,0
A03,F017,T1,211.0,51,717.4,1,0,0
A03,F017,T2,211.0,58,527.5,1,0,0
A03,F017,T3,211.0,67,611.9,1,0,0
A03,F018,T1,252.0,61,856.8,0,0,1
A03,F018,T2,252.0,69,630.0,1,0,1
A03,F018,T3,252.0,80,730.8,1,0,1
A03,F019,T1,247.0,60,839.8,1,0,0
A03,F019,T2,247.0,68,617.5,1,0,0
A03,F019,T3,247.0,78,716.3,1,0,0
A03,F020,T1,220.0,53,748.0,1,0,0
A03,F020,T2,220.0,60,550.0,1,0,0
A03,F020,T3,220.0,70,638.0,1,0,0
A03,F021,T1,240.0,58,816.0,1,0,0
A03,F021,T2,240.0,66,600.0,1,0,0
A03,F021,T3,240.0,76,696.0,1,0,0
A03,F022,T1,241.0,58,819.4,1,0,0
A03,F022,T2,241.0,66,602.5,1,0,0
A03,F022,T3,241.0,77,698.9,1,0,0
A03,F023,T1,280.0,68,952.0,0,0,0
A03,F023,T2,280.0,77,700.0,1,0,0
A03,F023,T3,280.0,89,812.0,1,0,0
A03,F024,T1,245.0,59,833.0,1,0,1
A03,F024,T2,245.0,67,612.5,1,0,1
A03,F024,T3,245.0,78,710.5,1,0,1
A03,F025,T1,223.0,54,758.2,1,0,0
A03,F025,T2,223.0,61,557.5,1,0,0
A03,F025,T3,223.0,71,646.7,1,0,0
A03,F026,T1,257.0,62,873.8,0,0,0
A03,F026,T2,257.0,71,642.5,1,0,0
A03,F026,T3,257.0,82,745.3,1,0,0
A03,F027,T1,225.0,54,765.0,1,0,0
A03,F027,T2,225.0,62,562.5,1,0,0
A03,F027,T3,225.0,72,652.5,1,0,0
A03,F028,T1,287.0,69,975.8,0,0,0
A03,F028,T2,287.0,79,717.5,1,0,0
A03,F028,T3,287.0,91,832.3,1,0,0
A03,F029,T1,239.0,58,812.6,1,0,0
A03,F029,T2,239.0,66,597.5,1,0,0
A03,F029,T3,239.0,76,693.1,1,0,0
A03,F030,T1,223.0,54,758.2,1,0,0
A03,F030,T2,223.0,61,557.5,1,0,0
A03,F030,T3,223.0,71,646.7,1,0,0
A03,F031,T1,254.0,61,863.6,0,0,1
A03,F031,T2,254.0,70,635.0,1,0,1
A03,F031,T3,254.0,81,736.6,1,0,1
A03,F032,T1,292.0,71,992.8,0,0,0
A03,F032,T2,292.0,80,730.0,1,0,0
A03,F032,T3,292.0,93,846.8,1,0,0
A03,F033,T1,271.0,66,921.4,0,0,0
A03,F033,T2,271.0,74,677.5,1,0,0
A03,F033,T3,271.0,86,785.9,1,0,0
A03,F034,T1,282.0,68,958.8,0,0,0
A03,F034,T2,282.0,77,705.0,1,0,0
A03,F034,T3,282.0,90,817.8,1,0,0
A03,F035,T1,280.0,68,952.0,0,0,0
A03,F035,T2,280.0,77,700.0,1,0,0
A03,F035,T3,280.0,89,812.0,1,0,0
A03,F036,T1,231.0,56,785.4,1,0,0
A03,F036,T2,231.0,63,577.5,1,0,0
A03,F036,T3,231.0,73,669.9,1,0,0
A03,F037,T1,359.0,87,1220.6,0,0,0
A03,F037,T2,359.0,98,897.5,1,0,0
A03,F037,T3,359.0,114,1041.1,1,0,0
A03,F038,T1,263.0,64,894.2,0,0,1
A03,F038,T2,263.0,72,657.5,1,0,1
A03,F038,T3,263.0,84,762.7,1,0,1
A03,F039,T1,223.0,54,758.2,1,0,0
A03,F039,T2,223.0,61,557.5,1,0,0
A03,F039,T3,223.0,71,646.7,1,0,0
A03,F040,T1,342.0,83,1162.8,0,0,0
A03,F040,T2,342.0,94,855.0,1,0,0
A03,F040,T3,342.0,108,991.8,1,0,0
A03,F041,T1,278.0,67,945.2,0,0,0
A03,F041,T2,278.0,76,695.0,1,0,0
A03,F041,T3,278.0,88,806.2,1,0,0
A03,F042,T1,368.0,89,1251.2,0,0,0
A03,F042,T2,368.0,101,920.0,1,0,0
A03,F042,T3,368.0,117,1067.2,1,0,0
A03,F043,T1,303.0,73,1030.2,0,0,0
A03,F043,T2,303.0,83,757.5,1,0,0
A03,F043,T3,303.0,96,878.7,1,0,0
A03,F044,T1,317.0,77,1077.8,0,0,1
A03,F044,T2,317.0,87,792.5,1,0,1
A03,F044,T3,317.0,101,919.3,1,0,1
A03,F045,T1,260.0,63,884.0,0,0,0
A03,F045,T2,260.0,71,650.0,1,0,0
A03,F045,T3,260.0,83,754.0,1,0,0
A03,F046,T1,234.0,57,795.6,1,0,0
A03,F046,T2,234.0,64,585.0,1,0,0
A03,F046,T3,234.0,74,678.6,1,0,0
A03,F047,T1,248.0,60,843.2,1,0,0
A03,F047,T2,248.0,68,620.0,1,0,0
A03,F047,T3,248.0,79,719.2,1,0,0
A03,F048,T1,254.0,61,863.6,0,0,0
A03,F048,T2,254.0,70,635.0,1,0,0
A03,F048,T3,254.0,81,736.6,1,0,0
A03,F049,T1,243.0,59,826.2,1,0,0
A03,F049,T2,243.0,67,607.5,1,0,0
A03,F049,T3,243.0,77,704.7,1,0,0
A03,F050,T1,403.0,97,1370.2,0,0,1
A03,F050,T2,403.0,110,1007.5,0,0,1
A03,F050,T3,403.0,128,1168.7,1,0,1
A03,F051,T1,279.0,67,948.6,0,0,0
A03,F051,T2,279.0,77,697.5,1,0,0
A03,F051,T3,279.0,89,809.1,1,0,0
A03,F052,T1,261.0,63,887.4,0,0,0
A03,F052,T2,261.0,72,652.5,1,0,0
A03,F052,T3,261.0,83,756.9,1,0,0
F001,A01,T1,219.0,53,744.6,1,0,0
F001,A01,T2,219.0,60,547.5,1,0,0
F001,A01,T3,219.0,70,635.1,1,0,0
F001,A02,T1,233.0,56,792.2,1,0,0
F001,A02,T2,233.0,64,582.5,1,0,0
F001,A02,T3,233.0,74,675.7,1,0,0
F001,A03,T1,267.0,65,907.8,0,0,0
F001,A03,T2,267.0,73,667.5,1,0,0
F001,A03,T3,267.0,85,774.3,1,0,0
F001,F002,T1,200.0,48,680.0,1,0,0
F001,F002,T2,200.0,55,500.0,1,0,0
F001,F002,T3,200.0,64,580.0,1,0,0
F001,F003,T1,147.0,36,499.8,1,0,0
F001,F003,T2,147.0,41,367.5,1,0,0
F001,F003,T3,147.0,47,426.3,1,0,0
F001,F004,T1,168.0,41,571.2,1,0,0
F001,F004,T2,168.0,46,420.0,1,0,0
F001,F004,T3,168.0,54,487.2,1,0,0
F001,F005,T1,50.0,12,170.0,1,0,0
F001,F005,T2,50.0,14,125.0,1,0,0
F001,F005,T3,50.0,16,145.0,1,0,0
F001,F006,T1,173.0,42,588.2,1,0,1
F001,F006,T2,173.0,48,432.5,1,0,1
F001,F006,T3,173.0,55,501.7,1,0,1
F001,F007,T1,184.0,45,625.6,1,0,0
F001,F007,T2,184.0,51,460.0,1,0,0
F001,F007,T3,184.0,59,533.6,1,0,0
F001,F008,T1,131.0,32,445.4,1,0,0
F001,F008,T2,131.0,36,327.5,1,0,0
F001,F008,T3,131.0,42,379.9,1,0,0
F001,F009,T1,107.0,26,363.8,1,0,0
F001,F009,T2,107.0,30,267.5,1,0,0
F001,F009,T3,107.0,34,310.3,1,0,0
F001,F010,T1,147.0,36,499.8,1,0,0
F001,F010,T2,147.0,41,367.5,1,0,0
F001,F010,T3,147.0,47,426.3,1,0,0
F001,F011,T1,101.0,25,343.4,1,0,1
F001,F011,T2,101.0,28,252.5,1,0,1
F001,F011,T3,101.0,32,292.9,1,0,1
F001,F012,T1,42.0,11,142.8,1,0,0
F001,F012,T2,42.0,12,105.0,1,0,0
F001,F012,T3,42.0,14,121.8,1,0,0
F001,F013,T1,210.0,51,714.0,1,0,0
F001,F013,T2,210.0,58,525.0,1,0,0
F001,F013,T3,210.0,67,609.0,1,0,0
F001,F014,T1,85.0,21,289.0,1,0,0
F001,F014,T2,85.0,24,212.5,1,0,0
F001,F014,T3,85.0,27,246.5,1,0,0
F001,F015,T1,73.0,18,248.2,1,0,0
F001,F015,T2,73.0,20,182.5,1,0,0
F001,F015,T3,73.0,24,211.7,1,0,0
F001,F016,T1,41.0,10,139.4,1,0,0
F001,F016,T2,41.0,12,102.5,1,0,0
F001,F016,T3,41.0,13,118.9,1,0,0
F001,F017,T1,70.0,17,238.0,1,0,0
F001,F017,T2,70.0,20,175.0,1,0,0
F001,F017,T3,70.0,23,203.0,1,0,0
F001,F018,T1,34.0,9,115.6,1,0,1
F001,F018,T2,34.0,10,85.0,1,0,1
F001,F018,T3,34.0,11,98.6,1,0,1
F001,F019,T1,25.0,6,85.0,1,0,0
F001,F019,T2,25.0,7,62.5,1,0,0
F001,F019,T3,25.0,8,72.5,1,0,0
F001,F020,T1,48.0,12,163.2,1,0,0
F001,F020,T2,48.0,14,120.0,1,0,0
F001,F020,T3,48.0,16,139.2,1,0,0
F001,F021,T1,83.0,20,282.2,1,0,0
F001,F021,T2,83.0,23,207.5,1,0,0
F001,F021,T3,83.0,27,240.7,1,0,0
F001,F022,T1,26.0,7,88.4,1,0,0
F001,F022,T2,26.0,8,65.0,1,0,0
F001,F022,T3,26.0,9,75.4,1,0,0
F001,F023,T1,132.0,32,448.8,1,0,0
F001,F023,T2,132.0,36,330.0,1,0,0
F001,F023,T3,132.0,42,382.8,1,0,0
F001,F024,T1,50.0,12,170.0,1,0,1
F001,F024,T2,50.0,14,125.0,1,0,1
F001,F024,T3,50.0,16,145.0,1,0,1
F001,F025,T1,89.0,22,302.6,1,0,0
F001,F025,T2,89.0,25,222.5,1,0,0
F001,F025,T3,89.0,29,258.1,1,0,0
F001,F026,T1,20.0,5,68.0,1,0,0
F001,F026,T2,20.0,6,50.0,1,0,0
F001,F026,T3,20.0,7,58.0,1,0,0
F001,F027,T1,59.0,15,200.6,1,0,0
F001,F027,T2,59.0,17,147.5,1,0,0
F001,F027,T3,59.0,19,171.1,1,0,0
F001,F028,T1,91.0,22,309.4,1,0,0
F001,F028,T2,91.0,25,227.5,1,0,0
F001,F028,T3,91.0,29,263.9,1,0,0
F001,F029,T1,67.0,17,227.8,1,0,0
F001,F029,T2,67.0,19,167.5,1,0,0
F001,F029,T3,67.0,22,194.3,1,0,0
F001,F030,T1,79.0,19,268.6,1,0,0
F001,F030,T2,79.0,22,197.5,1,0,0
F001,F030,T3,79.0,25,229.1,1,0,0
F001,F031,T1,124.0,30,421.6,1,0,1
F001,F031,T2,124.0,34,310.0,1,0,1
F001,F031,T3,124.0,40,359.6,1,0,1
F001,F032,T1,131.0,32,445.4,1,0,0
F001,F032,T2,131.0,36,327.5,1,0,0
F001,F032,T3,131.0,42,379.9,1,0,0
F001,F033,T1,16.0,4,54.4,1,0,0
F001,F033,T2,16.0,5,40.0,1,0,0
F001,F033,T3,16.0,6,46.4,1,0,0
F001,F034,T1,47.0,12,159.8,1,0,0
F001,F034,T2,47.0,13,117.5,1,0,0
F001,F034,T3,47.0,15,136.3,1,0,0
F001,F035,T1,95.0,23,323.0,1,0,0
F001,F035,T2,95.0,26,237.5,1,0,0
F001,F035,T3,95.0,30,275.5,1,0,0
F001,F036,T1,108.0,26,367.2,1,0,0
F001,F036,T2,108.0,30,270.0,1,0,0
F001,F036,T3,108.0,35,313.2,1,0,0
F001,F037,T1,335.0,81,1139.0,0,0,0
F001,F037,T2,335.0,92,837.5,1,0,0
F001,F037,T3,335.0,106,971.5,1,0,0
F001,F038,T1,214.0,52,727.6,1,0,1
F001,F038,T2,214.0,59,535.0,1,0,1
F001,F038,T3,214.0,68,620.6,1,0,1
F001,F039,T1,190.0,46,646.0,1,0,0
F001,F039,T2,190.0,52,475.0,1,0,0
F001,F039,T3,190.0,60,551.0,1,0,0
F001,F040,T1,307.0,74,1043.8,0,0,0
F001,F040,T2,307.0,84,767.5,1,0,0
F001,F040,T3,307.0,97,890.3,1,0,0
F001,F041,T1,257.0,62,873.8,0,0,0
F001,F041,T2,257.0,71,642.5,1,0,0
F001,F041,T3,257.0,82,745.3,1,0,0
F001,F042,T1,331.0,80,1125.4,0,0,0
F001,F042,T2,331.0,91,827.5,1,0,0
F001,F042,T3,331.0,105,959.9,1,0,0
F001,F043,T1,261.0,63,887.4,0,0,0
F001,F043,T2,261.0,72,652.5,1,0,0
F001,F043,T3,261.0,83,756.9,1,0,0
F001,F044,T1,281.0,68,955.4,0,0,1
F001,F044,T2,281.0,77,702.5,1,0,1
F001,F044,T3,281.0,89,814.9,1,0,1
F001,F045,T1,241.0,58,819.4,1,0,0
F001,F045,T2,241.0,66,602.5,1,0,0
F001,F045,T3,241.0,77,698.9,1,0,0
F001,F046,T1,148.0,36,503.2,1,0,0
F001,F046,T2,148.0,41,370.0,1,0,0
F001,F046,T3,148.0,47,429.2,1,0,0
F001,F047,T1,146.0,36,496.4,1,0,0
F001,F047,T2,146.0,40,365.0,1,0,0
F001,F047,T3,146.0,47,423.4,1,0,0
F001,F048,T1,197.0,48,669.8,1,0,0
F001,F048,T2,197.0,54,492.5,1,0,0
F001,F048,T3,197.0,63,571.3,1,0,0
F001,F049,T1,164.0,40,557.6,1,0,0
F001,F049,T2,164.0,45,410.0,1,0,0
F001,F049,T3,164.0,52,475.6,1,0,0
F001,F050,T1,370.0,89,1258.0,0,0,1
F001,F050,T2,370.0,101,925.0,1,0,1
F001,F050,T3,370.0,117,1073.0,1,0,1
F001,F051,T1,226.0,55,768.4,1,0,0
F001,F051,T2,226.0,62,565.0,1,0,0
F001,F051,T3,226.0,72,655.4,1,0,0
F001,F052,T1,179.0,43,608.6,1,0,0
F001,F052,T2,179.0,49,447.5,1,0,0
F001,F052,T3,179.0,57,519.1,1,0,0
F002,A01,T1,217.0,53,737.8,1,0,0
F002,A01,T2,217.0,60,542.5,1,0,0
F002,A01,T3,217.0,69,629.3,1,0,0
F002,A02,T1,251.0,61,853.4,0,0,0
F002,A02,T2,251.0,69,627.5,1,0,0
F002,A02,T3,251.0,80,727.9,1,0,0
F002,A03,T1,300.0,72,1020.0,0,0,0
F002,A03,T2,300.0,82,750.0,1,0,0
F002,A03,T3,300.0,95,870.0,1,0,0
F002,F001,T1,200.0,48,680.0,1,0,0
F002,F001,T2,200.0,55,500.0,1,0,0
F002,F001,T3,200.0,64,580.0,1,0,0
F002,F003,T1,53.0,13,180.2,1,0,0
F002,F003,T2,53.0,15,132.5,1,0,0
F002,F003,T3,53.0,17,153.7,1,0,0
F002,F004,T1,33.0,8,112.2,1,0,0
F002,F004,T2,33.0,9,82.5,1,0,0
F002,F004,T3,33.0,11,95.7,1,0,0
F002,F005,T1,151.0,37,513.4,1,0,0
F002,F005,T2,151.0,42,377.5,1,0,0
F002,F005,T3,151.0,48,437.9,1,0,0
F002,F006,T1,43.0,11,146.2,1,0,1
F002,F006,T2,43.0,12,107.5,1,0,1
F002,F006,T3,43.0,14,124.7,1,0,1
F002,F007,T1,30.0,8,102.0,1,0,0
F002,F007,T2,30.0,9,75.0,1,0,0
F002,F007,T3,30.0,10,87.0,1,0,0
F002,F008,T1,75.0,18,255.0,1,0,0
F002,F008,T2,75.0,21,187.5,1,0,0
F002,F008,T3,75.0,24,217.5,1,0,0
F002,F009,T1,100.0,24,340.0,1,0,0
F002,F009,T2,100.0,28,250.0,1,0,0
F002,F009,T3,100.0,32,290.0,1,0,0
F002,F010,T1,56.0,14,190.4,1,0,0
F002,F010,T2,56.0,16,140.0,1,0,0
F002,F010,T3,56.0,18,162.4,1,0,0
F002,F011,T1,99.0,24,336.6,1,0,1
F002,F011,T2,99.0,27,247.5,1,0,1
F002,F011,T3,99.0,32,287.1,1,0,1
F002,F012,T1,158.0,38,537.2,1,0,0
F002,F012,T2,158.0,44,395.0,1,0,0
F002,F012,T3,158.0,50,458.2,1,0,0
F002,F013,T1,67.0,17,227.8,1,0,0
F002,F013,T2,67.0,19,167.5,1,0,0
F002,F013,T3,67.0,22,194.3,1,0,0
F002,F014,T1,124.0,30,421.6,1,0,0
F002,F014,T2,124.0,34,310.0,1,0,0
F002,F014,T3,124.0,40,359.6,1,0,0
F002,F015,T1,127.0,31,431.8,1,0,0
F002,F015,T2,127.0,35,317.5,1,0,0
F002,F015,T3,127.0,41,368.3,1,0,0
F002,F016,T1,172.0,42,584.8,1,0,0
F002,F016,T2,172.0,47,430.0,1,0,0
F002,F016,T3,172.0,55,498.8,1,0,0
F002,F017,T1,161.0,39,547.4,1,0,0
F002,F017,T2,161.0,44,402.5,1,0,0
F002,F017,T3,161.0,51,466.9,1,0,0
F002,F018,T1,168.0,41,571.2,1,0,1
F002,F018,T2,168.0,46,420.0,1,0,1
F002,F018,T3,168.0,54,487.2,1,0,1
F002,F019,T1,211.0,51,717.4,1,0,0
F002,F019,T2,211.0,58,527.5,1,0,0
F002,F019,T3,211.0,67,611.9,1,0,0
F002,F020,T1,186.0,45,632.4,1,0,0
F002,F020,T2,186.0,51,465.0,1,0,0
F002,F020,T3,186.0,59,539.4,1,0,0
F002,F021,T1,269.0,65,914.6,0,0,0
F002,F021,T2,269.0,74,672.5,1,0,0
F002,F021,T3,269.0,85,780.1,1,0,0
F002,F022,T1,197.0,48,669.8,1,0,0
F002,F022,T2,197.0,54,492.5,1,0,0
F002,F022,T3,197.0,63,571.3,1,0,0
F002,F023,T1,327.0,79,1111.8,0,0,0
F002,F023,T2,327.0,90,817.5,1,0,0
F002,F023,T3,327.0,104,948.3,1,0,0
F002,F024,T1,239.0,58,812.6,1,0,1
F002,F024,T2,239.0,66,597.5,1,0,1
F002,F024,T3,239.0,76,693.1,1,0,1
F002,F025,T1,266.0,64,904.4,0,0,0
F002,F025,T2,266.0,73,665.0,1,0,0
F002,F025,T3,266.0,84,771.4,1,0,0
F002,F026,T1,182.0,44,618.8,1,0,0
F002,F026,T2,182.0,50,455.0,1,0,0
F002,F026,T3,182.0,58,527.8,1,0,0
F002,F027,T1,233.0,56,792.2,1,0,0
F002,F027,T2,233.0,64,582.5,1,0,0
F002,F027,T3,233.0,74,675.7,1,0,0
F002,F028,T1,114.0,28,387.6,1,0,0
F002,F028,T2,114.0,32,285.0,1,0,0
F002,F028,T3,114.0,36,330.6,1,0,0
F002,F029,T1,253.0,61,860.2,0,0,0
F002,F029,T2,253.0,69,632.5,1,0,0
F002,F029,T3,253.0,80,733.7,1,0,0
F002,F030,T1,138.0,34,469.2,1,0,0
F002,F030,T2,138.0,38,345.0,1,0,0
F002,F030,T3,138.0,44,400.2,1,0,0
F002,F031,T1,313.0,76,1064.2,0,0,1
F002,F031,T2,313.0,86,782.5,1,0,1
F002,F031,T3,313.0,99,907.7,1,0,1
F002,F032,T1,328.0,79,1115.2,0,0,0
F002,F032,T2,328.0,90,820.0,1,0,0
F002,F032,T3,328.0,104,951.2,1,0,0
F002,F033,T1,216.0,52,734.4,1,0,0
F002,F033,T2,216.0,59,540.0,1,0,0
F002,F033,T3,216.0,69,626.4,1,0,0
F002,F034,T1,247.0,60,839.8,1,0,0
F002,F034,T2,247.0,68,617.5,1,0,0
F002,F034,T3,247.0,78,716.3,1,0,0
F002,F035,T1,293.0,71,996.2,0,0,0
F002,F035,T2,293.0,80,732.5,1,0,0
F002,F035,T3,293.0,93,849.7,1,0,0
F002,F036,T1,288.0,70,979.2,0,0,0
F002,F036,T2,288.0,79,720.0,1,0,0
F002,F036,T3,288.0,91,835.2,1,0,0
F002,F037,T1,518.0,125,1761.2,0,0,0
F002,F037,T2,518.0,142,1295.0,0,0,0
F002,F037,T3,518.0,164,1502.2,0,0,0
F002,F038,T1,393.0,95,1336.2,0,0,1
F002,F038,T2,393.0,108,982.5,1,0,1
F002,F038,T3,393.0,125,1139.7,1,0,1
F002,F039,T1,359.0,87,1220.6,0,0,0
F002,F039,T2,359.0,98,897.5,1,0,0
F002,F039,T3,359.0,114,1041.1,1,0,0
F002,F040,T1,492.0,119,1672.8,0,0,0
F002,F040,T2,492.0,135,1230.0,0,0,0
F002,F040,T3,492.0,156,1426.8,0,0,0
F002,F041,T1,433.0,104,1472.2,0,0,0
F002,F041,T2,433.0,119,1082.5,0,0,0
F002,F041,T3,433.0,137,1255.7,1,0,0
F002,F042,T1,518.0,125,1761.2,0,0,0
F002,F042,T2,518.0,142,1295.0,0,0,0
F002,F042,T3,518.0,164,1502.2,0,0,0
F002,F043,T1,444.0,107,1509.6,0,0,0
F002,F043,T2,444.0,122,1110.0,0,0,0
F002,F043,T3,444.0,141,1287.6,1,0,0
F002,F044,T1,464.0,112,1577.6,0,0,1
F002,F044,T2,464.0,127,1160.0,0,0,1
F002,F044,T3,464.0,147,1345.6,1,0,1
F002,F045,T1,414.0,100,1407.6,0,0,0
F002,F045,T2,414.0,113,1035.0,0,0,0
F002,F045,T3,414.0,131,1200.6,1,0,0
F002,F046,T1,327.0,79,1111.8,0,0,0
F002,F046,T2,327.0,90,817.5,1,0,0
F002,F046,T3,327.0,104,948.3,1,0,0
F002,F047,T1,331.0,80,1125.4,0,0,0
F002,F047,T2,331.0,91,827.5,1,0,0
F002,F047,T3,331.0,105,959.9,1,0,0
F002,F048,T1,376.0,91,1278.4,0,0,0
F002,F048,T2,376.0,103,940.0,1,0,0
F002,F048,T3,376.0,119,1090.4,1,0,0
F002,F049,T1,344.0,83,1169.6,0,0,0
F002,F049,T2,344.0,94,860.0,1,0,0
F002,F049,T3,344.0,109,997.6,1,0,0
F002,F050,T1,557.0,134,1893.8,0,0,1
F002,F050,T2,557.0,152,1392.5,0,0,1
F002,F050,T3,557.0,176,1615.3,0,0,1
F002,F051,T1,409.0,99,1390.6,0,0,0
F002,F051,T2,409.0,112,1022.5,0,0,0
F002,F051,T3,409.0,130,1186.1,1,0,0
F002,F052,T1,363.0,88,1234.2,0,0,0
F002,F052,T2,363.0,99,907.5,1,0,0
F002,F052,T3,363.0,115,1052.7,1,0,0
F003,A01,T1,192.0,47,652.8,1,0,0
F003,A01,T2,192.0,53,480.0,1,0,0
F003,A01,T3,192.0,61,556.8,1,0,0
F003,A02,T1,223.0,54,758.2,1,0,0
F003,A02,T2,223.0,61,557.5,1,0,0
F003,A02,T3,223.0,71,646.7,1,0,0
F003,A03,T1,271.0,66,921.4,0,0,0
F003,A03,T2,271.0,74,677.5,1,0,0
F003,A03,T3,271.0,86,785.9,1,0,0
F003,F001,T1,147.0,36,499.8,1,0,0
F003,F001,T2,147.0,41,367.5,1,0,0
F003,F001,T3,147.0,47,426.3,1,0,0
F003,F002,T1,53.0,13,180.2,1,0,0
F003,F002,T2,53.0,15,132.5,1,0,0
F003,F002,T3,53.0,17,153.7,1,0,0
F003,F004,T1,21.0,6,71.4,1,0,0
F003,F004,T2,21.0,6,52.5,1,0,0
F003,F004,T3,21.0,7,60.9,1,0,0
F003,F005,T1,99.0,24,336.6,1,0,0
F003,F005,T2,99.0,27,247.5,1,0,0
F003,F005,T3,99.0,32,287.1,1,0,0
F003,F006,T1,45.0,11,153.0,1,0,1
F003,F006,T2,45.0,13,112.5,1,0,1
F003,F006,T3,45.0,15,130.5,1,0,1
F003,F007,T1,48.0,12,163.2,1,0,0
F003,F007,T2,48.0,14,120.0,1,0,0
F003,F007,T3,48.0,16,139.2,1,0,0
F003,F008,T1,38.0,10,129.2,1,0,0
F003,F008,T2,38.0,11,95.0,1,0,0
F003,F008,T3,38.0,12,110.2,1,0,0
F003,F009,T1,48.0,12,163.2,1,0,0
F003,F009,T2,48.0,14,120.0,1,0,0
F003,F009,T3,48.0,16,139.2,1,0,0
F003,F010,T1,26.0,7,88.4,1,0,0
F003,F010,T2,26.0,8,65.0,1,0,0
F003,F010,T3,26.0,9,75.4,1,0,0
F003,F011,T1,49.0,12,166.6,1,0,1
F003,F011,T2,49.0,14,122.5,1,0,1
F003,F011,T3,49.0,16,142.1,1,0,1
F003,F012,T1,106.0,26,360.4,1,0,0
F003,F012,T2,106.0,29,265.0,1,0,0
F003,F012,T3,106.0,34,307.4,1,0,0
F003,F013,T1,91.0,22,309.4,1,0,0
F003,F013,T2,91.0,25,227.5,1,0,0
F003,F013,T3,91.0,29,263.9,1,0,0
F003,F014,T1,72.0,18,244.8,1,0,0
F003,F014,T2,72.0,20,180.0,1,0,0
F003,F014,T3,72.0,23,208.8,1,0,0
F003,F015,T1,74.0,18,251.6,1,0,0
F003,F015,T2,74.0,21,185.0,1,0,0
F003,F015,T3,74.0,24,214.6,1,0,0
F003,F016,T1,119.0,29,404.6,1,0,0
F003,F016,T2,119.0,33,297.5,1,0,0
F003,F016,T3,119.0,38,345.1,1,0,0
F003,F017,T1,109.0,27,370.6,1,0,0
F003,F017,T2,109.0,30,272.5,1,0,0
F003,F017,T3,109.0,35,316.1,1,0,0
F003,F018,T1,115.0,28,391.0,1,0,1
F003,F018,T2,115.0,32,287.5,1,0,1
F003,F018,T3,115.0,37,333.5,1,0,1
F003,F019,T1,158.0,38,537.2,1,0,0
F003,F019,T2,158.0,44,395.0,1,0,0
F003,F019,T3,158.0,50,458.2,1,0,0
F003,F020,T1,133.0,32,452.2,1,0,0
F003,F020,T2,133.0,37,332.5,1,0,0
F003,F020,T3,133.0,42,385.7,1,0,0
F003,F021,T1,216.0,52,734.4,1,0,0
F003,F021,T2,216.0,59,540.0,1,0,0
F003,F021,T3,216.0,69,626.4,1,0,0
F003,F022,T1,143.0,35,486.2,1,0,0
F003,F022,T2,143.0,39,357.5,1,0,0
F003,F022,T3,143.0,46,414.7,1,0,0
F003,F023,T1,274.0,66,931.6,0,0,0
F003,F023,T2,274.0,75,685.0,1,0,0
F003,F023,T3,274.0,87,794.6,1,0,0
F003,F024,T1,186.0,45,632.4,1,0,1
F003,F024,T2,186.0,51,465.0,1,0,1
F003,F024,T3,186.0,59,539.4,1,0,1
F003,F025,T1,213.0,52,724.2,1,0,0
F003,F025,T2,213.0,59,532.5,1,0,0
F003,F025,T3,213.0,68,617.7,1,0,0
F003,F026,T1,129.0,31,438.6,1,0,0
F003,F026,T2,129.0,36,322.5,1,0,0
F003,F026,T3,129.0,41,374.1,1,0,0
F003,F027,T1,180.0,44,612.0,1,0,0
F003,F027,T2,180.0,50,450.0,1,0,0
F003,F027,T3,180.0,57,522.0,1,0,0
F003,F028,T1,67.0,17,227.8,1,0,0
F003,F028,T2,67.0,19,167.5,1,0,0
F003,F028,T3,67.0,22,194.3,1,0,0
F003,F029,T1,200.0,48,680.0,1,0,0
F003,F029,T2,200.0,55,500.0,1,0,0
F003,F029,T3,200.0,64,580.0,1,0,0
F003,F030,T1,85.0,21,289.0,1,0,0
F003,F030,T2,85.0,24,212.5,1,0,0
F003,F030,T3,85.0,27,246.5,1,0,0
F003,F031,T1,260.0,63,884.0,0,0,1
F003,F031,T2,260.0,71,650.0,1,0,1
F003,F031,T3,260.0,83,754.0,1,0,1
F003,F032,T1,275.0,66,935.0,0,0,0
F003,F032,T2,275.0,75,687.5,1,0,0
F003,F032,T3,275.0,87,797.5,1,0,0
F003,F033,T1,163.0,40,554.2,1,0,0
F003,F033,T2,163.0,45,407.5,1,0,0
F003,F033,T3,163.0,52,472.7,1,0,0
F003,F034,T1,194.0,47,659.6,1,0,0
F003,F034,T2,194.0,53,485.0,1,0,0
F003,F034,T3,194.0,62,562.6,1,0,0
F003,F035,T1,240.0,58,816.0,1,0,0
F003,F035,T2,240.0,66,600.0,1,0,0
F003,F035,T3,240.0,76,696.0,1,0,0
F003,F036,T1,236.0,57,802.4,1,0,0
F003,F036,T2,236.0,65,590.0,1,0,0
F003,F036,T3,236.0,75,684.4,1,0,0
F003,F037,T1,466.0,112,1584.4,0,0,0
F003,F037,T2,466.0,128,1165.0,0,0,0
F003,F037,T3,466.0,148,1351.4,1,0,0
F003,F038,T1,341.0,82,1159.4,0,0,1
F003,F038,T2,341.0,93,852.5,1,0,1
F003,F038,T3,341.0,108,988.9,1,0,1
F003,F039,T1,307.0,74,1043.8,0,0,0
F003,F039,T2,307.0,84,767.5,1,0,0
F003,F039,T3,307.0,97,890.3,1,0,0
F003,F040,T1,440.0,106,1496.0,0,0,0
F003,F040,T2,440.0,120,1100.0,0,0,0
F003,F040,T3,440.0,139,1276.0,1,0,0
F003,F041,T1,382.0,92,1298.8,0,0,0
F003,F041,T2,382.0,105,955.0,1,0,0
F003,F041,T3,382.0,121,1107.8,1,0,0
F003,F042,T1,465.0,112,1581.0,0,0,0
F003,F042,T2,465.0,127,1162.5,0,0,0
F003,F042,T3,465.0,147,1348.5,1,0,0
F003,F043,T1,391.0,94,1329.4,0,0,0
F003,F043,T2,391.0,107,977.5,1,0,0
F003,F043,T3,391.0,124,1133.9,1,0,0
F003,F044,T1,412.0,99,1400.8,0,0,1
F003,F044,T2,412.0,113,1030.0,0,0,1
F003,F044,T3,412.0,131,1194.8,1,0,1
F003,F045,T1,363.0,88,1234.2,0,0,0
F003,F045,T2,363.0,99,907.5,1,0,0
F003,F045,T3,363.0,115,1052.7,1,0,0
F003,F046,T1,274.0,66,931.6,0,0,0
F003,F046,T2,274.0,75,685.0,1,0,0
F003,F046,T3,274.0,87,794.6,1,0,0
F003,F047,T1,278.0,67,945.2,0,0,0
F003,F047,T2,278.0,76,695.0,1,0,0
F003,F047,T3,278.0,88,806.2,1,0,0
F003,F048,T1,324.0,78,1101.6,0,0,0
F003,F048,T2,324.0,89,810.0,1,0,0
F003,F048,T3,324.0,103,939.6,1,0,0
F003,F049,T1,291.0,70,989.4,0,0,0
F003,F049,T2,291.0,80,727.5,1,0,0
F003,F049,T3,291.0,92,843.9,1,0,0
F003,F050,T1,505.0,122,1717.0,0,0,1
F003,F050,T2,505.0,138,1262.5,0,0,1
F003,F050,T3,505.0,160,1464.5,0,0,1
F003,F051,T1,356.0,86,1210.4,0,0,0
F003,F051,T2,356.0,98,890.0,1,0,0
F003,F051,T3,356.0,113,1032.4,1,0,0
F003,F052,T1,311.0,75,1057.4,0,0,0
F003,F052,T2,311.0,85,777.5,1,0,0
F003,F052,T3,311.0,99,901.9,1,0,0
F004,A01,T1,197.0,48,669.8,1,0,0
F004,A01,T2,197.0,54,492.5,1,0,0
F004,A01,T3,197.0,63,571.3,1,0,0
F004,A02,T1,229.0,55,778.6,1,0,0
F004,A02,T2,229.0,63,572.5,1,0,0
F004,A02,T3,229.0,73,664.1,1,0,0
F004,A03,T1,278.0,67,945.2,0,0,0
F004,A03,T2,278.0,76,695.0,1,0,0
F004,A03,T3,278.0,88,806.2,1,0,0
F004,F001,T1,168.0,41,571.2,1,0,0
F004,F001,T2,168.0,46,420.0,1,0,0
F004,F001,T3,168.0,54,487.2,1,0,0
F004,F002,T1,33.0,8,112.2,1,0,0
F004,F002,T2,33.0,9,82.5,1,0,0
F004,F002,T3,33.0,11,95.7,1,0,0
F004,F003,T1,21.0,6,71.4,1,0,0
F004,F003,T2,21.0,6,52.5,1,0,0
F004,F003,T3,21.0,7,60.9,1,0,0
F004,F005,T1,119.0,29,404.6,1,0,0
F004,F005,T2,119.0,33,297.5,1,0,0
F004,F005,T3,119.0,38,345.1,1,0,0
F004,F006,T1,40.0,10,136.0,1,0,1
F004,F006,T2,40.0,11,100.0,1,0,1
F004,F006,T3,40.0,13,116.0,1,0,1
F004,F007,T1,36.0,9,122.4,1,0,0
F004,F007,T2,36.0,10,90.0,1,0,0
F004,F007,T3,36.0,12,104.4,1,0,0
F004,F008,T1,52.0,13,176.8,1,0,0
F004,F008,T2,52.0,15,130.0,1,0,0
F004,F008,T3,52.0,17,150.8,1,0,0
F004,F009,T1,67.0,17,227.8,1,0,0
F004,F009,T2,67.0,19,167.5,1,0,0
F004,F009,T3,67.0,22,194.3,1,0,0
F004,F010,T1,34.0,9,115.6,1,0,0
F004,F010,T2,34.0,10,85.0,1,0,0
F004,F010,T3,34.0,11,98.6,1,0,0
F004,F011,T1,69.0,17,234.6,1,0,1
F004,F011,T2,69.0,19,172.5,1,0,1
F004,F011,T3,69.0,22,200.1,1,0,1
F004,F012,T1,127.0,31,431.8,1,0,0
F004,F012,T2,127.0,35,317.5,1,0,0
F004,F012,T3,127.0,41,368.3,1,0,0
F004,F013,T1,82.0,20,278.8,1,0,0
F004,F013,T2,82.0,23,205.0,1,0,0
F004,F013,T3,82.0,26,237.8,1,0,0
F004,F014,T1,92.0,23,312.8,1,0,0
F004,F014,T2,92.0,26,230.0,1,0,0
F004,F014,T3,92.0,30,266.8,1,0,0
F004,F015,T1,95.0,23,323.0,1,0,0
F004,F015,T2,95.0,26,237.5,1,0,0
F004,F015,T3,95.0,30,275.5,1,0,0
F004,F016,T1,139.0,34,472.6,1,0,0
F004,F016,T2,139.0,38,347.5,1,0,0
F004,F016,T3,139.0,44,403.1,1,0,0
F004,F017,T1,128.0,31,435.2,1,0,0
F004,F017,T2,128.0,35,320.0,1,0,0
F004,F017,T3,128.0,41,371.2,1,0,0
F004,F018,T1,136.0,33,462.4,1,0,1
F004,F018,T2,136.0,38,340.0,1,0,1
F004,F018,T3,136.0,43,394.4,1,0,1
F004,F019,T1,178.0,43,605.2,1,0,0
F004,F019,T2,178.0,49,445.0,1,0,0
F004,F019,T3,178.0,57,516.2,1,0,0
F004,F020,T1,153.0,37,520.2,1,0,0
F004,F020,T2,153.0,42,382.5,1,0,0
F004,F020,T3,153.0,49,443.7,1,0,0
F004,F021,T1,236.0,57,802.4,1,0,0
F004,F021,T2,236.0,65,590.0,1,0,0
F004,F021,T3,236.0,75,684.4,1,0,0
F004,F022,T1,164.0,40,557.6,1,0,0
F004,F022,T2,164.0,45,410.0,1,0,0
F004,F022,T3,164.0,52,475.6,1,0,0
F004,F023,T1,294.0,71,999.6,0,0,0
F004,F023,T2,294.0,81,735.0,1,0,0
F004,F023,T3,294.0,93,852.6,1,0,0
F004,F024,T1,207.0,50,703.8,1,0,1
F004,F024,T2,207.0,57,517.5,1,0,1
F004,F024,T3,207.0,66,600.3,1,0,1
F004,F025,T1,233.0,56,792.2,1,0,0
F004,F025,T2,233.0,64,582.5,1,0,0
F004,F025,T3,233.0,74,675.7,1,0,0
F004,F026,T1,150.0,36,510.0,1,0,0
F004,F026,T2,150.0,41,375.0,1,0,0
F004,F026,T3,150.0,48,435.0,1,0,0
F004,F027,T1,200.0,48,680.0,1,0,0
F004,F027,T2,200.0,55,500.0,1,0,0
F004,F027,T3,200.0,64,580.0,1,0,0
F004,F028,T1,86.0,21,292.4,1,0,0
F004,F028,T2,86.0,24,215.0,1,0,0
F004,F028,T3,86.0,28,249.4,1,0,0
F004,F029,T1,220.0,53,748.0,1,0,0
F004,F029,T2,220.0,60,550.0,1,0,0
F004,F029,T3,220.0,70,638.0,1,0,0
F004,F030,T1,105.0,26,357.0,1,0,0
F004,F030,T2,105.0,29,262.5,1,0,0
F004,F030,T3,105.0,34,304.5,1,0,0
F004,F031,T1,280.0,68,952.0,0,0,1
F004,F031,T2,280.0,77,700.0,1,0,1
F004,F031,T3,280.0,89,812.0,1,0,1
F004,F032,T1,296.0,72,1006.4,0,0,0
F004,F032,T2,296.0,81,740.0,1,0,0
F004,F032,T3,296.0,94,858.4,1,0,0
F004,F033,T1,184.0,45,625.6,1,0,0
F004,F033,T2,184.0,51,460.0,1,0,0
F004,F033,T3,184.0,59,533.6,1,0,0
F004,F034,T1,215.0,52,731.0,1,0,0
F004,F034,T2,215.0,59,537.5,1,0,0
F004,F034,T3,215.0,68,623.5,1,0,0
F004,F035,T1,261.0,63,887.4,0,0,0
F004,F035,T2,261.0,72,652.5,1,0,0
F004,F035,T3,261.0,83,756.9,1,0,0
F004,F036,T1,255.0,62,867.0,0,0,0
F004,F036,T2,255.0,70,637.5,1,0,0
F004,F036,T3,255.0,81,739.5,1,0,0
F004,F037,T1,485.0,117,1649.0,0,0,0
F004,F037,T2,485.0,133,1212.5,0,0,0
F004,F037,T3,485.0,154,1406.5,0,0,0
F004,F038,T1,360.0,87,1224.0,0,0,1
F004,F038,T2,360.0,99,900.0,1,0,1
F004,F038,T3,360.0,114,1044.0,1,0,1
F004,F039,T1,326.0,79,1108.4,0,0,0
F004,F039,T2,326.0,89,815.0,1,0,0
F004,F039,T3,326.0,103,945.4,1,0,0
F004,F040,T1,459.0,111,1560.6,0,0,0
F004,F040,T2,459.0,126,1147.5,0,0,0
F004,F040,T3,459.0,145,1331.1,1,0,0
F004,F041,T1,401.0,97,1363.4,0,0,0
F004,F041,T2,401.0,110,1002.5,0,0,0
F004,F041,T3,401.0,127,1162.9,1,0,0
F004,F042,T1,485.0,117,1649.0,0,0,0
F004,F042,T2,485.0,133,1212.5,0,0,0
F004,F042,T3,485.0,154,1406.5,0,0,0
F004,F043,T1,411.0,99,1397.4,0,0,0
F004,F043,T2,411.0,113,1027.5,0,0,0
F004,F043,T3,411.0,130,1191.9,1,0,0
F004,F044,T1,431.0,104,1465.4,0,0,1
F004,F044,T2,431.0,118,1077.5,0,0,1
F004,F044,T3,431.0,137,1249.9,1,0,1
F004,F045,T1,381.0,92,1295.4,0,0,0
F004,F045,T2,381.0,104,952.5,1,0,0
F004,F045,T3,381.0,121,1104.9,1,0,0
F004,F046,T1,294.0,71,999.6,0,0,0
F004,F046,T2,294.0,81,735.0,1,0,0
F004,F046,T3,294.0,93,852.6,1,0,0
F004,F047,T1,298.0,72,1013.2,0,0,0
F004,F047,T2,298.0,82,745.0,1,0,0
F004,F047,T3,298.0,95,864.2,1,0,0
F004,F048,T1,343.0,83,1166.2,0,0,0
F004,F048,T2,343.0,94,857.5,1,0,0
F004,F048,T3,343.0,109,994.7,1,0,0
F004,F049,T1,311.0,75,1057.4,0,0,0
F004,F049,T2,311.0,85,777.5,1,0,0
F004,F049,T3,311.0,99,901.9,1,0,0
F004,F050,T1,525.0,126,1785.0,0,0,1
F004,F050,T2,525.0,144,1312.5,0,0,1
F004,F050,T3,525.0,166,1522.5,0,0,1
F004,F051,T1,376.0,91,1278.4,0,0,0
F004,F051,T2,376.0,103,940.0,1,0,0
F004,F051,T3,376.0,119,1090.4,1,0,0
F004,F052,T1,330.0,80,1122.0,0,0,0
F004,F052,T2,330.0,90,825.0,1,0,0
F004,F052,T3,330.0,105,957.0,1,0,0
F005,A01,T1,190.0,46,646.0,1,0,0
F005,A01,T2,190.0,52,475.0,1,0,0
F005,A01,T3,190.0,60,551.0,1,0,0
F005,A02,T1,211.0,51,717.4,1,0,0
F005,A02,T2,211.0,58,527.5,1,0,0
F005,A02,T3,211.0,67,611.9,1,0,0
F005,A03,T1,251.0,61,853.4,0,0,0
F005,A03,T2,251.0,69,627.5,1,0,0
F005,A03,T3,251.0,80,727.9,1,0,0
F005,F001,T1,50.0,12,170.0,1,0,0
F005,F001,T2,50.0,14,125.0,1,0,0
F005,F001,T3,50.0,16,145.0,1,0,0
F005,F002,T1,151.0,37,513.4,1,0,0
F005,F002,T2,151.0,42,377.5,1,0,0
F005,F002,T3,151.0,48,437.9,1,0,0
F005,F003,T1,99.0,24,336.6,1,0,0
F005,F003,T2,99.0,27,247.5,1,0,0
F005,F003,T3,99.0,32,287.1,1,0,0
F005,F004,T1,119.0,29,404.6,1,0,0
F005,F004,T2,119.0,33,297.5,1,0,0
F005,F004,T3,119.0,38,345.1,1,0,0
F005,F006,T1,128.0,31,435.2,1,0,1
F005,F006,T2,128.0,35,320.0,1,0,1
F005,F006,T3,128.0,41,371.2,1,0,1
F005,F007,T1,138.0,34,469.2,1,0,0
F005,F007,T2,138.0,38,345.0,1,0,0
F005,F007,T3,138.0,44,400.2,1,0,0
F005,F008,T1,88.0,22,299.2,1,0,0
F005,F008,T2,88.0,24,220.0,1,0,0
F005,F008,T3,88.0,28,255.2,1,0,0
F005,F009,T1,57.0,14,193.8,1,0,0
F005,F009,T2,57.0,16,142.5,1,0,0
F005,F009,T3,57.0,18,165.3,1,0,0
F005,F010,T1,102.0,25,346.8,1,0,0
F005,F010,T2,102.0,28,255.0,1,0,0
F005,F010,T3,102.0,33,295.8,1,0,0
F005,F011,T1,55.0,14,187.0,1,0,1
F005,F011,T2,55.0,15,137.5,1,0,1
F005,F011,T3,55.0,18,159.5,1,0,1
F005,F012,T1,18.0,5,61.2,1,0,0
F005,F012,T2,18.0,5,45.0,1,0,0
F005,F012,T3,18.0,6,52.2,1,0,0
F005,F013,T1,169.0,41,574.6,1,0,0
F005,F013,T2,169.0,47,422.5,1,0,0
F005,F013,T3,169.0,54,490.1,1,0,0
F005,F014,T1,37.0,9,125.8,1,0,0
F005,F014,T2,37.0,11,92.5,1,0,0
F005,F014,T3,37.0,12,107.3,1,0,0
F005,F015,T1,25.0,6,85.0,1,0,0
F005,F015,T2,25.0,7,62.5,1,0,0
F005,F015,T3,25.0,8,72.5,1,0,0
F005,F016,T1,25.0,6,85.0,1,0,0
F005,F016,T2,25.0,7,62.5,1,0,0
F005,F016,T3,25.0,8,72.5,1,0,0
F005,F017,T1,40.0,10,136.0,1,0,0
F005,F017,T2,40.0,11,100.0,1,0,0
F005,F017,T3,40.0,13,116.0,1,0,0
F005,F018,T1,17.0,5,57.8,1,0,1
F005,F018,T2,17.0,5,42.5,1,0,1
F005,F018,T3,17.0,6,49.3,1,0,1
F005,F019,T1,60.0,15,204.0,1,0,0
F005,F019,T2,60.0,17,150.0,1,0,0
F005,F019,T3,60.0,19,174.0,1,0,0
F005,F020,T1,44.0,11,149.6,1,0,0
F005,F020,T2,44.0,12,110.0,1,0,0
F005,F020,T3,44.0,14,127.6,1,0,0
F005,F021,T1,120.0,29,408.0,1,0,0
F005,F021,T2,120.0,33,300.0,1,0,0
F005,F021,T3,120.0,38,348.0,1,0,0
F005,F022,T1,46.0,12,156.4,1,0,0
F005,F022,T2,46.0,13,115.0,1,0,0
F005,F022,T3,46.0,15,133.4,1,0,0
F005,F023,T1,176.0,43,598.4,1,0,0
F005,F023,T2,176.0,48,440.0,1,0,0
F005,F023,T3,176.0,56,510.4,1,0,0
F005,F024,T1,89.0,22,302.6,1,0,1
F005,F024,T2,89.0,25,222.5,1,0,1
F005,F024,T3,89.0,29,258.1,1,0,1
F005,F025,T1,120.0,29,408.0,1,0,0
F005,F025,T2,120.0,33,300.0,1,0,0
F005,F025,T3,120.0,38,348.0,1,0,0
F005,F026,T1,31.0,8,105.4,1,0,0
F005,F026,T2,31.0,9,77.5,1,0,0
F005,F026,T3,31.0,10,89.9,1,0,0
F005,F027,T1,87.0,21,295.8,1,0,0
F005,F027,T2,87.0,24,217.5,1,0,0
F005,F027,T3,87.0,28,252.3,1,0,0
F005,F028,T1,51.0,13,173.4,1,0,0
F005,F028,T2,51.0,14,127.5,1,0,0
F005,F028,T3,51.0,17,147.9,1,0,0
F005,F029,T1,103.0,25,350.2,1,0,0
F005,F029,T2,103.0,29,257.5,1,0,0
F005,F029,T3,103.0,33,298.7,1,0,0
F005,F030,T1,35.0,9,119.0,1,0,0
F005,F030,T2,35.0,10,87.5,1,0,0
F005,F030,T3,35.0,12,101.5,1,0,0
F005,F031,T1,164.0,40,557.6,1,0,1
F005,F031,T2,164.0,45,410.0,1,0,1
F005,F031,T3,164.0,52,475.6,1,0,1
F005,F032,T1,177.0,43,601.8,1,0,0
F005,F032,T2,177.0,49,442.5,1,0,0
F005,F032,T3,177.0,56,513.3,1,0,0
F005,F033,T1,66.0,16,224.4,1,0,0
F005,F033,T2,66.0,18,165.0,1,0,0
F005,F033,T3,66.0,21,191.4,1,0,0
F005,F034,T1,96.0,24,326.4,1,0,0
F005,F034,T2,96.0,27,240.0,1,0,0
F005,F034,T3,96.0,31,278.4,1,0,0
F005,F035,T1,142.0,35,482.8,1,0,0
F005,F035,T2,142.0,39,355.0,1,0,0
F005,F035,T3,142.0,45,411.8,1,0,0
F005,F036,T1,142.0,35,482.8,1,0,0
F005,F036,T2,142.0,39,355.0,1,0,0
F005,F036,T3,142.0,45,411.8,1,0,0
F005,F037,T1,373.0,90,1268.2,0,0,0
F005,F037,T2,373.0,102,932.5,1,0,0
F005,F037,T3,373.0,118,1081.7,1,0,0
F005,F038,T1,250.0,60,850.0,1,0,1
F005,F038,T2,250.0,69,625.0,1,0,1
F005,F038,T3,250.0,79,725.0,1,0,1
F005,F039,T1,220.0,53,748.0,1,0,0
F005,F039,T2,220.0,60,550.0,1,0,0
F005,F039,T3,220.0,70,638.0,1,0,0
F005,F040,T1,346.0,84,1176.4,0,0,0
F005,F040,T2,346.0,95,865.0,1,0,0
F005,F040,T3,346.0,110,1003.4,1,0,0
F005,F041,T1,292.0,71,992.8,0,0,0
F005,F041,T2,292.0,80,730.0,1,0,0
F005,F041,T3,292.0,93,846.8,1,0,0
F005,F042,T1,371.0,90,1261.4,0,0,0
F005,F042,T2,371.0,102,927.5,1,0,0
F005,F042,T3,371.0,118,1075.9,1,0,0
F005,F043,T1,299.0,72,1016.6,0,0,0
F005,F043,T2,299.0,82,747.5,1,0,0
F005,F043,T3,299.0,95,867.1,1,0,0
F005,F044,T1,319.0,77,1084.6,0,0,1
F005,F044,T2,319.0,87,797.5,1,0,1
F005,F044,T3,319.0,101,925.1,1,0,1
F005,F045,T1,274.0,66,931.6,0,0,0
F005,F045,T2,274.0,75,685.0,1,0,0
F005,F045,T3,274.0,87,794.6,1,0,0
F005,F046,T1,182.0,44,618.8,1,0,0
F005,F046,T2,182.0,50,455.0,1,0,0
F005,F046,T3,182.0,58,527.8,1,0,0
F005,F047,T1,184.0,45,625.6,1,0,0
F005,F047,T2,184.0,51,460.0,1,0,0
F005,F047,T3,184.0,59,533.6,1,0,0
F005,F048,T1,233.0,56,792.2,1,0,0
F005,F048,T2,233.0,64,582.5,1,0,0
F005,F048,T3,233.0,74,675.7,1,0,0
F005,F049,T1,199.0,48,676.6,1,0,0
F005,F049,T2,199.0,55,497.5,1,0,0
F005,F049,T3,199.0,63,577.1,1,0,0
F005,F050,T1,411.0,99,1397.4,0,0,1
F005,F050,T2,411.0,113,1027.5,0,0,1
F005,F050,T3,411.0,130,1191.9,1,0,1
F005,F051,T1,264.0,64,897.6,0,0,0
F005,F051,T2,264.0,72,660.0,1,0,0
F005,F051,T3,264.0,84,765.6,1,0,0
F005,F052,T1,217.0,53,737.8,1,0,0
F005,F052,T2,217.0,60,542.5,1,0,0
F005,F052,T3,217.0,69,629.3,1,0,0
F006,A01,T1,235.0,57,799.0,1,1,0
F006,A01,T2,235.0,65,587.5,1,1,0
F006,A01,T3,235.0,75,681.5,1,1,0
F006,A02,T1,267.0,65,907.8,0,1,0
F006,A02,T2,267.0,73,667.5,1,1,0
F006,A02,T3,267.0,85,774.3,1,1,0
F006,A03,T1,316.0,76,1074.4,0,1,0
F006,A03,T2,316.0,87,790.0,1,1,0
F006,A03,T3,316.0,100,916.4,1,1,0
F006,F001,T1,173.0,42,588.2,1,1,0
F006,F001,T2,173.0,48,432.5,1,1,0
F006,F001,T3,173.0,55,501.7,1,1,0
F006,F002,T1,43.0,11,146.2,1,1,0
F006,F002,T2,43.0,12,107.5,1,1,0
F006,F002,T3,43.0,14,124.7,1,1,0
F006,F003,T1,45.0,11,153.0,1,1,0
F006,F003,T2,45.0,13,112.5,1,1,0
F006,F003,T3,45.0,15,130.5,1,1,0
F006,F004,T1,40.0,10,136.0,1,1,0
F006,F004,T2,40.0,11,100.0,1,1,0
F006,F004,T3,40.0,13,116.0,1,1,0
F006,F005,T1,128.0,31,435.2,1,1,0
F006,F005,T2,128.0,35,320.0,1,1,0
F006,F005,T3,128.0,41,371.2,1,1,0
F006,F007,T1,14.0,4,47.6,1,1,0
F006,F007,T2,14.0,4,35.0,1,1,0
F006,F007,T3,14.0,5,40.6,1,1,0
F006,F008,T1,41.0,10,139.4,1,1,0
F006,F008,T2,41.0,12,102.5,1,1,0
F006,F008,T3,41.0,13,118.9,1,1,0
F006,F009,T1,88.0,22,299.2,1,1,0
F006,F009,T2,88.0,24,220.0,1,1,0
F006,F009,T3,88.0,28,255.2,1,1,0
F006,F010,T1,27.0,7,91.8,1,1,0
F006,F010,T2,27.0,8,67.5,1,1,0
F006,F010,T3,27.0,9,78.3,1,1,0
F006,F011,T1,73.0,18,248.2,1,1,1
F006,F011,T2,73.0,20,182.5,1,1,1
F006,F011,T3,73.0,24,211.7,1,1,1
F006,F012,T1,130.0,32,442.0,1,1,0
F006,F012,T2,130.0,36,325.0,1,1,0
F006,F012,T3,130.0,42,377.0,1,1,0
F006,F013,T1,46.0,12,156.4,1,1,0
F006,F013,T2,46.0,13,115.0,1,1,0
F006,F013,T3,46.0,15,133.4,1,1,0
F006,F014,T1,110.0,27,374.0,1,1,0
F006,F014,T2,110.0,30,275.0,1,1,0
F006,F014,T3,110.0,35,319.0,1,1,0
F006,F015,T1,104.0,25,353.6,1,1,0
F006,F015,T2,104.0,29,260.0,1,1,0
F006,F015,T3,104.0,33,301.6,1,1,0
F006,F016,T1,152.0,37,516.8,1,1,0
F006,F016,T2,152.0,42,380.0,1,1,0
F006,F016,T3,152.0,48,440.8,1,1,0
F006,F017,T1,148.0,36,503.2,1,1,0
F006,F017,T2,148.0,41,370.0,1,1,0
F006,F017,T3,148.0,47,429.2,1,1,0
F006,F018,T1,144.0,35,489.6,1,1,1
F006,F018,T2,144.0,40,360.0,1,1,1
F006,F018,T3,144.0,46,417.6,1,1,1
F006,F019,T1,187.0,45,635.8,1,1,0
F006,F019,T2,187.0,51,467.5,1,1,0
F006,F019,T3,187.0,60,542.3,1,1,0
F006,F020,T1,168.0,41,571.2,1,1,0
F006,F020,T2,168.0,46,420.0,1,1,0
F006,F020,T3,168.0,54,487.2,1,1,0
F006,F021,T1,248.0,60,843.2,1,1,0
F006,F021,T2,248.0,68,620.0,1,1,0
F006,F021,T3,248.0,79,719.2,1,1,0
F006,F022,T1,174.0,42,591.6,1,1,0
F006,F022,T2,174.0,48,435.0,1,1,0
F006,F022,T3,174.0,55,504.6,1,1,0
F006,F023,T1,303.0,73,1030.2,0,1,0
F006,F023,T2,303.0,83,757.5,1,1,0
F006,F023,T3,303.0,96,878.7,1,1,0
F006,F024,T1,217.0,53,737.8,1,1,1
F006,F024,T2,217.0,60,542.5,1,1,1
F006,F024,T3,217.0,69,629.3,1,1,1
F006,F025,T1,248.0,60,843.2,1,1,0
F006,F025,T2,248.0,68,620.0,1,1,0
F006,F025,T3,248.0,79,719.2,1,1,0
F006,F026,T1,156.0,38,530.4,1,1,0
F006,F026,T2,156.0,43,390.0,1,1,0
F006,F026,T3,156.0,50,452.4,1,1,0
F006,F027,T1,214.0,52,727.6,1,1,0
F006,F027,T2,214.0,59,535.0,1,1,0
F006,F027,T3,214.0,68,620.6,1,1,0
F006,F028,T1,83.0,20,282.2,1,1,0
F006,F028,T2,83.0,23,207.5,1,1,0
F006,F028,T3,83.0,27,240.7,1,1,0
F006,F029,T1,232.0,56,788.8,1,1,0
F006,F029,T2,232.0,64,580.0,1,1,0
F006,F029,T3,232.0,74,672.8,1,1,0
F006,F030,T1,124.0,30,421.6,1,1,0
F006,F030,T2,124.0,34,310.0,1,1,0
F006,F030,T3,124.0,40,359.6,1,1,0
F006,F031,T1,292.0,71,992.8,0,1,1
F006,F031,T2,292.0,80,730.0,1,1,1
F006,F031,T3,292.0,93,846.8,1,1,1
F006,F032,T1,303.0,73,1030.2,0,1,0
F006,F032,T2,303.0,83,757.5,1,1,0
F006,F032,T3,303.0,96,878.7,1,1,0
F006,F033,T1,188.0,46,639.2,1,1,0
F006,F033,T2,188.0,52,470.0,1,1,0
F006,F033,T3,188.0,60,545.2,1,1,0
F006,F034,T1,218.0,53,741.2,1,1,0
F006,F034,T2,218.0,60,545.0,1,1,0
F006,F034,T3,218.0,69,632.2,1,1,0
F006,F035,T1,268.0,65,911.2,0,1,0
F006,F035,T2,268.0,74,670.0,1,1,0
F006,F035,T3,268.0,85,777.2,1,1,0
F006,F036,T1,270.0,65,918.0,0,1,0
F006,F036,T2,270.0,74,675.0,1,1,0
F006,F036,T3,270.0,86,783.0,1,1,0
F006,F037,T1,501.0,121,1703.4,0,1,0
F006,F037,T2,501.0,137,1252.5,0,1,0
F006,F037,T3,501.0,159,1452.9,0,1,0
F006,F038,T1,377.0,91,1281.8,0,1,1
F006,F038,T2,377.0,103,942.5,1,1,1
F006,F038,T3,377.0,120,1093.3,1,1,1
F006,F039,T1,345.0,83,1173.0,0,1,0
F006,F039,T2,345.0,95,862.5,1,1,0
F006,F039,T3,345.0,109,1000.5,1,1,0
F006,F040,T1,474.0,114,1611.6,0,1,0
F006,F040,T2,474.0,130,1185.0,0,1,0
F006,F040,T3,474.0,150,1374.6,1,1,0
F006,F041,T1,418.0,101,1421.2,0,1,0
F006,F041,T2,418.0,114,1045.0,0,1,0
F006,F041,T3,418.0,132,1212.2,1,1,0
F006,F042,T1,499.0,120,1696.6,0,1,0
F006,F042,T2,499.0,137,1247.5,0,1,0
F006,F042,T3,499.0,158,1447.1,0,1,0
F006,F043,T1,426.0,103,1448.4,0,1,0
F006,F043,T2,426.0,117,1065.0,0,1,0
F006,F043,T3,426.0,135,1235.4,1,1,0
F006,F044,T1,447.0,108,1519.8,0,1,1
F006,F044,T2,447.0,122,1117.5,0,1,1
F006,F044,T3,447.0,142,1296.3,1,1,1
F006,F045,T1,400.0,96,1360.0,0,1,0
F006,F045,T2,400.0,110,1000.0,1,1,0
F006,F045,T3,400.0,127,1160.0,1,1,0
F006,F046,T1,310.0,75,1054.0,0,1,0
F006,F046,T2,310.0,85,775.0,1,1,0
F006,F046,T3,310.0,98,899.0,1,1,0
F006,F047,T1,312.0,75,1060.8,0,1,0
F006,F047,T2,312.0,86,780.0,1,1,0
F006,F047,T3,312.0,99,904.8,1,1,0
F006,F048,T1,360.0,87,1224.0,0,1,0
F006,F048,T2,360.0,99,900.0,1,1,0
F006,F048,T3,360.0,114,1044.0,1,1,0
F006,F049,T1,326.0,79,1108.4,0,1,0
F006,F049,T2,326.0,89,815.0,1,1,0
F006,F049,T3,326.0,103,945.4,1,1,0
F006,F050,T1,539.0,130,1832.6,0,1,1
F006,F050,T2,539.0,147,1347.5,0,1,1
F006,F050,T3,539.0,171,1563.1,0,1,1
F006,F051,T1,391.0,94,1329.4,0,1,0
F006,F051,T2,391.0,107,977.5,1,1,0
F006,F051,T3,391.0,124,1133.9,1,1,0
F006,F052,T1,345.0,83,1173.0,0,1,0
F006,F052,T2,345.0,95,862.5,1,1,0
F006,F052,T3,345.0,109,1000.5,1,1,0
F007,A01,T1,233.0,56,792.2,1,0,0
F007,A01,T2,233.0,64,582.5,1,0,0
F007,A01,T3,233.0,74,675.7,1,0,0
F007,A02,T1,265.0,64,901.0,0,0,0
F007,A02,T2,265.0,73,662.5,1,0,0
F007,A02,T3,265.0,84,768.5,1,0,0
F007,A03,T1,314.0,76,1067.6,0,0,0
F007,A03,T2,314.0,86,785.0,1,0,0
F007,A03,T3,314.0,100,910.6,1,0,0
F007,F001,T1,184.0,45,625.6,1,0,0
F007,F001,T2,184.0,51,460.0,1,0,0
F007,F001,T3,184.0,59,533.6,1,0,0
F007,F002,T1,30.0,8,102.0,1,0,0
F007,F002,T2,30.0,9,75.0,1,0,0
F007,F002,T3,30.0,10,87.0,1,0,0
F007,F003,T1,48.0,12,163.2,1,0,0
F007,F003,T2,48.0,14,120.0,1,0,0
F007,F003,T3,48.0,16,139.2,1,0,0
F007,F004,T1,36.0,9,122.4,1,0,0
F007,F004,T2,36.0,10,90.0,1,0,0
F007,F004,T3,36.0,12,104.4,1,0,0
F007,F005,T1,138.0,34,469.2,1,0,0
F007,F005,T2,138.0,38,345.0,1,0,0
F007,F005,T3,138.0,44,400.2,1,0,0
F007,F006,T1,14.0,4,47.6,1,0,1
F007,F006,T2,14.0,4,35.0,1,0,1
F007,F006,T3,14.0,5,40.6,1,0,1
F007,F008,T1,54.0,13,183.6,1,0,0
F007,F008,T2,54.0,15,135.0,1,0,0
F007,F008,T3,54.0,18,156.6,1,0,0
F007,F009,T1,94.0,23,319.6,1,0,0
F007,F009,T2,94.0,26,235.0,1,0,0
F007,F009,T3,94.0,30,272.6,1,0,0
F007,F010,T1,37.0,9,125.8,1,0,0
F007,F010,T2,37.0,11,92.5,1,0,0
F007,F010,T3,37.0,12,107.3,1,0,0
F007,F011,T1,83.0,20,282.2,1,0,1
F007,F011,T2,83.0,23,207.5,1,0,1
F007,F011,T3,83.0,27,240.7,1,0,1
F007,F012,T1,142.0,35,482.8,1,0,0
F007,F012,T2,142.0,39,355.0,1,0,0
F007,F012,T3,142.0,45,411.8,1,0,0
F007,F013,T1,46.0,12,156.4,1,0,0
F007,F013,T2,46.0,13,115.0,1,0,0
F007,F013,T3,46.0,15,133.4,1,0,0
F007,F014,T1,117.0,29,397.8,1,0,0
F007,F014,T2,117.0,32,292.5,1,0,0
F007,F014,T3,117.0,37,339.3,1,0,0
F007,F015,T1,113.0,28,384.2,1,0,0
F007,F015,T2,113.0,31,282.5,1,0,0
F007,F015,T3,113.0,36,327.7,1,0,0
F007,F016,T1,161.0,39,547.4,1,0,0
F007,F016,T2,161.0,44,402.5,1,0,0
F007,F016,T3,161.0,51,466.9,1,0,0
F007,F017,T1,155.0,38,527.0,1,0,0
F007,F017,T2,155.0,43,387.5,1,0,0
F007,F017,T3,155.0,49,449.5,1,0,0
F007,F018,T1,154.0,37,523.6,1,0,1
F007,F018,T2,154.0,42,385.0,1,0,1
F007,F018,T3,154.0,49,446.6,1,0,1
F007,F019,T1,198.0,48,673.2,1,0,0
F007,F019,T2,198.0,54,495.0,1,0,0
F007,F019,T3,198.0,63,574.2,1,0,0
F007,F020,T1,177.0,43,601.8,1,0,0
F007,F020,T2,177.0,49,442.5,1,0,0
F007,F020,T3,177.0,56,513.3,1,0,0
F007,F021,T1,258.0,62,877.2,0,0,0
F007,F021,T2,258.0,71,645.0,1,0,0
F007,F021,T3,258.0,82,748.2,1,0,0
F007,F022,T1,184.0,45,625.6,1,0,0
F007,F022,T2,184.0,51,460.0,1,0,0
F007,F022,T3,184.0,59,533.6,1,0,0
F007,F023,T1,314.0,76,1067.6,0,0,0
F007,F023,T2,314.0,86,785.0,1,0,0
F007,F023,T3,314.0,100,910.6,1,0,0
F007,F024,T1,227.0,55,771.8,1,0,1
F007,F024,T2,227.0,62,567.5,1,0,1
F007,F024,T3,227.0,72,658.3,1,0,1
F007,F025,T1,257.0,62,873.8,0,0,0
F007,F025,T2,257.0,71,642.5,1,0,0
F007,F025,T3,257.0,82,745.3,1,0,0
F007,F026,T1,167.0,41,567.8,1,0,0
F007,F026,T2,167.0,46,417.5,1,0,0
F007,F026,T3,167.0,53,484.3,1,0,0
F007,F027,T1,223.0,54,758.2,1,0,0
F007,F027,T2,223.0,61,557.5,1,0,0
F007,F027,T3,223.0,71,646.7,1,0,0
F007,F028,T1,95.0,23,323.0,1,0,0
F007,F028,T2,95.0,26,237.5,1,0,0
F007,F028,T3,95.0,30,275.5,1,0,0
F007,F029,T1,241.0,58,819.4,1,0,0
F007,F029,T2,241.0,66,602.5,1,0,0
F007,F029,T3,241.0,77,698.9,1,0,0
F007,F030,T1,131.0,32,445.4,1,0,0
F007,F030,T2,131.0,36,327.5,1,0,0
F007,F030,T3,131.0,42,379.9,1,0,0
F007,F031,T1,302.0,73,1026.8,0,0,1
F007,F031,T2,302.0,83,755.0,1,0,1
F007,F031,T3,302.0,96,875.8,1,0,1
F007,F032,T1,314.0,76,1067.6,0,0,0
F007,F032,T2,314.0,86,785.0,1,0,0
F007,F032,T3,314.0,100,910.6,1,0,0
F007,F033,T1,200.0,48,680.0,1,0,0
F007,F033,T2,200.0,55,500.0,1,0,0
F007,F033,T3,200.0,64,580.0,1,0,0
F007,F034,T1,230.0,56,782.0,1,0,0
F007,F034,T2,230.0,63,575.0,1,0,0
F007,F034,T3,230.0,73,667.0,1,0,0
F007,F035,T1,279.0,67,948.6,0,0,0
F007,F035,T2,279.0,77,697.5,1,0,0
F007,F035,T3,279.0,89,809.1,1,0,0
F007,F036,T1,279.0,67,948.6,0,0,0
F007,F036,T2,279.0,77,697.5,1,0,0
F007,F036,T3,279.0,89,809.1,1,0,0
F007,F037,T1,510.0,123,1734.0,0,0,0
F007,F037,T2,510.0,140,1275.0,0,0,0
F007,F037,T3,510.0,162,1479.0,0,0,0
F007,F038,T1,386.0,93,1312.4,0,0,1
F007,F038,T2,386.0,106,965.0,1,0,1
F007,F038,T3,386.0,122,1119.4,1,0,1
F007,F039,T1,353.0,85,1200.2,0,0,0
F007,F039,T2,353.0,97,882.5,1,0,0
F007,F039,T3,353.0,112,1023.7,1,0,0
F007,F040,T1,483.0,116,1642.2,0,0,0
F007,F040,T2,483.0,132,1207.5,0,0,0
F007,F040,T3,483.0,153,1400.7,0,0,0
F007,F041,T1,427.0,103,1451.8,0,0,0
F007,F041,T2,427.0,117,1067.5,0,0,0
F007,F041,T3,427.0,135,1238.3,1,0,0
F007,F042,T1,509.0,123,1730.6,0,0,0
F007,F042,T2,509.0,139,1272.5,0,0,0
F007,F042,T3,509.0,161,1476.1,0,0,0
F007,F043,T1,435.0,105,1479.0,0,0,0
F007,F043,T2,435.0,119,1087.5,0,0,0
F007,F043,T3,435.0,138,1261.5,1,0,0
F007,F044,T1,456.0,110,1550.4,0,0,1
F007,F044,T2,456.0,125,1140.0,0,0,1
F007,F044,T3,456.0,144,1322.4,1,0,1
F007,F045,T1,408.0,98,1387.2,0,0,0
F007,F045,T2,408.0,112,1020.0,0,0,0
F007,F045,T3,408.0,129,1183.2,1,0,0
F007,F046,T1,319.0,77,1084.6,0,0,0
F007,F046,T2,319.0,87,797.5,1,0,0
F007,F046,T3,319.0,101,925.1,1,0,0
F007,F047,T1,321.0,78,1091.4,0,0,0
F007,F047,T2,321.0,88,802.5,1,0,0
F007,F047,T3,321.0,102,930.9,1,0,0
F007,F048,T1,369.0,89,1254.6,0,0,0
F007,F048,T2,369.0,101,922.5,1,0,0
F007,F048,T3,369.0,117,1070.1,1,0,0
F007,F049,T1,335.0,81,1139.0,0,0,0
F007,F049,T2,335.0,92,837.5,1,0,0
F007,F049,T3,335.0,106,971.5,1,0,0
F007,F050,T1,548.0,132,1863.2,0,0,1
F007,F050,T2,548.0,150,1370.0,0,0,1
F007,F050,T3,548.0,174,1589.2,0,0,1
F007,F051,T1,400.0,96,1360.0,0,0,0
F007,F051,T2,400.0,110,1000.0,1,0,0
F007,F051,T3,400.0,127,1160.0,1,0,0
F007,F052,T1,354.0,85,1203.6,0,0,0
F007,F052,T2,354.0,97,885.0,1,0,0
F007,F052,T3,354.0,112,1026.6,1,0,0
F008,A01,T1,221.0,54,751.4,1,0,0
F008,A01,T2,221.0,61,552.5,1,0,0
F008,A01,T3,221.0,70,640.9,1,0,0
F008,A02,T1,250.0,60,850.0,1,0,0
F008,A02,T2,250.0,69,625.0,1,0,0
F008,A02,T3,250.0,79,725.0,1,0,0
F008,A03,T1,298.0,72,1013.2,0,0,0
F008,A03,T2,298.0,82,745.0,1,0,0
F008,A03,T3,298.0,95,864.2,1,0,0
F008,F001,T1,131.0,32,445.4,1,0,0
F008,F001,T2,131.0,36,327.5,1,0,0
F008,F001,T3,131.0,42,379.9,1,0,0
F008,F002,T1,75.0,18,255.0,1,0,0
F008,F002,T2,75.0,21,187.5,1,0,0
F008,F002,T3,75.0,24,217.5,1,0,0
F008,F003,T1,38.0,10,129.2,1,0,0
F008,F003,T2,38.0,11,95.0,1,0,0
F008,F003,T3,38.0,12,110.2,1,0,0
F008,F004,T1,52.0,13,176.8,1,0,0
F008,F004,T2,52.0,15,130.0,1,0,0
F008,F004,T3,52.0,17,150.8,1,0,0
F008,F005,T1,88.0,22,299.2,1,0,0
F008,F005,T2,88.0,24,220.0,1,0,0
F008,F005,T3,88.0,28,255.2,1,0,0
F008,F006,T1,41.0,10,139.4,1,0,1
F008,F006,T2,41.0,12,102.5,1,0,1
F008,F006,T3,41.0,13,118.9,1,0,1
F008,F007,T1,54.0,13,183.6,1,0,0
F008,F007,T2,54.0,15,135.0,1,0,0
F008,F007,T3,54.0,18,156.6,1,0,0
F008,F009,T1,59.0,15,200.6,1,0,0
F008,F009,T2,59.0,17,147.5,1,0,0
F008,F009,T3,59.0,19,171.1,1,0,0
F008,F010,T1,19.0,5,64.6,1,0,0
F008,F010,T2,19.0,6,47.5,1,0,0
F008,F010,T3,19.0,6,55.1,1,0,0
F008,F011,T1,33.0,8,112.2,1,0,1
F008,F011,T2,33.0,9,82.5,1,0,1
F008,F011,T3,33.0,11,95.7,1,0,1
F008,F012,T1,89.0,22,302.6,1,0,0
F008,F012,T2,89.0,25,222.5,1,0,0
F008,F012,T3,89.0,29,258.1,1,0,0
F008,F013,T1,81.0,20,275.4,1,0,0
F008,F013,T2,81.0,23,202.5,1,0,0
F008,F013,T3,81.0,26,234.9,1,0,0
F008,F014,T1,76.0,19,258.4,1,0,0
F008,F014,T2,76.0,21,190.0,1,0,0
F008,F014,T3,76.0,24,220.4,1,0,0
F008,F015,T1,64.0,16,217.6,1,0,0
F008,F015,T2,64.0,18,160.0,1,0,0
F008,F015,T3,64.0,21,185.6,1,0,0
F008,F016,T1,112.0,27,380.8,1,0,0
F008,F016,T2,112.0,31,280.0,1,0,0
F008,F016,T3,112.0,36,324.8,1,0,0
F008,F017,T1,112.0,27,380.8,1,0,0
F008,F017,T2,112.0,31,280.0,1,0,0
F008,F017,T3,112.0,36,324.8,1,0,0
F008,F018,T1,103.0,25,350.2,1,0,1
F008,F018,T2,103.0,29,257.5,1,0,1
F008,F018,T3,103.0,33,298.7,1,0,1
F008,F019,T1,147.0,36,499.8,1,0,0
F008,F019,T2,147.0,41,367.5,1,0,0
F008,F019,T3,147.0,47,426.3,1,0,0
F008,F020,T1,130.0,32,442.0,1,0,0
F008,F020,T2,130.0,36,325.0,1,0,0
F008,F020,T3,130.0,42,377.0,1,0,0
F008,F021,T1,208.0,50,707.2,1,0,0
F008,F021,T2,208.0,57,520.0,1,0,0
F008,F021,T3,208.0,66,603.2,1,0,0
F008,F022,T1,134.0,33,455.6,1,0,0
F008,F022,T2,134.0,37,335.0,1,0,0
F008,F022,T3,134.0,43,388.6,1,0,0
F008,F023,T1,262.0,63,890.8,0,0,0
F008,F023,T2,262.0,72,655.0,1,0,0
F008,F023,T3,262.0,83,759.8,1,0,0
F008,F024,T1,176.0,43,598.4,1,0,1
F008,F024,T2,176.0,48,440.0,1,0,1
F008,F024,T3,176.0,56,510.4,1,0,1
F008,F025,T1,208.0,50,707.2,1,0,0
F008,F025,T2,208.0,57,520.0,1,0,0
F008,F025,T3,208.0,66,603.2,1,0,0
F008,F026,T1,115.0,28,391.0,1,0,0
F008,F026,T2,115.0,32,287.5,1,0,0
F008,F026,T3,115.0,37,333.5,1,0,0
F008,F027,T1,175.0,42,595.0,1,0,0
F008,F027,T2,175.0,48,437.5,1,0,0
F008,F027,T3,175.0,56,507.5,1,0,0
F008,F028,T1,41.0,10,139.4,1,0,0
F008,F028,T2,41.0,12,102.5,1,0,0
F008,F028,T3,41.0,13,118.9,1,0,0
F008,F029,T1,191.0,46,649.4,1,0,0
F008,F029,T2,191.0,53,477.5,1,0,0
F008,F029,T3,191.0,61,553.9,1,0,0
F008,F030,T1,89.0,22,302.6,1,0,0
F008,F030,T2,89.0,25,222.5,1,0,0
F008,F030,T3,89.0,29,258.1,1,0,0
F008,F031,T1,252.0,61,856.8,0,0,1
F008,F031,T2,252.0,69,630.0,1,0,1
F008,F031,T3,252.0,80,730.8,1,0,1
F008,F032,T1,262.0,63,890.8,0,0,0
F008,F032,T2,262.0,72,655.0,1,0,0
F008,F032,T3,262.0,83,759.8,1,0,0
F008,F033,T1,147.0,36,499.8,1,0,0
F008,F033,T2,147.0,41,367.5,1,0,0
F008,F033,T3,147.0,47,426.3,1,0,0
F008,F034,T1,177.0,43,601.8,1,0,0
F008,F034,T2,177.0,49,442.5,1,0,0
F008,F034,T3,177.0,56,513.3,1,0,0
F008,F035,T1,227.0,55,771.8,1,0,0
F008,F035,T2,227.0,62,567.5,1,0,0
F008,F035,T3,227.0,72,658.3,1,0,0
F008,F036,T1,230.0,56,782.0,1,0,0
F008,F036,T2,230.0,63,575.0,1,0,0
F008,F036,T3,230.0,73,667.0,1,0,0
F008,F037,T1,461.0,111,1567.4,0,0,0
F008,F037,T2,461.0,126,1152.5,0,0,0
F008,F037,T3,461.0,146,1336.9,1,0,0
F008,F038,T1,338.0,82,1149.2,0,0,1
F008,F038,T2,338.0,93,845.0,1,0,1
F008,F038,T3,338.0,107,980.2,1,0,1
F008,F039,T1,307.0,74,1043.8,0,0,0
F008,F039,T2,307.0,84,767.5,1,0,0
F008,F039,T3,307.0,97,890.3,1,0,0
F008,F040,T1,434.0,105,1475.6,0,0,0
F008,F040,T2,434.0,119,1085.0,0,0,0
F008,F040,T3,434.0,138,1258.6,1,0,0
F008,F041,T1,380.0,92,1292.0,0,0,0
F008,F041,T2,380.0,104,950.0,1,0,0
F008,F041,T3,380.0,120,1102.0,1,0,0
F008,F042,T1,459.0,111,1560.6,0,0,0
F008,F042,T2,459.0,126,1147.5,0,0,0
F008,F042,T3,459.0,145,1331.1,1,0,0
F008,F043,T1,387.0,93,1315.8,0,0,0
F008,F043,T2,387.0,106,967.5,1,0,0
F008,F043,T3,387.0,123,1122.3,1,0,0
F008,F044,T1,407.0,98,1383.8,0,0,1
F008,F044,T2,407.0,111,1017.5,0,0,1
F008,F044,T3,407.0,129,1180.3,1,0,1
F008,F045,T1,361.0,87,1227.4,0,0,0
F008,F045,T2,361.0,99,902.5,1,0,0
F008,F045,T3,361.0,114,1046.9,1,0,0
F008,F046,T1,271.0,66,921.4,0,0,0
F008,F046,T2,271.0,74,677.5,1,0,0
F008,F046,T3,271.0,86,785.9,1,0,0
F008,F047,T1,272.0,66,924.8,0,0,0
F008,F047,T2,272.0,75,680.0,1,0,0
F008,F047,T3,272.0,86,788.8,1,0,0
F008,F048,T1,321.0,78,1091.4,0,0,0
F008,F048,T2,321.0,88,802.5,1,0,0
F008,F048,T3,321.0,102,930.9,1,0,0
F008,F049,T1,287.0,69,975.8,0,0,0
F008,F049,T2,287.0,79,717.5,1,0,0
F008,F049,T3,287.0,91,832.3,1,0,0
F008,F050,T1,498.0,120,1693.2,0,0,1
F008,F050,T2,498.0,136,1245.0,0,0,1
F008,F050,T3,498.0,158,1444.2,0,0,1
F008,F051,T1,352.0,85,1196.8,0,0,0
F008,F051,T2,352.0,96,880.0,1,0,0
F008,F051,T3,352.0,112,1020.8,1,0,0
F008,F052,T1,305.0,74,1037.0,0,0,0
F008,F052,T2,305.0,84,762.5,1,0,0
F008,F052,T3,305.0,97,884.5,1,0,0
F009,A01,T1,166.0,40,564.4,1,0,0
F009,A01,T2,166.0,46,415.0,1,0,0
F009,A01,T3,166.0,53,481.4,1,0,0
F009,A02,T1,194.0,47,659.6,1,0,0
F009,A02,T2,194.0,53,485.0,1,0,0
F009,A02,T3,194.0,62,562.6,1,0,0
F009,A03,T1,240.0,58,816.0,1,0,0
F009,A03,T2,240.0,66,600.0,1,0,0
F009,A03,T3,240.0,76,696.0,1,0,0
F009,F001,T1,107.0,26,363.8,1,0,0
F009,F001,T2,107.0,30,267.5,1,0,0
F009,F001,T3,107.0,34,310.3,1,0,0
F009,F002,T1,100.0,24,340.0,1,0,0
F009,F002,T2,100.0,28,250.0,1,0,0
F009,F002,T3,100.0,32,290.0,1,0,0
F009,F003,T1,48.0,12,163.2,1,0,0
F009,F003,T2,48.0,14,120.0,1,0,0
F009,F003,T3,48.0,16,139.2,1,0,0
F009,F004,T1,67.0,17,227.8,1,0,0
F009,F004,T2,67.0,19,167.5,1,0,0
F009,F004,T3,67.0,22,194.3,1,0,0
F009,F005,T1,57.0,14,193.8,1,0,0
F009,F005,T2,57.0,16,142.5,1,0,0
F009,F005,T3,57.0,18,165.3,1,0,0
F009,F006,T1,88.0,22,299.2,1,0,1
F009,F006,T2,88.0,24,220.0,1,0,1
F009,F006,T3,88.0,28,255.2,1,0,1
F009,F007,T1,94.0,23,319.6,1,0,0
F009,F007,T2,94.0,26,235.0,1,0,0
F009,F007,T3,94.0,30,272.6,1,0,0
F009,F008,T1,59.0,15,200.6,1,0,0
F009,F008,T2,59.0,17,147.5,1,0,0
F009,F008,T3,59.0,19,171.1,1,0,0
F009,F010,T1,62.0,15,210.8,1,0,0
F009,F010,T2,62.0,17,155.0,1,0,0
F009,F010,T3,62.0,20,179.8,1,0,0
F009,F011,T1,35.0,9,119.0,1,0,1
F009,F011,T2,35.0,10,87.5,1,0,1
F009,F011,T3,35.0,12,101.5,1,0,1
F009,F012,T1,70.0,17,238.0,1,0,0
F009,F012,T2,70.0,20,175.0,1,0,0
F009,F012,T3,70.0,23,203.0,1,0,0
F009,F013,T1,134.0,33,455.6,1,0,0
F009,F013,T2,134.0,37,335.0,1,0,0
F009,F013,T3,134.0,43,388.6,1,0,0
F009,F014,T1,24.0,6,81.6,1,0,0
F009,F014,T2,24.0,7,60.0,1,0,0
F009,F014,T3,24.0,8,69.6,1,0,0
F009,F015,T1,38.0,10,129.2,1,0,0
F009,F015,T2,38.0,11,95.0,1,0,0
F009,F015,T3,38.0,12,110.2,1,0,0
F009,F016,T1,73.0,18,248.2,1,0,0
F009,F016,T2,73.0,20,182.5,1,0,0
F009,F016,T3,73.0,24,211.7,1,0,0
F009,F017,T1,61.0,15,207.4,1,0,0
F009,F017,T2,61.0,17,152.5,1,0,0
F009,F017,T3,61.0,20,176.9,1,0,0
F009,F018,T1,73.0,18,248.2,1,0,1
F009,F018,T2,73.0,20,182.5,1,0,1
F009,F018,T3,73.0,24,211.7,1,0,1
F009,F019,T1,113.0,28,384.2,1,0,0
F009,F019,T2,113.0,31,282.5,1,0,0
F009,F019,T3,113.0,36,327.7,1,0,0
F009,F020,T1,86.0,21,292.4,1,0,0
F009,F020,T2,86.0,24,215.0,1,0,0
F009,F020,T3,86.0,28,249.4,1,0,0
F009,F021,T1,169.0,41,574.6,1,0,0
F009,F021,T2,169.0,47,422.5,1,0,0
F009,F021,T3,169.0,54,490.1,1,0,0
F009,F022,T1,99.0,24,336.6,1,0,0
F009,F022,T2,99.0,27,247.5,1,0,0
F009,F022,T3,99.0,32,287.1,1,0,0
F009,F023,T1,228.0,55,775.2,1,0,0
F009,F023,T2,228.0,63,570.0,1,0,0
F009,F023,T3,228.0,72,661.2,1,0,0
F009,F024,T1,141.0,34,479.4,1,0,1
F009,F024,T2,141.0,39,352.5,1,0,1
F009,F024,T3,141.0,45,408.9,1,0,1
F009,F025,T1,166.0,40,564.4,1,0,0
F009,F025,T2,166.0,46,415.0,1,0,0
F009,F025,T3,166.0,53,481.4,1,0,0
F009,F026,T1,88.0,22,299.2,1,0,0
F009,F026,T2,88.0,24,220.0,1,0,0
F009,F026,T3,88.0,28,255.2,1,0,0
F009,F027,T1,133.0,32,452.2,1,0,0
F009,F027,T2,133.0,37,332.5,1,0,0
F009,F027,T3,133.0,42,385.7,1,0,0
F009,F028,T1,52.0,13,176.8,1,0,0
F009,F028,T2,52.0,15,130.0,1,0,0
F009,F028,T3,52.0,17,150.8,1,0,0
F009,F029,T1,153.0,37,520.2,1,0,0
F009,F029,T2,153.0,42,382.5,1,0,0
F009,F029,T3,153.0,49,443.7,1,0,0
F009,F030,T1,38.0,10,129.2,1,0,0
F009,F030,T2,38.0,11,95.0,1,0,0
F009,F030,T3,38.0,12,110.2,1,0,0
F009,F031,T1,213.0,52,724.2,1,0,1
F009,F031,T2,213.0,59,532.5,1,0,1
F009,F031,T3,213.0,68,617.7,1,0,1
F009,F032,T1,230.0,56,782.0,1,0,0
F009,F032,T2,230.0,63,575.0,1,0,0
F009,F032,T3,230.0,73,667.0,1,0,0
F009,F033,T1,122.0,30,414.8,1,0,0
F009,F033,T2,122.0,34,305.0,1,0,0
F009,F033,T3,122.0,39,353.8,1,0,0
F009,F034,T1,153.0,37,520.2,1,0,0
F009,F034,T2,153.0,42,382.5,1,0,0
F009,F034,T3,153.0,49,443.7,1,0,0
F009,F035,T1,196.0,48,666.4,1,0,0
F009,F035,T2,196.0,54,490.0,1,0,0
F009,F035,T3,196.0,62,568.4,1,0,0
F009,F036,T1,188.0,46,639.2,1,0,0
F009,F036,T2,188.0,52,470.0,1,0,0
F009,F036,T3,188.0,60,545.2,1,0,0
F009,F037,T1,418.0,101,1421.2,0,0,0
F009,F037,T2,418.0,114,1045.0,0,0,0
F009,F037,T3,418.0,132,1212.2,1,0,0
F009,F038,T1,293.0,71,996.2,0,0,1
F009,F038,T2,293.0,80,732.5,1,0,1
F009,F038,T3,293.0,93,849.7,1,0,1
F009,F039,T1,259.0,63,880.6,0,0,0
F009,F039,T2,259.0,71,647.5,1,0,0
F009,F039,T3,259.0,82,751.1,1,0,0
F009,F040,T1,392.0,95,1332.8,0,0,0
F009,F040,T2,392.0,107,980.0,1,0,0
F009,F040,T3,392.0,124,1136.8,1,0,0
F009,F041,T1,334.0,81,1135.6,0,0,0
F009,F041,T2,334.0,92,835.0,1,0,0
F009,F041,T3,334.0,106,968.6,1,0,0
F009,F042,T1,418.0,101,1421.2,0,0,0
F009,F042,T2,418.0,114,1045.0,0,0,0
F009,F042,T3,418.0,132,1212.2,1,0,0
F009,F043,T1,343.0,83,1166.2,0,0,0
F009,F043,T2,343.0,94,857.5,1,0,0
F009,F043,T3,343.0,109,994.7,1,0,0
F009,F044,T1,364.0,88,1237.6,0,0,1
F009,F044,T2,364.0,100,910.0,1,0,1
F009,F044,T3,364.0,115,1055.6,1,0,1
F009,F045,T1,315.0,76,1071.0,0,0,0
F009,F045,T2,315.0,86,787.5,1,0,0
F009,F045,T3,315.0,100,913.5,1,0,0
F009,F046,T1,227.0,55,771.8,1,0,0
F009,F046,T2,227.0,62,567.5,1,0,0
F009,F046,T3,227.0,72,658.3,1,0,0
F009,F047,T1,230.0,56,782.0,1,0,0
F009,F047,T2,230.0,63,575.0,1,0,0
F009,F047,T3,230.0,73,667.0,1,0,0
F009,F048,T1,276.0,67,938.4,0,0,0
F009,F048,T2,276.0,76,690.0,1,0,0
F009,F048,T3,276.0,88,800.4,1,0,0
F009,F049,T1,244.0,59,829.6,1,0,0
F009,F049,T2,244.0,67,610.0,1,0,0
F009,F049,T3,244.0,78,707.6,1,0,0
F009,F050,T1,457.0,110,1553.8,0,0,1
F009,F050,T2,457.0,125,1142.5,0,0,1
F009,F050,T3,457.0,145,1325.3,1,0,1
F009,F051,T1,309.0,75,1050.6,0,0,0
F009,F051,T2,309.0,85,772.5,1,0,0
F009,F051,T3,309.0,98,896.1,1,0,0
F009,F052,T1,263.0,64,894.2,0,0,0
F009,F052,T2,263.0,72,657.5,1,0,0
F009,F052,T3,263.0,84,762.7,1,0,0
F010,A01,T1,216.0,52,734.4,1,0,0
F010,A01,T2,216.0,59,540.0,1,0,0
F010,A01,T3,216.0,69,626.4,1,0,0
F010,A02,T1,247.0,60,839.8,1,0,0
F010,A02,T2,247.0,68,617.5,1,0,0
F010,A02,T3,247.0,78,716.3,1,0,0
F010,A03,T1,295.0,71,1003.0,0,0,0
F010,A03,T2,295.0,81,737.5,1,0,0
F010,A03,T3,295.0,94,855.5,1,0,0
F010,F001,T1,147.0,36,499.8,1,0,0
F010,F001,T2,147.0,41,367.5,1,0,0
F010,F001,T3,147.0,47,426.3,1,0,0
F010,F002,T1,56.0,14,190.4,1,0,0
F010,F002,T2,56.0,16,140.0,1,0,0
F010,F002,T3,56.0,18,162.4,1,0,0
F010,F003,T1,26.0,7,88.4,1,0,0
F010,F003,T2,26.0,8,65.0,1,0,0
F010,F003,T3,26.0,9,75.4,1,0,0
F010,F004,T1,34.0,9,115.6,1,0,0
F010,F004,T2,34.0,10,85.0,1,0,0
F010,F004,T3,34.0,11,98.6,1,0,0
F010,F005,T1,102.0,25,346.8,1,0,0
F010,F005,T2,102.0,28,255.0,1,0,0
F010,F005,T3,102.0,33,295.8,1,0,0
F010,F006,T1,27.0,7,91.8,1,0,1
F010,F006,T2,27.0,8,67.5,1,0,1
F010,F006,T3,27.0,9,78.3,1,0,1
F010,F007,T1,37.0,9,125.8,1,0,0
F010,F007,T2,37.0,11,92.5,1,0,0
F010,F007,T3,37.0,12,107.3,1,0,0
F010,F008,T1,19.0,5,64.6,1,0,0
F010,F008,T2,19.0,6,47.5,1,0,0
F010,F008,T3,19.0,6,55.1,1,0,0
F010,F009,T1,62.0,15,210.8,1,0,0
F010,F009,T2,62.0,17,155.0,1,0,0
F010,F009,T3,62.0,20,179.8,1,0,0
F010,F011,T1,47.0,12,159.8,1,0,1
F010,F011,T2,47.0,13,117.5,1,0,1
F010,F011,T3,47.0,15,136.3,1,0,1
F010,F012,T1,105.0,26,357.0,1,0,0
F010,F012,T2,105.0,29,262.5,1,0,0
F010,F012,T3,105.0,34,304.5,1,0,0
F010,F013,T1,72.0,18,244.8,1,0,0
F010,F013,T2,72.0,20,180.0,1,0,0
F010,F013,T3,72.0,23,208.8,1,0,0
F010,F014,T1,83.0,20,282.2,1,0,0
F010,F014,T2,83.0,23,207.5,1,0,0
F010,F014,T3,83.0,27,240.7,1,0,0
F010,F015,T1,77.0,19,261.8,1,0,0
F010,F015,T2,77.0,21,192.5,1,0,0
F010,F015,T3,77.0,25,223.3,1,0,0
F010,F016,T1,125.0,30,425.0,1,0,0
F010,F016,T2,125.0,35,312.5,1,0,0
F010,F016,T3,125.0,40,362.5,1,0,0
F010,F017,T1,121.0,30,411.4,1,0,0
F010,F017,T2,121.0,33,302.5,1,0,0
F010,F017,T3,121.0,39,350.9,1,0,0
F010,F018,T1,118.0,29,401.2,1,0,1
F010,F018,T2,118.0,33,295.0,1,0,1
F010,F018,T3,118.0,38,342.2,1,0,1
F010,F019,T1,161.0,39,547.4,1,0,0
F010,F019,T2,161.0,44,402.5,1,0,0
F010,F019,T3,161.0,51,466.9,1,0,0
F010,F020,T1,142.0,35,482.8,1,0,0
F010,F020,T2,142.0,39,355.0,1,0,0
F010,F020,T3,142.0,45,411.8,1,0,0
F010,F021,T1,222.0,54,754.8,1,0,0
F010,F021,T2,222.0,61,555.0,1,0,0
F010,F021,T3,222.0,71,643.8,1,0,0
F010,F022,T1,148.0,36,503.2,1,0,0
F010,F022,T2,148.0,41,370.0,1,0,0
F010,F022,T3,148.0,47,429.2,1,0,0
F010,F023,T1,277.0,67,941.8,0,0,0
F010,F023,T2,277.0,76,692.5,1,0,0
F010,F023,T3,277.0,88,803.3,1,0,0
F010,F024,T1,191.0,46,649.4,1,0,1
F010,F024,T2,191.0,53,477.5,1,0,1
F010,F024,T3,191.0,61,553.9,1,0,1
F010,F025,T1,221.0,54,751.4,1,0,0
F010,F025,T2,221.0,61,552.5,1,0,0
F010,F025,T3,221.0,70,640.9,1,0,0
F010,F026,T1,131.0,32,445.4,1,0,0
F010,F026,T2,131.0,36,327.5,1,0,0
F010,F026,T3,131.0,42,379.9,1,0,0
F010,F027,T1,187.0,45,635.8,1,0,0
F010,F027,T2,187.0,51,467.5,1,0,0
F010,F027,T3,187.0,60,542.3,1,0,0
F010,F028,T1,59.0,15,200.6,1,0,0
F010,F028,T2,59.0,17,147.5,1,0,0
F010,F028,T3,59.0,19,171.1,1,0,0
F010,F029,T1,205.0,50,697.0,1,0,0
F010,F029,T2,205.0,56,512.5,1,0,0
F010,F029,T3,205.0,65,594.5,1,0,0
F010,F030,T1,97.0,24,329.8,1,0,0
F010,F030,T2,97.0,27,242.5,1,0,0
F010,F030,T3,97.0,31,281.3,1,0,0
F010,F031,T1,266.0,64,904.4,0,0,1
F010,F031,T2,266.0,73,665.0,1,0,1
F010,F031,T3,266.0,84,771.4,1,0,1
F010,F032,T1,278.0,67,945.2,0,0,0
F010,F032,T2,278.0,76,695.0,1,0,0
F010,F032,T3,278.0,88,806.2,1,0,0
F010,F033,T1,163.0,40,554.2,1,0,0
F010,F033,T2,163.0,45,407.5,1,0,0
F010,F033,T3,163.0,52,472.7,1,0,0
F010,F034,T1,194.0,47,659.6,1,0,0
F010,F034,T2,194.0,53,485.0,1,0,0
F010,F034,T3,194.0,62,562.6,1,0,0
F010,F035,T1,242.0,59,822.8,1,0,0
F010,F035,T2,242.0,66,605.0,1,0,0
F010,F035,T3,242.0,77,701.8,1,0,0
F010,F036,T1,243.0,59,826.2,1,0,0
F010,F036,T2,243.0,67,607.5,1,0,0
F010,F036,T3,243.0,77,704.7,1,0,0
F010,F037,T1,474.0,114,1611.6,0,0,0
F010,F037,T2,474.0,130,1185.0,0,0,0
F010,F037,T3,474.0,150,1374.6,1,0,0
F010,F038,T1,350.0,84,1190.0,0,0,1
F010,F038,T2,350.0,96,875.0,1,0,1
F010,F038,T3,350.0,111,1015.0,1,0,1
F010,F039,T1,318.0,77,1081.2,0,0,0
F010,F039,T2,318.0,87,795.0,1,0,0
F010,F039,T3,318.0,101,922.2,1,0,0
F010,F040,T1,448.0,108,1523.2,0,0,0
F010,F040,T2,448.0,123,1120.0,0,0,0
F010,F040,T3,448.0,142,1299.2,1,0,0
F010,F041,T1,392.0,95,1332.8,0,0,0
F010,F041,T2,392.0,107,980.0,1,0,0
F010,F041,T3,392.0,124,1136.8,1,0,0
F010,F042,T1,473.0,114,1608.2,0,0,0
F010,F042,T2,473.0,129,1182.5,0,0,0
F010,F042,T3,473.0,150,1371.7,1,0,0
F010,F043,T1,400.0,96,1360.0,0,0,0
F010,F043,T2,400.0,110,1000.0,1,0,0
F010,F043,T3,400.0,127,1160.0,1,0,0
F010,F044,T1,420.0,101,1428.0,0,0,1
F010,F044,T2,420.0,115,1050.0,0,0,1
F010,F044,T3,420.0,133,1218.0,1,0,1
F010,F045,T1,373.0,90,1268.2,0,0,0
F010,F045,T2,373.0,102,932.5,1,0,0
F010,F045,T3,373.0,118,1081.7,1,0,0
F010,F046,T1,283.0,68,962.2,0,0,0
F010,F046,T2,283.0,78,707.5,1,0,0
F010,F046,T3,283.0,90,820.7,1,0,0
F010,F047,T1,285.0,69,969.0,0,0,0
F010,F047,T2,285.0,78,712.5,1,0,0
F010,F047,T3,285.0,90,826.5,1,0,0
F010,F048,T1,333.0,80,1132.2,0,0,0
F010,F048,T2,333.0,91,832.5,1,0,0
F010,F048,T3,333.0,106,965.7,1,0,0
F010,F049,T1,300.0,72,1020.0,0,0,0
F010,F049,T2,300.0,82,750.0,1,0,0
F010,F049,T3,300.0,95,870.0,1,0,0
F010,F050,T1,512.0,123,1740.8,0,0,1
F010,F050,T2,512.0,140,1280.0,0,0,1
F010,F050,T3,512.0,162,1484.8,0,0,1
F010,F051,T1,365.0,88,1241.0,0,0,0
F010,F051,T2,365.0,100,912.5,1,0,0
F010,F051,T3,365.0,116,1058.5,1,0,0
F010,F052,T1,318.0,77,1081.2,0,0,0
F010,F052,T2,318.0,87,795.0,1,0,0
F010,F052,T3,318.0,101,922.2,1,0,0
F011,A01,T1,201.0,49,683.4,1,1,0
F011,A01,T2,201.0,55,502.5,1,1,0
F011,A01,T3,201.0,64,582.9,1,1,0
F011,A02,T1,228.0,55,775.2,1,1,0
F011,A02,T2,228.0,63,570.0,1,1,0
F011,A02,T3,228.0,72,661.2,1,1,0
F011,A03,T1,274.0,66,931.6,0,1,0
F011,A03,T2,274.0,75,685.0,1,1,0
F011,A03,T3,274.0,87,794.6,1,1,0
F011,F001,T1,101.0,25,343.4,1,1,0
F011,F001,T2,101.0,28,252.5,1,1,0
F011,F001,T3,101.0,32,292.9,1,1,0
F011,F002,T1,99.0,24,336.6,1,1,0
F011,F002,T2,99.0,27,247.5,1,1,0
F011,F002,T3,99.0,32,287.1,1,1,0
F011,F003,T1,49.0,12,166.6,1,1,0
F011,F003,T2,49.0,14,122.5,1,1,0
F011,F003,T3,49.0,16,142.1,1,1,0
F011,F004,T1,69.0,17,234.6,1,1,0
F011,F004,T2,69.0,19,172.5,1,1,0
F011,F004,T3,69.0,22,200.1,1,1,0
F011,F005,T1,55.0,14,187.0,1,1,0
F011,F005,T2,55.0,15,137.5,1,1,0
F011,F005,T3,55.0,18,159.5,1,1,0
F011,F006,T1,73.0,18,248.2,1,1,1
F011,F006,T2,73.0,20,182.5,1,1,1
F011,F006,T3,73.0,24,211.7,1,1,1
F011,F007,T1,83.0,20,282.2,1,1,0
F011,F007,T2,83.0,23,207.5,1,1,0
F011,F007,T3,83.0,27,240.7,1,1,0
F011,F008,T1,33.0,8,112.2,1,1,0
F011,F008,T2,33.0,9,82.5,1,1,0
F011,F008,T3,33.0,11,95.7,1,1,0
F011,F009,T1,35.0,9,119.0,1,1,0
F011,F009,T2,35.0,10,87.5,1,1,0
F011,F009,T3,35.0,12,101.5,1,1,0
F011,F010,T1,47.0,12,159.8,1,1,0
F011,F010,T2,47.0,13,117.5,1,1,0
F011,F010,T3,47.0,15,136.3,1,1,0
F011,F012,T1,59.0,15,200.6,1,1,0
F011,F012,T2,59.0,17,147.5,1,1,0
F011,F012,T3,59.0,19,171.1,1,1,0
F011,F013,T1,115.0,28,391.0,1,1,0
F011,F013,T2,115.0,32,287.5,1,1,0
F011,F013,T3,115.0,37,333.5,1,1,0
F011,F014,T1,44.0,11,149.6,1,1,0
F011,F014,T2,44.0,12,110.0,1,1,0
F011,F014,T3,44.0,14,127.6,1,1,0
F011,F015,T1,31.0,8,105.4,1,1,0
F011,F015,T2,31.0,9,77.5,1,1,0
F011,F015,T3,31.0,10,89.9,1,1,0
F011,F016,T1,79.0,19,268.6,1,1,0
F011,F016,T2,79.0,22,197.5,1,1,0
F011,F016,T3,79.0,25,229.1,1,1,0
F011,F017,T1,80.0,20,272.0,1,1,0
F011,F017,T2,80.0,22,200.0,1,1,0
F011,F017,T3,80.0,26,232.0,1,1,0
F011,F018,T1,71.0,18,241.4,1,1,1
F011,F018,T2,71.0,20,177.5,1,1,1
F011,F018,T3,71.0,23,205.9,1,1,1
F011,F019,T1,115.0,28,391.0,1,1,0
F011,F019,T2,115.0,32,287.5,1,1,0
F011,F019,T3,115.0,37,333.5,1,1,0
F011,F020,T1,97.0,24,329.8,1,1,0
F011,F020,T2,97.0,27,242.5,1,1,0
F011,F020,T3,97.0,31,281.3,1,1,0
F011,F021,T1,175.0,42,595.0,1,1,0
F011,F021,T2,175.0,48,437.5,1,1,0
F011,F021,T3,175.0,56,507.5,1,1,0
F011,F022,T1,101.0,25,343.4,1,1,0
F011,F022,T2,101.0,28,252.5,1,1,0
F011,F022,T3,101.0,32,292.9,1,1,0
F011,F023,T1,231.0,56,785.4,1,1,0
F011,F023,T2,231.0,63,577.5,1,1,0
F011,F023,T3,231.0,73,669.9,1,1,0
F011,F024,T1,144.0,35,489.6,1,1,1
F011,F024,T2,144.0,40,360.0,1,1,1
F011,F024,T3,144.0,46,417.6,1,1,1
F011,F025,T1,175.0,42,595.0,1,1,0
F011,F025,T2,175.0,48,437.5,1,1,0
F011,F025,T3,175.0,56,507.5,1,1,0
F011,F026,T1,84.0,21,285.6,1,1,0
F011,F026,T2,84.0,23,210.0,1,1,0
F011,F026,T3,84.0,27,243.6,1,1,0
F011,F027,T1,141.0,34,479.4,1,1,0
F011,F027,T2,141.0,39,352.5,1,1,0
F011,F027,T3,141.0,45,408.9,1,1,0
F011,F028,T1,20.0,5,68.0,1,1,0
F011,F028,T2,20.0,6,50.0,1,1,0
F011,F028,T3,20.0,7,58.0,1,1,0
F011,F029,T1,159.0,39,540.6,1,1,0
F011,F029,T2,159.0,44,397.5,1,1,0
F011,F029,T3,159.0,51,461.1,1,1,0
F011,F030,T1,57.0,14,193.8,1,1,0
F011,F030,T2,57.0,16,142.5,1,1,0
F011,F030,T3,57.0,18,165.3,1,1,0
F011,F031,T1,219.0,53,744.6,1,1,1
F011,F031,T2,219.0,60,547.5,1,1,1
F011,F031,T3,219.0,70,635.1,1,1,1
F011,F032,T1,231.0,56,785.4,1,1,0
F011,F032,T2,231.0,63,577.5,1,1,0
F011,F032,T3,231.0,73,669.9,1,1,0
F011,F033,T1,117.0,29,397.8,1,1,0
F011,F033,T2,117.0,32,292.5,1,1,0
F011,F033,T3,117.0,37,339.3,1,1,0
F011,F034,T1,148.0,36,503.2,1,1,0
F011,F034,T2,148.0,41,370.0,1,1,0
F011,F034,T3,148.0,47,429.2,1,1,0
F011,F035,T1,196.0,48,666.4,1,1,0
F011,F035,T2,196.0,54,490.0,1,1,0
F011,F035,T3,196.0,62,568.4,1,1,0
F011,F036,T1,197.0,48,669.8,1,1,0
F011,F036,T2,197.0,54,492.5,1,1,0
F011,F036,T3,197.0,63,571.3,1,1,0
F011,F037,T1,428.0,103,1455.2,0,1,0
F011,F037,T2,428.0,117,1070.0,0,1,0
F011,F037,T3,428.0,136,1241.2,1,1,0
F011,F038,T1,304.0,73,1033.6,0,1,1
F011,F038,T2,304.0,83,760.0,1,1,1
F011,F038,T3,304.0,96,881.6,1,1,1
F011,F039,T1,274.0,66,931.6,0,1,0
F011,F039,T2,274.0,75,685.0,1,1,0
F011,F039,T3,274.0,87,794.6,1,1,0
F011,F040,T1,401.0,97,1363.4,0,1,0
F011,F040,T2,401.0,110,1002.5,0,1,0
F011,F040,T3,401.0,127,1162.9,1,1,0
F011,F041,T1,346.0,84,1176.4,0,1,0
F011,F041,T2,346.0,95,865.0,1,1,0
F011,F041,T3,346.0,110,1003.4,1,1,0
F011,F042,T1,427.0,103,1451.8,0,1,0
F011,F042,T2,427.0,117,1067.5,0,1,0
F011,F042,T3,427.0,135,1238.3,1,1,0
F011,F043,T1,354.0,85,1203.6,0,1,0
F011,F043,T2,354.0,97,885.0,1,1,0
F011,F043,T3,354.0,112,1026.6,1,1,0
F011,F044,T1,374.0,90,1271.6,0,1,1
F011,F044,T2,374.0,102,935.0,1,1,1
F011,F044,T3,374.0,119,1084.6,1,1,1
F011,F045,T1,328.0,79,1115.2,0,1,0
F011,F045,T2,328.0,90,820.0,1,1,0
F011,F045,T3,328.0,104,951.2,1,1,0
F011,F046,T1,237.0,57,805.8,1,1,0
F011,F046,T2,237.0,65,592.5,1,1,0
F011,F046,T3,237.0,75,687.3,1,1,0
F011,F047,T1,239.0,58,812.6,1,1,0
F011,F047,T2,239.0,66,597.5,1,1,0
F011,F047,T3,239.0,76,693.1,1,1,0
F011,F048,T1,287.0,69,975.8,0,1,0
F011,F048,T2,287.0,79,717.5,1,1,0
F011,F048,T3,287.0,91,832.3,1,1,0
F011,F049,T1,254.0,61,863.6,0,1,0
F011,F049,T2,254.0,70,635.0,1,1,0
F011,F049,T3,254.0,81,736.6,1,1,0
F011,F050,T1,466.0,112,1584.4,0,1,1
F011,F050,T2,466.0,128,1165.0,0,1,1
F011,F050,T3,466.0,148,1351.4,1,1,1
F011,F051,T1,319.0,77,1084.6,0,1,0
F011,F051,T2,319.0,87,797.5,1,1,0
F011,F051,T3,319.0,101,925.1,1,1,0
F011,F052,T1,272.0,66,924.8,0,1,0
F011,F052,T2,272.0,75,680.0,1,1,0
F011,F052,T3,272.0,86,788.8,1,1,0
F012,A01,T1,208.0,50,707.2,1,0,0
F012,A01,T2,208.0,57,520.0,1,0,0
F012,A01,T3,208.0,66,603.2,1,0,0
F012,A02,T1,229.0,55,778.6,1,0,0
F012,A02,T2,229.0,63,572.5,1,0,0
F012,A02,T3,229.0,73,664.1,1,0,0
F012,A03,T1,268.0,65,911.2,0,0,0
F012,A03,T2,268.0,74,670.0,1,0,0
F012,A03,T3,268.0,85,777.2,1,0,0
F012,F001,T1,42.0,11,142.8,1,0,0
F012,F001,T2,42.0,12,105.0,1,0,0
F012,F001,T3,42.0,14,121.8,1,0,0
F012,F002,T1,158.0,38,537.2,1,0,0
F012,F002,T2,158.0,44,395.0,1,0,0
F012,F002,T3,158.0,50,458.2,1,0,0
F012,F003,T1,106.0,26,360.4,1,0,0
F012,F003,T2,106.0,29,265.0,1,0,0
F012,F003,T3,106.0,34,307.4,1,0,0
F012,F004,T1,127.0,31,431.8,1,0,0
F012,F004,T2,127.0,35,317.5,1,0,0
F012,F004,T3,127.0,41,368.3,1,0,0
F012,F005,T1,18.0,5,61.2,1,0,0
F012,F005,T2,18.0,5,45.0,1,0,0
F012,F005,T3,18.0,6,52.2,1,0,0
F012,F006,T1,130.0,32,442.0,1,0,1
F012,F006,T2,130.0,36,325.0,1,0,1
F012,F006,T3,130.0,42,377.0,1,0,1
F012,F007,T1,142.0,35,482.8,1,0,0
F012,F007,T2,142.0,39,355.0,1,0,0
F012,F007,T3,142.0,45,411.8,1,0,0
F012,F008,T1,89.0,22,302.6,1,0,0
F012,F008,T2,89.0,25,222.5,1,0,0
F012,F008,T3,89.0,29,258.1,1,0,0
F012,F009,T1,70.0,17,238.0,1,0,0
F012,F009,T2,70.0,20,175.0,1,0,0
F012,F009,T3,70.0,23,203.0,1,0,0
F012,F010,T1,105.0,26,357.0,1,0,0
F012,F010,T2,105.0,29,262.5,1,0,0
F012,F010,T3,105.0,34,304.5,1,0,0
F012,F011,T1,59.0,15,200.6,1,0,1
F012,F011,T2,59.0,17,147.5,1,0,1
F012,F011,T3,59.0,19,171.1,1,0,1
F012,F013,T1,168.0,41,571.2,1,0,0
F012,F013,T2,168.0,46,420.0,1,0,0
F012,F013,T3,168.0,54,487.2,1,0,0
F012,F014,T1,53.0,13,180.2,1,0,0
F012,F014,T2,53.0,15,132.5,1,0,0
F012,F014,T3,53.0,17,153.7,1,0,0
F012,F015,T1,33.0,8,112.2,1,0,0
F012,F015,T2,33.0,9,82.5,1,0,0
F012,F015,T3,33.0,11,95.7,1,0,0
F012,F016,T1,36.0,9,122.4,1,0,0
F012,F016,T2,36.0,10,90.0,1,0,0
F012,F016,T3,36.0,12,104.4,1,0,0
F012,F017,T1,57.0,14,193.8,1,0,0
F012,F017,T2,57.0,16,142.5,1,0,0
F012,F017,T3,57.0,18,165.3,1,0,0
F012,F018,T1,19.0,5,64.6,1,0,1
F012,F018,T2,19.0,6,47.5,1,0,1
F012,F018,T3,19.0,6,55.1,1,0,1
F012,F019,T1,59.0,15,200.6,1,0,0
F012,F019,T2,59.0,17,147.5,1,0,0
F012,F019,T3,59.0,19,171.1,1,0,0
F012,F020,T1,55.0,14,187.0,1,0,0
F012,F020,T2,55.0,15,137.5,1,0,0
F012,F020,T3,55.0,18,159.5,1,0,0
F012,F021,T1,121.0,30,411.4,1,0,0
F012,F021,T2,121.0,33,302.5,1,0,0
F012,F021,T3,121.0,39,350.9,1,0,0
F012,F022,T1,49.0,12,166.6,1,0,0
F012,F022,T2,49.0,14,122.5,1,0,0
F012,F022,T3,49.0,16,142.1,1,0,0
F012,F023,T1,173.0,42,588.2,1,0,0
F012,F023,T2,173.0,48,432.5,1,0,0
F012,F023,T3,173.0,55,501.7,1,0,0
F012,F024,T1,89.0,22,302.6,1,0,1
F012,F024,T2,89.0,25,222.5,1,0,1
F012,F024,T3,89.0,29,258.1,1,0,1
F012,F025,T1,124.0,30,421.6,1,0,0
F012,F025,T2,124.0,34,310.0,1,0,0
F012,F025,T3,124.0,40,359.6,1,0,0
F012,F026,T1,27.0,7,91.8,1,0,0
F012,F026,T2,27.0,8,67.5,1,0,0
F012,F026,T3,27.0,9,78.3,1,0,0
F012,F027,T1,91.0,22,309.4,1,0,0
F012,F027,T2,91.0,25,227.5,1,0,0
F012,F027,T3,91.0,29,263.9,1,0,0
F012,F028,T1,49.0,12,166.6,1,0,0
F012,F028,T2,49.0,14,122.5,1,0,0
F012,F028,T3,49.0,16,142.1,1,0,0
F012,F029,T1,104.0,25,353.6,1,0,0
F012,F029,T2,104.0,29,260.0,1,0,0
F012,F029,T3,104.0,33,301.6,1,0,0
F012,F030,T1,52.0,13,176.8,1,0,0
F012,F030,T2,52.0,15,130.0,1,0,0
F012,F030,T3,52.0,17,150.8,1,0,0
F012,F031,T1,164.0,40,557.6,1,0,1
F012,F031,T2,164.0,45,410.0,1,0,1
F012,F031,T3,164.0,52,475.6,1,0,1
F012,F032,T1,173.0,42,588.2,1,0,0
F012,F032,T2,173.0,48,432.5,1,0,0
F012,F032,T3,173.0,55,501.7,1,0,0
F012,F033,T1,58.0,14,197.2,1,0,0
F012,F033,T2,58.0,16,145.0,1,0,0
F012,F033,T3,58.0,19,168.2,1,0,0
F012,F034,T1,89.0,22,302.6,1,0,0
F012,F034,T2,89.0,25,222.5,1,0,0
F012,F034,T3,89.0,29,258.1,1,0,0
F012,F035,T1,138.0,34,469.2,1,0,0
F012,F035,T2,138.0,38,345.0,1,0,0
F012,F035,T3,138.0,44,400.2,1,0,0
F012,F036,T1,145.0,35,493.0,1,0,0
F012,F036,T2,145.0,40,362.5,1,0,0
F012,F036,T3,145.0,46,420.5,1,0,0
F012,F037,T1,374.0,90,1271.6,0,0,0
F012,F037,T2,374.0,102,935.0,1,0,0
F012,F037,T3,374.0,119,1084.6,1,0,0
F012,F038,T1,252.0,61,856.8,0,0,1
F012,F038,T2,252.0,69,630.0,1,0,1
F012,F038,T3,252.0,80,730.8,1,0,1
F012,F039,T1,225.0,54,765.0,1,0,0
F012,F039,T2,225.0,62,562.5,1,0,0
F012,F039,T3,225.0,72,652.5,1,0,0
F012,F040,T1,347.0,84,1179.8,0,0,0
F012,F040,T2,347.0,95,867.5,1,0,0
F012,F040,T3,347.0,110,1006.3,1,0,0
F012,F041,T1,295.0,71,1003.0,0,0,0
F012,F041,T2,295.0,81,737.5,1,0,0
F012,F041,T3,295.0,94,855.5,1,0,0
F012,F042,T1,372.0,90,1264.8,0,0,0
F012,F042,T2,372.0,102,930.0,1,0,0
F012,F042,T3,372.0,118,1078.8,1,0,0
F012,F043,T1,300.0,72,1020.0,0,0,0
F012,F043,T2,300.0,82,750.0,1,0,0
F012,F043,T3,300.0,95,870.0,1,0,0
F012,F044,T1,321.0,78,1091.4,0,0,1
F012,F044,T2,321.0,88,802.5,1,0,1
F012,F044,T3,321.0,102,930.9,1,0,1
F012,F045,T1,277.0,67,941.8,0,0,0
F012,F045,T2,277.0,76,692.5,1,0,0
F012,F045,T3,277.0,88,803.3,1,0,0
F012,F046,T1,185.0,45,629.0,1,0,0
F012,F046,T2,185.0,51,462.5,1,0,0
F012,F046,T3,185.0,59,536.5,1,0,0
F012,F047,T1,185.0,45,629.0,1,0,0
F012,F047,T2,185.0,51,462.5,1,0,0
F012,F047,T3,185.0,59,536.5,1,0,0
F012,F048,T1,235.0,57,799.0,1,0,0
F012,F048,T2,235.0,65,587.5,1,0,0
F012,F048,T3,235.0,75,681.5,1,0,0
F012,F049,T1,201.0,49,683.4,1,0,0
F012,F049,T2,201.0,55,502.5,1,0,0
F012,F049,T3,201.0,64,582.9,1,0,0
F012,F050,T1,411.0,99,1397.4,0,0,1
F012,F050,T2,411.0,113,1027.5,0,0,1
F012,F050,T3,411.0,130,1191.9,1,0,1
F012,F051,T1,265.0,64,901.0,0,0,0
F012,F051,T2,265.0,73,662.5,1,0,0
F012,F051,T3,265.0,84,768.5,1,0,0
F012,F052,T1,218.0,53,741.2,1,0,0
F012,F052,T2,218.0,60,545.0,1,0,0
F012,F052,T3,218.0,69,632.2,1,0,0
F013,A01,T1,279.0,67,948.6,0,0,0
F013,A01,T2,279.0,77,697.5,1,0,0
F013,A01,T3,279.0,89,809.1,1,0,0
F013,A02,T1,311.0,75,1057.4,0,0,0
F013,A02,T2,311.0,85,777.5,1,0,0
F013,A02,T3,311.0,99,901.9,1,0,0
F013,A03,T1,360.0,87,1224.0,0,0,0
F013,A03,T2,360.0,99,900.0,1,0,0
F013,A03,T3,360.0,114,1044.0,1,0,0
F013,F001,T1,210.0,51,714.0,1,0,0
F013,F001,T2,210.0,58,525.0,1,0,0
F013,F001,T3,210.0,67,609.0,1,0,0
F013,F002,T1,67.0,17,227.8,1,0,0
F013,F002,T2,67.0,19,167.5,1,0,0
F013,F002,T3,67.0,22,194.3,1,0,0
F013,F003,T1,91.0,22,309.4,1,0,0
F013,F003,T2,91.0,25,227.5,1,0,0
F013,F003,T3,91.0,29,263.9,1,0,0
F013,F004,T1,82.0,20,278.8,1,0,0
F013,F004,T2,82.0,23,205.0,1,0,0
F013,F004,T3,82.0,26,237.8,1,0,0
F013,F005,T1,169.0,41,574.6,1,0,0
F013,F005,T2,169.0,47,422.5,1,0,0
F013,F005,T3,169.0,54,490.1,1,0,0
F013,F006,T1,46.0,12,156.4,1,0,1
F013,F006,T2,46.0,13,115.0,1,0,1
F013,F006,T3,46.0,15,133.4,1,0,1
F013,F007,T1,46.0,12,156.4,1,0,0
F013,F007,T2,46.0,13,115.0,1,0,0
F013,F007,T3,46.0,15,133.4,1,0,0
F013,F008,T1,81.0,20,275.4,1,0,0
F013,F008,T2,81.0,23,202.5,1,0,0
F013,F008,T3,81.0,26,234.9,1,0,0
F013,F009,T1,134.0,33,455.6,1,0,0
F013,F009,T2,134.0,37,335.0,1,0,0
F013,F009,T3,134.0,43,388.6,1,0,0
F013,F010,T1,72.0,18,244.8,1,0,0
F013,F010,T2,72.0,20,180.0,1,0,0
F013,F010,T3,72.0,23,208.8,1,0,0
F013,F011,T1,115.0,28,391.0,1,0,1
F013,F011,T2,115.0,32,287.5,1,0,1
F013,F011,T3,115.0,37,333.5,1,0,1
F013,F012,T1,168.0,41,571.2,1,0,0
F013,F012,T2,168.0,46,420.0,1,0,0
F013,F012,T3,168.0,54,487.2,1,0,0
F013,F014,T1,155.0,38,527.0,1,0,0
F013,F014,T2,155.0,43,387.5,1,0,0
F013,F014,T3,155.0,49,449.5,1,0,0
F013,F015,T1,145.0,35,493.0,1,0,0
F013,F015,T2,145.0,40,362.5,1,0,0
F013,F015,T3,145.0,46,420.5,1,0,0
F013,F016,T1,194.0,47,659.6,1,0,0
F013,F016,T2,194.0,53,485.0,1,0,0
F013,F016,T3,194.0,62,562.6,1,0,0
F013,F017,T1,193.0,47,656.2,1,0,0
F013,F017,T2,193.0,53,482.5,1,0,0
F013,F017,T3,193.0,61,559.7,1,0,0
F013,F018,T1,184.0,45,625.6,1,0,1
F013,F018,T2,184.0,51,460.0,1,0,1
F013,F018,T3,184.0,59,533.6,1,0,1
F013,F019,T1,227.0,55,771.8,1,0,0
F013,F019,T2,227.0,62,567.5,1,0,0
F013,F019,T3,227.0,72,658.3,1,0,0
F013,F020,T1,211.0,51,717.4,1,0,0
F013,F020,T2,211.0,58,527.5,1,0,0
F013,F020,T3,211.0,67,611.9,1,0,0
F013,F021,T1,289.0,70,982.6,0,0,0
F013,F021,T2,289.0,79,722.5,1,0,0
F013,F021,T3,289.0,92,838.1,1,0,0
F013,F022,T1,215.0,52,731.0,1,0,0
F013,F022,T2,215.0,59,537.5,1,0,0
F013,F022,T3,215.0,68,623.5,1,0,0
F013,F023,T1,342.0,83,1162.8,0,0,0
F013,F023,T2,342.0,94,855.0,1,0,0
F013,F023,T3,342.0,108,991.8,1,0,0
F013,F024,T1,257.0,62,873.8,0,0,1
F013,F024,T2,257.0,71,642.5,1,0,1
F013,F024,T3,257.0,82,745.3,1,0,1
F013,F025,T1,289.0,70,982.6,0,0,0
F013,F025,T2,289.0,79,722.5,1,0,0
F013,F025,T3,289.0,92,838.1,1,0,0
F013,F026,T1,195.0,47,663.0,1,0,0
F013,F026,T2,195.0,54,487.5,1,0,0
F013,F026,T3,195.0,62,565.5,1,0,0
F013,F027,T1,256.0,62,870.4,0,0,0
F013,F027,T2,256.0,70,640.0,1,0,0
F013,F027,T3,256.0,81,742.4,1,0,0
F013,F028,T1,120.0,29,408.0,1,0,0
F013,F028,T2,120.0,33,300.0,1,0,0
F013,F028,T3,120.0,38,348.0,1,0,0
F013,F029,T1,272.0,66,924.8,0,0,0
F013,F029,T2,272.0,75,680.0,1,0,0
F013,F029,T3,272.0,86,788.8,1,0,0
F013,F030,T1,169.0,41,574.6,1,0,0
F013,F030,T2,169.0,47,422.5,1,0,0
F013,F030,T3,169.0,54,490.1,1,0,0
F013,F031,T1,332.0,80,1128.8,0,0,1
F013,F031,T2,332.0,91,830.0,1,0,1
F013,F031,T3,332.0,105,962.8,1,0,1
F013,F032,T1,340.0,82,1156.0,0,0,0
F013,F032,T2,340.0,93,850.0,1,0,0
F013,F032,T3,340.0,108,986.0,1,0,0
F013,F033,T1,225.0,54,765.0,1,0,0
F013,F033,T2,225.0,62,562.5,1,0,0
F013,F033,T3,225.0,72,652.5,1,0,0
F013,F034,T1,254.0,61,863.6,0,0,0
F013,F034,T2,254.0,70,635.0,1,0,0
F013,F034,T3,254.0,81,736.6,1,0,0
F013,F035,T1,305.0,74,1037.0,0,0,0
F013,F035,T2,305.0,84,762.5,1,0,0
F013,F035,T3,305.0,97,884.5,1,0,0
F013,F036,T1,311.0,75,1057.4,0,0,0
F013,F036,T2,311.0,85,777.5,1,0,0
F013,F036,T3,311.0,99,901.9,1,0,0
F013,F037,T1,542.0,131,1842.8,0,0,0
F013,F037,T2,542.0,148,1355.0,0,0,0
F013,F037,T3,542.0,172,1571.8,0,0,0
F013,F038,T1,419.0,101,1424.6,0,0,1
F013,F038,T2,419.0,115,1047.5,0,0,1
F013,F038,T3,419.0,133,1215.1,1,0,1
F013,F039,T1,389.0,94,1322.6,0,0,0
F013,F039,T2,389.0,107,972.5,1,0,0
F013,F039,T3,389.0,123,1128.1,1,0,0
F013,F040,T1,515.0,124,1751.0,0,0,0
F013,F040,T2,515.0,141,1287.5,0,0,0
F013,F040,T3,515.0,163,1493.5,0,0,0
F013,F041,T1,461.0,111,1567.4,0,0,0
F013,F041,T2,461.0,126,1152.5,0,0,0
F013,F041,T3,461.0,146,1336.9,1,0,0
F013,F042,T1,540.0,130,1836.0,0,0,0
F013,F042,T2,540.0,148,1350.0,0,0,0
F013,F042,T3,540.0,171,1566.0,0,0,0
F013,F043,T1,468.0,113,1591.2,0,0,0
F013,F043,T2,468.0,128,1170.0,0,0,0
F013,F043,T3,468.0,148,1357.2,1,0,0
F013,F044,T1,488.0,118,1659.2,0,0,1
F013,F044,T2,488.0,134,1220.0,0,0,1
F013,F044,T3,488.0,155,1415.2,0,0,1
F013,F045,T1,443.0,107,1506.2,0,0,0
F013,F045,T2,443.0,121,1107.5,0,0,0
F013,F045,T3,443.0,140,1284.7,1,0,0
F013,F046,T1,352.0,85,1196.8,0,0,0
F013,F046,T2,352.0,96,880.0,1,0,0
F013,F046,T3,352.0,112,1020.8,1,0,0
F013,F047,T1,353.0,85,1200.2,0,0,0
F013,F047,T2,353.0,97,882.5,1,0,0
F013,F047,T3,353.0,112,1023.7,1,0,0
F013,F048,T1,402.0,97,1366.8,0,0,0
F013,F048,T2,402.0,110,1005.0,0,0,0
F013,F048,T3,402.0,127,1165.8,1,0,0
F013,F049,T1,368.0,89,1251.2,0,0,0
F013,F049,T2,368.0,101,920.0,1,0,0
F013,F049,T3,368.0,117,1067.2,1,0,0
F013,F050,T1,579.0,139,1968.6,0,0,1
F013,F050,T2,579.0,158,1447.5,0,0,1
F013,F050,T3,579.0,183,1679.1,0,0,1
F013,F051,T1,433.0,104,1472.2,0,0,0
F013,F051,T2,433.0,119,1082.5,0,0,0
F013,F051,T3,433.0,137,1255.7,1,0,0
F013,F052,T1,386.0,93,1312.4,0,0,0
F013,F052,T2,386.0,106,965.0,1,0,0
F013,F052,T3,386.0,122,1119.4,1,0,0
F014,A01,T1,164.0,40,557.6,1,0,0
F014,A01,T2,164.0,45,410.0,1,0,0
F014,A01,T3,164.0,52,475.6,1,0,0
F014,A02,T1,188.0,46,639.2,1,0,0
F014,A02,T2,188.0,52,470.0,1,0,0
F014,A02,T3,188.0,60,545.2,1,0,0
F014,A03,T1,232.0,56,788.8,1,0,0
F014,A03,T2,232.0,64,580.0,1,0,0
F014,A03,T3,232.0,74,672.8,1,0,0
F014,F001,T1,85.0,21,289.0,1,0,0
F014,F001,T2,85.0,24,212.5,1,0,0
F014,F001,T3,85.0,27,246.5,1,0,0
F014,F002,T1,124.0,30,421.6,1,0,0
F014,F002,T2,124.0,34,310.0,1,0,0
F014,F002,T3,124.0,40,359.6,1,0,0
F014,F003,T1,72.0,18,244.8,1,0,0
F014,F003,T2,72.0,20,180.0,1,0,0
F014,F003,T3,72.0,23,208.8,1,0,0
F014,F004,T1,92.0,23,312.8,1,0,0
F014,F004,T2,92.0,26,230.0,1,0,0
F014,F004,T3,92.0,30,266.8,1,0,0
F014,F005,T1,37.0,9,125.8,1,0,0
F014,F005,T2,37.0,11,92.5,1,0,0
F014,F005,T3,37.0,12,107.3,1,0,0
F014,F006,T1,110.0,27,374.0,1,0,1
F014,F006,T2,110.0,30,275.0,1,0,1
F014,F006,T3,110.0,35,319.0,1,0,1
F014,F007,T1,117.0,29,397.8,1,0,0
F014,F007,T2,117.0,32,292.5,1,0,0
F014,F007,T3,117.0,37,339.3,1,0,0
F014,F008,T1,76.0,19,258.4,1,0,0
F014,F008,T2,76.0,21,190.0,1,0,0
F014,F008,T3,76.0,24,220.4,1,0,0
F014,F009,T1,24.0,6,81.6,1,0,0
F014,F009,T2,24.0,7,60.0,1,0,0
F014,F009,T3,24.0,8,69.6,1,0,0
F014,F010,T1,83.0,20,282.2,1,0,0
F014,F010,T2,83.0,23,207.5,1,0,0
F014,F010,T3,83.0,27,240.7,1,0,0
F014,F011,T1,44.0,11,149.6,1,0,1
F014,F011,T2,44.0,12,110.0,1,0,1
F014,F011,T3,44.0,14,127.6,1,0,1
F014,F012,T1,53.0,13,180.2,1,0,0
F014,F012,T2,53.0,15,132.5,1,0,0
F014,F012,T3,53.0,17,153.7,1,0,0
F014,F013,T1,155.0,38,527.0,1,0,0
F014,F013,T2,155.0,43,387.5,1,0,0
F014,F013,T3,155.0,49,449.5,1,0,0
F014,F015,T1,27.0,7,91.8,1,0,0
F014,F015,T2,27.0,8,67.5,1,0,0
F014,F015,T3,27.0,9,78.3,1,0,0
F014,F016,T1,49.0,12,166.6,1,0,0
F014,F016,T2,49.0,14,122.5,1,0,0
F014,F016,T3,49.0,16,142.1,1,0,0
F014,F017,T1,38.0,10,129.2,1,0,0
F014,F017,T2,38.0,11,95.0,1,0,0
F014,F017,T3,38.0,12,110.2,1,0,0
F014,F018,T1,52.0,13,176.8,1,0,1
F014,F018,T2,52.0,15,130.0,1,0,1
F014,F018,T3,52.0,17,150.8,1,0,1
F014,F019,T1,90.0,22,306.0,1,0,0
F014,F019,T2,90.0,25,225.0,1,0,0
F014,F019,T3,90.0,29,261.0,1,0,0
F014,F020,T1,61.0,15,207.4,1,0,0
F014,F020,T2,61.0,17,152.5,1,0,0
F014,F020,T3,61.0,20,176.9,1,0,0
F014,F021,T1,145.0,35,493.0,1,0,0
F014,F021,T2,145.0,40,362.5,1,0,0
F014,F021,T3,145.0,46,420.5,1,0,0
F014,F022,T1,75.0,18,255.0,1,0,0
F014,F022,T2,75.0,21,187.5,1,0,0
F014,F022,T3,75.0,24,217.5,1,0,0
F014,F023,T1,204.0,49,693.6,1,0,0
F014,F023,T2,204.0,56,510.0,1,0,0
F014,F023,T3,204.0,65,591.6,1,0,0
F014,F024,T1,116.0,28,394.4,1,0,1
F014,F024,T2,116.0,32,290.0,1,0,1
F014,F024,T3,116.0,37,336.4,1,0,1
F014,F025,T1,141.0,34,479.4,1,0,0
F014,F025,T2,141.0,39,352.5,1,0,0
F014,F025,T3,141.0,45,408.9,1,0,0
F014,F026,T1,66.0,16,224.4,1,0,0
F014,F026,T2,66.0,18,165.0,1,0,0
F014,F026,T3,66.0,21,191.4,1,0,0
F014,F027,T1,109.0,27,370.6,1,0,0
F014,F027,T2,109.0,30,272.5,1,0,0
F014,F027,T3,109.0,35,316.1,1,0,0
F014,F028,T1,55.0,14,187.0,1,0,0
F014,F028,T2,55.0,15,137.5,1,0,0
F014,F028,T3,55.0,18,159.5,1,0,0
F014,F029,T1,129.0,31,438.6,1,0,0
F014,F029,T2,129.0,36,322.5,1,0,0
F014,F029,T3,129.0,41,374.1,1,0,0
F014,F030,T1,14.0,4,47.6,1,0,0
F014,F030,T2,14.0,4,35.0,1,0,0
F014,F030,T3,14.0,5,40.6,1,0,0
F014,F031,T1,188.0,46,639.2,1,0,1
F014,F031,T2,188.0,52,470.0,1,0,1
F014,F031,T3,188.0,60,545.2,1,0,1
F014,F032,T1,206.0,50,700.4,1,0,0
F014,F032,T2,206.0,57,515.0,1,0,0
F014,F032,T3,206.0,66,597.4,1,0,0
F014,F033,T1,100.0,24,340.0,1,0,0
F014,F033,T2,100.0,28,250.0,1,0,0
F014,F033,T3,100.0,32,290.0,1,0,0
F014,F034,T1,130.0,32,442.0,1,0,0
F014,F034,T2,130.0,36,325.0,1,0,0
F014,F034,T3,130.0,42,377.0,1,0,0
F014,F035,T1,172.0,42,584.8,1,0,0
F014,F035,T2,172.0,47,430.0,1,0,0
F014,F035,T3,172.0,55,498.8,1,0,0
F014,F036,T1,164.0,40,557.6,1,0,0
F014,F036,T2,164.0,45,410.0,1,0,0
F014,F036,T3,164.0,52,475.6,1,0,0
F014,F037,T1,394.0,95,1339.6,0,0,0
F014,F037,T2,394.0,108,985.0,1,0,0
F014,F037,T3,394.0,125,1142.6,1,0,0
F014,F038,T1,269.0,65,914.6,0,0,1
F014,F038,T2,269.0,74,672.5,1,0,1
F014,F038,T3,269.0,85,780.1,1,0,1
F014,F039,T1,236.0,57,802.4,1,0,0
F014,F039,T2,236.0,65,590.0,1,0,0
F014,F039,T3,236.0,75,684.4,1,0,0
F014,F040,T1,368.0,89,1251.2,0,0,0
F014,F040,T2,368.0,101,920.0,1,0,0
F014,F040,T3,368.0,117,1067.2,1,0,0
F014,F041,T1,310.0,75,1054.0,0,0,0
F014,F041,T2,310.0,85,775.0,1,0,0
F014,F041,T3,310.0,98,899.0,1,0,0
F014,F042,T1,394.0,95,1339.6,0,0,0
F014,F042,T2,394.0,108,985.0,1,0,0
F014,F042,T3,394.0,125,1142.6,1,0,0
F014,F043,T1,319.0,77,1084.6,0,0,0
F014,F043,T2,319.0,87,797.5,1,0,0
F014,F043,T3,319.0,101,925.1,1,0,0
F014,F044,T1,340.0,82,1156.0,0,0,1
F014,F044,T2,340.0,93,850.0,1,0,1
F014,F044,T3,340.0,108,986.0,1,0,1
F014,F045,T1,291.0,70,989.4,0,0,0
F014,F045,T2,291.0,80,727.5,1,0,0
F014,F045,T3,291.0,92,843.9,1,0,0
F014,F046,T1,203.0,49,690.2,1,0,0
F014,F046,T2,203.0,56,507.5,1,0,0
F014,F046,T3,203.0,65,588.7,1,0,0
F014,F047,T1,206.0,50,700.4,1,0,0
F014,F047,T2,206.0,57,515.0,1,0,0
F014,F047,T3,206.0,66,597.4,1,0,0
F014,F048,T1,252.0,61,856.8,0,0,0
F014,F048,T2,252.0,69,630.0,1,0,0
F014,F048,T3,252.0,80,730.8,1,0,0
F014,F049,T1,219.0,53,744.6,1,0,0
F014,F049,T2,219.0,60,547.5,1,0,0
F014,F049,T3,219.0,70,635.1,1,0,0
F014,F050,T1,433.0,104,1472.2,0,0,1
F014,F050,T2,433.0,119,1082.5,0,0,1
F014,F050,T3,433.0,137,1255.7,1,0,1
F014,F051,T1,284.0,69,965.6,0,0,0
F014,F051,T2,284.0,78,710.0,1,0,0
F014,F051,T3,284.0,90,823.6,1,0,0
F014,F052,T1,239.0,58,812.6,1,0,0
F014,F052,T2,239.0,66,597.5,1,0,0
F014,F052,T3,239.0,76,693.1,1,0,0
F015,A01,T1,191.0,46,649.4,1,0,0
F015,A01,T2,191.0,53,477.5,1,0,0
F015,A01,T3,191.0,61,553.9,1,0,0
F015,A02,T1,215.0,52,731.0,1,0,0
F015,A02,T2,215.0,59,537.5,1,0,0
F015,A02,T3,215.0,68,623.5,1,0,0
F015,A03,T1,258.0,62,877.2,0,0,0
F015,A03,T2,258.0,71,645.0,1,0,0
F015,A03,T3,258.0,82,748.2,1,0,0
F015,F001,T1,73.0,18,248.2,1,0,0
F015,F001,T2,73.0,20,182.5,1,0,0
F015,F001,T3,73.0,24,211.7,1,0,0
F015,F002,T1,127.0,31,431.8,1,0,0
F015,F002,T2,127.0,35,317.5,1,0,0
F015,F002,T3,127.0,41,368.3,1,0,0
F015,F003,T1,74.0,18,251.6,1,0,0
F015,F003,T2,74.0,21,185.0,1,0,0
F015,F003,T3,74.0,24,214.6,1,0,0
F015,F004,T1,95.0,23,323.0,1,0,0
F015,F004,T2,95.0,26,237.5,1,0,0
F015,F004,T3,95.0,30,275.5,1,0,0
F015,F005,T1,25.0,6,85.0,1,0,0
F015,F005,T2,25.0,7,62.5,1,0,0
F015,F005,T3,25.0,8,72.5,1,0,0
F015,F006,T1,104.0,25,353.6,1,0,1
F015,F006,T2,104.0,29,260.0,1,0,1
F015,F006,T3,104.0,33,301.6,1,0,1
F015,F007,T1,113.0,28,384.2,1,0,0
F015,F007,T2,113.0,31,282.5,1,0,0
F015,F007,T3,113.0,36,327.7,1,0,0
F015,F008,T1,64.0,16,217.6,1,0,0
F015,F008,T2,64.0,18,160.0,1,0,0
F015,F008,T3,64.0,21,185.6,1,0,0
F015,F009,T1,38.0,10,129.2,1,0,0
F015,F009,T2,38.0,11,95.0,1,0,0
F015,F009,T3,38.0,12,110.2,1,0,0
F015,F010,T1,77.0,19,261.8,1,0,0
F015,F010,T2,77.0,21,192.5,1,0,0
F015,F010,T3,77.0,25,223.3,1,0,0
F015,F011,T1,31.0,8,105.4,1,0,1
F015,F011,T2,31.0,9,77.5,1,0,1
F015,F011,T3,31.0,10,89.9,1,0,1
F015,F012,T1,33.0,8,112.2,1,0,0
F015,F012,T2,33.0,9,82.5,1,0,0
F015,F012,T3,33.0,11,95.7,1,0,0
F015,F013,T1,145.0,35,493.0,1,0,0
F015,F013,T2,145.0,40,362.5,1,0,0
F015,F013,T3,145.0,46,420.5,1,0,0
F015,F014,T1,27.0,7,91.8,1,0,0
F015,F014,T2,27.0,8,67.5,1,0,0
F015,F014,T3,27.0,9,78.3,1,0,0
F015,F016,T1,48.0,12,163.2,1,0,0
F015,F016,T2,48.0,14,120.0,1,0,0
F015,F016,T3,48.0,16,139.2,1,0,0
F015,F017,T1,53.0,13,180.2,1,0,0
F015,F017,T2,53.0,15,132.5,1,0,0
F015,F017,T3,53.0,17,153.7,1,0,0
F015,F018,T1,41.0,10,139.4,1,0,1
F015,F018,T2,41.0,12,102.5,1,0,1
F015,F018,T3,41.0,13,118.9,1,0,1
F015,F019,T1,84.0,21,285.6,1,0,0
F015,F019,T2,84.0,23,210.0,1,0,0
F015,F019,T3,84.0,27,243.6,1,0,0
F015,F020,T1,66.0,16,224.4,1,0,0
F015,F020,T2,66.0,18,165.0,1,0,0
F015,F020,T3,66.0,21,191.4,1,0,0
F015,F021,T1,145.0,35,493.0,1,0,0
F015,F021,T2,145.0,40,362.5,1,0,0
F015,F021,T3,145.0,46,420.5,1,0,0
F015,F022,T1,71.0,18,241.4,1,0,0
F015,F022,T2,71.0,20,177.5,1,0,0
F015,F022,T3,71.0,23,205.9,1,0,0
F015,F023,T1,201.0,49,683.4,1,0,0
F015,F023,T2,201.0,55,502.5,1,0,0
F015,F023,T3,201.0,64,582.9,1,0,0
F015,F024,T1,114.0,28,387.6,1,0,1
F015,F024,T2,114.0,32,285.0,1,0,1
F015,F024,T3,114.0,36,330.6,1,0,1
F015,F025,T1,144.0,35,489.6,1,0,0
F015,F025,T2,144.0,40,360.0,1,0,0
F015,F025,T3,144.0,46,417.6,1,0,0
F015,F026,T1,55.0,14,187.0,1,0,0
F015,F026,T2,55.0,15,137.5,1,0,0
F015,F026,T3,55.0,18,159.5,1,0,0
F015,F027,T1,111.0,27,377.4,1,0,0
F015,F027,T2,111.0,31,277.5,1,0,0
F015,F027,T3,111.0,36,321.9,1,0,0
F015,F028,T1,32.0,8,108.8,1,0,0
F015,F028,T2,32.0,9,80.0,1,0,0
F015,F028,T3,32.0,11,92.8,1,0,0
F015,F029,T1,128.0,31,435.2,1,0,0
F015,F029,T2,128.0,35,320.0,1,0,0
F015,F029,T3,128.0,41,371.2,1,0,0
F015,F030,T1,35.0,9,119.0,1,0,0
F015,F030,T2,35.0,10,87.5,1,0,0
F015,F030,T3,35.0,12,101.5,1,0,0
F015,F031,T1,188.0,46,639.2,1,0,1
F015,F031,T2,188.0,52,470.0,1,0,1
F015,F031,T3,188.0,60,545.2,1,0,1
F015,F032,T1,201.0,49,683.4,1,0,0
F015,F032,T2,201.0,55,502.5,1,0,0
F015,F032,T3,201.0,64,582.9,1,0,0
F015,F033,T1,89.0,22,302.6,1,0,0
F015,F033,T2,89.0,25,222.5,1,0,0
F015,F033,T3,89.0,29,258.1,1,0,0
F015,F034,T1,120.0,29,408.0,1,0,0
F015,F034,T2,120.0,33,300.0,1,0,0
F015,F034,T3,120.0,38,348.0,1,0,0
F015,F035,T1,166.0,40,564.4,1,0,0
F015,F035,T2,166.0,46,415.0,1,0,0
F015,F035,T3,166.0,53,481.4,1,0,0
F015,F036,T1,166.0,40,564.4,1,0,0
F015,F036,T2,166.0,46,415.0,1,0,0
F015,F036,T3,166.0,53,481.4,1,0,0
F015,F037,T1,398.0,96,1353.2,0,0,0
F015,F037,T2,398.0,109,995.0,1,0,0
F015,F037,T3,398.0,126,1154.2,1,0,0
F015,F038,T1,274.0,66,931.6,0,0,1
F015,F038,T2,274.0,75,685.0,1,0,1
F015,F038,T3,274.0,87,794.6,1,0,1
F015,F039,T1,243.0,59,826.2,1,0,0
F015,F039,T2,243.0,67,607.5,1,0,0
F015,F039,T3,243.0,77,704.7,1,0,0
F015,F040,T1,371.0,90,1261.4,0,0,0
F015,F040,T2,371.0,102,927.5,1,0,0
F015,F040,T3,371.0,118,1075.9,1,0,0
F015,F041,T1,316.0,76,1074.4,0,0,0
F015,F041,T2,316.0,87,790.0,1,0,0
F015,F041,T3,316.0,100,916.4,1,0,0
F015,F042,T1,396.0,96,1346.4,0,0,0
F015,F042,T2,396.0,108,990.0,1,0,0
F015,F042,T3,396.0,126,1148.4,1,0,0
F015,F043,T1,323.0,78,1098.2,0,0,0
F015,F043,T2,323.0,89,807.5,1,0,0
F015,F043,T3,323.0,102,936.7,1,0,0
F015,F044,T1,344.0,83,1169.6,0,0,1
F015,F044,T2,344.0,94,860.0,1,0,1
F015,F044,T3,344.0,109,997.6,1,0,1
F015,F045,T1,297.0,72,1009.8,0,0,0
F015,F045,T2,297.0,81,742.5,1,0,0
F015,F045,T3,297.0,94,861.3,1,0,0
F015,F046,T1,207.0,50,703.8,1,0,0
F015,F046,T2,207.0,57,517.5,1,0,0
F015,F046,T3,207.0,66,600.3,1,0,0
F015,F047,T1,208.0,50,707.2,1,0,0
F015,F047,T2,208.0,57,520.0,1,0,0
F015,F047,T3,208.0,66,603.2,1,0,0
F015,F048,T1,257.0,62,873.8,0,0,0
F015,F048,T2,257.0,71,642.5,1,0,0
F015,F048,T3,257.0,82,745.3,1,0,0
F015,F049,T1,223.0,54,758.2,1,0,0
F015,F049,T2,223.0,61,557.5,1,0,0
F015,F049,T3,223.0,71,646.7,1,0,0
F015,F050,T1,435.0,105,1479.0,0,0,1
F015,F050,T2,435.0,119,1087.5,0,0,1
F015,F050,T3,435.0,138,1261.5,1,0,1
F015,F051,T1,288.0,70,979.2,0,0,0
F015,F051,T2,288.0,79,720.0,1,0,0
F015,F051,T3,288.0,91,835.2,1,0,0
F015,F052,T1,241.0,58,819.4,1,0,0
F015,F052,T2,241.0,66,602.5,1,0,0
F015,F052,T3,241.0,77,698.9,1,0,0
F016,A01,T1,181.0,44,615.4,1,0,0
F016,A01,T2,181.0,50,452.5,1,0,0
F016,A01,T3,181.0,58,524.9,1,0,0
F016,A02,T1,198.0,48,673.2,1,0,0
F016,A02,T2,198.0,54,495.0,1,0,0
F016,A02,T3,198.0,63,574.2,1,0,0
F016,A03,T1,235.0,57,799.0,1,0,0
F016,A03,T2,235.0,65,587.5,1,0,0
F016,A03,T3,235.0,75,681.5,1,0,0
F016,F001,T1,41.0,10,139.4,1,0,0
F016,F001,T2,41.0,12,102.5,1,0,0
F016,F001,T3,41.0,13,118.9,1,0,0
F016,F002,T1,172.0,42,584.8,1,0,0
F016,F002,T2,172.0,47,430.0,1,0,0
F016,F002,T3,172.0,55,498.8,1,0,0
F016,F003,T1,119.0,29,404.6,1,0,0
F016,F003,T2,119.0,33,297.5,1,0,0
F016,F003,T3,119.0,38,345.1,1,0,0
F016,F004,T1,139.0,34,472.6,1,0,0
F016,F004,T2,139.0,38,347.5,1,0,0
F016,F004,T3,139.0,44,403.1,1,0,0
F016,F005,T1,25.0,6,85.0,1,0,0
F016,F005,T2,25.0,7,62.5,1,0,0
F016,F005,T3,25.0,8,72.5,1,0,0
F016,F006,T1,152.0,37,516.8,1,0,1
F016,F006,T2,152.0,42,380.0,1,0,1
F016,F006,T3,152.0,48,440.8,1,0,1
F016,F007,T1,161.0,39,547.4,1,0,0
F016,F007,T2,161.0,44,402.5,1,0,0
F016,F007,T3,161.0,51,466.9,1,0,0
F016,F008,T1,112.0,27,380.8,1,0,0
F016,F008,T2,112.0,31,280.0,1,0,0
F016,F008,T3,112.0,36,324.8,1,0,0
F016,F009,T1,73.0,18,248.2,1,0,0
F016,F009,T2,73.0,20,182.5,1,0,0
F016,F009,T3,73.0,24,211.7,1,0,0
F016,F010,T1,125.0,30,425.0,1,0,0
F016,F010,T2,125.0,35,312.5,1,0,0
F016,F010,T3,125.0,40,362.5,1,0,0
F016,F011,T1,79.0,19,268.6,1,0,1
F016,F011,T2,79.0,22,197.5,1,0,1
F016,F011,T3,79.0,25,229.1,1,0,1
F016,F012,T1,36.0,9,122.4,1,0,0
F016,F012,T2,36.0,10,90.0,1,0,0
F016,F012,T3,36.0,12,104.4,1,0,0
F016,F013,T1,194.0,47,659.6,1,0,0
F016,F013,T2,194.0,53,485.0,1,0,0
F016,F013,T3,194.0,62,562.6,1,0,0
F016,F014,T1,49.0,12,166.6,1,0,0
F016,F014,T2,49.0,14,122.5,1,0,0
F016,F014,T3,49.0,16,142.1,1,0,0
F016,F015,T1,48.0,12,163.2,1,0,0
F016,F015,T2,48.0,14,120.0,1,0,0
F016,F015,T3,48.0,16,139.2,1,0,0
F016,F017,T1,29.0,7,98.6,1,0,0
F016,F017,T2,29.0,8,72.5,1,0,0
F016,F017,T3,29.0,10,84.1,1,0,0
F016,F018,T1,17.0,5,57.8,1,0,1
F016,F018,T2,17.0,5,42.5,1,0,1
F016,F018,T3,17.0,6,49.3,1,0,1
F016,F019,T1,40.0,10,136.0,1,0,0
F016,F019,T2,40.0,11,100.0,1,0,0
F016,F019,T3,40.0,13,116.0,1,0,0
F016,F020,T1,20.0,5,68.0,1,0,0
F016,F020,T2,20.0,6,50.0,1,0,0
F016,F020,T3,20.0,7,58.0,1,0,0
F016,F021,T1,97.0,24,329.8,1,0,0
F016,F021,T2,97.0,27,242.5,1,0,0
F016,F021,T3,97.0,31,281.3,1,0,0
F016,F022,T1,25.0,6,85.0,1,0,0
F016,F022,T2,25.0,7,62.5,1,0,0
F016,F022,T3,25.0,8,72.5,1,0,0
F016,F023,T1,155.0,38,527.0,1,0,0
F016,F023,T2,155.0,43,387.5,1,0,0
F016,F023,T3,155.0,49,449.5,1,0,0
F016,F024,T1,67.0,17,227.8,1,0,1
F016,F024,T2,67.0,19,167.5,1,0,1
F016,F024,T3,67.0,22,194.3,1,0,1
F016,F025,T1,96.0,24,326.4,1,0,0
F016,F025,T2,96.0,27,240.0,1,0,0
F016,F025,T3,96.0,31,278.4,1,0,0
F016,F026,T1,24.0,6,81.6,1,0,0
F016,F026,T2,24.0,7,60.0,1,0,0
F016,F026,T3,24.0,8,69.6,1,0,0
F016,F027,T1,62.0,15,210.8,1,0,0
F016,F027,T2,62.0,17,155.0,1,0,0
F016,F027,T3,62.0,20,179.8,1,0,0
F016,F028,T1,77.0,19,261.8,1,0,0
F016,F028,T2,77.0,21,192.5,1,0,0
F016,F028,T3,77.0,25,223.3,1,0,0
F016,F029,T1,81.0,20,275.4,1,0,0
F016,F029,T2,81.0,23,202.5,1,0,0
F016,F029,T3,81.0,26,234.9,1,0,0
F016,F030,T1,40.0,10,136.0,1,0,0
F016,F030,T2,40.0,11,100.0,1,0,0
F016,F030,T3,40.0,13,116.0,1,0,0
F016,F031,T1,141.0,34,479.4,1,0,1
F016,F031,T2,141.0,39,352.5,1,0,1
F016,F031,T3,141.0,45,408.9,1,0,1
F016,F032,T1,157.0,38,533.8,1,0,0
F016,F032,T2,157.0,43,392.5,1,0,0
F016,F032,T3,157.0,50,455.3,1,0,0
F016,F033,T1,54.0,13,183.6,1,0,0
F016,F033,T2,54.0,15,135.0,1,0,0
F016,F033,T3,54.0,18,156.6,1,0,0
F016,F034,T1,82.0,20,278.8,1,0,0
F016,F034,T2,82.0,23,205.0,1,0,0
F016,F034,T3,82.0,26,237.8,1,0,0
F016,F035,T1,123.0,30,418.2,1,0,0
F016,F035,T2,123.0,34,307.5,1,0,0
F016,F035,T3,123.0,39,356.7,1,0,0
F016,F036,T1,118.0,29,401.2,1,0,0
F016,F036,T2,118.0,33,295.0,1,0,0
F016,F036,T3,118.0,38,342.2,1,0,0
F016,F037,T1,349.0,84,1186.6,0,0,0
F016,F037,T2,349.0,96,872.5,1,0,0
F016,F037,T3,349.0,111,1012.1,1,0,0
F016,F038,T1,225.0,54,765.0,1,0,1
F016,F038,T2,225.0,62,562.5,1,0,1
F016,F038,T3,225.0,72,652.5,1,0,1
F016,F039,T1,195.0,47,663.0,1,0,0
F016,F039,T2,195.0,54,487.5,1,0,0
F016,F039,T3,195.0,62,565.5,1,0,0
F016,F040,T1,323.0,78,1098.2,0,0,0
F016,F040,T2,323.0,89,807.5,1,0,0
F016,F040,T3,323.0,102,936.7,1,0,0
F016,F041,T1,267.0,65,907.8,0,0,0
F016,F041,T2,267.0,73,667.5,1,0,0
F016,F041,T3,267.0,85,774.3,1,0,0
F016,F042,T1,348.0,84,1183.2,0,0,0
F016,F042,T2,348.0,95,870.0,1,0,0
F016,F042,T3,348.0,110,1009.2,1,0,0
F016,F043,T1,275.0,66,935.0,0,0,0
F016,F043,T2,275.0,75,687.5,1,0,0
F016,F043,T3,275.0,87,797.5,1,0,0
F016,F044,T1,295.0,71,1003.0,0,0,1
F016,F044,T2,295.0,81,737.5,1,0,1
F016,F044,T3,295.0,94,855.5,1,0,1
F016,F045,T1,249.0,60,846.6,1,0,0
F016,F045,T2,249.0,68,622.5,1,0,0
F016,F045,T3,249.0,79,722.1,1,0,0
F016,F046,T1,158.0,38,537.2,1,0,0
F016,F046,T2,158.0,44,395.0,1,0,0
F016,F046,T3,158.0,50,458.2,1,0,0
F016,F047,T1,160.0,39,544.0,1,0,0
F016,F047,T2,160.0,44,400.0,1,0,0
F016,F047,T3,160.0,51,464.0,1,0,0
F016,F048,T1,208.0,50,707.2,1,0,0
F016,F048,T2,208.0,57,520.0,1,0,0
F016,F048,T3,208.0,66,603.2,1,0,0
F016,F049,T1,175.0,42,595.0,1,0,0
F016,F049,T2,175.0,48,437.5,1,0,0
F016,F049,T3,175.0,56,507.5,1,0,0
F016,F050,T1,387.0,93,1315.8,0,0,1
F016,F050,T2,387.0,106,967.5,1,0,1
F016,F050,T3,387.0,123,1122.3,1,0,1
F016,F051,T1,240.0,58,816.0,1,0,0
F016,F051,T2,240.0,66,600.0,1,0,0
F016,F051,T3,240.0,76,696.0,1,0,0
F016,F052,T1,193.0,47,656.2,1,0,0
F016,F052,T2,193.0,53,482.5,1,0,0
F016,F052,T3,193.0,61,559.7,1,0,0
F017,A01,T1,153.0,37,520.2,1,0,0
F017,A01,T2,153.0,42,382.5,1,0,0
F017,A01,T3,153.0,49,443.7,1,0,0
F017,A02,T1,171.0,42,581.4,1,0,0
F017,A02,T2,171.0,47,427.5,1,0,0
F017,A02,T3,171.0,54,495.9,1,0,0
F017,A03,T1,211.0,51,717.4,1,0,0
F017,A03,T2,211.0,58,527.5,1,0,0
F017,A03,T3,211.0,67,611.9,1,0,0
F017,F001,T1,70.0,17,238.0,1,0,0
F017,F001,T2,70.0,20,175.0,1,0,0
F017,F001,T3,70.0,23,203.0,1,0,0
F017,F002,T1,161.0,39,547.4,1,0,0
F017,F002,T2,161.0,44,402.5,1,0,0
F017,F002,T3,161.0,51,466.9,1,0,0
F017,F003,T1,109.0,27,370.6,1,0,0
F017,F003,T2,109.0,30,272.5,1,0,0
F017,F003,T3,109.0,35,316.1,1,0,0
F017,F004,T1,128.0,31,435.2,1,0,0
F017,F004,T2,128.0,35,320.0,1,0,0
F017,F004,T3,128.0,41,371.2,1,0,0
F017,F005,T1,40.0,10,136.0,1,0,0
F017,F005,T2,40.0,11,100.0,1,0,0
F017,F005,T3,40.0,13,116.0,1,0,0
F017,F006,T1,148.0,36,503.2,1,0,1
F017,F006,T2,148.0,41,370.0,1,0,1
F017,F006,T3,148.0,47,429.2,1,0,1
F017,F007,T1,155.0,38,527.0,1,0,0
F017,F007,T2,155.0,43,387.5,1,0,0
F017,F007,T3,155.0,49,449.5,1,0,0
F017,F008,T1,112.0,27,380.8,1,0,0
F017,F008,T2,112.0,31,280.0,1,0,0
F017,F008,T3,112.0,36,324.8,1,0,0
F017,F009,T1,61.0,15,207.4,1,0,0
F017,F009,T2,61.0,17,152.5,1,0,0
F017,F009,T3,61.0,20,176.9,1,0,0
F017,F010,T1,121.0,30,411.4,1,0,0
F017,F010,T2,121.0,33,302.5,1,0,0
F017,F010,T3,121.0,39,350.9,1,0,0
F017,F011,T1,80.0,20,272.0,1,0,1
F017,F011,T2,80.0,22,200.0,1,0,1
F017,F011,T3,80.0,26,232.0,1,0,1
F017,F012,T1,57.0,14,193.8,1,0,0
F017,F012,T2,57.0,16,142.5,1,0,0
F017,F012,T3,57.0,18,165.3,1,0,0
F017,F013,T1,193.0,47,656.2,1,0,0
F017,F013,T2,193.0,53,482.5,1,0,0
F017,F013,T3,193.0,61,559.7,1,0,0
F017,F014,T1,38.0,10,129.2,1,0,0
F017,F014,T2,38.0,11,95.0,1,0,0
F017,F014,T3,38.0,12,110.2,1,0,0
F017,F015,T1,53.0,13,180.2,1,0,0
F017,F015,T2,53.0,15,132.5,1,0,0
F017,F015,T3,53.0,17,153.7,1,0,0
F017,F016,T1,29.0,7,98.6,1,0,0
F017,F016,T2,29.0,8,72.5,1,0,0
F017,F016,T3,29.0,10,84.1,1,0,0
F017,F018,T1,43.0,11,146.2,1,0,1
F017,F018,T2,43.0,12,107.5,1,0,1
F017,F018,T3,43.0,14,124.7,1,0,1
F017,F019,T1,63.0,16,214.2,1,0,0
F017,F019,T2,63.0,18,157.5,1,0,0
F017,F019,T3,63.0,20,182.7,1,0,0
F017,F020,T1,29.0,7,98.6,1,0,0
F017,F020,T2,29.0,8,72.5,1,0,0
F017,F020,T3,29.0,10,84.1,1,0,0
F017,F021,T1,111.0,27,377.4,1,0,0
F017,F021,T2,111.0,31,277.5,1,0,0
F017,F021,T3,111.0,36,321.9,1,0,0
F017,F022,T1,49.0,12,166.6,1,0,0
F017,F022,T2,49.0,14,122.5,1,0,0
F017,F022,T3,49.0,16,142.1,1,0,0
F017,F023,T1,171.0,42,581.4,1,0,0
F017,F023,T2,171.0,47,427.5,1,0,0
F017,F023,T3,171.0,54,495.9,1,0,0
F017,F024,T1,86.0,21,292.4,1,0,1
F017,F024,T2,86.0,24,215.0,1,0,1
F017,F024,T3,86.0,28,249.4,1,0,1
F017,F025,T1,105.0,26,357.0,1,0,0
F017,F025,T2,105.0,29,262.5,1,0,0
F017,F025,T3,105.0,34,304.5,1,0,0
F017,F026,T1,53.0,13,180.2,1,0,0
F017,F026,T2,53.0,15,132.5,1,0,0
F017,F026,T3,53.0,17,153.7,1,0,0
F017,F027,T1,74.0,18,251.6,1,0,0
F017,F027,T2,74.0,21,185.0,1,0,0
F017,F027,T3,74.0,24,214.6,1,0,0
F017,F028,T1,84.0,21,285.6,1,0,0
F017,F028,T2,84.0,23,210.0,1,0,0
F017,F028,T3,84.0,27,243.6,1,0,0
F017,F029,T1,96.0,24,326.4,1,0,0
F017,F029,T2,96.0,27,240.0,1,0,0
F017,F029,T3,96.0,31,278.4,1,0,0
F017,F030,T1,24.0,6,81.6,1,0,0
F017,F030,T2,24.0,7,60.0,1,0,0
F017,F030,T3,24.0,8,69.6,1,0,0
F017,F031,T1,154.0,37,523.6,1,0,1
F017,F031,T2,154.0,42,385.0,1,0,1
F017,F031,T3,154.0,49,446.6,1,0,1
F017,F032,T1,175.0,42,595.0,1,0,0
F017,F032,T2,175.0,48,437.5,1,0,0
F017,F032,T3,175.0,56,507.5,1,0,0
F017,F033,T1,81.0,20,275.4,1,0,0
F017,F033,T2,81.0,23,202.5,1,0,0
F017,F033,T3,81.0,26,234.9,1,0,0
F017,F034,T1,108.0,26,367.2,1,0,0
F017,F034,T2,108.0,30,270.0,1,0,0
F017,F034,T3,108.0,35,313.2,1,0,0
F017,F035,T1,142.0,35,482.8,1,0,0
F017,F035,T2,142.0,39,355.0,1,0,0
F017,F035,T3,142.0,45,411.8,1,0,0
F017,F036,T1,128.0,31,435.2,1,0,0
F017,F036,T2,128.0,35,320.0,1,0,0
F017,F036,T3,128.0,41,371.2,1,0,0
F017,F037,T1,357.0,86,1213.8,0,0,0
F017,F037,T2,357.0,98,892.5,1,0,0
F017,F037,T3,357.0,113,1035.3,1,0,0
F017,F038,T1,232.0,56,788.8,1,0,1
F017,F038,T2,232.0,64,580.0,1,0,1
F017,F038,T3,232.0,74,672.8,1,0,1
F017,F039,T1,198.0,48,673.2,1,0,0
F017,F039,T2,198.0,54,495.0,1,0,0
F017,F039,T3,198.0,63,574.2,1,0,0
F017,F040,T1,331.0,80,1125.4,0,0,0
F017,F040,T2,331.0,91,827.5,1,0,0
F017,F040,T3,331.0,105,959.9,1,0,0
F017,F041,T1,272.0,66,924.8,0,0,0
F017,F041,T2,272.0,75,680.0,1,0,0
F017,F041,T3,272.0,86,788.8,1,0,0
F017,F042,T1,357.0,86,1213.8,0,0,0
F017,F042,T2,357.0,98,892.5,1,0,0
F017,F042,T3,357.0,113,1035.3,1,0,0
F017,F043,T1,282.0,68,958.8,0,0,0
F017,F043,T2,282.0,77,705.0,1,0,0
F017,F043,T3,282.0,90,817.8,1,0,0
F017,F044,T1,303.0,73,1030.2,0,0,1
F017,F044,T2,303.0,83,757.5,1,0,1
F017,F044,T3,303.0,96,878.7,1,0,1
F017,F045,T1,253.0,61,860.2,0,0,0
F017,F045,T2,253.0,69,632.5,1,0,0
F017,F045,T3,253.0,80,733.7,1,0,0
F017,F046,T1,166.0,40,564.4,1,0,0
F017,F046,T2,166.0,46,415.0,1,0,0
F017,F046,T3,166.0,53,481.4,1,0,0
F017,F047,T1,170.0,41,578.0,1,0,0
F017,F047,T2,170.0,47,425.0,1,0,0
F017,F047,T3,170.0,54,493.0,1,0,0
F017,F048,T1,215.0,52,731.0,1,0,0
F017,F048,T2,215.0,59,537.5,1,0,0
F017,F048,T3,215.0,68,623.5,1,0,0
F017,F049,T1,183.0,44,622.2,1,0,0
F017,F049,T2,183.0,50,457.5,1,0,0
F017,F049,T3,183.0,58,530.7,1,0,0
F017,F050,T1,396.0,96,1346.4,0,0,1
F017,F050,T2,396.0,108,990.0,1,0,1
F017,F050,T3,396.0,126,1148.4,1,0,1
F017,F051,T1,247.0,60,839.8,1,0,0
F017,F051,T2,247.0,68,617.5,1,0,0
F017,F051,T3,247.0,78,716.3,1,0,0
F017,F052,T1,202.0,49,686.8,1,0,0
F017,F052,T2,202.0,56,505.0,1,0,0
F017,F052,T3,202.0,64,585.8,1,0,0
F018,A01,T1,196.0,48,666.4,1,1,0
F018,A01,T2,196.0,54,490.0,1,1,0
F018,A01,T3,196.0,62,568.4,1,1,0
F018,A02,T1,214.0,52,727.6,1,1,0
F018,A02,T2,214.0,59,535.0,1,1,0
F018,A02,T3,214.0,68,620.6,1,1,0
F018,A03,T1,252.0,61,856.8,0,1,0
F018,A03,T2,252.0,69,630.0,1,1,0
F018,A03,T3,252.0,80,730.8,1,1,0
F018,F001,T1,34.0,9,115.6,1,1,0
F018,F001,T2,34.0,10,85.0,1,1,0
F018,F001,T3,34.0,11,98.6,1,1,0
F018,F002,T1,168.0,41,571.2,1,1,0
F018,F002,T2,168.0,46,420.0,1,1,0
F018,F002,T3,168.0,54,487.2,1,1,0
F018,F003,T1,115.0,28,391.0,1,1,0
F018,F003,T2,115.0,32,287.5,1,1,0
F018,F003,T3,115.0,37,333.5,1,1,0
F018,F004,T1,136.0,33,462.4,1,1,0
F018,F004,T2,136.0,38,340.0,1,1,0
F018,F004,T3,136.0,43,394.4,1,1,0
F018,F005,T1,17.0,5,57.8,1,1,0
F018,F005,T2,17.0,5,42.5,1,1,0
F018,F005,T3,17.0,6,49.3,1,1,0
F018,F006,T1,144.0,35,489.6,1,1,1
F018,F006,T2,144.0,40,360.0,1,1,1
F018,F006,T3,144.0,46,417.6,1,1,1
F018,F007,T1,154.0,37,523.6,1,1,0
F018,F007,T2,154.0,42,385.0,1,1,0
F018,F007,T3,154.0,49,446.6,1,1,0
F018,F008,T1,103.0,25,350.2,1,1,0
F018,F008,T2,103.0,29,257.5,1,1,0
F018,F008,T3,103.0,33,298.7,1,1,0
F018,F009,T1,73.0,18,248.2,1,1,0
F018,F009,T2,73.0,20,182.5,1,1,0
F018,F009,T3,73.0,24,211.7,1,1,0
F018,F010,T1,118.0,29,401.2,1,1,0
F018,F010,T2,118.0,33,295.0,1,1,0
F018,F010,T3,118.0,38,342.2,1,1,0
F018,F011,T1,71.0,18,241.4,1,1,1
F018,F011,T2,71.0,20,177.5,1,1,1
F018,F011,T3,71.0,23,205.9,1,1,1
F018,F012,T1,19.0,5,64.6,1,1,0
F018,F012,T2,19.0,6,47.5,1,1,0
F018,F012,T3,19.0,6,55.1,1,1,0
F018,F013,T1,184.0,45,625.6,1,1,0
F018,F013,T2,184.0,51,460.0,1,1,0
F018,F013,T3,184.0,59,533.6,1,1,0
F018,F014,T1,52.0,13,176.8,1,1,0
F018,F014,T2,52.0,15,130.0,1,1,0
F018,F014,T3,52.0,17,150.8,1,1,0
F018,F015,T1,41.0,10,139.4,1,1,0
F018,F015,T2,41.0,12,102.5,1,1,0
F018,F015,T3,41.0,13,118.9,1,1,0
F018,F016,T1,17.0,5,57.8,1,1,0
F018,F016,T2,17.0,5,42.5,1,1,0
F018,F016,T3,17.0,6,49.3,1,1,0
F018,F017,T1,43.0,11,146.2,1,1,0
F018,F017,T2,43.0,12,107.5,1,1,0
F018,F017,T3,43.0,14,124.7,1,1,0
F018,F019,T1,44.0,11,149.6,1,1,0
F018,F019,T2,44.0,12,110.0,1,1,0
F018,F019,T3,44.0,14,127.6,1,1,0
F018,F020,T1,36.0,9,122.4,1,1,0
F018,F020,T2,36.0,10,90.0,1,1,0
F018,F020,T3,36.0,12,104.4,1,1,0
F018,F021,T1,105.0,26,357.0,1,1,0
F018,F021,T2,105.0,29,262.5,1,1,0
F018,F021,T3,105.0,34,304.5,1,1,0
F018,F022,T1,31.0,8,105.4,1,1,0
F018,F022,T2,31.0,9,77.5,1,1,0
F018,F022,T3,31.0,10,89.9,1,1,0
F018,F023,T1,160.0,39,544.0,1,1,0
F018,F023,T2,160.0,44,400.0,1,1,0
F018,F023,T3,160.0,51,464.0,1,1,0
F018,F024,T1,73.0,18,248.2,1,1,1
F018,F024,T2,73.0,20,182.5,1,1,1
F018,F024,T3,73.0,24,211.7,1,1,1
F018,F025,T1,106.0,26,360.4,1,1,0
F018,F025,T2,106.0,29,265.0,1,1,0
F018,F025,T3,106.0,34,307.4,1,1,0
F018,F026,T1,14.0,4,47.6,1,1,0
F018,F026,T2,14.0,4,35.0,1,1,0
F018,F026,T3,14.0,5,40.6,1,1,0
F018,F027,T1,73.0,18,248.2,1,1,0
F018,F027,T2,73.0,20,182.5,1,1,0
F018,F027,T3,73.0,24,211.7,1,1,0
F018,F028,T1,65.0,16,221.0,1,1,0
F018,F028,T2,65.0,18,162.5,1,1,0
F018,F028,T3,65.0,21,188.5,1,1,0
F018,F029,T1,88.0,22,299.2,1,1,0
F018,F029,T2,88.0,24,220.0,1,1,0
F018,F029,T3,88.0,28,255.2,1,1,0
F018,F030,T1,46.0,12,156.4,1,1,0
F018,F030,T2,46.0,13,115.0,1,1,0
F018,F030,T3,46.0,15,133.4,1,1,0
F018,F031,T1,148.0,36,503.2,1,1,1
F018,F031,T2,148.0,41,370.0,1,1,1
F018,F031,T3,148.0,47,429.2,1,1,1
F018,F032,T1,160.0,39,544.0,1,1,0
F018,F032,T2,160.0,44,400.0,1,1,0
F018,F032,T3,160.0,51,464.0,1,1,0
F018,F033,T1,49.0,12,166.6,1,1,0
F018,F033,T2,49.0,14,122.5,1,1,0
F018,F033,T3,49.0,16,142.1,1,1,0
F018,F034,T1,80.0,20,272.0,1,1,0
F018,F034,T2,80.0,22,200.0,1,1,0
F018,F034,T3,80.0,26,232.0,1,1,0
F018,F035,T1,125.0,30,425.0,1,1,0
F018,F035,T2,125.0,35,312.5,1,1,0
F018,F035,T3,125.0,40,362.5,1,1,0
F018,F036,T1,127.0,31,431.8,1,1,0
F018,F036,T2,127.0,35,317.5,1,1,0
F018,F036,T3,127.0,41,368.3,1,1,0
F018,F037,T1,358.0,86,1217.2,0,1,0
F018,F037,T2,358.0,98,895.0,1,1,0
F018,F037,T3,358.0,114,1038.2,1,1,0
F018,F038,T1,235.0,57,799.0,1,1,1
F018,F038,T2,235.0,65,587.5,1,1,1
F018,F038,T3,235.0,75,681.5,1,1,1
F018,F039,T1,207.0,50,703.8,1,1,0
F018,F039,T2,207.0,57,517.5,1,1,0
F018,F039,T3,207.0,66,600.3,1,1,0
F018,F040,T1,331.0,80,1125.4,0,1,0
F018,F040,T2,331.0,91,827.5,1,1,0
F018,F040,T3,331.0,105,959.9,1,1,0
F018,F041,T1,278.0,67,945.2,0,1,0
F018,F041,T2,278.0,76,695.0,1,1,0
F018,F041,T3,278.0,88,806.2,1,1,0
F018,F042,T1,356.0,86,1210.4,0,1,0
F018,F042,T2,356.0,98,890.0,1,1,0
F018,F042,T3,356.0,113,1032.4,1,1,0
F018,F043,T1,284.0,69,965.6,0,1,0
F018,F043,T2,284.0,78,710.0,1,1,0
F018,F043,T3,284.0,90,823.6,1,1,0
F018,F044,T1,304.0,73,1033.6,0,1,1
F018,F044,T2,304.0,83,760.0,1,1,1
F018,F044,T3,304.0,96,881.6,1,1,1
F018,F045,T1,260.0,63,884.0,0,1,0
F018,F045,T2,260.0,71,650.0,1,1,0
F018,F045,T3,260.0,83,754.0,1,1,0
F018,F046,T1,168.0,41,571.2,1,1,0
F018,F046,T2,168.0,46,420.0,1,1,0
F018,F046,T3,168.0,54,487.2,1,1,0
F018,F047,T1,169.0,41,574.6,1,1,0
F018,F047,T2,169.0,47,422.5,1,1,0
F018,F047,T3,169.0,54,490.1,1,1,0
F018,F048,T1,218.0,53,741.2,1,1,0
F018,F048,T2,218.0,60,545.0,1,1,0
F018,F048,T3,218.0,69,632.2,1,1,0
F018,F049,T1,184.0,45,625.6,1,1,0
F018,F049,T2,184.0,51,460.0,1,1,0
F018,F049,T3,184.0,59,533.6,1,1,0
F018,F050,T1,395.0,95,1343.0,0,1,1
F018,F050,T2,395.0,108,987.5,1,1,1
F018,F050,T3,395.0,125,1145.5,1,1,1
F018,F051,T1,249.0,60,846.6,1,1,0
F018,F051,T2,249.0,68,622.5,1,1,0
F018,F051,T3,249.0,79,722.1,1,1,0
F018,F052,T1,202.0,49,686.8,1,1,0
F018,F052,T2,202.0,56,505.0,1,1,0
F018,F052,T3,202.0,64,585.8,1,1,0
F019,A01,T1,204.0,49,693.6,1,0,0
F019,A01,T2,204.0,56,510.0,1,0,0
F019,A01,T3,204.0,65,591.6,1,0,0
F019,A02,T1,216.0,52,734.4,1,0,0
F019,A02,T2,216.0,59,540.0,1,0,0
F019,A02,T3,216.0,69,626.4,1,0,0
F019,A03,T1,247.0,60,839.8,1,0,0
F019,A03,T2,247.0,68,617.5,1,0,0
F019,A03,T3,247.0,78,716.3,1,0,0
F019,F001,T1,25.0,6,85.0,1,0,0
F019,F001,T2,25.0,7,62.5,1,0,0
F019,F001,T3,25.0,8,72.5,1,0,0
F019,F002,T1,211.0,51,717.4,1,0,0
F019,F002,T2,211.0,58,527.5,1,0,0
F019,F002,T3,211.0,67,611.9,1,0,0
F019,F003,T1,158.0,38,537.2,1,0,0
F019,F003,T2,158.0,44,395.0,1,0,0
F019,F003,T3,158.0,50,458.2,1,0,0
F019,F004,T1,178.0,43,605.2,1,0,0
F019,F004,T2,178.0,49,445.0,1,0,0
F019,F004,T3,178.0,57,516.2,1,0,0
F019,F005,T1,60.0,15,204.0,1,0,0
F019,F005,T2,60.0,17,150.0,1,0,0
F019,F005,T3,60.0,19,174.0,1,0,0
F019,F006,T1,187.0,45,635.8,1,0,1
F019,F006,T2,187.0,51,467.5,1,0,1
F019,F006,T3,187.0,60,542.3,1,0,1
F019,F007,T1,198.0,48,673.2,1,0,0
F019,F007,T2,198.0,54,495.0,1,0,0
F019,F007,T3,198.0,63,574.2,1,0,0
F019,F008,T1,147.0,36,499.8,1,0,0
F019,F008,T2,147.0,41,367.5,1,0,0
F019,F008,T3,147.0,47,426.3,1,0,0
F019,F009,T1,113.0,28,384.2,1,0,0
F019,F009,T2,113.0,31,282.5,1,0,0
F019,F009,T3,113.0,36,327.7,1,0,0
F019,F010,T1,161.0,39,547.4,1,0,0
F019,F010,T2,161.0,44,402.5,1,0,0
F019,F010,T3,161.0,51,466.9,1,0,0
F019,F011,T1,115.0,28,391.0,1,0,1
F019,F011,T2,115.0,32,287.5,1,0,1
F019,F011,T3,115.0,37,333.5,1,0,1
F019,F012,T1,59.0,15,200.6,1,0,0
F019,F012,T2,59.0,17,147.5,1,0,0
F019,F012,T3,59.0,19,171.1,1,0,0
F019,F013,T1,227.0,55,771.8,1,0,0
F019,F013,T2,227.0,62,567.5,1,0,0
F019,F013,T3,227.0,72,658.3,1,0,0
F019,F014,T1,90.0,22,306.0,1,0,0
F019,F014,T2,90.0,25,225.0,1,0,0
F019,F014,T3,90.0,29,261.0,1,0,0
F019,F015,T1,84.0,21,285.6,1,0,0
F019,F015,T2,84.0,23,210.0,1,0,0
F019,F015,T3,84.0,27,243.6,1,0,0
F019,F016,T1,40.0,10,136.0,1,0,0
F019,F016,T2,40.0,11,100.0,1,0,0
F019,F016,T3,40.0,13,116.0,1,0,0
F019,F017,T1,63.0,16,214.2,1,0,0
F019,F017,T2,63.0,18,157.5,1,0,0
F019,F017,T3,63.0,20,182.7,1,0,0
F019,F018,T1,44.0,11,149.6,1,0,1
F019,F018,T2,44.0,12,110.0,1,0,1
F019,F018,T3,44.0,14,127.6,1,0,1
F019,F020,T1,36.0,9,122.4,1,0,0
F019,F020,T2,36.0,10,90.0,1,0,0
F019,F020,T3,36.0,12,104.4,1,0,0
F019,F021,T1,62.0,15,210.8,1,0,0
F019,F021,T2,62.0,17,155.0,1,0,0
F019,F021,T3,62.0,20,179.8,1,0,0
F019,F022,T1,15.0,4,51.0,1,0,0
F019,F022,T2,15.0,5,37.5,1,0,0
F019,F022,T3,15.0,5,43.5,1,0,0
F019,F023,T1,116.0,28,394.4,1,0,0
F019,F023,T2,116.0,32,290.0,1,0,0
F019,F023,T3,116.0,37,336.4,1,0,0
F019,F024,T1,30.0,8,102.0,1,0,1
F019,F024,T2,30.0,9,75.0,1,0,1
F019,F024,T3,30.0,10,87.0,1,0,1
F019,F025,T1,66.0,16,224.4,1,0,0
F019,F025,T2,66.0,18,165.0,1,0,0
F019,F025,T3,66.0,21,191.4,1,0,0
F019,F026,T1,32.0,8,108.8,1,0,0
F019,F026,T2,32.0,9,80.0,1,0,0
F019,F026,T3,32.0,11,92.8,1,0,0
F019,F027,T1,34.0,9,115.6,1,0,0
F019,F027,T2,34.0,10,85.0,1,0,0
F019,F027,T3,34.0,11,98.6,1,0,0
F019,F028,T1,108.0,26,367.2,1,0,0
F019,F028,T2,108.0,30,270.0,1,0,0
F019,F028,T3,108.0,35,313.2,1,0,0
F019,F029,T1,45.0,11,153.0,1,0,0
F019,F029,T2,45.0,13,112.5,1,0,0
F019,F029,T3,45.0,15,130.5,1,0,0
F019,F030,T1,79.0,19,268.6,1,0,0
F019,F030,T2,79.0,22,197.5,1,0,0
F019,F030,T3,79.0,25,229.1,1,0,0
F019,F031,T1,105.0,26,357.0,1,0,1
F019,F031,T2,105.0,29,262.5,1,0,1
F019,F031,T3,105.0,34,304.5,1,0,1
F019,F032,T1,117.0,29,397.8,1,0,0
F019,F032,T2,117.0,32,292.5,1,0,0
F019,F032,T3,117.0,37,339.3,1,0,0
F019,F033,T1,24.0,6,81.6,1,0,0
F019,F033,T2,24.0,7,60.0,1,0,0
F019,F033,T3,24.0,8,69.6,1,0,0
F019,F034,T1,45.0,11,153.0,1,0,0
F019,F034,T2,45.0,13,112.5,1,0,0
F019,F034,T3,45.0,15,130.5,1,0,0
F019,F035,T1,83.0,20,282.2,1,0,0
F019,F035,T2,83.0,23,207.5,1,0,0
F019,F035,T3,83.0,27,240.7,1,0,0
F019,F036,T1,86.0,21,292.4,1,0,0
F019,F036,T2,86.0,24,215.0,1,0,0
F019,F036,T3,86.0,28,249.4,1,0,0
F019,F037,T1,315.0,76,1071.0,0,0,0
F019,F037,T2,315.0,86,787.5,1,0,0
F019,F037,T3,315.0,100,913.5,1,0,0
F019,F038,T1,193.0,47,656.2,1,0,1
F019,F038,T2,193.0,53,482.5,1,0,1
F019,F038,T3,193.0,61,559.7,1,0,1
F019,F039,T1,167.0,41,567.8,1,0,0
F019,F039,T2,167.0,46,417.5,1,0,0
F019,F039,T3,167.0,53,484.3,1,0,0
F019,F040,T1,288.0,70,979.2,0,0,0
F019,F040,T2,288.0,79,720.0,1,0,0
F019,F040,T3,288.0,91,835.2,1,0,0
F019,F041,T1,236.0,57,802.4,1,0,0
F019,F041,T2,236.0,65,590.0,1,0,0
F019,F041,T3,236.0,75,684.4,1,0,0
F019,F042,T1,313.0,76,1064.2,0,0,0
F019,F042,T2,313.0,86,782.5,1,0,0
F019,F042,T3,313.0,99,907.7,1,0,0
F019,F043,T1,241.0,58,819.4,1,0,0
F019,F043,T2,241.0,66,602.5,1,0,0
F019,F043,T3,241.0,77,698.9,1,0,0
F019,F044,T1,261.0,63,887.4,0,0,1
F019,F044,T2,261.0,72,652.5,1,0,1
F019,F044,T3,261.0,83,756.9,1,0,1
F019,F045,T1,219.0,53,744.6,1,0,0
F019,F045,T2,219.0,60,547.5,1,0,0
F019,F045,T3,219.0,70,635.1,1,0,0
F019,F046,T1,126.0,31,428.4,1,0,0
F019,F046,T2,126.0,35,315.0,1,0,0
F019,F046,T3,126.0,40,365.4,1,0,0
F019,F047,T1,126.0,31,428.4,1,0,0
F019,F047,T2,126.0,35,315.0,1,0,0
F019,F047,T3,126.0,40,365.4,1,0,0
F019,F048,T1,176.0,43,598.4,1,0,0
F019,F048,T2,176.0,48,440.0,1,0,0
F019,F048,T3,176.0,56,510.4,1,0,0
F019,F049,T1,142.0,35,482.8,1,0,0
F019,F049,T2,142.0,39,355.0,1,0,0
F019,F049,T3,142.0,45,411.8,1,0,0
F019,F050,T1,352.0,85,1196.8,0,0,1
F019,F050,T2,352.0,96,880.0,1,0,1
F019,F050,T3,352.0,112,1020.8,1,0,1
F019,F051,T1,206.0,50,700.4,1,0,0
F019,F051,T2,206.0,57,515.0,1,0,0
F019,F051,T3,206.0,66,597.4,1,0,0
F019,F052,T1,159.0,39,540.6,1,0,0
F019,F052,T2,159.0,44,397.5,1,0,0
F019,F052,T3,159.0,51,461.1,1,0,0
F020,A01,T1,171.0,42,581.4,1,0,0
F020,A01,T2,171.0,47,427.5,1,0,0
F020,A01,T3,171.0,54,495.9,1,0,0
F020,A02,T1,185.0,45,629.0,1,0,0
F020,A02,T2,185.0,51,462.5,1,0,0
F020,A02,T3,185.0,59,536.5,1,0,0
F020,A03,T1,220.0,53,748.0,1,0,0
F020,A03,T2,220.0,60,550.0,1,0,0
F020,A03,T3,220.0,70,638.0,1,0,0
F020,F001,T1,48.0,12,163.2,1,0,0
F020,F001,T2,48.0,14,120.0,1,0,0
F020,F001,T3,48.0,16,139.2,1,0,0
F020,F002,T1,186.0,45,632.4,1,0,0
F020,F002,T2,186.0,51,465.0,1,0,0
F020,F002,T3,186.0,59,539.4,1,0,0
F020,F003,T1,133.0,32,452.2,1,0,0
F020,F003,T2,133.0,37,332.5,1,0,0
F020,F003,T3,133.0,42,385.7,1,0,0
F020,F004,T1,153.0,37,520.2,1,0,0
F020,F004,T2,153.0,42,382.5,1,0,0
F020,F004,T3,153.0,49,443.7,1,0,0
F020,F005,T1,44.0,11,149.6,1,0,0
F020,F005,T2,44.0,12,110.0,1,0,0
F020,F005,T3,44.0,14,127.6,1,0,0
F020,F006,T1,168.0,41,571.2,1,0,1
F020,F006,T2,168.0,46,420.0,1,0,1
F020,F006,T3,168.0,54,487.2,1,0,1
F020,F007,T1,177.0,43,601.8,1,0,0
F020,F007,T2,177.0,49,442.5,1,0,0
F020,F007,T3,177.0,56,513.3,1,0,0
F020,F008,T1,130.0,32,442.0,1,0,0
F020,F008,T2,130.0,36,325.0,1,0,0
F020,F008,T3,130.0,42,377.0,1,0,0
F020,F009,T1,86.0,21,292.4,1,0,0
F020,F009,T2,86.0,24,215.0,1,0,0
F020,F009,T3,86.0,28,249.4,1,0,0
F020,F010,T1,142.0,35,482.8,1,0,0
F020,F010,T2,142.0,39,355.0,1,0,0
F020,F010,T3,142.0,45,411.8,1,0,0
F020,F011,T1,97.0,24,329.8,1,0,1
F020,F011,T2,97.0,27,242.5,1,0,1
F020,F011,T3,97.0,31,281.3,1,0,1
F020,F012,T1,55.0,14,187.0,1,0,0
F020,F012,T2,55.0,15,137.5,1,0,0
F020,F012,T3,55.0,18,159.5,1,0,0
F020,F013,T1,211.0,51,717.4,1,0,0
F020,F013,T2,211.0,58,527.5,1,0,0
F020,F013,T3,211.0,67,611.9,1,0,0
F020,F014,T1,61.0,15,207.4,1,0,0
F020,F014,T2,61.0,17,152.5,1,0,0
F020,F014,T3,61.0,20,176.9,1,0,0
F020,F015,T1,66.0,16,224.4,1,0,0
F020,F015,T2,66.0,18,165.0,1,0,0
F020,F015,T3,66.0,21,191.4,1,0,0
F020,F016,T1,20.0,5,68.0,1,0,0
F020,F016,T2,20.0,6,50.0,1,0,0
F020,F016,T3,20.0,7,58.0,1,0,0
F020,F017,T1,29.0,7,98.6,1,0,0
F020,F017,T2,29.0,8,72.5,1,0,0
F020,F017,T3,29.0,10,84.1,1,0,0
F020,F018,T1,36.0,9,122.4,1,0,1
F020,F018,T2,36.0,10,90.0,1,0,1
F020,F018,T3,36.0,12,104.4,1,0,1
F020,F019,T1,36.0,9,122.4,1,0,0
F020,F019,T2,36.0,10,90.0,1,0,0
F020,F019,T3,36.0,12,104.4,1,0,0
F020,F021,T1,84.0,21,285.6,1,0,0
F020,F021,T2,84.0,23,210.0,1,0,0
F020,F021,T3,84.0,27,243.6,1,0,0
F020,F022,T1,24.0,6,81.6,1,0,0
F020,F022,T2,24.0,7,60.0,1,0,0
F020,F022,T3,24.0,8,69.6,1,0,0
F020,F023,T1,143.0,35,486.2,1,0,0
F020,F023,T2,143.0,39,357.5,1,0,0
F020,F023,T3,143.0,46,414.7,1,0,0
F020,F024,T1,57.0,14,193.8,1,0,1
F020,F024,T2,57.0,16,142.5,1,0,1
F020,F024,T3,57.0,18,165.3,1,0,1
F020,F025,T1,80.0,20,272.0,1,0,0
F020,F025,T2,80.0,22,200.0,1,0,0
F020,F025,T3,80.0,26,232.0,1,0,0
F020,F026,T1,37.0,9,125.8,1,0,0
F020,F026,T2,37.0,11,92.5,1,0,0
F020,F026,T3,37.0,12,107.3,1,0,0
F020,F027,T1,47.0,12,159.8,1,0,0
F020,F027,T2,47.0,13,117.5,1,0,0
F020,F027,T3,47.0,15,136.3,1,0,0
F020,F028,T1,96.0,24,326.4,1,0,0
F020,F028,T2,96.0,27,240.0,1,0,0
F020,F028,T3,96.0,31,278.4,1,0,0
F020,F029,T1,68.0,17,231.2,1,0,0
F020,F029,T2,68.0,19,170.0,1,0,0
F020,F029,T3,68.0,22,197.2,1,0,0
F020,F030,T1,49.0,12,166.6,1,0,0
F020,F030,T2,49.0,14,122.5,1,0,0
F020,F030,T3,49.0,16,142.1,1,0,0
F020,F031,T1,127.0,31,431.8,1,0,1
F020,F031,T2,127.0,35,317.5,1,0,1
F020,F031,T3,127.0,41,368.3,1,0,1
F020,F032,T1,147.0,36,499.8,1,0,0
F020,F032,T2,147.0,41,367.5,1,0,0
F020,F032,T3,147.0,47,426.3,1,0,0
F020,F033,T1,56.0,14,190.4,1,0,0
F020,F033,T2,56.0,16,140.0,1,0,0
F020,F033,T3,56.0,18,162.4,1,0,0
F020,F034,T1,81.0,20,275.4,1,0,0
F020,F034,T2,81.0,23,202.5,1,0,0
F020,F034,T3,81.0,26,234.9,1,0,0
F020,F035,T1,114.0,28,387.6,1,0,0
F020,F035,T2,114.0,32,285.0,1,0,0
F020,F035,T3,114.0,36,330.6,1,0,0
F020,F036,T1,102.0,25,346.8,1,0,0
F020,F036,T2,102.0,28,255.0,1,0,0
F020,F036,T3,102.0,33,295.8,1,0,0
F020,F037,T1,333.0,80,1132.2,0,0,0
F020,F037,T2,333.0,91,832.5,1,0,0
F020,F037,T3,333.0,106,965.7,1,0,0
F020,F038,T1,209.0,51,710.6,1,0,1
F020,F038,T2,209.0,57,522.5,1,0,1
F020,F038,T3,209.0,66,606.1,1,0,1
F020,F039,T1,177.0,43,601.8,1,0,0
F020,F039,T2,177.0,49,442.5,1,0,0
F020,F039,T3,177.0,56,513.3,1,0,0
F020,F040,T1,307.0,74,1043.8,0,0,0
F020,F040,T2,307.0,84,767.5,1,0,0
F020,F040,T3,307.0,97,890.3,1,0,0
F020,F041,T1,250.0,60,850.0,1,0,0
F020,F041,T2,250.0,69,625.0,1,0,0
F020,F041,T3,250.0,79,725.0,1,0,0
F020,F042,T1,332.0,80,1128.8,0,0,0
F020,F042,T2,332.0,91,830.0,1,0,0
F020,F042,T3,332.0,105,962.8,1,0,0
F020,F043,T1,258.0,62,877.2,0,0,0
F020,F043,T2,258.0,71,645.0,1,0,0
F020,F043,T3,258.0,82,748.2,1,0,0
F020,F044,T1,279.0,67,948.6,0,0,1
F020,F044,T2,279.0,77,697.5,1,0,1
F020,F044,T3,279.0,89,809.1,1,0,1
F020,F045,T1,232.0,56,788.8,1,0,0
F020,F045,T2,232.0,64,580.0,1,0,0
F020,F045,T3,232.0,74,672.8,1,0,0
F020,F046,T1,142.0,35,482.8,1,0,0
F020,F046,T2,142.0,39,355.0,1,0,0
F020,F046,T3,142.0,45,411.8,1,0,0
F020,F047,T1,145.0,35,493.0,1,0,0
F020,F047,T2,145.0,40,362.5,1,0,0
F020,F047,T3,145.0,46,420.5,1,0,0
F020,F048,T1,192.0,47,652.8,1,0,0
F020,F048,T2,192.0,53,480.0,1,0,0
F020,F048,T3,192.0,61,556.8,1,0,0
F020,F049,T1,158.0,38,537.2,1,0,0
F020,F049,T2,158.0,44,395.0,1,0,0
F020,F049,T3,158.0,50,458.2,1,0,0
F020,F050,T1,372.0,90,1264.8,0,0,1
F020,F050,T2,372.0,102,930.0,1,0,1
F020,F050,T3,372.0,118,1078.8,1,0,1
F020,F051,T1,224.0,54,761.6,1,0,0
F020,F051,T2,224.0,62,560.0,1,0,0
F020,F051,T3,224.0,71,649.6,1,0,0
F020,F052,T1,177.0,43,601.8,1,0,0
F020,F052,T2,177.0,49,442.5,1,0,0
F020,F052,T3,177.0,56,513.3,1,0,0
F021,A01,T1,218.0,53,741.2,1,0,0
F021,A01,T2,218.0,60,545.0,1,0,0
F021,A01,T3,218.0,69,632.2,1,0,0
F021,A02,T1,220.0,53,748.0,1,0,0
F021,A02,T2,220.0,60,550.0,1,0,0
F021,A02,T3,220.0,70,638.0,1,0,0
F021,A03,T1,240.0,58,816.0,1,0,0
F021,A03,T2,240.0,66,600.0,1,0,0
F021,A03,T3,240.0,76,696.0,1,0,0
F021,F001,T1,83.0,20,282.2,1,0,0
F021,F001,T2,83.0,23,207.5,1,0,0
F021,F001,T3,83.0,27,240.7,1,0,0
F021,F002,T1,269.0,65,914.6,0,0,0
F021,F002,T2,269.0,74,672.5,1,0,0
F021,F002,T3,269.0,85,780.1,1,0,0
F021,F003,T1,216.0,52,734.4,1,0,0
F021,F003,T2,216.0,59,540.0,1,0,0
F021,F003,T3,216.0,69,626.4,1,0,0
F021,F004,T1,236.0,57,802.4,1,0,0
F021,F004,T2,236.0,65,590.0,1,0,0
F021,F004,T3,236.0,75,684.4,1,0,0
F021,F005,T1,120.0,29,408.0,1,0,0
F021,F005,T2,120.0,33,300.0,1,0,0
F021,F005,T3,120.0,38,348.0,1,0,0
F021,F006,T1,248.0,60,843.2,1,0,1
F021,F006,T2,248.0,68,620.0,1,0,1
F021,F006,T3,248.0,79,719.2,1,0,1
F021,F007,T1,258.0,62,877.2,0,0,0
F021,F007,T2,258.0,71,645.0,1,0,0
F021,F007,T3,258.0,82,748.2,1,0,0
F021,F008,T1,208.0,50,707.2,1,0,0
F021,F008,T2,208.0,57,520.0,1,0,0
F021,F008,T3,208.0,66,603.2,1,0,0
F021,F009,T1,169.0,41,574.6,1,0,0
F021,F009,T2,169.0,47,422.5,1,0,0
F021,F009,T3,169.0,54,490.1,1,0,0
F021,F010,T1,222.0,54,754.8,1,0,0
F021,F010,T2,222.0,61,555.0,1,0,0
F021,F010,T3,222.0,71,643.8,1,0,0
F021,F011,T1,175.0,42,595.0,1,0,1
F021,F011,T2,175.0,48,437.5,1,0,1
F021,F011,T3,175.0,56,507.5,1,0,1
F021,F012,T1,121.0,30,411.4,1,0,0
F021,F012,T2,121.0,33,302.5,1,0,0
F021,F012,T3,121.0,39,350.9,1,0,0
F021,F013,T1,289.0,70,982.6,0,0,0
F021,F013,T2,289.0,79,722.5,1,0,0
F021,F013,T3,289.0,92,838.1,1,0,0
F021,F014,T1,145.0,35,493.0,1,0,0
F021,F014,T2,145.0,40,362.5,1,0,0
F021,F014,T3,145.0,46,420.5,1,0,0
F021,F015,T1,145.0,35,493.0,1,0,0
F021,F015,T2,145.0,40,362.5,1,0,0
F021,F015,T3,145.0,46,420.5,1,0,0
F021,F016,T1,97.0,24,329.8,1,0,0
F021,F016,T2,97.0,27,242.5,1,0,0
F021,F016,T3,97.0,31,281.3,1,0,0
F021,F017,T1,111.0,27,377.4,1,0,0
F021,F017,T2,111.0,31,277.5,1,0,0
F021,F017,T3,111.0,36,321.9,1,0,0
F021,F018,T1,105.0,26,357.0,1,0,1
F021,F018,T2,105.0,29,262.5,1,0,1
F021,F018,T3,105.0,34,304.5,1,0,1
F021,F019,T1,62.0,15,210.8,1,0,0
F021,F019,T2,62.0,17,155.0,1,0,0
F021,F019,T3,62.0,20,179.8,1,0,0
F021,F020,T1,84.0,21,285.6,1,0,0
F021,F020,T2,84.0,23,210.0,1,0,0
F021,F020,T3,84.0,27,243.6,1,0,0
F021,F022,T1,74.0,18,251.6,1,0,0
F021,F022,T2,74.0,21,185.0,1,0,0
F021,F022,T3,74.0,24,214.6,1,0,0
F021,F023,T1,60.0,15,204.0,1,0,0
F021,F023,T2,60.0,17,150.0,1,0,0
F021,F023,T3,60.0,19,174.0,1,0,0
F021,F024,T1,32.0,8,108.8,1,0,1
F021,F024,T2,32.0,9,80.0,1,0,1
F021,F024,T3,32.0,11,92.8,1,0,1
F021,F025,T1,17.0,5,57.8,1,0,0
F021,F025,T2,17.0,5,42.5,1,0,0
F021,F025,T3,17.0,6,49.3,1,0,0
F021,F026,T1,94.0,23,319.6,1,0,0
F021,F026,T2,94.0,26,235.0,1,0,0
F021,F026,T3,94.0,30,272.6,1,0,0
F021,F027,T1,37.0,9,125.8,1,0,0
F021,F027,T2,37.0,11,92.5,1,0,0
F021,F027,T3,37.0,12,107.3,1,0,0
F021,F028,T1,169.0,41,574.6,1,0,0
F021,F028,T2,169.0,47,422.5,1,0,0
F021,F028,T3,169.0,54,490.1,1,0,0
F021,F029,T1,17.0,5,57.8,1,0,0
F021,F029,T2,17.0,5,42.5,1,0,0
F021,F029,T3,17.0,6,49.3,1,0,0
F021,F030,T1,132.0,32,448.8,1,0,0
F021,F030,T2,132.0,36,330.0,1,0,0
F021,F030,T3,132.0,42,382.8,1,0,0
F021,F031,T1,44.0,11,149.6,1,0,1
F021,F031,T2,44.0,12,110.0,1,0,1
F021,F031,T3,44.0,14,127.6,1,0,1
F021,F032,T1,66.0,16,224.4,1,0,0
F021,F032,T2,66.0,18,165.0,1,0,0
F021,F032,T3,66.0,21,191.4,1,0,0
F021,F033,T1,71.0,18,241.4,1,0,0
F021,F033,T2,71.0,20,177.5,1,0,0
F021,F033,T3,71.0,23,205.9,1,0,0
F021,F034,T1,57.0,14,193.8,1,0,0
F021,F034,T2,57.0,16,142.5,1,0,0
F021,F034,T3,57.0,18,165.3,1,0,0
F021,F035,T1,41.0,10,139.4,1,0,0
F021,F035,T2,41.0,12,102.5,1,0,0
F021,F035,T3,41.0,13,118.9,1,0,0
F021,F036,T1,26.0,7,88.4,1,0,0
F021,F036,T2,26.0,8,65.0,1,0,0
F021,F036,T3,26.0,9,75.4,1,0,0
F021,F037,T1,254.0,61,863.6,0,0,0
F021,F037,T2,254.0,70,635.0,1,0,0
F021,F037,T3,254.0,81,736.6,1,0,0
F021,F038,T1,131.0,32,445.4,1,0,1
F021,F038,T2,131.0,36,327.5,1,0,1
F021,F038,T3,131.0,42,379.9,1,0,1
F021,F039,T1,109.0,27,370.6,1,0,0
F021,F039,T2,109.0,30,272.5,1,0,0
F021,F039,T3,109.0,35,316.1,1,0,0
F021,F040,T1,227.0,55,771.8,1,0,0
F021,F040,T2,227.0,62,567.5,1,0,0
F021,F040,T3,227.0,72,658.3,1,0,0
F021,F041,T1,175.0,42,595.0,1,0,0
F021,F041,T2,175.0,48,437.5,1,0,0
F021,F041,T3,175.0,56,507.5,1,0,0
F021,F042,T1,251.0,61,853.4,0,0,0
F021,F042,T2,251.0,69,627.5,1,0,0
F021,F042,T3,251.0,80,727.9,1,0,0
F021,F043,T1,179.0,43,608.6,1,0,0
F021,F043,T2,179.0,49,447.5,1,0,0
F021,F043,T3,179.0,57,519.1,1,0,0
F021,F044,T1,200.0,48,680.0,1,0,1
F021,F044,T2,200.0,55,500.0,1,0,1
F021,F044,T3,200.0,64,580.0,1,0,1
F021,F045,T1,158.0,38,537.2,1,0,0
F021,F045,T2,158.0,44,395.0,1,0,0
F021,F045,T3,158.0,50,458.2,1,0,0
F021,F046,T1,66.0,16,224.4,1,0,0
F021,F046,T2,66.0,18,165.0,1,0,0
F021,F046,T3,66.0,21,191.4,1,0,0
F021,F047,T1,64.0,16,217.6,1,0,0
F021,F047,T2,64.0,18,160.0,1,0,0
F021,F047,T3,64.0,21,185.6,1,0,0
F021,F048,T1,115.0,28,391.0,1,0,0
F021,F048,T2,115.0,32,287.5,1,0,0
F021,F048,T3,115.0,37,333.5,1,0,0
F021,F049,T1,81.0,20,275.4,1,0,0
F021,F049,T2,81.0,23,202.5,1,0,0
F021,F049,T3,81.0,26,234.9,1,0,0
F021,F050,T1,291.0,70,989.4,0,0,1
F021,F050,T2,291.0,80,727.5,1,0,1
F021,F050,T3,291.0,92,843.9,1,0,1
F021,F051,T1,145.0,35,493.0,1,0,0
F021,F051,T2,145.0,40,362.5,1,0,0
F021,F051,T3,145.0,46,420.5,1,0,0
F021,F052,T1,97.0,24,329.8,1,0,0
F021,F052,T2,97.0,27,242.5,1,0,0
F021,F052,T3,97.0,31,281.3,1,0,0
F022,A01,T1,194.0,47,659.6,1,0,0
F022,A01,T2,194.0,53,485.0,1,0,0
F022,A01,T3,194.0,62,562.6,1,0,0
F022,A02,T1,208.0,50,707.2,1,0,0
F022,A02,T2,208.0,57,520.0,1,0,0
F022,A02,T3,208.0,66,603.2,1,0,0
F022,A03,T1,241.0,58,819.4,1,0,0
F022,A03,T2,241.0,66,602.5,1,0,0
F022,A03,T3,241.0,77,698.9,1,0,0
F022,F001,T1,26.0,7,88.4,1,0,0
F022,F001,T2,26.0,8,65.0,1,0,0
F022,F001,T3,26.0,9,75.4,1,0,0
F022,F002,T1,197.0,48,669.8,1,0,0
F022,F002,T2,197.0,54,492.5,1,0,0
F022,F002,T3,197.0,63,571.3,1,0,0
F022,F003,T1,143.0,35,486.2,1,0,0
F022,F003,T2,143.0,39,357.5,1,0,0
F022,F003,T3,143.0,46,414.7,1,0,0
F022,F004,T1,164.0,40,557.6,1,0,0
F022,F004,T2,164.0,45,410.0,1,0,0
F022,F004,T3,164.0,52,475.6,1,0,0
F022,F005,T1,46.0,12,156.4,1,0,0
F022,F005,T2,46.0,13,115.0,1,0,0
F022,F005,T3,46.0,15,133.4,1,0,0
F022,F006,T1,174.0,42,591.6,1,0,1
F022,F006,T2,174.0,48,435.0,1,0,1
F022,F006,T3,174.0,55,504.6,1,0,1
F022,F007,T1,184.0,45,625.6,1,0,0
F022,F007,T2,184.0,51,460.0,1,0,0
F022,F007,T3,184.0,59,533.6,1,0,0
F022,F008,T1,134.0,33,455.6,1,0,0
F022,F008,T2,134.0,37,335.0,1,0,0
F022,F008,T3,134.0,43,388.6,1,0,0
F022,F009,T1,99.0,24,336.6,1,0,0
F022,F009,T2,99.0,27,247.5,1,0,0
F022,F009,T3,99.0,32,287.1,1,0,0
F022,F010,T1,148.0,36,503.2,1,0,0
F022,F010,T2,148.0,41,370.0,1,0,0
F022,F010,T3,148.0,47,429.2,1,0,0
F022,F011,T1,101.0,25,343.4,1,0,1
F022,F011,T2,101.0,28,252.5,1,0,1
F022,F011,T3,101.0,32,292.9,1,0,1
F022,F012,T1,49.0,12,166.6,1,0,0
F022,F012,T2,49.0,14,122.5,1,0,0
F022,F012,T3,49.0,16,142.1,1,0,0
F022,F013,T1,215.0,52,731.0,1,0,0
F022,F013,T2,215.0,59,537.5,1,0,0
F022,F013,T3,215.0,68,623.5,1,0,0
F022,F014,T1,75.0,18,255.0,1,0,0
F022,F014,T2,75.0,21,187.5,1,0,0
F022,F014,T3,75.0,24,217.5,1,0,0
F022,F015,T1,71.0,18,241.4,1,0,0
F022,F015,T2,71.0,20,177.5,1,0,0
F022,F015,T3,71.0,23,205.9,1,0,0
F022,F016,T1,25.0,6,85.0,1,0,0
F022,F016,T2,25.0,7,62.5,1,0,0
F022,F016,T3,25.0,8,72.5,1,0,0
F022,F017,T1,49.0,12,166.6,1,0,0
F022,F017,T2,49.0,14,122.5,1,0,0
F022,F017,T3,49.0,16,142.1,1,0,0
F022,F018,T1,31.0,8,105.4,1,0,1
F022,F018,T2,31.0,9,77.5,1,0,1
F022,F018,T3,31.0,10,89.9,1,0,1
F022,F019,T1,15.0,4,51.0,1,0,0
F022,F019,T2,15.0,5,37.5,1,0,0
F022,F019,T3,15.0,5,43.5,1,0,0
F022,F020,T1,24.0,6,81.6,1,0,0
F022,F020,T2,24.0,7,60.0,1,0,0
F022,F020,T3,24.0,8,69.6,1,0,0
F022,F021,T1,74.0,18,251.6,1,0,0
F022,F021,T2,74.0,21,185.0,1,0,0
F022,F021,T3,74.0,24,214.6,1,0,0
F022,F023,T1,130.0,32,442.0,1,0,0
F022,F023,T2,130.0,36,325.0,1,0,0
F022,F023,T3,130.0,42,377.0,1,0,0
F022,F024,T1,43.0,11,146.2,1,0,1
F022,F024,T2,43.0,12,107.5,1,0,1
F022,F024,T3,43.0,14,124.7,1,0,1
F022,F025,T1,75.0,18,255.0,1,0,0
F022,F025,T2,75.0,21,187.5,1,0,0
F022,F025,T3,75.0,24,217.5,1,0,0
F022,F026,T1,23.0,6,78.2,1,0,0
F022,F026,T2,23.0,7,57.5,1,0,0
F022,F026,T3,23.0,8,66.7,1,0,0
F022,F027,T1,42.0,11,142.8,1,0,0
F022,F027,T2,42.0,12,105.0,1,0,0
F022,F027,T3,42.0,14,121.8,1,0,0
F022,F028,T1,96.0,24,326.4,1,0,0
F022,F028,T2,96.0,27,240.0,1,0,0
F022,F028,T3,96.0,31,278.4,1,0,0
F022,F029,T1,57.0,14,193.8,1,0,0
F022,F029,T2,57.0,16,142.5,1,0,0
F022,F029,T3,57.0,18,165.3,1,0,0
F022,F030,T1,65.0,16,221.0,1,0,0
F022,F030,T2,65.0,18,162.5,1,0,0
F022,F030,T3,65.0,21,188.5,1,0,0
F022,F031,T1,118.0,29,401.2,1,0,1
F022,F031,T2,118.0,33,295.0,1,0,1
F022,F031,T3,118.0,38,342.2,1,0,1
F022,F032,T1,132.0,32,448.8,1,0,0
F022,F032,T2,132.0,36,330.0,1,0,0
F022,F032,T3,132.0,42,382.8,1,0,0
F022,F033,T1,33.0,8,112.2,1,0,0
F022,F033,T2,33.0,9,82.5,1,0,0
F022,F033,T3,33.0,11,95.7,1,0,0
F022,F034,T1,58.0,14,197.2,1,0,0
F022,F034,T2,58.0,16,145.0,1,0,0
F022,F034,T3,58.0,19,168.2,1,0,0
F022,F035,T1,97.0,24,329.8,1,0,0
F022,F035,T2,97.0,27,242.5,1,0,0
F022,F035,T3,97.0,31,281.3,1,0,0
F022,F036,T1,96.0,24,326.4,1,0,0
F022,F036,T2,96.0,27,240.0,1,0,0
F022,F036,T3,96.0,31,278.4,1,0,0
F022,F037,T1,327.0,79,1111.8,0,0,0
F022,F037,T2,327.0,90,817.5,1,0,0
F022,F037,T3,327.0,104,948.3,1,0,0
F022,F038,T1,204.0,49,693.6,1,0,1
F022,F038,T2,204.0,56,510.0,1,0,1
F022,F038,T3,204.0,65,591.6,1,0,1
F022,F039,T1,176.0,43,598.4,1,0,0
F022,F039,T2,176.0,48,440.0,1,0,0
F022,F039,T3,176.0,56,510.4,1,0,0
F022,F040,T1,300.0,72,1020.0,0,0,0
F022,F040,T2,300.0,82,750.0,1,0,0
F022,F040,T3,300.0,95,870.0,1,0,0
F022,F041,T1,247.0,60,839.8,1,0,0
F022,F041,T2,247.0,68,617.5,1,0,0
F022,F041,T3,247.0,78,716.3,1,0,0
F022,F042,T1,325.0,78,1105.0,0,0,0
F022,F042,T2,325.0,89,812.5,1,0,0
F022,F042,T3,325.0,103,942.5,1,0,0
F022,F043,T1,253.0,61,860.2,0,0,0
F022,F043,T2,253.0,69,632.5,1,0,0
F022,F043,T3,253.0,80,733.7,1,0,0
F022,F044,T1,273.0,66,928.2,0,0,1
F022,F044,T2,273.0,75,682.5,1,0,1
F022,F044,T3,273.0,87,791.7,1,0,1
F022,F045,T1,229.0,55,778.6,1,0,0
F022,F045,T2,229.0,63,572.5,1,0,0
F022,F045,T3,229.0,73,664.1,1,0,0
F022,F046,T1,137.0,33,465.8,1,0,0
F022,F046,T2,137.0,38,342.5,1,0,0
F022,F046,T3,137.0,44,397.3,1,0,0
F022,F047,T1,138.0,34,469.2,1,0,0
F022,F047,T2,138.0,38,345.0,1,0,0
F022,F047,T3,138.0,44,400.2,1,0,0
F022,F048,T1,187.0,45,635.8,1,0,0
F022,F048,T2,187.0,51,467.5,1,0,0
F022,F048,T3,187.0,60,542.3,1,0,0
F022,F049,T1,153.0,37,520.2,1,0,0
F022,F049,T2,153.0,42,382.5,1,0,0
F022,F049,T3,153.0,49,443.7,1,0,0
F022,F050,T1,364.0,88,1237.6,0,0,1
F022,F050,T2,364.0,100,910.0,1,0,1
F022,F050,T3,364.0,115,1055.6,1,0,1
F022,F051,T1,218.0,53,741.2,1,0,0
F022,F051,T2,218.0,60,545.0,1,0,0
F022,F051,T3,218.0,69,632.2,1,0,0
F022,F052,T1,171.0,42,581.4,1,0,0
F022,F052,T2,171.0,47,427.5,1,0,0
F022,F052,T3,171.0,54,495.9,1,0,0
F023,A01,T1,270.0,65,918.0,0,0,0
F023,A01,T2,270.0,74,675.0,1,0,0
F023,A01,T3,270.0,86,783.0,1,0,0
F023,A02,T1,267.0,65,907.8,0,0,0
F023,A02,T2,267.0,73,667.5,1,0,0
F023,A02,T3,267.0,85,774.3,1,0,0
F023,A03,T1,280.0,68,952.0,0,0,0
F023,A03,T2,280.0,77,700.0,1,0,0
F023,A03,T3,280.0,89,812.0,1,0,0
F023,F001,T1,132.0,32,448.8,1,0,0
F023,F001,T2,132.0,36,330.0,1,0,0
F023,F001,T3,132.0,42,382.8,1,0,0
F023,F002,T1,327.0,79,1111.8,0,0,0
F023,F002,T2,327.0,90,817.5,1,0,0
F023,F002,T3,327.0,104,948.3,1,0,0
F023,F003,T1,274.0,66,931.6,0,0,0
F023,F003,T2,274.0,75,685.0,1,0,0
F023,F003,T3,274.0,87,794.6,1,0,0
F023,F004,T1,294.0,71,999.6,0,0,0
F023,F004,T2,294.0,81,735.0,1,0,0
F023,F004,T3,294.0,93,852.6,1,0,0
F023,F005,T1,176.0,43,598.4,1,0,0
F023,F005,T2,176.0,48,440.0,1,0,0
F023,F005,T3,176.0,56,510.4,1,0,0
F023,F006,T1,303.0,73,1030.2,0,0,1
F023,F006,T2,303.0,83,757.5,1,0,1
F023,F006,T3,303.0,96,878.7,1,0,1
F023,F007,T1,314.0,76,1067.6,0,0,0
F023,F007,T2,314.0,86,785.0,1,0,0
F023,F007,T3,314.0,100,910.6,1,0,0
F023,F008,T1,262.0,63,890.8,0,0,0
F023,F008,T2,262.0,72,655.0,1,0,0
F023,F008,T3,262.0,83,759.8,1,0,0
F023,F009,T1,228.0,55,775.2,1,0,0
F023,F009,T2,228.0,63,570.0,1,0,0
F023,F009,T3,228.0,72,661.2,1,0,0
F023,F010,T1,277.0,67,941.8,0,0,0
F023,F010,T2,277.0,76,692.5,1,0,0
F023,F010,T3,277.0,88,803.3,1,0,0
F023,F011,T1,231.0,56,785.4,1,0,1
F023,F011,T2,231.0,63,577.5,1,0,1
F023,F011,T3,231.0,73,669.9,1,0,1
F023,F012,T1,173.0,42,588.2,1,0,0
F023,F012,T2,173.0,48,432.5,1,0,0
F023,F012,T3,173.0,55,501.7,1,0,0
F023,F013,T1,342.0,83,1162.8,0,0,0
F023,F013,T2,342.0,94,855.0,1,0,0
F023,F013,T3,342.0,108,991.8,1,0,0
F023,F014,T1,204.0,49,693.6,1,0,0
F023,F014,T2,204.0,56,510.0,1,0,0
F023,F014,T3,204.0,65,591.6,1,0,0
F023,F015,T1,201.0,49,683.4,1,0,0
F023,F015,T2,201.0,55,502.5,1,0,0
F023,F015,T3,201.0,64,582.9,1,0,0
F023,F016,T1,155.0,38,527.0,1,0,0
F023,F016,T2,155.0,43,387.5,1,0,0
F023,F016,T3,155.0,49,449.5,1,0,0
F023,F017,T1,171.0,42,581.4,1,0,0
F023,F017,T2,171.0,47,427.5,1,0,0
F023,F017,T3,171.0,54,495.9,1,0,0
F023,F018,T1,160.0,39,544.0,1,0,1
F023,F018,T2,160.0,44,400.0,1,0,1
F023,F018,T3,160.0,51,464.0,1,0,1
F023,F019,T1,116.0,28,394.4,1,0,0
F023,F019,T2,116.0,32,290.0,1,0,0
F023,F019,T3,116.0,37,336.4,1,0,0
F023,F020,T1,143.0,35,486.2,1,0,0
F023,F020,T2,143.0,39,357.5,1,0,0
F023,F020,T3,143.0,46,414.7,1,0,0
F023,F021,T1,60.0,15,204.0,1,0,0
F023,F021,T2,60.0,17,150.0,1,0,0
F023,F021,T3,60.0,19,174.0,1,0,0
F023,F022,T1,130.0,32,442.0,1,0,0
F023,F022,T2,130.0,36,325.0,1,0,0
F023,F022,T3,130.0,42,377.0,1,0,0
F023,F024,T1,87.0,21,295.8,1,0,1
F023,F024,T2,87.0,24,217.5,1,0,1
F023,F024,T3,87.0,28,252.3,1,0,1
F023,F025,T1,70.0,17,238.0,1,0,0
F023,F025,T2,70.0,20,175.0,1,0,0
F023,F025,T3,70.0,23,203.0,1,0,0
F023,F026,T1,147.0,36,499.8,1,0,0
F023,F026,T2,147.0,41,367.5,1,0,0
F023,F026,T3,147.0,47,426.3,1,0,0
F023,F027,T1,97.0,24,329.8,1,0,0
F023,F027,T2,97.0,27,242.5,1,0,0
F023,F027,T3,97.0,31,281.3,1,0,0
F023,F028,T1,222.0,54,754.8,1,0,0
F023,F028,T2,222.0,61,555.0,1,0,0
F023,F028,T3,222.0,71,643.8,1,0,0
F023,F029,T1,75.0,18,255.0,1,0,0
F023,F029,T2,75.0,21,187.5,1,0,0
F023,F029,T3,75.0,24,217.5,1,0,0
F023,F030,T1,192.0,47,652.8,1,0,0
F023,F030,T2,192.0,53,480.0,1,0,0
F023,F030,T3,192.0,61,556.8,1,0,0
F023,F031,T1,25.0,6,85.0,1,0,1
F023,F031,T2,25.0,7,62.5,1,0,1
F023,F031,T3,25.0,8,72.5,1,0,1
F023,F032,T1,14.0,4,47.6,1,0,0
F023,F032,T2,14.0,4,35.0,1,0,0
F023,F032,T3,14.0,5,40.6,1,0,0
F023,F033,T1,117.0,29,397.8,1,0,0
F023,F033,T2,117.0,32,292.5,1,0,0
F023,F033,T3,117.0,37,339.3,1,0,0
F023,F034,T1,90.0,22,306.0,1,0,0
F023,F034,T2,90.0,25,225.0,1,0,0
F023,F034,T3,90.0,29,261.0,1,0,0
F023,F035,T1,38.0,10,129.2,1,0,0
F023,F035,T2,38.0,11,95.0,1,0,0
F023,F035,T3,38.0,12,110.2,1,0,0
F023,F036,T1,52.0,13,176.8,1,0,0
F023,F036,T2,52.0,15,130.0,1,0,0
F023,F036,T3,52.0,17,150.8,1,0,0
F023,F037,T1,206.0,50,700.4,1,0,0
F023,F037,T2,206.0,57,515.0,1,0,0
F023,F037,T3,206.0,66,597.4,1,0,0
F023,F038,T1,95.0,23,323.0,1,0,1
F023,F038,T2,95.0,26,237.5,1,0,1
F023,F038,T3,95.0,30,275.5,1,0,1
F023,F039,T1,92.0,23,312.8,1,0,0
F023,F039,T2,92.0,26,230.0,1,0,0
F023,F039,T3,92.0,30,266.8,1,0,0
F023,F040,T1,178.0,43,605.2,1,0,0
F023,F040,T2,178.0,49,445.0,1,0,0
F023,F040,T3,178.0,57,516.2,1,0,0
F023,F041,T1,137.0,33,465.8,1,0,0
F023,F041,T2,137.0,38,342.5,1,0,0
F023,F041,T3,137.0,44,397.3,1,0,0
F023,F042,T1,201.0,49,683.4,1,0,0
F023,F042,T2,201.0,55,502.5,1,0,0
F023,F042,T3,201.0,64,582.9,1,0,0
F023,F043,T1,134.0,33,455.6,1,0,0
F023,F043,T2,134.0,37,335.0,1,0,0
F023,F043,T3,134.0,43,388.6,1,0,0
F023,F044,T1,154.0,37,523.6,1,0,1
F023,F044,T2,154.0,42,385.0,1,0,1
F023,F044,T3,154.0,49,446.6,1,0,1
F023,F045,T1,125.0,30,425.0,1,0,0
F023,F045,T2,125.0,35,312.5,1,0,0
F023,F045,T3,125.0,40,362.5,1,0,0
F023,F046,T1,52.0,13,176.8,1,0,0
F023,F046,T2,52.0,15,130.0,1,0,0
F023,F046,T3,52.0,17,150.8,1,0,0
F023,F047,T1,39.0,10,132.6,1,0,0
F023,F047,T2,39.0,11,97.5,1,0,0
F023,F047,T3,39.0,13,113.1,1,0,0
F023,F048,T1,81.0,20,275.4,1,0,0
F023,F048,T2,81.0,23,202.5,1,0,0
F023,F048,T3,81.0,26,234.9,1,0,0
F023,F049,T1,56.0,14,190.4,1,0,0
F023,F049,T2,56.0,16,140.0,1,0,0
F023,F049,T3,56.0,18,162.4,1,0,0
F023,F050,T1,239.0,58,812.6,1,0,1
F023,F050,T2,239.0,66,597.5,1,0,1
F023,F050,T3,239.0,76,693.1,1,0,1
F023,F051,T1,102.0,25,346.8,1,0,0
F023,F051,T2,102.0,28,255.0,1,0,0
F023,F051,T3,102.0,33,295.8,1,0,0
F023,F052,T1,58.0,14,197.2,1,0,0
F023,F052,T2,58.0,16,145.0,1,0,0
F023,F052,T3,58.0,19,168.2,1,0,0
F024,A01,T1,211.0,51,717.4,1,1,0
F024,A01,T2,211.0,58,527.5,1,1,0
F024,A01,T3,211.0,67,611.9,1,1,0
F024,A02,T1,219.0,53,744.6,1,1,0
F024,A02,T2,219.0,60,547.5,1,1,0
F024,A02,T3,219.0,70,635.1,1,1,0
F024,A03,T1,245.0,59,833.0,1,1,0
F024,A03,T2,245.0,67,612.5,1,1,0
F024,A03,T3,245.0,78,710.5,1,1,0
F024,F001,T1,50.0,12,170.0,1,1,0
F024,F001,T2,50.0,14,125.0,1,1,0
F024,F001,T3,50.0,16,145.0,1,1,0
F024,F002,T1,239.0,58,812.6,1,1,0
F024,F002,T2,239.0,66,597.5,1,1,0
F024,F002,T3,239.0,76,693.1,1,1,0
F024,F003,T1,186.0,45,632.4,1,1,0
F024,F003,T2,186.0,51,465.0,1,1,0
F024,F003,T3,186.0,59,539.4,1,1,0
F024,F004,T1,207.0,50,703.8,1,1,0
F024,F004,T2,207.0,57,517.5,1,1,0
F024,F004,T3,207.0,66,600.3,1,1,0
F024,F005,T1,89.0,22,302.6,1,1,0
F024,F005,T2,89.0,25,222.5,1,1,0
F024,F005,T3,89.0,29,258.1,1,1,0
F024,F006,T1,217.0,53,737.8,1,1,1
F024,F006,T2,217.0,60,542.5,1,1,1
F024,F006,T3,217.0,69,629.3,1,1,1
F024,F007,T1,227.0,55,771.8,1,1,0
F024,F007,T2,227.0,62,567.5,1,1,0
F024,F007,T3,227.0,72,658.3,1,1,0
F024,F008,T1,176.0,43,598.4,1,1,0
F024,F008,T2,176.0,48,440.0,1,1,0
F024,F008,T3,176.0,56,510.4,1,1,0
F024,F009,T1,141.0,34,479.4,1,1,0
F024,F009,T2,141.0,39,352.5,1,1,0
F024,F009,T3,141.0,45,408.9,1,1,0
F024,F010,T1,191.0,46,649.4,1,1,0
F024,F010,T2,191.0,53,477.5,1,1,0
F024,F010,T3,191.0,61,553.9,1,1,0
F024,F011,T1,144.0,35,489.6,1,1,1
F024,F011,T2,144.0,40,360.0,1,1,1
F024,F011,T3,144.0,46,417.6,1,1,1
F024,F012,T1,89.0,22,302.6,1,1,0
F024,F012,T2,89.0,25,222.5,1,1,0
F024,F012,T3,89.0,29,258.1,1,1,0
F024,F013,T1,257.0,62,873.8,0,1,0
F024,F013,T2,257.0,71,642.5,1,1,0
F024,F013,T3,257.0,82,745.3,1,1,0
F024,F014,T1,116.0,28,394.4,1,1,0
F024,F014,T2,116.0,32,290.0,1,1,0
F024,F014,T3,116.0,37,336.4,1,1,0
F024,F015,T1,114.0,28,387.6,1,1,0
F024,F015,T2,114.0,32,285.0,1,1,0
F024,F015,T3,114.0,36,330.6,1,1,0
F024,F016,T1,67.0,17,227.8,1,1,0
F024,F016,T2,67.0,19,167.5,1,1,0
F024,F016,T3,67.0,22,194.3,1,1,0
F024,F017,T1,86.0,21,292.4,1,1,0
F024,F017,T2,86.0,24,215.0,1,1,0
F024,F017,T3,86.0,28,249.4,1,1,0
F024,F018,T1,73.0,18,248.2,1,1,1
F024,F018,T2,73.0,20,182.5,1,1,1
F024,F018,T3,73.0,24,211.7,1,1,1
F024,F019,T1,30.0,8,102.0,1,1,0
F024,F019,T2,30.0,9,75.0,1,1,0
F024,F019,T3,30.0,10,87.0,1,1,0
F024,F020,T1,57.0,14,193.8,1,1,0
F024,F020,T2,57.0,16,142.5,1,1,0
F024,F020,T3,57.0,18,165.3,1,1,0
F024,F021,T1,32.0,8,108.8,1,1,0
F024,F021,T2,32.0,9,80.0,1,1,0
F024,F021,T3,32.0,11,92.8,1,1,0
F024,F022,T1,43.0,11,146.2,1,1,0
F024,F022,T2,43.0,12,107.5,1,1,0
F024,F022,T3,43.0,14,124.7,1,1,0
F024,F023,T1,87.0,21,295.8,1,1,0
F024,F023,T2,87.0,24,217.5,1,1,0
F024,F023,T3,87.0,28,252.3,1,1,0
F024,F025,T1,39.0,10,132.6,1,1,0
F024,F025,T2,39.0,11,97.5,1,1,0
F024,F025,T3,39.0,13,113.1,1,1,0
F024,F026,T1,62.0,15,210.8,1,1,0
F024,F026,T2,62.0,17,155.0,1,1,0
F024,F026,T3,62.0,20,179.8,1,1,0
F024,F027,T1,20.0,5,68.0,1,1,0
F024,F027,T2,20.0,6,50.0,1,1,0
F024,F027,T3,20.0,7,58.0,1,1,0
F024,F028,T1,137.0,33,465.8,1,1,0
F024,F028,T2,137.0,38,342.5,1,1,0
F024,F028,T3,137.0,44,397.3,1,1,0
F024,F029,T1,16.0,4,54.4,1,1,0
F024,F029,T2,16.0,5,40.0,1,1,0
F024,F029,T3,16.0,6,46.4,1,1,0
F024,F030,T1,105.0,26,357.0,1,1,0
F024,F030,T2,105.0,29,262.5,1,1,0
F024,F030,T3,105.0,34,304.5,1,1,0
F024,F031,T1,75.0,18,255.0,1,1,1
F024,F031,T2,75.0,21,187.5,1,1,1
F024,F031,T3,75.0,24,217.5,1,1,1
F024,F032,T1,90.0,22,306.0,1,1,0
F024,F032,T2,90.0,25,225.0,1,1,0
F024,F032,T3,90.0,29,261.0,1,1,0
F024,F033,T1,40.0,10,136.0,1,1,0
F024,F033,T2,40.0,11,100.0,1,1,0
F024,F033,T3,40.0,13,116.0,1,1,0
F024,F034,T1,38.0,10,129.2,1,1,0
F024,F034,T2,38.0,11,95.0,1,1,0
F024,F034,T3,38.0,12,110.2,1,1,0
F024,F035,T1,57.0,14,193.8,1,1,0
F024,F035,T2,57.0,16,142.5,1,1,0
F024,F035,T3,57.0,18,165.3,1,1,0
F024,F036,T1,57.0,14,193.8,1,1,0
F024,F036,T2,57.0,16,142.5,1,1,0
F024,F036,T3,57.0,18,165.3,1,1,0
F024,F037,T1,286.0,69,972.4,0,1,0
F024,F037,T2,286.0,78,715.0,1,1,0
F024,F037,T3,286.0,91,829.4,1,1,0
F024,F038,T1,164.0,40,557.6,1,1,1
F024,F038,T2,164.0,45,410.0,1,1,1
F024,F038,T3,164.0,52,475.6,1,1,1
F024,F039,T1,140.0,34,476.0,1,1,0
F024,F039,T2,140.0,39,350.0,1,1,0
F024,F039,T3,140.0,45,406.0,1,1,0
F024,F040,T1,259.0,63,880.6,0,1,0
F024,F040,T2,259.0,71,647.5,1,1,0
F024,F040,T3,259.0,82,751.1,1,1,0
F024,F041,T1,207.0,50,703.8,1,1,0
F024,F041,T2,207.0,57,517.5,1,1,0
F024,F041,T3,207.0,66,600.3,1,1,0
F024,F042,T1,283.0,68,962.2,0,1,0
F024,F042,T2,283.0,78,707.5,1,1,0
F024,F042,T3,283.0,90,820.7,1,1,0
F024,F043,T1,211.0,51,717.4,1,1,0
F024,F043,T2,211.0,58,527.5,1,1,0
F024,F043,T3,211.0,67,611.9,1,1,0
F024,F044,T1,232.0,56,788.8,1,1,1
F024,F044,T2,232.0,64,580.0,1,1,1
F024,F044,T3,232.0,74,672.8,1,1,1
F024,F045,T1,190.0,46,646.0,1,1,0
F024,F045,T2,190.0,52,475.0,1,1,0
F024,F045,T3,190.0,60,551.0,1,1,0
F024,F046,T1,98.0,24,333.2,1,1,0
F024,F046,T2,98.0,27,245.0,1,1,0
F024,F046,T3,98.0,31,284.2,1,1,0
F024,F047,T1,97.0,24,329.8,1,1,0
F024,F047,T2,97.0,27,242.5,1,1,0
F024,F047,T3,97.0,31,281.3,1,1,0
F024,F048,T1,147.0,36,499.8,1,1,0
F024,F048,T2,147.0,41,367.5,1,1,0
F024,F048,T3,147.0,47,426.3,1,1,0
F024,F049,T1,113.0,28,384.2,1,1,0
F024,F049,T2,113.0,31,282.5,1,1,0
F024,F049,T3,113.0,36,327.7,1,1,0
F024,F050,T1,322.0,78,1094.8,0,1,1
F024,F050,T2,322.0,88,805.0,1,1,1
F024,F050,T3,322.0,102,933.8,1,1,1
F024,F051,T1,177.0,43,601.8,1,1,0
F024,F051,T2,177.0,49,442.5,1,1,0
F024,F051,T3,177.0,56,513.3,1,1,0
F024,F052,T1,130.0,32,442.0,1,1,0
F024,F052,T2,130.0,36,325.0,1,1,0
F024,F052,T3,130.0,42,377.0,1,1,0
F025,A01,T1,202.0,49,686.8,1,0,0
F025,A01,T2,202.0,56,505.0,1,0,0
F025,A01,T3,202.0,64,585.8,1,0,0
F025,A02,T1,203.0,49,690.2,1,0,0
F025,A02,T2,203.0,56,507.5,1,0,0
F025,A02,T3,203.0,65,588.7,1,0,0
F025,A03,T1,223.0,54,758.2,1,0,0
F025,A03,T2,223.0,61,557.5,1,0,0
F025,A03,T3,223.0,71,646.7,1,0,0
F025,F001,T1,89.0,22,302.6,1,0,0
F025,F001,T2,89.0,25,222.5,1,0,0
F025,F001,T3,89.0,29,258.1,1,0,0
F025,F002,T1,266.0,64,904.4,0,0,0
F025,F002,T2,266.0,73,665.0,1,0,0
F025,F002,T3,266.0,84,771.4,1,0,0
F025,F003,T1,213.0,52,724.2,1,0,0
F025,F003,T2,213.0,59,532.5,1,0,0
F025,F003,T3,213.0,68,617.7,1,0,0
F025,F004,T1,233.0,56,792.2,1,0,0
F025,F004,T2,233.0,64,582.5,1,0,0
F025,F004,T3,233.0,74,675.7,1,0,0
F025,F005,T1,120.0,29,408.0,1,0,0
F025,F005,T2,120.0,33,300.0,1,0,0
F025,F005,T3,120.0,38,348.0,1,0,0
F025,F006,T1,248.0,60,843.2,1,0,1
F025,F006,T2,248.0,68,620.0,1,0,1
F025,F006,T3,248.0,79,719.2,1,0,1
F025,F007,T1,257.0,62,873.8,0,0,0
F025,F007,T2,257.0,71,642.5,1,0,0
F025,F007,T3,257.0,82,745.3,1,0,0
F025,F008,T1,208.0,50,707.2,1,0,0
F025,F008,T2,208.0,57,520.0,1,0,0
F025,F008,T3,208.0,66,603.2,1,0,0
F025,F009,T1,166.0,40,564.4,1,0,0
F025,F009,T2,166.0,46,415.0,1,0,0
F025,F009,T3,166.0,53,481.4,1,0,0
F025,F010,T1,221.0,54,751.4,1,0,0
F025,F010,T2,221.0,61,552.5,1,0,0
F025,F010,T3,221.0,70,640.9,1,0,0
F025,F011,T1,175.0,42,595.0,1,0,1
F025,F011,T2,175.0,48,437.5,1,0,1
F025,F011,T3,175.0,56,507.5,1,0,1
F025,F012,T1,124.0,30,421.6,1,0,0
F025,F012,T2,124.0,34,310.0,1,0,0
F025,F012,T3,124.0,40,359.6,1,0,0
F025,F013,T1,289.0,70,982.6,0,0,0
F025,F013,T2,289.0,79,722.5,1,0,0
F025,F013,T3,289.0,92,838.1,1,0,0
F025,F014,T1,141.0,34,479.4,1,0,0
F025,F014,T2,141.0,39,352.5,1,0,0
F025,F014,T3,141.0,45,408.9,1,0,0
F025,F015,T1,144.0,35,489.6,1,0,0
F025,F015,T2,144.0,40,360.0,1,0,0
F025,F015,T3,144.0,46,417.6,1,0,0
F025,F016,T1,96.0,24,326.4,1,0,0
F025,F016,T2,96.0,27,240.0,1,0,0
F025,F016,T3,96.0,31,278.4,1,0,0
F025,F017,T1,105.0,26,357.0,1,0,0
F025,F017,T2,105.0,29,262.5,1,0,0
F025,F017,T3,105.0,34,304.5,1,0,0
F025,F018,T1,106.0,26,360.4,1,0,1
F025,F018,T2,106.0,29,265.0,1,0,1
F025,F018,T3,106.0,34,307.4,1,0,1
F025,F019,T1,66.0,16,224.4,1,0,0
F025,F019,T2,66.0,18,165.0,1,0,0
F025,F019,T3,66.0,21,191.4,1,0,0
F025,F020,T1,80.0,20,272.0,1,0,0
F025,F020,T2,80.0,22,200.0,1,0,0
F025,F020,T3,80.0,26,232.0,1,0,0
F025,F021,T1,17.0,5,57.8,1,0,0
F025,F021,T2,17.0,5,42.5,1,0,0
F025,F021,T3,17.0,6,49.3,1,0,0
F025,F022,T1,75.0,18,255.0,1,0,0
F025,F022,T2,75.0,21,187.5,1,0,0
F025,F022,T3,75.0,24,217.5,1,0,0
F025,F023,T1,70.0,17,238.0,1,0,0
F025,F023,T2,70.0,20,175.0,1,0,0
F025,F023,T3,70.0,23,203.0,1,0,0
F025,F024,T1,39.0,10,132.6,1,0,1
F025,F024,T2,39.0,11,97.5,1,0,1
F025,F024,T3,39.0,13,113.1,1,0,1
F025,F026,T1,97.0,24,329.8,1,0,0
F025,F026,T2,97.0,27,242.5,1,0,0
F025,F026,T3,97.0,31,281.3,1,0,0
F025,F027,T1,34.0,9,115.6,1,0,0
F025,F027,T2,34.0,10,85.0,1,0,0
F025,F027,T3,34.0,11,98.6,1,0,0
F025,F028,T1,171.0,42,581.4,1,0,0
F025,F028,T2,171.0,47,427.5,1,0,0
F025,F028,T3,171.0,54,495.9,1,0,0
F025,F029,T1,24.0,6,81.6,1,0,0
F025,F029,T2,24.0,7,60.0,1,0,0
F025,F029,T3,24.0,8,69.6,1,0,0
F025,F030,T1,128.0,31,435.2,1,0,0
F025,F030,T2,128.0,35,320.0,1,0,0
F025,F030,T3,128.0,41,371.2,1,0,0
F025,F031,T1,50.0,12,170.0,1,0,1
F025,F031,T2,50.0,14,125.0,1,0,1
F025,F031,T3,50.0,16,145.0,1,0,1
F025,F032,T1,79.0,19,268.6,1,0,0
F025,F032,T2,79.0,22,197.5,1,0,0
F025,F032,T3,79.0,25,229.1,1,0,0
F025,F033,T1,80.0,20,272.0,1,0,0
F025,F033,T2,80.0,22,200.0,1,0,0
F025,F033,T3,80.0,26,232.0,1,0,0
F025,F034,T1,71.0,18,241.4,1,0,0
F025,F034,T2,71.0,20,177.5,1,0,0
F025,F034,T3,71.0,23,205.9,1,0,0
F025,F035,T1,57.0,14,193.8,1,0,0
F025,F035,T2,57.0,16,142.5,1,0,0
F025,F035,T3,57.0,18,165.3,1,0,0
F025,F036,T1,23.0,6,78.2,1,0,0
F025,F036,T2,23.0,7,57.5,1,0,0
F025,F036,T3,23.0,8,66.7,1,0,0
F025,F037,T1,253.0,61,860.2,0,0,0
F025,F037,T2,253.0,69,632.5,1,0,0
F025,F037,T3,253.0,80,733.7,1,0,0
F025,F038,T1,129.0,31,438.6,1,0,1
F025,F038,T2,129.0,36,322.5,1,0,1
F025,F038,T3,129.0,41,374.1,1,0,1
F025,F039,T1,102.0,25,346.8,1,0,0
F025,F039,T2,102.0,28,255.0,1,0,0
F025,F039,T3,102.0,33,295.8,1,0,0
F025,F040,T1,227.0,55,771.8,1,0,0
F025,F040,T2,227.0,62,567.5,1,0,0
F025,F040,T3,227.0,72,658.3,1,0,0
F025,F041,T1,172.0,42,584.8,1,0,0
F025,F041,T2,172.0,47,430.0,1,0,0
F025,F041,T3,172.0,55,498.8,1,0,0
F025,F042,T1,252.0,61,856.8,0,0,0
F025,F042,T2,252.0,69,630.0,1,0,0
F025,F042,T3,252.0,80,730.8,1,0,0
F025,F043,T1,179.0,43,608.6,1,0,0
F025,F043,T2,179.0,49,447.5,1,0,0
F025,F043,T3,179.0,57,519.1,1,0,0
F025,F044,T1,199.0,48,676.6,1,0,1
F025,F044,T2,199.0,55,497.5,1,0,1
F025,F044,T3,199.0,63,577.1,1,0,1
F025,F045,T1,154.0,37,523.6,1,0,0
F025,F045,T2,154.0,42,385.0,1,0,0
F025,F045,T3,154.0,49,446.6,1,0,0
F025,F046,T1,62.0,15,210.8,1,0,0
F025,F046,T2,62.0,17,155.0,1,0,0
F025,F046,T3,62.0,20,179.8,1,0,0
F025,F047,T1,65.0,16,221.0,1,0,0
F025,F047,T2,65.0,18,162.5,1,0,0
F025,F047,T3,65.0,21,188.5,1,0,0
F025,F048,T1,112.0,27,380.8,1,0,0
F025,F048,T2,112.0,31,280.0,1,0,0
F025,F048,T3,112.0,36,324.8,1,0,0
F025,F049,T1,79.0,19,268.6,1,0,0
F025,F049,T2,79.0,22,197.5,1,0,0
F025,F049,T3,79.0,25,229.1,1,0,0
F025,F050,T1,292.0,71,992.8,0,0,1
F025,F050,T2,292.0,80,730.0,1,0,1
F025,F050,T3,292.0,93,846.8,1,0,1
F025,F051,T1,144.0,35,489.6,1,0,0
F025,F051,T2,144.0,40,360.0,1,0,0
F025,F051,T3,144.0,46,417.6,1,0,0
F025,F052,T1,97.0,24,329.8,1,0,0
F025,F052,T2,97.0,27,242.5,1,0,0
F025,F052,T3,97.0,31,281.3,1,0,0
F026,A01,T1,204.0,49,693.6,1,0,0
F026,A01,T2,204.0,56,510.0,1,0,0
F026,A01,T3,204.0,65,591.6,1,0,0
F026,A02,T1,221.0,54,751.4,1,0,0
F026,A02,T2,221.0,61,552.5,1,0,0
F026,A02,T3,221.0,70,640.9,1,0,0
F026,A03,T1,257.0,62,873.8,0,0,0
F026,A03,T2,257.0,71,642.5,1,0,0
F026,A03,T3,257.0,82,745.3,1,0,0
F026,F001,T1,20.0,5,68.0,1,0,0
F026,F001,T2,20.0,6,50.0,1,0,0
F026,F001,T3,20.0,7,58.0,1,0,0
F026,F002,T1,182.0,44,618.8,1,0,0
F026,F002,T2,182.0,50,455.0,1,0,0
F026,F002,T3,182.0,58,527.8,1,0,0
F026,F003,T1,129.0,31,438.6,1,0,0
F026,F003,T2,129.0,36,322.5,1,0,0
F026,F003,T3,129.0,41,374.1,1,0,0
F026,F004,T1,150.0,36,510.0,1,0,0
F026,F004,T2,150.0,41,375.0,1,0,0
F026,F004,T3,150.0,48,435.0,1,0,0
F026,F005,T1,31.0,8,105.4,1,0,0
F026,F005,T2,31.0,9,77.5,1,0,0
F026,F005,T3,31.0,10,89.9,1,0,0
F026,F006,T1,156.0,38,530.4,1,0,1
F026,F006,T2,156.0,43,390.0,1,0,1
F026,F006,T3,156.0,50,452.4,1,0,1
F026,F007,T1,167.0,41,567.8,1,0,0
F026,F007,T2,167.0,46,417.5,1,0,0
F026,F007,T3,167.0,53,484.3,1,0,0
F026,F008,T1,115.0,28,391.0,1,0,0
F026,F008,T2,115.0,32,287.5,1,0,0
F026,F008,T3,115.0,37,333.5,1,0,0
F026,F009,T1,88.0,22,299.2,1,0,0
F026,F009,T2,88.0,24,220.0,1,0,0
F026,F009,T3,88.0,28,255.2,1,0,0
F026,F010,T1,131.0,32,445.4,1,0,0
F026,F010,T2,131.0,36,327.5,1,0,0
F026,F010,T3,131.0,42,379.9,1,0,0
F026,F011,T1,84.0,21,285.6,1,0,1
F026,F011,T2,84.0,23,210.0,1,0,1
F026,F011,T3,84.0,27,243.6,1,0,1
F026,F012,T1,27.0,7,91.8,1,0,0
F026,F012,T2,27.0,8,67.5,1,0,0
F026,F012,T3,27.0,9,78.3,1,0,0
F026,F013,T1,195.0,47,663.0,1,0,0
F026,F013,T2,195.0,54,487.5,1,0,0
F026,F013,T3,195.0,62,565.5,1,0,0
F026,F014,T1,66.0,16,224.4,1,0,0
F026,F014,T2,66.0,18,165.0,1,0,0
F026,F014,T3,66.0,21,191.4,1,0,0
F026,F015,T1,55.0,14,187.0,1,0,0
F026,F015,T2,55.0,15,137.5,1,0,0
F026,F015,T3,55.0,18,159.5,1,0,0
F026,F016,T1,24.0,6,81.6,1,0,0
F026,F016,T2,24.0,7,60.0,1,0,0
F026,F016,T3,24.0,8,69.6,1,0,0
F026,F017,T1,53.0,13,180.2,1,0,0
F026,F017,T2,53.0,15,132.5,1,0,0
F026,F017,T3,53.0,17,153.7,1,0,0
F026,F018,T1,14.0,4,47.6,1,0,1
F026,F018,T2,14.0,4,35.0,1,0,1
F026,F018,T3,14.0,5,40.6,1,0,1
F026,F019,T1,32.0,8,108.8,1,0,0
F026,F019,T2,32.0,9,80.0,1,0,0
F026,F019,T3,32.0,11,92.8,1,0,0
F026,F020,T1,37.0,9,125.8,1,0,0
F026,F020,T2,37.0,11,92.5,1,0,0
F026,F020,T3,37.0,12,107.3,1,0,0
F026,F021,T1,94.0,23,319.6,1,0,0
F026,F021,T2,94.0,26,235.0,1,0,0
F026,F021,T3,94.0,30,272.6,1,0,0
F026,F022,T1,23.0,6,78.2,1,0,0
F026,F022,T2,23.0,7,57.5,1,0,0
F026,F022,T3,23.0,8,66.7,1,0,0
F026,F023,T1,147.0,36,499.8,1,0,0
F026,F023,T2,147.0,41,367.5,1,0,0
F026,F023,T3,147.0,47,426.3,1,0,0
F026,F024,T1,62.0,15,210.8,1,0,1
F026,F024,T2,62.0,17,155.0,1,0,1
F026,F024,T3,62.0,20,179.8,1,0,1
F026,F025,T1,97.0,24,329.8,1,0,0
F026,F025,T2,97.0,27,242.5,1,0,0
F026,F025,T3,97.0,31,281.3,1,0,0
F026,F027,T1,64.0,16,217.6,1,0,0
F026,F027,T2,64.0,18,160.0,1,0,0
F026,F027,T3,64.0,21,185.6,1,0,0
F026,F028,T1,75.0,18,255.0,1,0,0
F026,F028,T2,75.0,21,187.5,1,0,0
F026,F028,T3,75.0,24,217.5,1,0,0
F026,F029,T1,77.0,19,261.8,1,0,0
F026,F029,T2,77.0,21,192.5,1,0,0
F026,F029,T3,77.0,25,223.3,1,0,0
F026,F030,T1,59.0,15,200.6,1,0,0
F026,F030,T2,59.0,17,147.5,1,0,0
F026,F030,T3,59.0,19,171.1,1,0,0
F026,F031,T1,137.0,33,465.8,1,0,1
F026,F031,T2,137.0,38,342.5,1,0,1
F026,F031,T3,137.0,44,397.3,1,0,1
F026,F032,T1,147.0,36,499.8,1,0,0
F026,F032,T2,147.0,41,367.5,1,0,0
F026,F032,T3,147.0,47,426.3,1,0,0
F026,F033,T1,35.0,9,119.0,1,0,0
F026,F033,T2,35.0,10,87.5,1,0,0
F026,F033,T3,35.0,12,101.5,1,0,0
F026,F034,T1,66.0,16,224.4,1,0,0
F026,F034,T2,66.0,18,165.0,1,0,0
F026,F034,T3,66.0,21,191.4,1,0,0
F026,F035,T1,112.0,27,380.8,1,0,0
F026,F035,T2,112.0,31,280.0,1,0,0
F026,F035,T3,112.0,36,324.8,1,0,0
F026,F036,T1,118.0,29,401.2,1,0,0
F026,F036,T2,118.0,33,295.0,1,0,0
F026,F036,T3,118.0,38,342.2,1,0,0
F026,F037,T1,347.0,84,1179.8,0,0,0
F026,F037,T2,347.0,95,867.5,1,0,0
F026,F037,T3,347.0,110,1006.3,1,0,0
F026,F038,T1,225.0,54,765.0,1,0,1
F026,F038,T2,225.0,62,562.5,1,0,1
F026,F038,T3,225.0,72,652.5,1,0,1
F026,F039,T1,199.0,48,676.6,1,0,0
F026,F039,T2,199.0,55,497.5,1,0,0
F026,F039,T3,199.0,63,577.1,1,0,0
F026,F040,T1,320.0,77,1088.0,0,0,0
F026,F040,T2,320.0,88,800.0,1,0,0
F026,F040,T3,320.0,102,928.0,1,0,0
F026,F041,T1,268.0,65,911.2,0,0,0
F026,F041,T2,268.0,74,670.0,1,0,0
F026,F041,T3,268.0,85,777.2,1,0,0
F026,F042,T1,345.0,83,1173.0,0,0,0
F026,F042,T2,345.0,95,862.5,1,0,0
F026,F042,T3,345.0,109,1000.5,1,0,0
F026,F043,T1,273.0,66,928.2,0,0,0
F026,F043,T2,273.0,75,682.5,1,0,0
F026,F043,T3,273.0,87,791.7,1,0,0
F026,F044,T1,294.0,71,999.6,0,0,1
F026,F044,T2,294.0,81,735.0,1,0,1
F026,F044,T3,294.0,93,852.6,1,0,1
F026,F045,T1,251.0,61,853.4,0,0,0
F026,F045,T2,251.0,69,627.5,1,0,0
F026,F045,T3,251.0,80,727.9,1,0,0
F026,F046,T1,158.0,38,537.2,1,0,0
F026,F046,T2,158.0,44,395.0,1,0,0
F026,F046,T3,158.0,50,458.2,1,0,0
F026,F047,T1,158.0,38,537.2,1,0,0
F026,F047,T2,158.0,44,395.0,1,0,0
F026,F047,T3,158.0,50,458.2,1,0,0
F026,F048,T1,208.0,50,707.2,1,0,0
F026,F048,T2,208.0,57,520.0,1,0,0
F026,F048,T3,208.0,66,603.2,1,0,0
F026,F049,T1,174.0,42,591.6,1,0,0
F026,F049,T2,174.0,48,435.0,1,0,0
F026,F049,T3,174.0,55,504.6,1,0,0
F026,F050,T1,384.0,93,1305.6,0,0,1
F026,F050,T2,384.0,105,960.0,1,0,1
F026,F050,T3,384.0,122,1113.6,1,0,1
F026,F051,T1,238.0,58,809.2,1,0,0
F026,F051,T2,238.0,65,595.0,1,0,0
F026,F051,T3,238.0,76,690.2,1,0,0
F026,F052,T1,191.0,46,649.4,1,0,0
F026,F052,T2,191.0,53,477.5,1,0,0
F026,F052,T3,191.0,61,553.9,1,0,0
F027,A01,T1,191.0,46,649.4,1,0,0
F027,A01,T2,191.0,53,477.5,1,0,0
F027,A01,T3,191.0,61,553.9,1,0,0
F027,A02,T1,198.0,48,673.2,1,0,0
F027,A02,T2,198.0,54,495.0,1,0,0
F027,A02,T3,198.0,63,574.2,1,0,0
F027,A03,T1,225.0,54,765.0,1,0,0
F027,A03,T2,225.0,62,562.5,1,0,0
F027,A03,T3,225.0,72,652.5,1,0,0
F027,F001,T1,59.0,15,200.6,1,0,0
F027,F001,T2,59.0,17,147.5,1,0,0
F027,F001,T3,59.0,19,171.1,1,0,0
F027,F002,T1,233.0,56,792.2,1,0,0
F027,F002,T2,233.0,64,582.5,1,0,0
F027,F002,T3,233.0,74,675.7,1,0,0
F027,F003,T1,180.0,44,612.0,1,0,0
F027,F003,T2,180.0,50,450.0,1,0,0
F027,F003,T3,180.0,57,522.0,1,0,0
F027,F004,T1,200.0,48,680.0,1,0,0
F027,F004,T2,200.0,55,500.0,1,0,0
F027,F004,T3,200.0,64,580.0,1,0,0
F027,F005,T1,87.0,21,295.8,1,0,0
F027,F005,T2,87.0,24,217.5,1,0,0
F027,F005,T3,87.0,28,252.3,1,0,0
F027,F006,T1,214.0,52,727.6,1,0,1
F027,F006,T2,214.0,59,535.0,1,0,1
F027,F006,T3,214.0,68,620.6,1,0,1
F027,F007,T1,223.0,54,758.2,1,0,0
F027,F007,T2,223.0,61,557.5,1,0,0
F027,F007,T3,223.0,71,646.7,1,0,0
F027,F008,T1,175.0,42,595.0,1,0,0
F027,F008,T2,175.0,48,437.5,1,0,0
F027,F008,T3,175.0,56,507.5,1,0,0
F027,F009,T1,133.0,32,452.2,1,0,0
F027,F009,T2,133.0,37,332.5,1,0,0
F027,F009,T3,133.0,42,385.7,1,0,0
F027,F010,T1,187.0,45,635.8,1,0,0
F027,F010,T2,187.0,51,467.5,1,0,0
F027,F010,T3,187.0,60,542.3,1,0,0
F027,F011,T1,141.0,34,479.4,1,0,1
F027,F011,T2,141.0,39,352.5,1,0,1
F027,F011,T3,141.0,45,408.9,1,0,1
F027,F012,T1,91.0,22,309.4,1,0,0
F027,F012,T2,91.0,25,227.5,1,0,0
F027,F012,T3,91.0,29,263.9,1,0,0
F027,F013,T1,256.0,62,870.4,0,0,0
F027,F013,T2,256.0,70,640.0,1,0,0
F027,F013,T3,256.0,81,742.4,1,0,0
F027,F014,T1,109.0,27,370.6,1,0,0
F027,F014,T2,109.0,30,272.5,1,0,0
F027,F014,T3,109.0,35,316.1,1,0,0
F027,F015,T1,111.0,27,377.4,1,0,0
F027,F015,T2,111.0,31,277.5,1,0,0
F027,F015,T3,111.0,36,321.9,1,0,0
F027,F016,T1,62.0,15,210.8,1,0,0
F027,F016,T2,62.0,17,155.0,1,0,0
F027,F016,T3,62.0,20,179.8,1,0,0
F027,F017,T1,74.0,18,251.6,1,0,0
F027,F017,T2,74.0,21,185.0,1,0,0
F027,F017,T3,74.0,24,214.6,1,0,0
F027,F018,T1,73.0,18,248.2,1,0,1
F027,F018,T2,73.0,20,182.5,1,0,1
F027,F018,T3,73.0,24,211.7,1,0,1
F027,F019,T1,34.0,9,115.6,1,0,0
F027,F019,T2,34.0,10,85.0,1,0,0
F027,F019,T3,34.0,11,98.6,1,0,0
F027,F020,T1,47.0,12,159.8,1,0,0
F027,F020,T2,47.0,13,117.5,1,0,0
F027,F020,T3,47.0,15,136.3,1,0,0
F027,F021,T1,37.0,9,125.8,1,0,0
F027,F021,T2,37.0,11,92.5,1,0,0
F027,F021,T3,37.0,12,107.3,1,0,0
F027,F022,T1,42.0,11,142.8,1,0,0
F027,F022,T2,42.0,12,105.0,1,0,0
F027,F022,T3,42.0,14,121.8,1,0,0
F027,F023,T1,97.0,24,329.8,1,0,0
F027,F023,T2,97.0,27,242.5,1,0,0
F027,F023,T3,97.0,31,281.3,1,0,0
F027,F024,T1,20.0,5,68.0,1,0,1
F027,F024,T2,20.0,6,50.0,1,0,1
F027,F024,T3,20.0,7,58.0,1,0,1
F027,F025,T1,34.0,9,115.6,1,0,0
F027,F025,T2,34.0,10,85.0,1,0,0
F027,F025,T3,34.0,11,98.6,1,0,0
F027,F026,T1,64.0,16,217.6,1,0,0
F027,F026,T2,64.0,18,160.0,1,0,0
F027,F026,T3,64.0,21,185.6,1,0,0
F027,F028,T1,137.0,33,465.8,1,0,0
F027,F028,T2,137.0,38,342.5,1,0,0
F027,F028,T3,137.0,44,397.3,1,0,0
F027,F029,T1,22.0,6,74.8,1,0,0
F027,F029,T2,22.0,6,55.0,1,0,0
F027,F029,T3,22.0,7,63.8,1,0,0
F027,F030,T1,96.0,24,326.4,1,0,0
F027,F030,T2,96.0,27,240.0,1,0,0
F027,F030,T3,96.0,31,278.4,1,0,0
F027,F031,T1,80.0,20,272.0,1,0,1
F027,F031,T2,80.0,22,200.0,1,0,1
F027,F031,T3,80.0,26,232.0,1,0,1
F027,F032,T1,101.0,25,343.4,1,0,0
F027,F032,T2,101.0,28,252.5,1,0,0
F027,F032,T3,101.0,32,292.9,1,0,0
F027,F033,T1,53.0,13,180.2,1,0,0
F027,F033,T2,53.0,15,132.5,1,0,0
F027,F033,T3,53.0,17,153.7,1,0,0
F027,F034,T1,58.0,14,197.2,1,0,0
F027,F034,T2,58.0,16,145.0,1,0,0
F027,F034,T3,58.0,19,168.2,1,0,0
F027,F035,T1,71.0,18,241.4,1,0,0
F027,F035,T2,71.0,20,177.5,1,0,0
F027,F035,T3,71.0,23,205.9,1,0,0
F027,F036,T1,56.0,14,190.4,1,0,0
F027,F036,T2,56.0,16,140.0,1,0,0
F027,F036,T3,56.0,18,162.4,1,0,0
F027,F037,T1,287.0,69,975.8,0,0,0
F027,F037,T2,287.0,79,717.5,1,0,0
F027,F037,T3,287.0,91,832.3,1,0,0
F027,F038,T1,163.0,40,554.2,1,0,1
F027,F038,T2,163.0,45,407.5,1,0,1
F027,F038,T3,163.0,52,472.7,1,0,1
F027,F039,T1,134.0,33,455.6,1,0,0
F027,F039,T2,134.0,37,335.0,1,0,0
F027,F039,T3,134.0,43,388.6,1,0,0
F027,F040,T1,260.0,63,884.0,0,0,0
F027,F040,T2,260.0,71,650.0,1,0,0
F027,F040,T3,260.0,83,754.0,1,0,0
F027,F041,T1,205.0,50,697.0,1,0,0
F027,F041,T2,205.0,56,512.5,1,0,0
F027,F041,T3,205.0,65,594.5,1,0,0
F027,F042,T1,286.0,69,972.4,0,0,0
F027,F042,T2,286.0,78,715.0,1,0,0
F027,F042,T3,286.0,91,829.4,1,0,0
F027,F043,T1,212.0,51,720.8,1,0,0
F027,F043,T2,212.0,58,530.0,1,0,0
F027,F043,T3,212.0,67,614.8,1,0,0
F027,F044,T1,233.0,56,792.2,1,0,1
F027,F044,T2,233.0,64,582.5,1,0,1
F027,F044,T3,233.0,74,675.7,1,0,1
F027,F045,T1,187.0,45,635.8,1,0,0
F027,F045,T2,187.0,51,467.5,1,0,0
F027,F045,T3,187.0,60,542.3,1,0,0
F027,F046,T1,96.0,24,326.4,1,0,0
F027,F046,T2,96.0,27,240.0,1,0,0
F027,F046,T3,96.0,31,278.4,1,0,0
F027,F047,T1,98.0,24,333.2,1,0,0
F027,F047,T2,98.0,27,245.0,1,0,0
F027,F047,T3,98.0,31,284.2,1,0,0
F027,F048,T1,146.0,36,496.4,1,0,0
F027,F048,T2,146.0,40,365.0,1,0,0
F027,F048,T3,146.0,47,423.4,1,0,0
F027,F049,T1,112.0,27,380.8,1,0,0
F027,F049,T2,112.0,31,280.0,1,0,0
F027,F049,T3,112.0,36,324.8,1,0,0
F027,F050,T1,325.0,78,1105.0,0,0,1
F027,F050,T2,325.0,89,812.5,1,0,1
F027,F050,T3,325.0,103,942.5,1,0,1
F027,F051,T1,177.0,43,601.8,1,0,0
F027,F051,T2,177.0,49,442.5,1,0,0
F027,F051,T3,177.0,56,513.3,1,0,0
F027,F052,T1,131.0,32,445.4,1,0,0
F027,F052,T2,131.0,36,327.5,1,0,0
F027,F052,T3,131.0,42,379.9,1,0,0
F028,A01,T1,217.0,53,737.8,1,0,0
F028,A01,T2,217.0,60,542.5,1,0,0
F028,A01,T3,217.0,69,629.3,1,0,0
F028,A02,T1,243.0,59,826.2,1,0,0
F028,A02,T2,243.0,67,607.5,1,0,0
F028,A02,T3,243.0,77,704.7,1,0,0
F028,A03,T1,287.0,69,975.8,0,0,0
F028,A03,T2,287.0,79,717.5,1,0,0
F028,A03,T3,287.0,91,832.3,1,0,0
F028,F001,T1,91.0,22,309.4,1,0,0
F028,F001,T2,91.0,25,227.5,1,0,0
F028,F001,T3,91.0,29,263.9,1,0,0
F028,F002,T1,114.0,28,387.6,1,0,0
F028,F002,T2,114.0,32,285.0,1,0,0
F028,F002,T3,114.0,36,330.6,1,0,0
F028,F003,T1,67.0,17,227.8,1,0,0
F028,F003,T2,67.0,19,167.5,1,0,0
F028,F003,T3,67.0,22,194.3,1,0,0
F028,F004,T1,86.0,21,292.4,1,0,0
F028,F004,T2,86.0,24,215.0,1,0,0
F028,F004,T3,86.0,28,249.4,1,0,0
F028,F005,T1,51.0,13,173.4,1,0,0
F028,F005,T2,51.0,14,127.5,1,0,0
F028,F005,T3,51.0,17,147.9,1,0,0
F028,F006,T1,83.0,20,282.2,1,0,1
F028,F006,T2,83.0,23,207.5,1,0,1
F028,F006,T3,83.0,27,240.7,1,0,1
F028,F007,T1,95.0,23,323.0,1,0,0
F028,F007,T2,95.0,26,237.5,1,0,0
F028,F007,T3,95.0,30,275.5,1,0,0
F028,F008,T1,41.0,10,139.4,1,0,0
F028,F008,T2,41.0,12,102.5,1,0,0
F028,F008,T3,41.0,13,118.9,1,0,0
F028,F009,T1,52.0,13,176.8,1,0,0
F028,F009,T2,52.0,15,130.0,1,0,0
F028,F009,T3,52.0,17,150.8,1,0,0
F028,F010,T1,59.0,15,200.6,1,0,0
F028,F010,T2,59.0,17,147.5,1,0,0
F028,F010,T3,59.0,19,171.1,1,0,0
F028,F011,T1,20.0,5,68.0,1,0,1
F028,F011,T2,20.0,6,50.0,1,0,1
F028,F011,T3,20.0,7,58.0,1,0,1
F028,F012,T1,49.0,12,166.6,1,0,0
F028,F012,T2,49.0,14,122.5,1,0,0
F028,F012,T3,49.0,16,142.1,1,0,0
F028,F013,T1,120.0,29,408.0,1,0,0
F028,F013,T2,120.0,33,300.0,1,0,0
F028,F013,T3,120.0,38,348.0,1,0,0
F028,F014,T1,55.0,14,187.0,1,0,0
F028,F014,T2,55.0,15,137.5,1,0,0
F028,F014,T3,55.0,18,159.5,1,0,0
F028,F015,T1,32.0,8,108.8,1,0,0
F028,F015,T2,32.0,9,80.0,1,0,0
F028,F015,T3,32.0,11,92.8,1,0,0
F028,F016,T1,77.0,19,261.8,1,0,0
F028,F016,T2,77.0,21,192.5,1,0,0
F028,F016,T3,77.0,25,223.3,1,0,0
F028,F017,T1,84.0,21,285.6,1,0,0
F028,F017,T2,84.0,23,210.0,1,0,0
F028,F017,T3,84.0,27,243.6,1,0,0
F028,F018,T1,65.0,16,221.0,1,0,1
F028,F018,T2,65.0,18,162.5,1,0,1
F028,F018,T3,65.0,21,188.5,1,0,1
F028,F019,T1,108.0,26,367.2,1,0,0
F028,F019,T2,108.0,30,270.0,1,0,0
F028,F019,T3,108.0,35,313.2,1,0,0
F028,F020,T1,96.0,24,326.4,1,0,0
F028,F020,T2,96.0,27,240.0,1,0,0
F028,F020,T3,96.0,31,278.4,1,0,0
F028,F021,T1,169.0,41,574.6,1,0,0
F028,F021,T2,169.0,47,422.5,1,0,0
F028,F021,T3,169.0,54,490.1,1,0,0
F028,F022,T1,96.0,24,326.4,1,0,0
F028,F022,T2,96.0,27,240.0,1,0,0
F028,F022,T3,96.0,31,278.4,1,0,0
F028,F023,T1,222.0,54,754.8,1,0,0
F028,F023,T2,222.0,61,555.0,1,0,0
F028,F023,T3,222.0,71,643.8,1,0,0
F028,F024,T1,137.0,33,465.8,1,0,1
F028,F024,T2,137.0,38,342.5,1,0,1
F028,F024,T3,137.0,44,397.3,1,0,1
F028,F025,T1,171.0,42,581.4,1,0,0
F028,F025,T2,171.0,47,427.5,1,0,0
F028,F025,T3,171.0,54,495.9,1,0,0
F028,F026,T1,75.0,18,255.0,1,0,0
F028,F026,T2,75.0,21,187.5,1,0,0
F028,F026,T3,75.0,24,217.5,1,0,0
F028,F027,T1,137.0,33,465.8,1,0,0
F028,F027,T2,137.0,38,342.5,1,0,0
F028,F027,T3,137.0,44,397.3,1,0,0
F028,F029,T1,152.0,37,516.8,1,0,0
F028,F029,T2,152.0,42,380.0,1,0,0
F028,F029,T3,152.0,48,440.8,1,0,0
F028,F030,T1,65.0,16,221.0,1,0,0
F028,F030,T2,65.0,18,162.5,1,0,0
F028,F030,T3,65.0,21,188.5,1,0,0
F028,F031,T1,212.0,51,720.8,1,0,1
F028,F031,T2,212.0,58,530.0,1,0,1
F028,F031,T3,212.0,67,614.8,1,0,1
F028,F032,T1,221.0,54,751.4,1,0,0
F028,F032,T2,221.0,61,552.5,1,0,0
F028,F032,T3,221.0,70,640.9,1,0,0
F028,F033,T1,106.0,26,360.4,1,0,0
F028,F033,T2,106.0,29,265.0,1,0,0
F028,F033,T3,106.0,34,307.4,1,0,0
F028,F034,T1,136.0,33,462.4,1,0,0
F028,F034,T2,136.0,38,340.0,1,0,0
F028,F034,T3,136.0,43,394.4,1,0,0
F028,F035,T1,186.0,45,632.4,1,0,0
F028,F035,T2,186.0,51,465.0,1,0,0
F028,F035,T3,186.0,59,539.4,1,0,0
F028,F036,T1,192.0,47,652.8,1,0,0
F028,F036,T2,192.0,53,480.0,1,0,0
F028,F036,T3,192.0,61,556.8,1,0,0
F028,F037,T1,423.0,102,1438.2,0,0,0
F028,F037,T2,423.0,116,1057.5,0,0,0
F028,F037,T3,423.0,134,1226.7,1,0,0
F028,F038,T1,300.0,72,1020.0,0,0,1
F028,F038,T2,300.0,82,750.0,1,0,1
F028,F038,T3,300.0,95,870.0,1,0,1
F028,F039,T1,271.0,66,921.4,0,0,0
F028,F039,T2,271.0,74,677.5,1,0,0
F028,F039,T3,271.0,86,785.9,1,0,0
F028,F040,T1,396.0,96,1346.4,0,0,0
F028,F040,T2,396.0,108,990.0,1,0,0
F028,F040,T3,396.0,126,1148.4,1,0,0
F028,F041,T1,342.0,83,1162.8,0,0,0
F028,F041,T2,342.0,94,855.0,1,0,0
F028,F041,T3,342.0,108,991.8,1,0,0
F028,F042,T1,420.0,101,1428.0,0,0,0
F028,F042,T2,420.0,115,1050.0,0,0,0
F028,F042,T3,420.0,133,1218.0,1,0,0
F028,F043,T1,348.0,84,1183.2,0,0,0
F028,F043,T2,348.0,95,870.0,1,0,0
F028,F043,T3,348.0,110,1009.2,1,0,0
F028,F044,T1,369.0,89,1254.6,0,0,1
F028,F044,T2,369.0,101,922.5,1,0,1
F028,F044,T3,369.0,117,1070.1,1,0,1
F028,F045,T1,325.0,78,1105.0,0,0,0
F028,F045,T2,325.0,89,812.5,1,0,0
F028,F045,T3,325.0,103,942.5,1,0,0
F028,F046,T1,233.0,56,792.2,1,0,0
F028,F046,T2,233.0,64,582.5,1,0,0
F028,F046,T3,233.0,74,675.7,1,0,0
F028,F047,T1,233.0,56,792.2,1,0,0
F028,F047,T2,233.0,64,582.5,1,0,0
F028,F047,T3,233.0,74,675.7,1,0,0
F028,F048,T1,283.0,68,962.2,0,0,0
F028,F048,T2,283.0,78,707.5,1,0,0
F028,F048,T3,283.0,90,820.7,1,0,0
F028,F049,T1,249.0,60,846.6,1,0,0
F028,F049,T2,249.0,68,622.5,1,0,0
F028,F049,T3,249.0,79,722.1,1,0,0
F028,F050,T1,459.0,111,1560.6,0,0,1
F028,F050,T2,459.0,126,1147.5,0,0,1
F028,F050,T3,459.0,145,1331.1,1,0,1
F028,F051,T1,314.0,76,1067.6,0,0,0
F028,F051,T2,314.0,86,785.0,1,0,0
F028,F051,T3,314.0,100,910.6,1,0,0
F028,F052,T1,266.0,64,904.4,0,0,0
F028,F052,T2,266.0,73,665.0,1,0,0
F028,F052,T3,266.0,84,771.4,1,0,0
F029,A01,T1,211.0,51,717.4,1,0,0
F029,A01,T2,211.0,58,527.5,1,0,0
F029,A01,T3,211.0,67,611.9,1,0,0
F029,A02,T1,216.0,52,734.4,1,0,0
F029,A02,T2,216.0,59,540.0,1,0,0
F029,A02,T3,216.0,69,626.4,1,0,0
F029,A03,T1,239.0,58,812.6,1,0,0
F029,A03,T2,239.0,66,597.5,1,0,0
F029,A03,T3,239.0,76,693.1,1,0,0
F029,F001,T1,67.0,17,227.8,1,0,0
F029,F001,T2,67.0,19,167.5,1,0,0
F029,F001,T3,67.0,22,194.3,1,0,0
F029,F002,T1,253.0,61,860.2,0,0,0
F029,F002,T2,253.0,69,632.5,1,0,0
F029,F002,T3,253.0,80,733.7,1,0,0
F029,F003,T1,200.0,48,680.0,1,0,0
F029,F003,T2,200.0,55,500.0,1,0,0
F029,F003,T3,200.0,64,580.0,1,0,0
F029,F004,T1,220.0,53,748.0,1,0,0
F029,F004,T2,220.0,60,550.0,1,0,0
F029,F004,T3,220.0,70,638.0,1,0,0
F029,F005,T1,103.0,25,350.2,1,0,0
F029,F005,T2,103.0,29,257.5,1,0,0
F029,F005,T3,103.0,33,298.7,1,0,0
F029,F006,T1,232.0,56,788.8,1,0,1
F029,F006,T2,232.0,64,580.0,1,0,1
F029,F006,T3,232.0,74,672.8,1,0,1
F029,F007,T1,241.0,58,819.4,1,0,0
F029,F007,T2,241.0,66,602.5,1,0,0
F029,F007,T3,241.0,77,698.9,1,0,0
F029,F008,T1,191.0,46,649.4,1,0,0
F029,F008,T2,191.0,53,477.5,1,0,0
F029,F008,T3,191.0,61,553.9,1,0,0
F029,F009,T1,153.0,37,520.2,1,0,0
F029,F009,T2,153.0,42,382.5,1,0,0
F029,F009,T3,153.0,49,443.7,1,0,0
F029,F010,T1,205.0,50,697.0,1,0,0
F029,F010,T2,205.0,56,512.5,1,0,0
F029,F010,T3,205.0,65,594.5,1,0,0
F029,F011,T1,159.0,39,540.6,1,0,1
F029,F011,T2,159.0,44,397.5,1,0,1
F029,F011,T3,159.0,51,461.1,1,0,1
F029,F012,T1,104.0,25,353.6,1,0,0
F029,F012,T2,104.0,29,260.0,1,0,0
F029,F012,T3,104.0,33,301.6,1,0,0
F029,F013,T1,272.0,66,924.8,0,0,0
F029,F013,T2,272.0,75,680.0,1,0,0
F029,F013,T3,272.0,86,788.8,1,0,0
F029,F014,T1,129.0,31,438.6,1,0,0
F029,F014,T2,129.0,36,322.5,1,0,0
F029,F014,T3,129.0,41,374.1,1,0,0
F029,F015,T1,128.0,31,435.2,1,0,0
F029,F015,T2,128.0,35,320.0,1,0,0
F029,F015,T3,128.0,41,371.2,1,0,0
F029,F016,T1,81.0,20,275.4,1,0,0
F029,F016,T2,81.0,23,202.5,1,0,0
F029,F016,T3,81.0,26,234.9,1,0,0
F029,F017,T1,96.0,24,326.4,1,0,0
F029,F017,T2,96.0,27,240.0,1,0,0
F029,F017,T3,96.0,31,278.4,1,0,0
F029,F018,T1,88.0,22,299.2,1,0,1
F029,F018,T2,88.0,24,220.0,1,0,1
F029,F018,T3,88.0,28,255.2,1,0,1
F029,F019,T1,45.0,11,153.0,1,0,0
F029,F019,T2,45.0,13,112.5,1,0,0
F029,F019,T3,45.0,15,130.5,1,0,0
F029,F020,T1,68.0,17,231.2,1,0,0
F029,F020,T2,68.0,19,170.0,1,0,0
F029,F020,T3,68.0,22,197.2,1,0,0
F029,F021,T1,17.0,5,57.8,1,0,0
F029,F021,T2,17.0,5,42.5,1,0,0
F029,F021,T3,17.0,6,49.3,1,0,0
F029,F022,T1,57.0,14,193.8,1,0,0
F029,F022,T2,57.0,16,142.5,1,0,0
F029,F022,T3,57.0,18,165.3,1,0,0
F029,F023,T1,75.0,18,255.0,1,0,0
F029,F023,T2,75.0,21,187.5,1,0,0
F029,F023,T3,75.0,24,217.5,1,0,0
F029,F024,T1,16.0,4,54.4,1,0,1
F029,F024,T2,16.0,5,40.0,1,0,1
F029,F024,T3,16.0,6,46.4,1,0,1
F029,F025,T1,24.0,6,81.6,1,0,0
F029,F025,T2,24.0,7,60.0,1,0,0
F029,F025,T3,24.0,8,69.6,1,0,0
F029,F026,T1,77.0,19,261.8,1,0,0
F029,F026,T2,77.0,21,192.5,1,0,0
F029,F026,T3,77.0,25,223.3,1,0,0
F029,F027,T1,22.0,6,74.8,1,0,0
F029,F027,T2,22.0,6,55.0,1,0,0
F029,F027,T3,22.0,7,63.8,1,0,0
F029,F028,T1,152.0,37,516.8,1,0,0
F029,F028,T2,152.0,42,380.0,1,0,0
F029,F028,T3,152.0,48,440.8,1,0,0
F029,F030,T1,117.0,29,397.8,1,0,0
F029,F030,T2,117.0,32,292.5,1,0,0
F029,F030,T3,117.0,37,339.3,1,0,0
F029,F031,T1,60.0,15,204.0,1,0,1
F029,F031,T2,60.0,17,150.0,1,0,1
F029,F031,T3,60.0,19,174.0,1,0,1
F029,F032,T1,79.0,19,268.6,1,0,0
F029,F032,T2,79.0,22,197.5,1,0,0
F029,F032,T3,79.0,25,229.1,1,0,0
F029,F033,T1,56.0,14,190.4,1,0,0
F029,F033,T2,56.0,16,140.0,1,0,0
F029,F033,T3,56.0,18,162.4,1,0,0
F029,F034,T1,48.0,12,163.2,1,0,0
F029,F034,T2,48.0,14,120.0,1,0,0
F029,F034,T3,48.0,16,139.2,1,0,0
F029,F035,T1,49.0,12,166.6,1,0,0
F029,F035,T2,49.0,14,122.5,1,0,0
F029,F035,T3,49.0,16,142.1,1,0,0
F029,F036,T1,41.0,10,139.4,1,0,0
F029,F036,T2,41.0,12,102.5,1,0,0
F029,F036,T3,41.0,13,118.9,1,0,0
F029,F037,T1,270.0,65,918.0,0,0,0
F029,F037,T2,270.0,74,675.0,1,0,0
F029,F037,T3,270.0,86,783.0,1,0,0
F029,F038,T1,148.0,36,503.2,1,0,1
F029,F038,T2,148.0,41,370.0,1,0,1
F029,F038,T3,148.0,47,429.2,1,0,1
F029,F039,T1,124.0,30,421.6,1,0,0
F029,F039,T2,124.0,34,310.0,1,0,0
F029,F039,T3,124.0,40,359.6,1,0,0
F029,F040,T1,243.0,59,826.2,1,0,0
F029,F040,T2,243.0,67,607.5,1,0,0
F029,F040,T3,243.0,77,704.7,1,0,0
F029,F041,T1,191.0,46,649.4,1,0,0
F029,F041,T2,191.0,53,477.5,1,0,0
F029,F041,T3,191.0,61,553.9,1,0,0
F029,F042,T1,268.0,65,911.2,0,0,0
F029,F042,T2,268.0,74,670.0,1,0,0
F029,F042,T3,268.0,85,777.2,1,0,0
F029,F043,T1,196.0,48,666.4,1,0,0
F029,F043,T2,196.0,54,490.0,1,0,0
F029,F043,T3,196.0,62,568.4,1,0,0
F029,F044,T1,216.0,52,734.4,1,0,1
F029,F044,T2,216.0,59,540.0,1,0,1
F029,F044,T3,216.0,69,626.4,1,0,1
F029,F045,T1,174.0,42,591.6,1,0,0
F029,F045,T2,174.0,48,435.0,1,0,0
F029,F045,T3,174.0,55,504.6,1,0,0
F029,F046,T1,82.0,20,278.8,1,0,0
F029,F046,T2,82.0,23,205.0,1,0,0
F029,F046,T3,82.0,26,237.8,1,0,0
F029,F047,T1,81.0,20,275.4,1,0,0
F029,F047,T2,81.0,23,202.5,1,0,0
F029,F047,T3,81.0,26,234.9,1,0,0
F029,F048,T1,131.0,32,445.4,1,0,0
F029,F048,T2,131.0,36,327.5,1,0,0
F029,F048,T3,131.0,42,379.9,1,0,0
F029,F049,T1,97.0,24,329.8,1,0,0
F029,F049,T2,97.0,27,242.5,1,0,0
F029,F049,T3,97.0,31,281.3,1,0,0
F029,F050,T1,307.0,74,1043.8,0,0,1
F029,F050,T2,307.0,84,767.5,1,0,1
F029,F050,T3,307.0,97,890.3,1,0,1
F029,F051,T1,161.0,39,547.4,1,0,0
F029,F051,T2,161.0,44,402.5,1,0,0
F029,F051,T3,161.0,51,466.9,1,0,0
F029,F052,T1,114.0,28,387.6,1,0,0
F029,F052,T2,114.0,32,285.0,1,0,0
F029,F052,T3,114.0,36,330.6,1,0,0
F030,A01,T1,158.0,38,537.2,1,0,0
F030,A01,T2,158.0,44,395.0,1,0,0
F030,A01,T3,158.0,50,458.2,1,0,0
F030,A02,T1,180.0,44,612.0,1,0,0
F030,A02,T2,180.0,50,450.0,1,0,0
F030,A02,T3,180.0,57,522.0,1,0,0
F030,A03,T1,223.0,54,758.2,1,0,0
F030,A03,T2,223.0,61,557.5,1,0,0
F030,A03,T3,223.0,71,646.7,1,0,0
F030,F001,T1,79.0,19,268.6,1,0,0
F030,F001,T2,79.0,22,197.5,1,0,0
F030,F001,T3,79.0,25,229.1,1,0,0
F030,F002,T1,138.0,34,469.2,1,0,0
F030,F002,T2,138.0,38,345.0,1,0,0
F030,F002,T3,138.0,44,400.2,1,0,0
F030,F003,T1,85.0,21,289.0,1,0,0
F030,F003,T2,85.0,24,212.5,1,0,0
F030,F003,T3,85.0,27,246.5,1,0,0
F030,F004,T1,105.0,26,357.0,1,0,0
F030,F004,T2,105.0,29,262.5,1,0,0
F030,F004,T3,105.0,34,304.5,1,0,0
F030,F005,T1,35.0,9,119.0,1,0,0
F030,F005,T2,35.0,10,87.5,1,0,0
F030,F005,T3,35.0,12,101.5,1,0,0
F030,F006,T1,124.0,30,421.6,1,0,1
F030,F006,T2,124.0,34,310.0,1,0,1
F030,F006,T3,124.0,40,359.6,1,0,1
F030,F007,T1,131.0,32,445.4,1,0,0
F030,F007,T2,131.0,36,327.5,1,0,0
F030,F007,T3,131.0,42,379.9,1,0,0
F030,F008,T1,89.0,22,302.6,1,0,0
F030,F008,T2,89.0,25,222.5,1,0,0
F030,F008,T3,89.0,29,258.1,1,0,0
F030,F009,T1,38.0,10,129.2,1,0,0
F030,F009,T2,38.0,11,95.0,1,0,0
F030,F009,T3,38.0,12,110.2,1,0,0
F030,F010,T1,97.0,24,329.8,1,0,0
F030,F010,T2,97.0,27,242.5,1,0,0
F030,F010,T3,97.0,31,281.3,1,0,0
F030,F011,T1,57.0,14,193.8,1,0,1
F030,F011,T2,57.0,16,142.5,1,0,1
F030,F011,T3,57.0,18,165.3,1,0,1
F030,F012,T1,52.0,13,176.8,1,0,0
F030,F012,T2,52.0,15,130.0,1,0,0
F030,F012,T3,52.0,17,150.8,1,0,0
F030,F013,T1,169.0,41,574.6,1,0,0
F030,F013,T2,169.0,47,422.5,1,0,0
F030,F013,T3,169.0,54,490.1,1,0,0
F030,F014,T1,14.0,4,47.6,1,0,0
F030,F014,T2,14.0,4,35.0,1,0,0
F030,F014,T3,14.0,5,40.6,1,0,0
F030,F015,T1,35.0,9,119.0,1,0,0
F030,F015,T2,35.0,10,87.5,1,0,0
F030,F015,T3,35.0,12,101.5,1,0,0
F030,F016,T1,40.0,10,136.0,1,0,0
F030,F016,T2,40.0,11,100.0,1,0,0
F030,F016,T3,40.0,13,116.0,1,0,0
F030,F017,T1,24.0,6,81.6,1,0,0
F030,F017,T2,24.0,7,60.0,1,0,0
F030,F017,T3,24.0,8,69.6,1,0,0
F030,F018,T1,46.0,12,156.4,1,0,1
F030,F018,T2,46.0,13,115.0,1,0,1
F030,F018,T3,46.0,15,133.4,1,0,1
F030,F019,T1,79.0,19,268.6,1,0,0
F030,F019,T2,79.0,22,197.5,1,0,0
F030,F019,T3,79.0,25,229.1,1,0,0
F030,F020,T1,49.0,12,166.6,1,0,0
F030,F020,T2,49.0,14,122.5,1,0,0
F030,F020,T3,49.0,16,142.1,1,0,0
F030,F021,T1,132.0,32,448.8,1,0,0
F030,F021,T2,132.0,36,330.0,1,0,0
F030,F021,T3,132.0,42,382.8,1,0,0
F030,F022,T1,65.0,16,221.0,1,0,0
F030,F022,T2,65.0,18,162.5,1,0,0
F030,F022,T3,65.0,21,188.5,1,0,0
F030,F023,T1,192.0,47,652.8,1,0,0
F030,F023,T2,192.0,53,480.0,1,0,0
F030,F023,T3,192.0,61,556.8,1,0,0
F030,F024,T1,105.0,26,357.0,1,0,1
F030,F024,T2,105.0,29,262.5,1,0,1
F030,F024,T3,105.0,34,304.5,1,0,1
F030,F025,T1,128.0,31,435.2,1,0,0
F030,F025,T2,128.0,35,320.0,1,0,0
F030,F025,T3,128.0,41,371.2,1,0,0
F030,F026,T1,59.0,15,200.6,1,0,0
F030,F026,T2,59.0,17,147.5,1,0,0
F030,F026,T3,59.0,19,171.1,1,0,0
F030,F027,T1,96.0,24,326.4,1,0,0
F030,F027,T2,96.0,27,240.0,1,0,0
F030,F027,T3,96.0,31,278.4,1,0,0
F030,F028,T1,65.0,16,221.0,1,0,0
F030,F028,T2,65.0,18,162.5,1,0,0
F030,F028,T3,65.0,21,188.5,1,0,0
F030,F029,T1,117.0,29,397.8,1,0,0
F030,F029,T2,117.0,32,292.5,1,0,0
F030,F029,T3,117.0,37,339.3,1,0,0
F030,F031,T1,176.0,43,598.4,1,0,1
F030,F031,T2,176.0,48,440.0,1,0,1
F030,F031,T3,176.0,56,510.4,1,0,1
F030,F032,T1,195.0,47,663.0,1,0,0
F030,F032,T2,195.0,54,487.5,1,0,0
F030,F032,T3,195.0,62,565.5,1,0,0
F030,F033,T1,93.0,23,316.2,1,0,0
F030,F033,T2,93.0,26,232.5,1,0,0
F030,F033,T3,93.0,30,269.7,1,0,0
F030,F034,T1,122.0,30,414.8,1,0,0
F030,F034,T2,122.0,34,305.0,1,0,0
F030,F034,T3,122.0,39,353.8,1,0,0
F030,F035,T1,161.0,39,547.4,1,0,0
F030,F035,T2,161.0,44,402.5,1,0,0
F030,F035,T3,161.0,51,466.9,1,0,0
F030,F036,T1,151.0,37,513.4,1,0,0
F030,F036,T2,151.0,42,377.5,1,0,0
F030,F036,T3,151.0,48,437.9,1,0,0
F030,F037,T1,381.0,92,1295.4,0,0,0
F030,F037,T2,381.0,104,952.5,1,0,0
F030,F037,T3,381.0,121,1104.9,1,0,0
F030,F038,T1,256.0,62,870.4,0,0,1
F030,F038,T2,256.0,70,640.0,1,0,1
F030,F038,T3,256.0,81,742.4,1,0,1
F030,F039,T1,222.0,54,754.8,1,0,0
F030,F039,T2,222.0,61,555.0,1,0,0
F030,F039,T3,222.0,71,643.8,1,0,0
F030,F040,T1,354.0,85,1203.6,0,0,0
F030,F040,T2,354.0,97,885.0,1,0,0
F030,F040,T3,354.0,112,1026.6,1,0,0
F030,F041,T1,296.0,72,1006.4,0,0,0
F030,F041,T2,296.0,81,740.0,1,0,0
F030,F041,T3,296.0,94,858.4,1,0,0
F030,F042,T1,380.0,92,1292.0,0,0,0
F030,F042,T2,380.0,104,950.0,1,0,0
F030,F042,T3,380.0,120,1102.0,1,0,0
F030,F043,T1,306.0,74,1040.4,0,0,0
F030,F043,T2,306.0,84,765.0,1,0,0
F030,F043,T3,306.0,97,887.4,1,0,0
F030,F044,T1,326.0,79,1108.4,0,0,1
F030,F044,T2,326.0,89,815.0,1,0,1
F030,F044,T3,326.0,103,945.4,1,0,1
F030,F045,T1,277.0,67,941.8,0,0,0
F030,F045,T2,277.0,76,692.5,1,0,0
F030,F045,T3,277.0,88,803.3,1,0,0
F030,F046,T1,189.0,46,642.6,1,0,0
F030,F046,T2,189.0,52,472.5,1,0,0
F030,F046,T3,189.0,60,548.1,1,0,0
F030,F047,T1,193.0,47,656.2,1,0,0
F030,F047,T2,193.0,53,482.5,1,0,0
F030,F047,T3,193.0,61,559.7,1,0,0
F030,F048,T1,239.0,58,812.6,1,0,0
F030,F048,T2,239.0,66,597.5,1,0,0
F030,F048,T3,239.0,76,693.1,1,0,0
F030,F049,T1,206.0,50,700.4,1,0,0
F030,F049,T2,206.0,57,515.0,1,0,0
F030,F049,T3,206.0,66,597.4,1,0,0
F030,F050,T1,420.0,101,1428.0,0,0,1
F030,F050,T2,420.0,115,1050.0,0,0,1
F030,F050,T3,420.0,133,1218.0,1,0,1
F030,F051,T1,271.0,66,921.4,0,0,0
F030,F051,T2,271.0,74,677.5,1,0,0
F030,F051,T3,271.0,86,785.9,1,0,0
F030,F052,T1,226.0,55,768.4,1,0,0
F030,F052,T2,226.0,62,565.0,1,0,0
F030,F052,T3,226.0,72,655.4,1,0,0
F031,A01,T1,245.0,59,833.0,1,1,0
F031,A01,T2,245.0,67,612.5,1,1,0
F031,A01,T3,245.0,78,710.5,1,1,0
F031,A02,T1,242.0,59,822.8,1,1,0
F031,A02,T2,242.0,66,605.0,1,1,0
F031,A02,T3,242.0,77,701.8,1,1,0
F031,A03,T1,254.0,61,863.6,0,1,0
F031,A03,T2,254.0,70,635.0,1,1,0
F031,A03,T3,254.0,81,736.6,1,1,0
F031,F001,T1,124.0,30,421.6,1,1,0
F031,F001,T2,124.0,34,310.0,1,1,0
F031,F001,T3,124.0,40,359.6,1,1,0
F031,F002,T1,313.0,76,1064.2,0,1,0
F031,F002,T2,313.0,86,782.5,1,1,0
F031,F002,T3,313.0,99,907.7,1,1,0
F031,F003,T1,260.0,63,884.0,0,1,0
F031,F003,T2,260.0,71,650.0,1,1,0
F031,F003,T3,260.0,83,754.0,1,1,0
F031,F004,T1,280.0,68,952.0,0,1,0
F031,F004,T2,280.0,77,700.0,1,1,0
F031,F004,T3,280.0,89,812.0,1,1,0
F031,F005,T1,164.0,40,557.6,1,1,0
F031,F005,T2,164.0,45,410.0,1,1,0
F031,F005,T3,164.0,52,475.6,1,1,0
F031,F006,T1,292.0,71,992.8,0,1,1
F031,F006,T2,292.0,80,730.0,1,1,1
F031,F006,T3,292.0,93,846.8,1,1,1
F031,F007,T1,302.0,73,1026.8,0,1,0
F031,F007,T2,302.0,83,755.0,1,1,0
F031,F007,T3,302.0,96,875.8,1,1,0
F031,F008,T1,252.0,61,856.8,0,1,0
F031,F008,T2,252.0,69,630.0,1,1,0
F031,F008,T3,252.0,80,730.8,1,1,0
F031,F009,T1,213.0,52,724.2,1,1,0
F031,F009,T2,213.0,59,532.5,1,1,0
F031,F009,T3,213.0,68,617.7,1,1,0
F031,F010,T1,266.0,64,904.4,0,1,0
F031,F010,T2,266.0,73,665.0,1,1,0
F031,F010,T3,266.0,84,771.4,1,1,0
F031,F011,T1,219.0,53,744.6,1,1,1
F031,F011,T2,219.0,60,547.5,1,1,1
F031,F011,T3,219.0,70,635.1,1,1,1
F031,F012,T1,164.0,40,557.6,1,1,0
F031,F012,T2,164.0,45,410.0,1,1,0
F031,F012,T3,164.0,52,475.6,1,1,0
F031,F013,T1,332.0,80,1128.8,0,1,0
F031,F013,T2,332.0,91,830.0,1,1,0
F031,F013,T3,332.0,105,962.8,1,1,0
F031,F014,T1,188.0,46,639.2,1,1,0
F031,F014,T2,188.0,52,470.0,1,1,0
F031,F014,T3,188.0,60,545.2,1,1,0
F031,F015,T1,188.0,46,639.2,1,1,0
F031,F015,T2,188.0,52,470.0,1,1,0
F031,F015,T3,188.0,60,545.2,1,1,0
F031,F016,T1,141.0,34,479.4,1,1,0
F031,F016,T2,141.0,39,352.5,1,1,0
F031,F016,T3,141.0,45,408.9,1,1,0
F031,F017,T1,154.0,37,523.6,1,1,0
F031,F017,T2,154.0,42,385.0,1,1,0
F031,F017,T3,154.0,49,446.6,1,1,0
F031,F018,T1,148.0,36,503.2,1,1,1
F031,F018,T2,148.0,41,370.0,1,1,1
F031,F018,T3,148.0,47,429.2,1,1,1
F031,F019,T1,105.0,26,357.0,1,1,0
F031,F019,T2,105.0,29,262.5,1,1,0
F031,F019,T3,105.0,34,304.5,1,1,0
F031,F020,T1,127.0,31,431.8,1,1,0
F031,F020,T2,127.0,35,317.5,1,1,0
F031,F020,T3,127.0,41,368.3,1,1,0
F031,F021,T1,44.0,11,149.6,1,1,0
F031,F021,T2,44.0,12,110.0,1,1,0
F031,F021,T3,44.0,14,127.6,1,1,0
F031,F022,T1,118.0,29,401.2,1,1,0
F031,F022,T2,118.0,33,295.0,1,1,0
F031,F022,T3,118.0,38,342.2,1,1,0
F031,F023,T1,25.0,6,85.0,1,1,0
F031,F023,T2,25.0,7,62.5,1,1,0
F031,F023,T3,25.0,8,72.5,1,1,0
F031,F024,T1,75.0,18,255.0,1,1,1
F031,F024,T2,75.0,21,187.5,1,1,1
F031,F024,T3,75.0,24,217.5,1,1,1
F031,F025,T1,50.0,12,170.0,1,1,0
F031,F025,T2,50.0,14,125.0,1,1,0
F031,F025,T3,50.0,16,145.0,1,1,0
F031,F026,T1,137.0,33,465.8,1,1,0
F031,F026,T2,137.0,38,342.5,1,1,0
F031,F026,T3,137.0,44,397.3,1,1,0
F031,F027,T1,80.0,20,272.0,1,1,0
F031,F027,T2,80.0,22,200.0,1,1,0
F031,F027,T3,80.0,26,232.0,1,1,0
F031,F028,T1,212.0,51,720.8,1,1,0
F031,F028,T2,212.0,58,530.0,1,1,0
F031,F028,T3,212.0,67,614.8,1,1,0
F031,F029,T1,60.0,15,204.0,1,1,0
F031,F029,T2,60.0,17,150.0,1,1,0
F031,F029,T3,60.0,19,174.0,1,1,0
F031,F030,T1,176.0,43,598.4,1,1,0
F031,F030,T2,176.0,48,440.0,1,1,0
F031,F030,T3,176.0,56,510.4,1,1,0
F031,F032,T1,38.0,10,129.2,1,1,0
F031,F032,T2,38.0,11,95.0,1,1,0
F031,F032,T3,38.0,12,110.2,1,1,0
F031,F033,T1,111.0,27,377.4,1,1,0
F031,F033,T2,111.0,31,277.5,1,1,0
F031,F033,T3,111.0,36,321.9,1,1,0
F031,F034,T1,89.0,22,302.6,1,1,0
F031,F034,T2,89.0,25,222.5,1,1,0
F031,F034,T3,89.0,29,258.1,1,1,0
F031,F035,T1,42.0,11,142.8,1,1,0
F031,F035,T2,42.0,12,105.0,1,1,0
F031,F035,T3,42.0,14,121.8,1,1,0
F031,F036,T1,29.0,7,98.6,1,1,0
F031,F036,T2,29.0,8,72.5,1,1,0
F031,F036,T3,29.0,10,84.1,1,1,0
F031,F037,T1,211.0,51,717.4,1,1,0
F031,F037,T2,211.0,58,527.5,1,1,0
F031,F037,T3,211.0,67,611.9,1,1,0
F031,F038,T1,91.0,22,309.4,1,1,1
F031,F038,T2,91.0,25,227.5,1,1,1
F031,F038,T3,91.0,29,263.9,1,1,1
F031,F039,T1,78.0,19,265.2,1,1,0
F031,F039,T2,78.0,22,195.0,1,1,0
F031,F039,T3,78.0,25,226.2,1,1,0
F031,F040,T1,184.0,45,625.6,1,1,0
F031,F040,T2,184.0,51,460.0,1,1,0
F031,F040,T3,184.0,59,533.6,1,1,0
F031,F041,T1,135.0,33,459.0,1,1,0
F031,F041,T2,135.0,37,337.5,1,1,0
F031,F041,T3,135.0,43,391.5,1,1,0
F031,F042,T1,208.0,50,707.2,1,1,0
F031,F042,T2,208.0,57,520.0,1,1,0
F031,F042,T3,208.0,66,603.2,1,1,0
F031,F043,T1,137.0,33,465.8,1,1,0
F031,F043,T2,137.0,38,342.5,1,1,0
F031,F043,T3,137.0,44,397.3,1,1,0
F031,F044,T1,157.0,38,533.8,1,1,1
F031,F044,T2,157.0,43,392.5,1,1,1
F031,F044,T3,157.0,50,455.3,1,1,1
F031,F045,T1,120.0,29,408.0,1,1,0
F031,F045,T2,120.0,33,300.0,1,1,0
F031,F045,T3,120.0,38,348.0,1,1,0
F031,F046,T1,34.0,9,115.6,1,1,0
F031,F046,T2,34.0,10,85.0,1,1,0
F031,F046,T3,34.0,11,98.6,1,1,0
F031,F047,T1,25.0,6,85.0,1,1,0
F031,F047,T2,25.0,7,62.5,1,1,0
F031,F047,T3,25.0,8,72.5,1,1,0
F031,F048,T1,76.0,19,258.4,1,1,0
F031,F048,T2,76.0,21,190.0,1,1,0
F031,F048,T3,76.0,24,220.4,1,1,0
F031,F049,T1,44.0,11,149.6,1,1,0
F031,F049,T2,44.0,12,110.0,1,1,0
F031,F049,T3,44.0,14,127.6,1,1,0
F031,F050,T1,247.0,60,839.8,1,1,1
F031,F050,T2,247.0,68,617.5,1,1,1
F031,F050,T3,247.0,78,716.3,1,1,1
F031,F051,T1,103.0,25,350.2,1,1,0
F031,F051,T2,103.0,29,257.5,1,1,0
F031,F051,T3,103.0,33,298.7,1,1,0
F031,F052,T1,55.0,14,187.0,1,1,0
F031,F052,T2,55.0,15,137.5,1,1,0
F031,F052,T3,55.0,18,159.5,1,1,0
F032,A01,T1,280.0,68,952.0,0,0,0
F032,A01,T2,280.0,77,700.0,1,0,0
F032,A01,T3,280.0,89,812.0,1,0,0
F032,A02,T1,279.0,67,948.6,0,0,0
F032,A02,T2,279.0,77,697.5,1,0,0
F032,A02,T3,279.0,89,809.1,1,0,0
F032,A03,T1,292.0,71,992.8,0,0,0
F032,A03,T2,292.0,80,730.0,1,0,0
F032,A03,T3,292.0,93,846.8,1,0,0
F032,F001,T1,131.0,32,445.4,1,0,0
F032,F001,T2,131.0,36,327.5,1,0,0
F032,F001,T3,131.0,42,379.9,1,0,0
F032,F002,T1,328.0,79,1115.2,0,0,0
F032,F002,T2,328.0,90,820.0,1,0,0
F032,F002,T3,328.0,104,951.2,1,0,0
F032,F003,T1,275.0,66,935.0,0,0,0
F032,F003,T2,275.0,75,687.5,1,0,0
F032,F003,T3,275.0,87,797.5,1,0,0
F032,F004,T1,296.0,72,1006.4,0,0,0
F032,F004,T2,296.0,81,740.0,1,0,0
F032,F004,T3,296.0,94,858.4,1,0,0
F032,F005,T1,177.0,43,601.8,1,0,0
F032,F005,T2,177.0,49,442.5,1,0,0
F032,F005,T3,177.0,56,513.3,1,0,0
F032,F006,T1,303.0,73,1030.2,0,0,1
F032,F006,T2,303.0,83,757.5,1,0,1
F032,F006,T3,303.0,96,878.7,1,0,1
F032,F007,T1,314.0,76,1067.6,0,0,0
F032,F007,T2,314.0,86,785.0,1,0,0
F032,F007,T3,314.0,100,910.6,1,0,0
F032,F008,T1,262.0,63,890.8,0,0,0
F032,F008,T2,262.0,72,655.0,1,0,0
F032,F008,T3,262.0,83,759.8,1,0,0
F032,F009,T1,230.0,56,782.0,1,0,0
F032,F009,T2,230.0,63,575.0,1,0,0
F032,F009,T3,230.0,73,667.0,1,0,0
F032,F010,T1,278.0,67,945.2,0,0,0
F032,F010,T2,278.0,76,695.0,1,0,0
F032,F010,T3,278.0,88,806.2,1,0,0
F032,F011,T1,231.0,56,785.4,1,0,1
F032,F011,T2,231.0,63,577.5,1,0,1
F032,F011,T3,231.0,73,669.9,1,0,1
F032,F012,T1,173.0,42,588.2,1,0,0
F032,F012,T2,173.0,48,432.5,1,0,0
F032,F012,T3,173.0,55,501.7,1,0,0
F032,F013,T1,340.0,82,1156.0,0,0,0
F032,F013,T2,340.0,93,850.0,1,0,0
F032,F013,T3,340.0,108,986.0,1,0,0
F032,F014,T1,206.0,50,700.4,1,0,0
F032,F014,T2,206.0,57,515.0,1,0,0
F032,F014,T3,206.0,66,597.4,1,0,0
F032,F015,T1,201.0,49,683.4,1,0,0
F032,F015,T2,201.0,55,502.5,1,0,0
F032,F015,T3,201.0,64,582.9,1,0,0
F032,F016,T1,157.0,38,533.8,1,0,0
F032,F016,T2,157.0,43,392.5,1,0,0
F032,F016,T3,157.0,50,455.3,1,0,0
F032,F017,T1,175.0,42,595.0,1,0,0
F032,F017,T2,175.0,48,437.5,1,0,0
F032,F017,T3,175.0,56,507.5,1,0,0
F032,F018,T1,160.0,39,544.0,1,0,1
F032,F018,T2,160.0,44,400.0,1,0,1
F032,F018,T3,160.0,51,464.0,1,0,1
F032,F019,T1,117.0,29,397.8,1,0,0
F032,F019,T2,117.0,32,292.5,1,0,0
F032,F019,T3,117.0,37,339.3,1,0,0
F032,F020,T1,147.0,36,499.8,1,0,0
F032,F020,T2,147.0,41,367.5,1,0,0
F032,F020,T3,147.0,47,426.3,1,0,0
F032,F021,T1,66.0,16,224.4,1,0,0
F032,F021,T2,66.0,18,165.0,1,0,0
F032,F021,T3,66.0,21,191.4,1,0,0
F032,F022,T1,132.0,32,448.8,1,0,0
F032,F022,T2,132.0,36,330.0,1,0,0
F032,F022,T3,132.0,42,382.8,1,0,0
F032,F023,T1,14.0,4,47.6,1,0,0
F032,F023,T2,14.0,4,35.0,1,0,0
F032,F023,T3,14.0,5,40.6,1,0,0
F032,F024,T1,90.0,22,306.0,1,0,1
F032,F024,T2,90.0,25,225.0,1,0,1
F032,F024,T3,90.0,29,261.0,1,0,1
F032,F025,T1,79.0,19,268.6,1,0,0
F032,F025,T2,79.0,22,197.5,1,0,0
F032,F025,T3,79.0,25,229.1,1,0,0
F032,F026,T1,147.0,36,499.8,1,0,0
F032,F026,T2,147.0,41,367.5,1,0,0
F032,F026,T3,147.0,47,426.3,1,0,0
F032,F027,T1,101.0,25,343.4,1,0,0
F032,F027,T2,101.0,28,252.5,1,0,0
F032,F027,T3,101.0,32,292.9,1,0,0
F032,F028,T1,221.0,54,751.4,1,0,0
F032,F028,T2,221.0,61,552.5,1,0,0
F032,F028,T3,221.0,70,640.9,1,0,0
F032,F029,T1,79.0,19,268.6,1,0,0
F032,F029,T2,79.0,22,197.5,1,0,0
F032,F029,T3,79.0,25,229.1,1,0,0
F032,F030,T1,195.0,47,663.0,1,0,0
F032,F030,T2,195.0,54,487.5,1,0,0
F032,F030,T3,195.0,62,565.5,1,0,0
F032,F031,T1,38.0,10,129.2,1,0,1
F032,F031,T2,38.0,11,95.0,1,0,1
F032,F031,T3,38.0,12,110.2,1,0,1
F032,F033,T1,115.0,28,391.0,1,0,0
F032,F033,T2,115.0,32,287.5,1,0,0
F032,F033,T3,115.0,37,333.5,1,0,0
F032,F034,T1,87.0,21,295.8,1,0,0
F032,F034,T2,87.0,24,217.5,1,0,0
F032,F034,T3,87.0,28,252.3,1,0,0
F032,F035,T1,35.0,9,119.0,1,0,0
F032,F035,T2,35.0,10,87.5,1,0,0
F032,F035,T3,35.0,12,101.5,1,0,0
F032,F036,T1,63.0,16,214.2,1,0,0
F032,F036,T2,63.0,18,157.5,1,0,0
F032,F036,T3,63.0,20,182.7,1,0,0
F032,F037,T1,211.0,51,717.4,1,0,0
F032,F037,T2,211.0,58,527.5,1,0,0
F032,F037,T3,211.0,67,611.9,1,0,0
F032,F038,T1,105.0,26,357.0,1,0,1
F032,F038,T2,105.0,29,262.5,1,0,1
F032,F038,T3,105.0,34,304.5,1,0,1
F032,F039,T1,106.0,26,360.4,1,0,0
F032,F039,T2,106.0,29,265.0,1,0,0
F032,F039,T3,106.0,34,307.4,1,0,0
F032,F040,T1,184.0,45,625.6,1,0,0
F032,F040,T2,184.0,51,460.0,1,0,0
F032,F040,T3,184.0,59,533.6,1,0,0
F032,F041,T1,147.0,36,499.8,1,0,0
F032,F041,T2,147.0,41,367.5,1,0,0
F032,F041,T3,147.0,47,426.3,1,0,0
F032,F042,T1,205.0,50,697.0,1,0,0
F032,F042,T2,205.0,56,512.5,1,0,0
F032,F042,T3,205.0,65,594.5,1,0,0
F032,F043,T1,141.0,34,479.4,1,0,0
F032,F043,T2,141.0,39,352.5,1,0,0
F032,F043,T3,141.0,45,408.9,1,0,0
F032,F044,T1,161.0,39,547.4,1,0,1
F032,F044,T2,161.0,44,402.5,1,0,1
F032,F044,T3,161.0,51,466.9,1,0,1
F032,F045,T1,136.0,33,462.4,1,0,0
F032,F045,T2,136.0,38,340.0,1,0,0
F032,F045,T3,136.0,43,394.4,1,0,0
F032,F046,T1,66.0,16,224.4,1,0,0
F032,F046,T2,66.0,18,165.0,1,0,0
F032,F046,T3,66.0,21,191.4,1,0,0
F032,F047,T1,53.0,13,180.2,1,0,0
F032,F047,T2,53.0,15,132.5,1,0,0
F032,F047,T3,53.0,17,153.7,1,0,0
F032,F048,T1,93.0,23,316.2,1,0,0
F032,F048,T2,93.0,26,232.5,1,0,0
F032,F048,T3,93.0,30,269.7,1,0,0
F032,F049,T1,69.0,17,234.6,1,0,0
F032,F049,T2,69.0,19,172.5,1,0,0
F032,F049,T3,69.0,22,200.1,1,0,0
F032,F050,T1,243.0,59,826.2,1,0,1
F032,F050,T2,243.0,67,607.5,1,0,1
F032,F050,T3,243.0,77,704.7,1,0,1
F032,F051,T1,112.0,27,380.8,1,0,0
F032,F051,T2,112.0,31,280.0,1,0,0
F032,F051,T3,112.0,36,324.8,1,0,0
F032,F052,T1,70.0,17,238.0,1,0,0
F032,F052,T2,70.0,20,175.0,1,0,0
F032,F052,T3,70.0,23,203.0,1,0,0
F033,A01,T1,227.0,55,771.8,1,0,0
F033,A01,T2,227.0,62,567.5,1,0,0
F033,A01,T3,227.0,72,658.3,1,0,0
F033,A02,T1,239.0,58,812.6,1,0,0
F033,A02,T2,239.0,66,597.5,1,0,0
F033,A02,T3,239.0,76,693.1,1,0,0
F033,A03,T1,271.0,66,921.4,0,0,0
F033,A03,T2,271.0,74,677.5,1,0,0
F033,A03,T3,271.0,86,785.9,1,0,0
F033,F001,T1,16.0,4,54.4,1,0,0
F033,F001,T2,16.0,5,40.0,1,0,0
F033,F001,T3,16.0,6,46.4,1,0,0
F033,F002,T1,216.0,52,734.4,1,0,0
F033,F002,T2,216.0,59,540.0,1,0,0
F033,F002,T3,216.0,69,626.4,1,0,0
F033,F003,T1,163.0,40,554.2,1,0,0
F033,F003,T2,163.0,45,407.5,1,0,0
F033,F003,T3,163.0,52,472.7,1,0,0
F033,F004,T1,184.0,45,625.6,1,0,0
F033,F004,T2,184.0,51,460.0,1,0,0
F033,F004,T3,184.0,59,533.6,1,0,0
F033,F005,T1,66.0,16,224.4,1,0,0
F033,F005,T2,66.0,18,165.0,1,0,0
F033,F005,T3,66.0,21,191.4,1,0,0
F033,F006,T1,188.0,46,639.2,1,0,1
F033,F006,T2,188.0,52,470.0,1,0,1
F033,F006,T3,188.0,60,545.2,1,0,1
F033,F007,T1,200.0,48,680.0,1,0,0
F033,F007,T2,200.0,55,500.0,1,0,0
F033,F007,T3,200.0,64,580.0,1,0,0
F033,F008,T1,147.0,36,499.8,1,0,0
F033,F008,T2,147.0,41,367.5,1,0,0
F033,F008,T3,147.0,47,426.3,1,0,0
F033,F009,T1,122.0,30,414.8,1,0,0
F033,F009,T2,122.0,34,305.0,1,0,0
F033,F009,T3,122.0,39,353.8,1,0,0
F033,F010,T1,163.0,40,554.2,1,0,0
F033,F010,T2,163.0,45,407.5,1,0,0
F033,F010,T3,163.0,52,472.7,1,0,0
F033,F011,T1,117.0,29,397.8,1,0,1
F033,F011,T2,117.0,32,292.5,1,0,1
F033,F011,T3,117.0,37,339.3,1,0,1
F033,F012,T1,58.0,14,197.2,1,0,0
F033,F012,T2,58.0,16,145.0,1,0,0
F033,F012,T3,58.0,19,168.2,1,0,0
F033,F013,T1,225.0,54,765.0,1,0,0
F033,F013,T2,225.0,62,562.5,1,0,0
F033,F013,T3,225.0,72,652.5,1,0,0
F033,F014,T1,100.0,24,340.0,1,0,0
F033,F014,T2,100.0,28,250.0,1,0,0
F033,F014,T3,100.0,32,290.0,1,0,0
F033,F015,T1,89.0,22,302.6,1,0,0
F033,F015,T2,89.0,25,222.5,1,0,0
F033,F015,T3,89.0,29,258.1,1,0,0
F033,F016,T1,54.0,13,183.6,1,0,0
F033,F016,T2,54.0,15,135.0,1,0,0
F033,F016,T3,54.0,18,156.6,1,0,0
F033,F017,T1,81.0,20,275.4,1,0,0
F033,F017,T2,81.0,23,202.5,1,0,0
F033,F017,T3,81.0,26,234.9,1,0,0
F033,F018,T1,49.0,12,166.6,1,0,1
F033,F018,T2,49.0,14,122.5,1,0,1
F033,F018,T3,49.0,16,142.1,1,0,1
F033,F019,T1,24.0,6,81.6,1,0,0
F033,F019,T2,24.0,7,60.0,1,0,0
F033,F019,T3,24.0,8,69.6,1,0,0
F033,F020,T1,56.0,14,190.4,1,0,0
F033,F020,T2,56.0,16,140.0,1,0,0
F033,F020,T3,56.0,18,162.4,1,0,0
F033,F021,T1,71.0,18,241.4,1,0,0
F033,F021,T2,71.0,20,177.5,1,0,0
F033,F021,T3,71.0,23,205.9,1,0,0
F033,F022,T1,33.0,8,112.2,1,0,0
F033,F022,T2,33.0,9,82.5,1,0,0
F033,F022,T3,33.0,11,95.7,1,0,0
F033,F023,T1,117.0,29,397.8,1,0,0
F033,F023,T2,117.0,32,292.5,1,0,0
F033,F023,T3,117.0,37,339.3,1,0,0
F033,F024,T1,40.0,10,136.0,1,0,1
F033,F024,T2,40.0,11,100.0,1,0,1
F033,F024,T3,40.0,13,116.0,1,0,1
F033,F025,T1,80.0,20,272.0,1,0,0
F033,F025,T2,80.0,22,200.0,1,0,0
F033,F025,T3,80.0,26,232.0,1,0,0
F033,F026,T1,35.0,9,119.0,1,0,0
F033,F026,T2,35.0,10,87.5,1,0,0
F033,F026,T3,35.0,12,101.5,1,0,0
F033,F027,T1,53.0,13,180.2,1,0,0
F033,F027,T2,53.0,15,132.5,1,0,0
F033,F027,T3,53.0,17,153.7,1,0,0
F033,F028,T1,106.0,26,360.4,1,0,0
F033,F028,T2,106.0,29,265.0,1,0,0
F033,F028,T3,106.0,34,307.4,1,0,0
F033,F029,T1,56.0,14,190.4,1,0,0
F033,F029,T2,56.0,16,140.0,1,0,0
F033,F029,T3,56.0,18,162.4,1,0,0
F033,F030,T1,93.0,23,316.2,1,0,0
F033,F030,T2,93.0,26,232.5,1,0,0
F033,F030,T3,93.0,30,269.7,1,0,0
F033,F031,T1,111.0,27,377.4,1,0,1
F033,F031,T2,111.0,31,277.5,1,0,1
F033,F031,T3,111.0,36,321.9,1,0,1
F033,F032,T1,115.0,28,391.0,1,0,0
F033,F032,T2,115.0,32,287.5,1,0,0
F033,F032,T3,115.0,37,333.5,1,0,0
F033,F034,T1,31.0,8,105.4,1,0,0
F033,F034,T2,31.0,9,77.5,1,0,0
F033,F034,T3,31.0,10,89.9,1,0,0
F033,F035,T1,80.0,20,272.0,1,0,0
F033,F035,T2,80.0,22,200.0,1,0,0
F033,F035,T3,80.0,26,232.0,1,0,0
F033,F036,T1,97.0,24,329.8,1,0,0
F033,F036,T2,97.0,27,242.5,1,0,0
F033,F036,T3,97.0,31,281.3,1,0,0
F033,F037,T1,321.0,78,1091.4,0,0,0
F033,F037,T2,321.0,88,802.5,1,0,0
F033,F037,T3,321.0,102,930.9,1,0,0
F033,F038,T1,201.0,49,683.4,1,0,1
F033,F038,T2,201.0,55,502.5,1,0,1
F033,F038,T3,201.0,64,582.9,1,0,1
F033,F039,T1,180.0,44,612.0,1,0,0
F033,F039,T2,180.0,50,450.0,1,0,0
F033,F039,T3,180.0,57,522.0,1,0,0
F033,F040,T1,294.0,71,999.6,0,0,0
F033,F040,T2,294.0,81,735.0,1,0,0
F033,F040,T3,294.0,93,852.6,1,0,0
F033,F041,T1,245.0,59,833.0,1,0,0
F033,F041,T2,245.0,67,612.5,1,0,0
F033,F041,T3,245.0,78,710.5,1,0,0
F033,F042,T1,317.0,77,1077.8,0,0,0
F033,F042,T2,317.0,87,792.5,1,0,0
F033,F042,T3,317.0,101,919.3,1,0,0
F033,F043,T1,247.0,60,839.8,1,0,0
F033,F043,T2,247.0,68,617.5,1,0,0
F033,F043,T3,247.0,78,716.3,1,0,0
F033,F044,T1,268.0,65,911.2,0,0,1
F033,F044,T2,268.0,74,670.0,1,0,1
F033,F044,T3,268.0,85,777.2,1,0,1
F033,F045,T1,229.0,55,778.6,1,0,0
F033,F045,T2,229.0,63,572.5,1,0,0
F033,F045,T3,229.0,73,664.1,1,0,0
F033,F046,T1,137.0,33,465.8,1,0,0
F033,F046,T2,137.0,38,342.5,1,0,0
F033,F046,T3,137.0,44,397.3,1,0,0
F033,F047,T1,134.0,33,455.6,1,0,0
F033,F047,T2,134.0,37,335.0,1,0,0
F033,F047,T3,134.0,43,388.6,1,0,0
F033,F048,T1,185.0,45,629.0,1,0,0
F033,F048,T2,185.0,51,462.5,1,0,0
F033,F048,T3,185.0,59,536.5,1,0,0
F033,F049,T1,151.0,37,513.4,1,0,0
F033,F049,T2,151.0,42,377.5,1,0,0
F033,F049,T3,151.0,48,437.9,1,0,0
F033,F050,T1,355.0,86,1207.0,0,0,1
F033,F050,T2,355.0,97,887.5,1,0,1
F033,F050,T3,355.0,113,1029.5,1,0,1
F033,F051,T1,213.0,52,724.2,1,0,0
F033,F051,T2,213.0,59,532.5,1,0,0
F033,F051,T3,213.0,68,617.7,1,0,0
F033,F052,T1,166.0,40,564.4,1,0,0
F033,F052,T2,166.0,46,415.0,1,0,0
F033,F052,T3,166.0,53,481.4,1,0,0
F034,A01,T1,246.0,60,836.4,1,0,0
F034,A01,T2,246.0,68,615.0,1,0,0
F034,A01,T3,246.0,78,713.4,1,0,0
F034,A02,T1,255.0,62,867.0,0,0,0
F034,A02,T2,255.0,70,637.5,1,0,0
F034,A02,T3,255.0,81,739.5,1,0,0
F034,A03,T1,282.0,68,958.8,0,0,0
F034,A03,T2,282.0,77,705.0,1,0,0
F034,A03,T3,282.0,90,817.8,1,0,0
F034,F001,T1,47.0,12,159.8,1,0,0
F034,F001,T2,47.0,13,117.5,1,0,0
F034,F001,T3,47.0,15,136.3,1,0,0
F034,F002,T1,247.0,60,839.8,1,0,0
F034,F002,T2,247.0,68,617.5,1,0,0
F034,F002,T3,247.0,78,716.3,1,0,0
F034,F003,T1,194.0,47,659.6,1,0,0
F034,F003,T2,194.0,53,485.0,1,0,0
F034,F003,T3,194.0,62,562.6,1,0,0
F034,F004,T1,215.0,52,731.0,1,0,0
F034,F004,T2,215.0,59,537.5,1,0,0
F034,F004,T3,215.0,68,623.5,1,0,0
F034,F005,T1,96.0,24,326.4,1,0,0
F034,F005,T2,96.0,27,240.0,1,0,0
F034,F005,T3,96.0,31,278.4,1,0,0
F034,F006,T1,218.0,53,741.2,1,0,1
F034,F006,T2,218.0,60,545.0,1,0,1
F034,F006,T3,218.0,69,632.2,1,0,1
F034,F007,T1,230.0,56,782.0,1,0,0
F034,F007,T2,230.0,63,575.0,1,0,0
F034,F007,T3,230.0,73,667.0,1,0,0
F034,F008,T1,177.0,43,601.8,1,0,0
F034,F008,T2,177.0,49,442.5,1,0,0
F034,F008,T3,177.0,56,513.3,1,0,0
F034,F009,T1,153.0,37,520.2,1,0,0
F034,F009,T2,153.0,42,382.5,1,0,0
F034,F009,T3,153.0,49,443.7,1,0,0
F034,F010,T1,194.0,47,659.6,1,0,0
F034,F010,T2,194.0,53,485.0,1,0,0
F034,F010,T3,194.0,62,562.6,1,0,0
F034,F011,T1,148.0,36,503.2,1,0,1
F034,F011,T2,148.0,41,370.0,1,0,1
F034,F011,T3,148.0,47,429.2,1,0,1
F034,F012,T1,89.0,22,302.6,1,0,0
F034,F012,T2,89.0,25,222.5,1,0,0
F034,F012,T3,89.0,29,258.1,1,0,0
F034,F013,T1,254.0,61,863.6,0,0,0
F034,F013,T2,254.0,70,635.0,1,0,0
F034,F013,T3,254.0,81,736.6,1,0,0
F034,F014,T1,130.0,32,442.0,1,0,0
F034,F014,T2,130.0,36,325.0,1,0,0
F034,F014,T3,130.0,42,377.0,1,0,0
F034,F015,T1,120.0,29,408.0,1,0,0
F034,F015,T2,120.0,33,300.0,1,0,0
F034,F015,T3,120.0,38,348.0,1,0,0
F034,F016,T1,82.0,20,278.8,1,0,0
F034,F016,T2,82.0,23,205.0,1,0,0
F034,F016,T3,82.0,26,237.8,1,0,0
F034,F017,T1,108.0,26,367.2,1,0,0
F034,F017,T2,108.0,30,270.0,1,0,0
F034,F017,T3,108.0,35,313.2,1,0,0
F034,F018,T1,80.0,20,272.0,1,0,1
F034,F018,T2,80.0,22,200.0,1,0,1
F034,F018,T3,80.0,26,232.0,1,0,1
F034,F019,T1,45.0,11,153.0,1,0,0
F034,F019,T2,45.0,13,112.5,1,0,0
F034,F019,T3,45.0,15,130.5,1,0,0
F034,F020,T1,81.0,20,275.4,1,0,0
F034,F020,T2,81.0,23,202.5,1,0,0
F034,F020,T3,81.0,26,234.9,1,0,0
F034,F021,T1,57.0,14,193.8,1,0,0
F034,F021,T2,57.0,16,142.5,1,0,0
F034,F021,T3,57.0,18,165.3,1,0,0
F034,F022,T1,58.0,14,197.2,1,0,0
F034,F022,T2,58.0,16,145.0,1,0,0
F034,F022,T3,58.0,19,168.2,1,0,0
F034,F023,T1,90.0,22,306.0,1,0,0
F034,F023,T2,90.0,25,225.0,1,0,0
F034,F023,T3,90.0,29,261.0,1,0,0
F034,F024,T1,38.0,10,129.2,1,0,1
F034,F024,T2,38.0,11,95.0,1,0,1
F034,F024,T3,38.0,12,110.2,1,0,1
F034,F025,T1,71.0,18,241.4,1,0,0
F034,F025,T2,71.0,20,177.5,1,0,0
F034,F025,T3,71.0,23,205.9,1,0,0
F034,F026,T1,66.0,16,224.4,1,0,0
F034,F026,T2,66.0,18,165.0,1,0,0
F034,F026,T3,66.0,21,191.4,1,0,0
F034,F027,T1,58.0,14,197.2,1,0,0
F034,F027,T2,58.0,16,145.0,1,0,0
F034,F027,T3,58.0,19,168.2,1,0,0
F034,F028,T1,136.0,33,462.4,1,0,0
F034,F028,T2,136.0,38,340.0,1,0,0
F034,F028,T3,136.0,43,394.4,1,0,0
F034,F029,T1,48.0,12,163.2,1,0,0
F034,F029,T2,48.0,14,120.0,1,0,0
F034,F029,T3,48.0,16,139.2,1,0,0
F034,F030,T1,122.0,30,414.8,1,0,0
F034,F030,T2,122.0,34,305.0,1,0,0
F034,F030,T3,122.0,39,353.8,1,0,0
F034,F031,T1,89.0,22,302.6,1,0,1
F034,F031,T2,89.0,25,222.5,1,0,1
F034,F031,T3,89.0,29,258.1,1,0,1
F034,F032,T1,87.0,21,295.8,1,0,0
F034,F032,T2,87.0,24,217.5,1,0,0
F034,F032,T3,87.0,28,252.3,1,0,0
F034,F033,T1,31.0,8,105.4,1,0,0
F034,F033,T2,31.0,9,77.5,1,0,0
F034,F033,T3,31.0,10,89.9,1,0,0
F034,F035,T1,52.0,13,176.8,1,0,0
F034,F035,T2,52.0,15,130.0,1,0,0
F034,F035,T3,52.0,17,150.8,1,0,0
F034,F036,T1,82.0,20,278.8,1,0,0
F034,F036,T2,82.0,23,205.0,1,0,0
F034,F036,T3,82.0,26,237.8,1,0,0
F034,F037,T1,296.0,72,1006.4,0,0,0
F034,F037,T2,296.0,81,740.0,1,0,0
F034,F037,T3,296.0,94,858.4,1,0,0
F034,F038,T1,180.0,44,612.0,1,0,1
F034,F038,T2,180.0,50,450.0,1,0,1
F034,F038,T3,180.0,57,522.0,1,0,1
F034,F039,T1,163.0,40,554.2,1,0,0
F034,F039,T2,163.0,45,407.5,1,0,0
F034,F039,T3,163.0,52,472.7,1,0,0
F034,F040,T1,269.0,65,914.6,0,0,0
F034,F040,T2,269.0,74,672.5,1,0,0
F034,F040,T3,269.0,85,780.1,1,0,0
F034,F041,T1,224.0,54,761.6,1,0,0
F034,F041,T2,224.0,62,560.0,1,0,0
F034,F041,T3,224.0,71,649.6,1,0,0
F034,F042,T1,291.0,70,989.4,0,0,0
F034,F042,T2,291.0,80,727.5,1,0,0
F034,F042,T3,291.0,92,843.9,1,0,0
F034,F043,T1,223.0,54,758.2,1,0,0
F034,F043,T2,223.0,61,557.5,1,0,0
F034,F043,T3,223.0,71,646.7,1,0,0
F034,F044,T1,244.0,59,829.6,1,0,1
F034,F044,T2,244.0,67,610.0,1,0,1
F034,F044,T3,244.0,78,707.6,1,0,1
F034,F045,T1,209.0,51,710.6,1,0,0
F034,F045,T2,209.0,57,522.5,1,0,0
F034,F045,T3,209.0,66,606.1,1,0,0
F034,F046,T1,118.0,29,401.2,1,0,0
F034,F046,T2,118.0,33,295.0,1,0,0
F034,F046,T3,118.0,38,342.2,1,0,0
F034,F047,T1,113.0,28,384.2,1,0,0
F034,F047,T2,113.0,31,282.5,1,0,0
F034,F047,T3,113.0,36,327.7,1,0,0
F034,F048,T1,164.0,40,557.6,1,0,0
F034,F048,T2,164.0,45,410.0,1,0,0
F034,F048,T3,164.0,52,475.6,1,0,0
F034,F049,T1,132.0,32,448.8,1,0,0
F034,F049,T2,132.0,36,330.0,1,0,0
F034,F049,T3,132.0,42,382.8,1,0,0
F034,F050,T1,329.0,79,1118.6,0,0,1
F034,F050,T2,329.0,90,822.5,1,0,1
F034,F050,T3,329.0,104,954.1,1,0,1
F034,F051,T1,190.0,46,646.0,1,0,0
F034,F051,T2,190.0,52,475.0,1,0,0
F034,F051,T3,190.0,60,551.0,1,0,0
F034,F052,T1,144.0,35,489.6,1,0,0
F034,F052,T2,144.0,40,360.0,1,0,0
F034,F052,T3,144.0,46,417.6,1,0,0
F035,A01,T1,258.0,62,877.2,0,0,0
F035,A01,T2,258.0,71,645.0,1,0,0
F035,A01,T3,258.0,82,748.2,1,0,0
F035,A02,T1,261.0,63,887.4,0,0,0
F035,A02,T2,261.0,72,652.5,1,0,0
F035,A02,T3,261.0,83,756.9,1,0,0
F035,A03,T1,280.0,68,952.0,0,0,0
F035,A03,T2,280.0,77,700.0,1,0,0
F035,A03,T3,280.0,89,812.0,1,0,0
F035,F001,T1,95.0,23,323.0,1,0,0
F035,F001,T2,95.0,26,237.5,1,0,0
F035,F001,T3,95.0,30,275.5,1,0,0
F035,F002,T1,293.0,71,996.2,0,0,0
F035,F002,T2,293.0,80,732.5,1,0,0
F035,F002,T3,293.0,93,849.7,1,0,0
F035,F003,T1,240.0,58,816.0,1,0,0
F035,F003,T2,240.0,66,600.0,1,0,0
F035,F003,T3,240.0,76,696.0,1,0,0
F035,F004,T1,261.0,63,887.4,0,0,0
F035,F004,T2,261.0,72,652.5,1,0,0
F035,F004,T3,261.0,83,756.9,1,0,0
F035,F005,T1,142.0,35,482.8,1,0,0
F035,F005,T2,142.0,39,355.0,1,0,0
F035,F005,T3,142.0,45,411.8,1,0,0
F035,F006,T1,268.0,65,911.2,0,0,1
F035,F006,T2,268.0,74,670.0,1,0,1
F035,F006,T3,268.0,85,777.2,1,0,1
F035,F007,T1,279.0,67,948.6,0,0,0
F035,F007,T2,279.0,77,697.5,1,0,0
F035,F007,T3,279.0,89,809.1,1,0,0
F035,F008,T1,227.0,55,771.8,1,0,0
F035,F008,T2,227.0,62,567.5,1,0,0
F035,F008,T3,227.0,72,658.3,1,0,0
F035,F009,T1,196.0,48,666.4,1,0,0
F035,F009,T2,196.0,54,490.0,1,0,0
F035,F009,T3,196.0,62,568.4,1,0,0
F035,F010,T1,242.0,59,822.8,1,0,0
F035,F010,T2,242.0,66,605.0,1,0,0
F035,F010,T3,242.0,77,701.8,1,0,0
F035,F011,T1,196.0,48,666.4,1,0,1
F035,F011,T2,196.0,54,490.0,1,0,1
F035,F011,T3,196.0,62,568.4,1,0,1
F035,F012,T1,138.0,34,469.2,1,0,0
F035,F012,T2,138.0,38,345.0,1,0,0
F035,F012,T3,138.0,44,400.2,1,0,0
F035,F013,T1,305.0,74,1037.0,0,0,0
F035,F013,T2,305.0,84,762.5,1,0,0
F035,F013,T3,305.0,97,884.5,1,0,0
F035,F014,T1,172.0,42,584.8,1,0,0
F035,F014,T2,172.0,47,430.0,1,0,0
F035,F014,T3,172.0,55,498.8,1,0,0
F035,F015,T1,166.0,40,564.4,1,0,0
F035,F015,T2,166.0,46,415.0,1,0,0
F035,F015,T3,166.0,53,481.4,1,0,0
F035,F016,T1,123.0,30,418.2,1,0,0
F035,F016,T2,123.0,34,307.5,1,0,0
F035,F016,T3,123.0,39,356.7,1,0,0
F035,F017,T1,142.0,35,482.8,1,0,0
F035,F017,T2,142.0,39,355.0,1,0,0
F035,F017,T3,142.0,45,411.8,1,0,0
F035,F018,T1,125.0,30,425.0,1,0,1
F035,F018,T2,125.0,35,312.5,1,0,1
F035,F018,T3,125.0,40,362.5,1,0,1
F035,F019,T1,83.0,20,282.2,1,0,0
F035,F019,T2,83.0,23,207.5,1,0,0
F035,F019,T3,83.0,27,240.7,1,0,0
F035,F020,T1,114.0,28,387.6,1,0,0
F035,F020,T2,114.0,32,285.0,1,0,0
F035,F020,T3,114.0,36,330.6,1,0,0
F035,F021,T1,41.0,10,139.4,1,0,0
F035,F021,T2,41.0,12,102.5,1,0,0
F035,F021,T3,41.0,13,118.9,1,0,0
F035,F022,T1,97.0,24,329.8,1,0,0
F035,F022,T2,97.0,27,242.5,1,0,0
F035,F022,T3,97.0,31,281.3,1,0,0
F035,F023,T1,38.0,10,129.2,1,0,0
F035,F023,T2,38.0,11,95.0,1,0,0
F035,F023,T3,38.0,12,110.2,1,0,0
F035,F024,T1,57.0,14,193.8,1,0,1
F035,F024,T2,57.0,16,142.5,1,0,1
F035,F024,T3,57.0,18,165.3,1,0,1
F035,F025,T1,57.0,14,193.8,1,0,0
F035,F025,T2,57.0,16,142.5,1,0,0
F035,F025,T3,57.0,18,165.3,1,0,0
F035,F026,T1,112.0,27,380.8,1,0,0
F035,F026,T2,112.0,31,280.0,1,0,0
F035,F026,T3,112.0,36,324.8,1,0,0
F035,F027,T1,71.0,18,241.4,1,0,0
F035,F027,T2,71.0,20,177.5,1,0,0
F035,F027,T3,71.0,23,205.9,1,0,0
F035,F028,T1,186.0,45,632.4,1,0,0
F035,F028,T2,186.0,51,465.0,1,0,0
F035,F028,T3,186.0,59,539.4,1,0,0
F035,F029,T1,49.0,12,166.6,1,0,0
F035,F029,T2,49.0,14,122.5,1,0,0
F035,F029,T3,49.0,16,142.1,1,0,0
F035,F030,T1,161.0,39,547.4,1,0,0
F035,F030,T2,161.0,44,402.5,1,0,0
F035,F030,T3,161.0,51,466.9,1,0,0
F035,F031,T1,42.0,11,142.8,1,0,1
F035,F031,T2,42.0,12,105.0,1,0,1
F035,F031,T3,42.0,14,121.8,1,0,1
F035,F032,T1,35.0,9,119.0,1,0,0
F035,F032,T2,35.0,10,87.5,1,0,0
F035,F032,T3,35.0,12,101.5,1,0,0
F035,F033,T1,80.0,20,272.0,1,0,0
F035,F033,T2,80.0,22,200.0,1,0,0
F035,F033,T3,80.0,26,232.0,1,0,0
F035,F034,T1,52.0,13,176.8,1,0,0
F035,F034,T2,52.0,15,130.0,1,0,0
F035,F034,T3,52.0,17,150.8,1,0,0
F035,F036,T1,51.0,13,173.4,1,0,0
F035,F036,T2,51.0,14,127.5,1,0,0
F035,F036,T3,51.0,17,147.9,1,0,0
F035,F037,T1,244.0,59,829.6,1,0,0
F035,F037,T2,244.0,67,610.0,1,0,0
F035,F037,T3,244.0,78,707.6,1,0,0
F035,F038,T1,130.0,32,442.0,1,0,1
F035,F038,T2,130.0,36,325.0,1,0,1
F035,F038,T3,130.0,42,377.0,1,0,1
F035,F039,T1,120.0,29,408.0,1,0,0
F035,F039,T2,120.0,33,300.0,1,0,0
F035,F039,T3,120.0,38,348.0,1,0,0
F035,F040,T1,216.0,52,734.4,1,0,0
F035,F040,T2,216.0,59,540.0,1,0,0
F035,F040,T3,216.0,69,626.4,1,0,0
F035,F041,T1,174.0,42,591.6,1,0,0
F035,F041,T2,174.0,48,435.0,1,0,0
F035,F041,T3,174.0,55,504.6,1,0,0
F035,F042,T1,239.0,58,812.6,1,0,0
F035,F042,T2,239.0,66,597.5,1,0,0
F035,F042,T3,239.0,76,693.1,1,0,0
F035,F043,T1,172.0,42,584.8,1,0,0
F035,F043,T2,172.0,47,430.0,1,0,0
F035,F043,T3,172.0,55,498.8,1,0,0
F035,F044,T1,192.0,47,652.8,1,0,1
F035,F044,T2,192.0,53,480.0,1,0,1
F035,F044,T3,192.0,61,556.8,1,0,1
F035,F045,T1,160.0,39,544.0,1,0,0
F035,F045,T2,160.0,44,400.0,1,0,0
F035,F045,T3,160.0,51,464.0,1,0,0
F035,F046,T1,76.0,19,258.4,1,0,0
F035,F046,T2,76.0,21,190.0,1,0,0
F035,F046,T3,76.0,24,220.4,1,0,0
F035,F047,T1,66.0,16,224.4,1,0,0
F035,F047,T2,66.0,18,165.0,1,0,0
F035,F047,T3,66.0,21,191.4,1,0,0
F035,F048,T1,116.0,28,394.4,1,0,0
F035,F048,T2,116.0,32,290.0,1,0,0
F035,F048,T3,116.0,37,336.4,1,0,0
F035,F049,T1,86.0,21,292.4,1,0,0
F035,F049,T2,86.0,24,215.0,1,0,0
F035,F049,T3,86.0,28,249.4,1,0,0
F035,F050,T1,277.0,67,941.8,0,0,1
F035,F050,T2,277.0,76,692.5,1,0,1
F035,F050,T3,277.0,88,803.3,1,0,1
F035,F051,T1,140.0,34,476.0,1,0,0
F035,F051,T2,140.0,39,350.0,1,0,0
F035,F051,T3,140.0,45,406.0,1,0,0
F035,F052,T1,94.0,23,319.6,1,0,0
F035,F052,T2,94.0,26,235.0,1,0,0
F035,F052,T3,94.0,30,272.6,1,0,0
F036,A01,T1,217.0,53,737.8,1,0,0
F036,A01,T2,217.0,60,542.5,1,0,0
F036,A01,T3,217.0,69,629.3,1,0,0
F036,A02,T1,215.0,52,731.0,1,0,0
F036,A02,T2,215.0,59,537.5,1,0,0
F036,A02,T3,215.0,68,623.5,1,0,0
F036,A03,T1,231.0,56,785.4,1,0,0
F036,A03,T2,231.0,63,577.5,1,0,0
F036,A03,T3,231.0,73,669.9,1,0,0
F036,F001,T1,108.0,26,367.2,1,0,0
F036,F001,T2,108.0,30,270.0,1,0,0
F036,F001,T3,108.0,35,313.2,1,0,0
F036,F002,T1,288.0,70,979.2,0,0,0
F036,F002,T2,288.0,79,720.0,1,0,0
F036,F002,T3,288.0,91,835.2,1,0,0
F036,F003,T1,236.0,57,802.4,1,0,0
F036,F003,T2,236.0,65,590.0,1,0,0
F036,F003,T3,236.0,75,684.4,1,0,0
F036,F004,T1,255.0,62,867.0,0,0,0
F036,F004,T2,255.0,70,637.5,1,0,0
F036,F004,T3,255.0,81,739.5,1,0,0
F036,F005,T1,142.0,35,482.8,1,0,0
F036,F005,T2,142.0,39,355.0,1,0,0
F036,F005,T3,142.0,45,411.8,1,0,0
F036,F006,T1,270.0,65,918.0,0,0,1
F036,F006,T2,270.0,74,675.0,1,0,1
F036,F006,T3,270.0,86,783.0,1,0,1
F036,F007,T1,279.0,67,948.6,0,0,0
F036,F007,T2,279.0,77,697.5,1,0,0
F036,F007,T3,279.0,89,809.1,1,0,0
F036,F008,T1,230.0,56,782.0,1,0,0
F036,F008,T2,230.0,63,575.0,1,0,0
F036,F008,T3,230.0,73,667.0,1,0,0
F036,F009,T1,188.0,46,639.2,1,0,0
F036,F009,T2,188.0,52,470.0,1,0,0
F036,F009,T3,188.0,60,545.2,1,0,0
F036,F010,T1,243.0,59,826.2,1,0,0
F036,F010,T2,243.0,67,607.5,1,0,0
F036,F010,T3,243.0,77,704.7,1,0,0
F036,F011,T1,197.0,48,669.8,1,0,1
F036,F011,T2,197.0,54,492.5,1,0,1
F036,F011,T3,197.0,63,571.3,1,0,1
F036,F012,T1,145.0,35,493.0,1,0,0
F036,F012,T2,145.0,40,362.5,1,0,0
F036,F012,T3,145.0,46,420.5,1,0,0
F036,F013,T1,311.0,75,1057.4,0,0,0
F036,F013,T2,311.0,85,777.5,1,0,0
F036,F013,T3,311.0,99,901.9,1,0,0
F036,F014,T1,164.0,40,557.6,1,0,0
F036,F014,T2,164.0,45,410.0,1,0,0
F036,F014,T3,164.0,52,475.6,1,0,0
F036,F015,T1,166.0,40,564.4,1,0,0
F036,F015,T2,166.0,46,415.0,1,0,0
F036,F015,T3,166.0,53,481.4,1,0,0
F036,F016,T1,118.0,29,401.2,1,0,0
F036,F016,T2,118.0,33,295.0,1,0,0
F036,F016,T3,118.0,38,342.2,1,0,0
F036,F017,T1,128.0,31,435.2,1,0,0
F036,F017,T2,128.0,35,320.0,1,0,0
F036,F017,T3,128.0,41,371.2,1,0,0
F036,F018,T1,127.0,31,431.8,1,0,1
F036,F018,T2,127.0,35,317.5,1,0,1
F036,F018,T3,127.0,41,368.3,1,0,1
F036,F019,T1,86.0,21,292.4,1,0,0
F036,F019,T2,86.0,24,215.0,1,0,0
F036,F019,T3,86.0,28,249.4,1,0,0
F036,F020,T1,102.0,25,346.8,1,0,0
F036,F020,T2,102.0,28,255.0,1,0,0
F036,F020,T3,102.0,33,295.8,1,0,0
F036,F021,T1,26.0,7,88.4,1,0,0
F036,F021,T2,26.0,8,65.0,1,0,0
F036,F021,T3,26.0,9,75.4,1,0,0
F036,F022,T1,96.0,24,326.4,1,0,0
F036,F022,T2,96.0,27,240.0,1,0,0
F036,F022,T3,96.0,31,278.4,1,0,0
F036,F023,T1,52.0,13,176.8,1,0,0
F036,F023,T2,52.0,15,130.0,1,0,0
F036,F023,T3,52.0,17,150.8,1,0,0
F036,F024,T1,57.0,14,193.8,1,0,1
F036,F024,T2,57.0,16,142.5,1,0,1
F036,F024,T3,57.0,18,165.3,1,0,1
F036,F025,T1,23.0,6,78.2,1,0,0
F036,F025,T2,23.0,7,57.5,1,0,0
F036,F025,T3,23.0,8,66.7,1,0,0
F036,F026,T1,118.0,29,401.2,1,0,0
F036,F026,T2,118.0,33,295.0,1,0,0
F036,F026,T3,118.0,38,342.2,1,0,0
F036,F027,T1,56.0,14,190.4,1,0,0
F036,F027,T2,56.0,16,140.0,1,0,0
F036,F027,T3,56.0,18,162.4,1,0,0
F036,F028,T1,192.0,47,652.8,1,0,0
F036,F028,T2,192.0,53,480.0,1,0,0
F036,F028,T3,192.0,61,556.8,1,0,0
F036,F029,T1,41.0,10,139.4,1,0,0
F036,F029,T2,41.0,12,102.5,1,0,0
F036,F029,T3,41.0,13,118.9,1,0,0
F036,F030,T1,151.0,37,513.4,1,0,0
F036,F030,T2,151.0,42,377.5,1,0,0
F036,F030,T3,151.0,48,437.9,1,0,0
F036,F031,T1,29.0,7,98.6,1,0,1
F036,F031,T2,29.0,8,72.5,1,0,1
F036,F031,T3,29.0,10,84.1,1,0,1
F036,F032,T1,63.0,16,214.2,1,0,0
F036,F032,T2,63.0,18,157.5,1,0,0
F036,F032,T3,63.0,20,182.7,1,0,0
F036,F033,T1,97.0,24,329.8,1,0,0
F036,F033,T2,97.0,27,242.5,1,0,0
F036,F033,T3,97.0,31,281.3,1,0,0
F036,F034,T1,82.0,20,278.8,1,0,0
F036,F034,T2,82.0,23,205.0,1,0,0
F036,F034,T3,82.0,26,237.8,1,0,0
F036,F035,T1,51.0,13,173.4,1,0,0
F036,F035,T2,51.0,14,127.5,1,0,0
F036,F035,T3,51.0,17,147.9,1,0,0
F036,F037,T1,231.0,56,785.4,1,0,0
F036,F037,T2,231.0,63,577.5,1,0,0
F036,F037,T3,231.0,73,669.9,1,0,0
F036,F038,T1,108.0,26,367.2,1,0,1
F036,F038,T2,108.0,30,270.0,1,0,1
F036,F038,T3,108.0,35,313.2,1,0,1
F036,F039,T1,83.0,20,282.2,1,0,0
F036,F039,T2,83.0,23,207.5,1,0,0
F036,F039,T3,83.0,27,240.7,1,0,0
F036,F040,T1,205.0,50,697.0,1,0,0
F036,F040,T2,205.0,56,512.5,1,0,0
F036,F040,T3,205.0,65,594.5,1,0,0
F036,F041,T1,150.0,36,510.0,1,0,0
F036,F041,T2,150.0,41,375.0,1,0,0
F036,F041,T3,150.0,48,435.0,1,0,0
F036,F042,T1,230.0,56,782.0,1,0,0
F036,F042,T2,230.0,63,575.0,1,0,0
F036,F042,T3,230.0,73,667.0,1,0,0
F036,F043,T1,157.0,38,533.8,1,0,0
F036,F043,T2,157.0,43,392.5,1,0,0
F036,F043,T3,157.0,50,455.3,1,0,0
F036,F044,T1,177.0,43,601.8,1,0,1
F036,F044,T2,177.0,49,442.5,1,0,1
F036,F044,T3,177.0,56,513.3,1,0,1
F036,F045,T1,133.0,32,452.2,1,0,0
F036,F045,T2,133.0,37,332.5,1,0,0
F036,F045,T3,133.0,42,385.7,1,0,0
F036,F046,T1,41.0,10,139.4,1,0,0
F036,F046,T2,41.0,12,102.5,1,0,0
F036,F046,T3,41.0,13,118.9,1,0,0
F036,F047,T1,42.0,11,142.8,1,0,0
F036,F047,T2,42.0,12,105.0,1,0,0
F036,F047,T3,42.0,14,121.8,1,0,0
F036,F048,T1,91.0,22,309.4,1,0,0
F036,F048,T2,91.0,25,227.5,1,0,0
F036,F048,T3,91.0,29,263.9,1,0,0
F036,F049,T1,57.0,14,193.8,1,0,0
F036,F049,T2,57.0,16,142.5,1,0,0
F036,F049,T3,57.0,18,165.3,1,0,0
F036,F050,T1,269.0,65,914.6,0,0,1
F036,F050,T2,269.0,74,672.5,1,0,1
F036,F050,T3,269.0,85,780.1,1,0,1
F036,F051,T1,122.0,30,414.8,1,0,0
F036,F051,T2,122.0,34,305.0,1,0,0
F036,F051,T3,122.0,39,353.8,1,0,0
F036,F052,T1,75.0,18,255.0,1,0,0
F036,F052,T2,75.0,21,187.5,1,0,0
F036,F052,T3,75.0,24,217.5,1,0,0
F037,A01,T1,395.0,95,1343.0,0,0,0
F037,A01,T2,395.0,108,987.5,1,0,0
F037,A01,T3,395.0,125,1145.5,1,0,0
F037,A02,T1,375.0,90,1275.0,0,0,0
F037,A02,T2,375.0,103,937.5,1,0,0
F037,A02,T3,375.0,119,1087.5,1,0,0
F037,A03,T1,359.0,87,1220.6,0,0,0
F037,A03,T2,359.0,98,897.5,1,0,0
F037,A03,T3,359.0,114,1041.1,1,0,0
F037,F001,T1,335.0,81,1139.0,0,0,0
F037,F001,T2,335.0,92,837.5,1,0,0
F037,F001,T3,335.0,106,971.5,1,0,0
F037,F002,T1,518.0,125,1761.2,0,0,0
F037,F002,T2,518.0,142,1295.0,0,0,0
F037,F002,T3,518.0,164,1502.2,0,0,0
F037,F003,T1,466.0,112,1584.4,0,0,0
F037,F003,T2,466.0,128,1165.0,0,0,0
F037,F003,T3,466.0,148,1351.4,1,0,0
F037,F004,T1,485.0,117,1649.0,0,0,0
F037,F004,T2,485.0,133,1212.5,0,0,0
F037,F004,T3,485.0,154,1406.5,0,0,0
F037,F005,T1,373.0,90,1268.2,0,0,0
F037,F005,T2,373.0,102,932.5,1,0,0
F037,F005,T3,373.0,118,1081.7,1,0,0
F037,F006,T1,501.0,121,1703.4,0,0,1
F037,F006,T2,501.0,137,1252.5,0,0,1
F037,F006,T3,501.0,159,1452.9,0,0,1
F037,F007,T1,510.0,123,1734.0,0,0,0
F037,F007,T2,510.0,140,1275.0,0,0,0
F037,F007,T3,510.0,162,1479.0,0,0,0
F037,F008,T1,461.0,111,1567.4,0,0,0
F037,F008,T2,461.0,126,1152.5,0,0,0
F037,F008,T3,461.0,146,1336.9,1,0,0
F037,F009,T1,418.0,101,1421.2,0,0,0
F037,F009,T2,418.0,114,1045.0,0,0,0
F037,F009,T3,418.0,132,1212.2,1,0,0
F037,F010,T1,474.0,114,1611.6,0,0,0
F037,F010,T2,474.0,130,1185.0,0,0,0
F037,F010,T3,474.0,150,1374.6,1,0,0
F037,F011,T1,428.0,103,1455.2,0,0,1
F037,F011,T2,428.0,117,1070.0,0,0,1
F037,F011,T3,428.0,136,1241.2,1,0,1
F037,F012,T1,374.0,90,1271.6,0,0,0
F037,F012,T2,374.0,102,935.0,1,0,0
F037,F012,T3,374.0,119,1084.6,1,0,0
F037,F013,T1,542.0,131,1842.8,0,0,0
F037,F013,T2,542.0,148,1355.0,0,0,0
F037,F013,T3,542.0,172,1571.8,0,0,0
F037,F014,T1,394.0,95,1339.6,0,0,0
F037,F014,T2,394.0,108,985.0,1,0,0
F037,F014,T3,394.0,125,1142.6,1,0,0
F037,F015,T1,398.0,96,1353.2,0,0,0
F037,F015,T2,398.0,109,995.0,1,0,0
F037,F015,T3,398.0,126,1154.2,1,0,0
F037,F016,T1,349.0,84,1186.6,0,0,0
F037,F016,T2,349.0,96,872.5,1,0,0
F037,F016,T3,349.0,111,1012.1,1,0,0
F037,F017,T1,357.0,86,1213.8,0,0,0
F037,F017,T2,357.0,98,892.5,1,0,0
F037,F017,T3,357.0,113,1035.3,1,0,0
F037,F018,T1,358.0,86,1217.2,0,0,1
F037,F018,T2,358.0,98,895.0,1,0,1
F037,F018,T3,358.0,114,1038.2,1,0,1
F037,F019,T1,315.0,76,1071.0,0,0,0
F037,F019,T2,315.0,86,787.5,1,0,0
F037,F019,T3,315.0,100,913.5,1,0,0
F037,F020,T1,333.0,80,1132.2,0,0,0
F037,F020,T2,333.0,91,832.5,1,0,0
F037,F020,T3,333.0,106,965.7,1,0,0
F037,F021,T1,254.0,61,863.6,0,0,0
F037,F021,T2,254.0,70,635.0,1,0,0
F037,F021,T3,254.0,81,736.6,1,0,0
F037,F022,T1,327.0,79,1111.8,0,0,0
F037,F022,T2,327.0,90,817.5,1,0,0
F037,F022,T3,327.0,104,948.3,1,0,0
F037,F023,T1,206.0,50,700.4,1,0,0
F037,F023,T2,206.0,57,515.0,1,0,0
F037,F023,T3,206.0,66,597.4,1,0,0
F037,F024,T1,286.0,69,972.4,0,0,1
F037,F024,T2,286.0,78,715.0,1,0,1
F037,F024,T3,286.0,91,829.4,1,0,1
F037,F025,T1,253.0,61,860.2,0,0,0
F037,F025,T2,253.0,69,632.5,1,0,0
F037,F025,T3,253.0,80,733.7,1,0,0
F037,F026,T1,347.0,84,1179.8,0,0,0
F037,F026,T2,347.0,95,867.5,1,0,0
F037,F026,T3,347.0,110,1006.3,1,0,0
F037,F027,T1,287.0,69,975.8,0,0,0
F037,F027,T2,287.0,79,717.5,1,0,0
F037,F027,T3,287.0,91,832.3,1,0,0
F037,F028,T1,423.0,102,1438.2,0,0,0
F037,F028,T2,423.0,116,1057.5,0,0,0
F037,F028,T3,423.0,134,1226.7,1,0,0
F037,F029,T1,270.0,65,918.0,0,0,0
F037,F029,T2,270.0,74,675.0,1,0,0
F037,F029,T3,270.0,86,783.0,1,0,0
F037,F030,T1,381.0,92,1295.4,0,0,0
F037,F030,T2,381.0,104,952.5,1,0,0
F037,F030,T3,381.0,121,1104.9,1,0,0
F037,F031,T1,211.0,51,717.4,1,0,1
F037,F031,T2,211.0,58,527.5,1,0,1
F037,F031,T3,211.0,67,611.9,1,0,1
F037,F032,T1,211.0,51,717.4,1,0,0
F037,F032,T2,211.0,58,527.5,1,0,0
F037,F032,T3,211.0,67,611.9,1,0,0
F037,F033,T1,321.0,78,1091.4,0,0,0
F037,F033,T2,321.0,88,802.5,1,0,0
F037,F033,T3,321.0,102,930.9,1,0,0
F037,F034,T1,296.0,72,1006.4,0,0,0
F037,F034,T2,296.0,81,740.0,1,0,0
F037,F034,T3,296.0,94,858.4,1,0,0
F037,F035,T1,244.0,59,829.6,1,0,0
F037,F035,T2,244.0,67,610.0,1,0,0
F037,F035,T3,244.0,78,707.6,1,0,0
F037,F036,T1,231.0,56,785.4,1,0,0
F037,F036,T2,231.0,63,577.5,1,0,0
F037,F036,T3,231.0,73,669.9,1,0,0
F037,F038,T1,125.0,30,425.0,1,0,1
F037,F038,T2,125.0,35,312.5,1,0,1
F037,F038,T3,125.0,40,362.5,1,0,1
F037,F039,T1,163.0,40,554.2,1,0,0
F037,F039,T2,163.0,45,407.5,1,0,0
F037,F039,T3,163.0,52,472.7,1,0,0
F037,F040,T1,27.0,7,91.8,1,0,0
F037,F040,T2,27.0,8,67.5,1,0,0
F037,F040,T3,27.0,9,78.3,1,0,0
F037,F041,T1,88.0,22,299.2,1,0,0
F037,F041,T2,88.0,24,220.0,1,0,0
F037,F041,T3,88.0,28,255.2,1,0,0
F037,F042,T1,18.0,5,61.2,1,0,0
F037,F042,T2,18.0,5,45.0,1,0,0
F037,F042,T3,18.0,6,52.2,1,0,0
F037,F043,T1,75.0,18,255.0,1,0,0
F037,F043,T2,75.0,21,187.5,1,0,0
F037,F043,T3,75.0,24,217.5,1,0,0
F037,F044,T1,54.0,13,183.6,1,0,1
F037,F044,T2,54.0,15,135.0,1,0,1
F037,F044,T3,54.0,18,156.6,1,0,1
F037,F045,T1,108.0,26,367.2,1,0,0
F037,F045,T2,108.0,30,270.0,1,0,0
F037,F045,T3,108.0,35,313.2,1,0,0
F037,F046,T1,192.0,47,652.8,1,0,0
F037,F046,T2,192.0,53,480.0,1,0,0
F037,F046,T3,192.0,61,556.8,1,0,0
F037,F047,T1,190.0,46,646.0,1,0,0
F037,F047,T2,190.0,52,475.0,1,0,0
F037,F047,T3,190.0,60,551.0,1,0,0
F037,F048,T1,142.0,35,482.8,1,0,0
F037,F048,T2,142.0,39,355.0,1,0,0
F037,F048,T3,142.0,45,411.8,1,0,0
F037,F049,T1,175.0,42,595.0,1,0,0
F037,F049,T2,175.0,48,437.5,1,0,0
F037,F049,T3,175.0,56,507.5,1,0,0
F037,F050,T1,44.0,11,149.6,1,0,1
F037,F050,T2,44.0,12,110.0,1,0,1
F037,F050,T3,44.0,14,127.6,1,0,1
F037,F051,T1,110.0,27,374.0,1,0,0
F037,F051,T2,110.0,30,275.0,1,0,0
F037,F051,T3,110.0,35,319.0,1,0,0
F037,F052,T1,157.0,38,533.8,1,0,0
F037,F052,T2,157.0,43,392.5,1,0,0
F037,F052,T3,157.0,50,455.3,1,0,0
F038,A01,T1,282.0,68,958.8,0,1,0
F038,A01,T2,282.0,77,705.0,1,1,0
F038,A01,T3,282.0,90,817.8,1,1,0
F038,A02,T1,268.0,65,911.2,0,1,0
F038,A02,T2,268.0,74,670.0,1,1,0
F038,A02,T3,268.0,85,777.2,1,1,0
F038,A03,T1,263.0,64,894.2,0,1,0
F038,A03,T2,263.0,72,657.5,1,1,0
F038,A03,T3,263.0,84,762.7,1,1,0
F038,F001,T1,214.0,52,727.6,1,1,0
F038,F001,T2,214.0,59,535.0,1,1,0
F038,F001,T3,214.0,68,620.6,1,1,0
F038,F002,T1,393.0,95,1336.2,0,1,0
F038,F002,T2,393.0,108,982.5,1,1,0
F038,F002,T3,393.0,125,1139.7,1,1,0
F038,F003,T1,341.0,82,1159.4,0,1,0
F038,F003,T2,341.0,93,852.5,1,1,0
F038,F003,T3,341.0,108,988.9,1,1,0
F038,F004,T1,360.0,87,1224.0,0,1,0
F038,F004,T2,360.0,99,900.0,1,1,0
F038,F004,T3,360.0,114,1044.0,1,1,0
F038,F005,T1,250.0,60,850.0,1,1,0
F038,F005,T2,250.0,69,625.0,1,1,0
F038,F005,T3,250.0,79,725.0,1,1,0
F038,F006,T1,377.0,91,1281.8,0,1,1
F038,F006,T2,377.0,103,942.5,1,1,1
F038,F006,T3,377.0,120,1093.3,1,1,1
F038,F007,T1,386.0,93,1312.4,0,1,0
F038,F007,T2,386.0,106,965.0,1,1,0
F038,F007,T3,386.0,122,1119.4,1,1,0
F038,F008,T1,338.0,82,1149.2,0,1,0
F038,F008,T2,338.0,93,845.0,1,1,0
F038,F008,T3,338.0,107,980.2,1,1,0
F038,F009,T1,293.0,71,996.2,0,1,0
F038,F009,T2,293.0,80,732.5,1,1,0
F038,F009,T3,293.0,93,849.7,1,1,0
F038,F010,T1,350.0,84,1190.0,0,1,0
F038,F010,T2,350.0,96,875.0,1,1,0
F038,F010,T3,350.0,111,1015.0,1,1,0
F038,F011,T1,304.0,73,1033.6,0,1,1
F038,F011,T2,304.0,83,760.0,1,1,1
F038,F011,T3,304.0,96,881.6,1,1,1
F038,F012,T1,252.0,61,856.8,0,1,0
F038,F012,T2,252.0,69,630.0,1,1,0
F038,F012,T3,252.0,80,730.8,1,1,0
F038,F013,T1,419.0,101,1424.6,0,1,0
F038,F013,T2,419.0,115,1047.5,0,1,0
F038,F013,T3,419.0,133,1215.1,1,1,0
F038,F014,T1,269.0,65,914.6,0,1,0
F038,F014,T2,269.0,74,672.5,1,1,0
F038,F014,T3,269.0,85,780.1,1,1,0
F038,F015,T1,274.0,66,931.6,0,1,0
F038,F015,T2,274.0,75,685.0,1,1,0
F038,F015,T3,274.0,87,794.6,1,1,0
F038,F016,T1,225.0,54,765.0,1,1,0
F038,F016,T2,225.0,62,562.5,1,1,0
F038,F016,T3,225.0,72,652.5,1,1,0
F038,F017,T1,232.0,56,788.8,1,1,0
F038,F017,T2,232.0,64,580.0,1,1,0
F038,F017,T3,232.0,74,672.8,1,1,0
F038,F018,T1,235.0,57,799.0,1,1,1
F038,F018,T2,235.0,65,587.5,1,1,1
F038,F018,T3,235.0,75,681.5,1,1,1
F038,F019,T1,193.0,47,656.2,1,1,0
F038,F019,T2,193.0,53,482.5,1,1,0
F038,F019,T3,193.0,61,559.7,1,1,0
F038,F020,T1,209.0,51,710.6,1,1,0
F038,F020,T2,209.0,57,522.5,1,1,0
F038,F020,T3,209.0,66,606.1,1,1,0
F038,F021,T1,131.0,32,445.4,1,1,0
F038,F021,T2,131.0,36,327.5,1,1,0
F038,F021,T3,131.0,42,379.9,1,1,0
F038,F022,T1,204.0,49,693.6,1,1,0
F038,F022,T2,204.0,56,510.0,1,1,0
F038,F022,T3,204.0,65,591.6,1,1,0
F038,F023,T1,95.0,23,323.0,1,1,0
F038,F023,T2,95.0,26,237.5,1,1,0
F038,F023,T3,95.0,30,275.5,1,1,0
F038,F024,T1,164.0,40,557.6,1,1,1
F038,F024,T2,164.0,45,410.0,1,1,1
F038,F024,T3,164.0,52,475.6,1,1,1
F038,F025,T1,129.0,31,438.6,1,1,0
F038,F025,T2,129.0,36,322.5,1,1,0
F038,F025,T3,129.0,41,374.1,1,1,0
F038,F026,T1,225.0,54,765.0,1,1,0
F038,F026,T2,225.0,62,562.5,1,1,0
F038,F026,T3,225.0,72,652.5,1,1,0
F038,F027,T1,163.0,40,554.2,1,1,0
F038,F027,T2,163.0,45,407.5,1,1,0
F038,F027,T3,163.0,52,472.7,1,1,0
F038,F028,T1,300.0,72,1020.0,0,1,0
F038,F028,T2,300.0,82,750.0,1,1,0
F038,F028,T3,300.0,95,870.0,1,1,0
F038,F029,T1,148.0,36,503.2,1,1,0
F038,F029,T2,148.0,41,370.0,1,1,0
F038,F029,T3,148.0,47,429.2,1,1,0
F038,F030,T1,256.0,62,870.4,0,1,0
F038,F030,T2,256.0,70,640.0,1,1,0
F038,F030,T3,256.0,81,742.4,1,1,0
F038,F031,T1,91.0,22,309.4,1,1,1
F038,F031,T2,91.0,25,227.5,1,1,1
F038,F031,T3,91.0,29,263.9,1,1,1
F038,F032,T1,105.0,26,357.0,1,1,0
F038,F032,T2,105.0,29,262.5,1,1,0
F038,F032,T3,105.0,34,304.5,1,1,0
F038,F033,T1,201.0,49,683.4,1,1,0
F038,F033,T2,201.0,55,502.5,1,1,0
F038,F033,T3,201.0,64,582.9,1,1,0
F038,F034,T1,180.0,44,612.0,1,1,0
F038,F034,T2,180.0,50,450.0,1,1,0
F038,F034,T3,180.0,57,522.0,1,1,0
F038,F035,T1,130.0,32,442.0,1,1,0
F038,F035,T2,130.0,36,325.0,1,1,0
F038,F035,T3,130.0,42,377.0,1,1,0
F038,F036,T1,108.0,26,367.2,1,1,0
F038,F036,T2,108.0,30,270.0,1,1,0
F038,F036,T3,108.0,35,313.2,1,1,0
F038,F037,T1,125.0,30,425.0,1,1,0
F038,F037,T2,125.0,35,312.5,1,1,0
F038,F037,T3,125.0,40,362.5,1,1,0
F038,F039,T1,42.0,11,142.8,1,1,0
F038,F039,T2,42.0,12,105.0,1,1,0
F038,F039,T3,42.0,14,121.8,1,1,0
F038,F040,T1,99.0,24,336.6,1,1,0
F038,F040,T2,99.0,27,247.5,1,1,0
F038,F040,T3,99.0,32,287.1,1,1,0
F038,F041,T1,44.0,11,149.6,1,1,0
F038,F041,T2,44.0,12,110.0,1,1,0
F038,F041,T3,44.0,14,127.6,1,1,0
F038,F042,T1,126.0,31,428.4,1,1,0
F038,F042,T2,126.0,35,315.0,1,1,0
F038,F042,T3,126.0,40,365.4,1,1,0
F038,F043,T1,51.0,13,173.4,1,1,0
F038,F043,T2,51.0,14,127.5,1,1,0
F038,F043,T3,51.0,17,147.9,1,1,0
F038,F044,T1,71.0,18,241.4,1,1,1
F038,F044,T2,71.0,20,177.5,1,1,1
F038,F044,T3,71.0,23,205.9,1,1,1
F038,F045,T1,31.0,8,105.4,1,1,0
F038,F045,T2,31.0,9,77.5,1,1,0
F038,F045,T3,31.0,10,89.9,1,1,0
F038,F046,T1,67.0,17,227.8,1,1,0
F038,F046,T2,67.0,19,167.5,1,1,0
F038,F046,T3,67.0,22,194.3,1,1,0
F038,F047,T1,68.0,17,231.2,1,1,0
F038,F047,T2,68.0,19,170.0,1,1,0
F038,F047,T3,68.0,22,197.2,1,1,0
F038,F048,T1,17.0,5,57.8,1,1,0
F038,F048,T2,17.0,5,42.5,1,1,0
F038,F048,T3,17.0,6,49.3,1,1,0
F038,F049,T1,51.0,13,173.4,1,1,0
F038,F049,T2,51.0,14,127.5,1,1,0
F038,F049,T3,51.0,17,147.9,1,1,0
F038,F050,T1,166.0,40,564.4,1,1,1
F038,F050,T2,166.0,46,415.0,1,1,1
F038,F050,T3,166.0,53,481.4,1,1,1
F038,F051,T1,17.0,5,57.8,1,1,0
F038,F051,T2,17.0,5,42.5,1,1,0
F038,F051,T3,17.0,6,49.3,1,1,0
F038,F052,T1,37.0,9,125.8,1,1,0
F038,F052,T2,37.0,11,92.5,1,1,0
F038,F052,T3,37.0,12,107.3,1,1,0
F039,A01,T1,240.0,58,816.0,1,0,0
F039,A01,T2,240.0,66,600.0,1,0,0
F039,A01,T3,240.0,76,696.0,1,0,0
F039,A02,T1,226.0,55,768.4,1,0,0
F039,A02,T2,226.0,62,565.0,1,0,0
F039,A02,T3,226.0,72,655.4,1,0,0
F039,A03,T1,223.0,54,758.2,1,0,0
F039,A03,T2,223.0,61,557.5,1,0,0
F039,A03,T3,223.0,71,646.7,1,0,0
F039,F001,T1,190.0,46,646.0,1,0,0
F039,F001,T2,190.0,52,475.0,1,0,0
F039,F001,T3,190.0,60,551.0,1,0,0
F039,F002,T1,359.0,87,1220.6,0,0,0
F039,F002,T2,359.0,98,897.5,1,0,0
F039,F002,T3,359.0,114,1041.1,1,0,0
F039,F003,T1,307.0,74,1043.8,0,0,0
F039,F003,T2,307.0,84,767.5,1,0,0
F039,F003,T3,307.0,97,890.3,1,0,0
F039,F004,T1,326.0,79,1108.4,0,0,0
F039,F004,T2,326.0,89,815.0,1,0,0
F039,F004,T3,326.0,103,945.4,1,0,0
F039,F005,T1,220.0,53,748.0,1,0,0
F039,F005,T2,220.0,60,550.0,1,0,0
F039,F005,T3,220.0,70,638.0,1,0,0
F039,F006,T1,345.0,83,1173.0,0,0,1
F039,F006,T2,345.0,95,862.5,1,0,1
F039,F006,T3,345.0,109,1000.5,1,0,1
F039,F007,T1,353.0,85,1200.2,0,0,0
F039,F007,T2,353.0,97,882.5,1,0,0
F039,F007,T3,353.0,112,1023.7,1,0,0
F039,F008,T1,307.0,74,1043.8,0,0,0
F039,F008,T2,307.0,84,767.5,1,0,0
F039,F008,T3,307.0,97,890.3,1,0,0
F039,F009,T1,259.0,63,880.6,0,0,0
F039,F009,T2,259.0,71,647.5,1,0,0
F039,F009,T3,259.0,82,751.1,1,0,0
F039,F010,T1,318.0,77,1081.2,0,0,0
F039,F010,T2,318.0,87,795.0,1,0,0
F039,F010,T3,318.0,101,922.2,1,0,0
F039,F011,T1,274.0,66,931.6,0,0,1
F039,F011,T2,274.0,75,685.0,1,0,1
F039,F011,T3,274.0,87,794.6,1,0,1
F039,F012,T1,225.0,54,765.0,1,0,0
F039,F012,T2,225.0,62,562.5,1,0,0
F039,F012,T3,225.0,72,652.5,1,0,0
F039,F013,T1,389.0,94,1322.6,0,0,0
F039,F013,T2,389.0,107,972.5,1,0,0
F039,F013,T3,389.0,123,1128.1,1,0,0
F039,F014,T1,236.0,57,802.4,1,0,0
F039,F014,T2,236.0,65,590.0,1,0,0
F039,F014,T3,236.0,75,684.4,1,0,0
F039,F015,T1,243.0,59,826.2,1,0,0
F039,F015,T2,243.0,67,607.5,1,0,0
F039,F015,T3,243.0,77,704.7,1,0,0
F039,F016,T1,195.0,47,663.0,1,0,0
F039,F016,T2,195.0,54,487.5,1,0,0
F039,F016,T3,195.0,62,565.5,1,0,0
F039,F017,T1,198.0,48,673.2,1,0,0
F039,F017,T2,198.0,54,495.0,1,0,0
F039,F017,T3,198.0,63,574.2,1,0,0
F039,F018,T1,207.0,50,703.8,1,0,1
F039,F018,T2,207.0,57,517.5,1,0,1
F039,F018,T3,207.0,66,600.3,1,0,1
F039,F019,T1,167.0,41,567.8,1,0,0
F039,F019,T2,167.0,46,417.5,1,0,0
F039,F019,T3,167.0,53,484.3,1,0,0
F039,F020,T1,177.0,43,601.8,1,0,0
F039,F020,T2,177.0,49,442.5,1,0,0
F039,F020,T3,177.0,56,513.3,1,0,0
F039,F021,T1,109.0,27,370.6,1,0,0
F039,F021,T2,109.0,30,272.5,1,0,0
F039,F021,T3,109.0,35,316.1,1,0,0
F039,F022,T1,176.0,43,598.4,1,0,0
F039,F022,T2,176.0,48,440.0,1,0,0
F039,F022,T3,176.0,56,510.4,1,0,0
F039,F023,T1,92.0,23,312.8,1,0,0
F039,F023,T2,92.0,26,230.0,1,0,0
F039,F023,T3,92.0,30,266.8,1,0,0
F039,F024,T1,140.0,34,476.0,1,0,1
F039,F024,T2,140.0,39,350.0,1,0,1
F039,F024,T3,140.0,45,406.0,1,0,1
F039,F025,T1,102.0,25,346.8,1,0,0
F039,F025,T2,102.0,28,255.0,1,0,0
F039,F025,T3,102.0,33,295.8,1,0,0
F039,F026,T1,199.0,48,676.6,1,0,0
F039,F026,T2,199.0,55,497.5,1,0,0
F039,F026,T3,199.0,63,577.1,1,0,0
F039,F027,T1,134.0,33,455.6,1,0,0
F039,F027,T2,134.0,37,335.0,1,0,0
F039,F027,T3,134.0,43,388.6,1,0,0
F039,F028,T1,271.0,66,921.4,0,0,0
F039,F028,T2,271.0,74,677.5,1,0,0
F039,F028,T3,271.0,86,785.9,1,0,0
F039,F029,T1,124.0,30,421.6,1,0,0
F039,F029,T2,124.0,34,310.0,1,0,0
F039,F029,T3,124.0,40,359.6,1,0,0
F039,F030,T1,222.0,54,754.8,1,0,0
F039,F030,T2,222.0,61,555.0,1,0,0
F039,F030,T3,222.0,71,643.8,1,0,0
F039,F031,T1,78.0,19,265.2,1,0,1
F039,F031,T2,78.0,22,195.0,1,0,1
F039,F031,T3,78.0,25,226.2,1,0,1
F039,F032,T1,106.0,26,360.4,1,0,0
F039,F032,T2,106.0,29,265.0,1,0,0
F039,F032,T3,106.0,34,307.4,1,0,0
F039,F033,T1,180.0,44,612.0,1,0,0
F039,F033,T2,180.0,50,450.0,1,0,0
F039,F033,T3,180.0,57,522.0,1,0,0
F039,F034,T1,163.0,40,554.2,1,0,0
F039,F034,T2,163.0,45,407.5,1,0,0
F039,F034,T3,163.0,52,472.7,1,0,0
F039,F035,T1,120.0,29,408.0,1,0,0
F039,F035,T2,120.0,33,300.0,1,0,0
F039,F035,T3,120.0,38,348.0,1,0,0
F039,F036,T1,83.0,20,282.2,1,0,0
F039,F036,T2,83.0,23,207.5,1,0,0
F039,F036,T3,83.0,27,240.7,1,0,0
F039,F037,T1,163.0,40,554.2,1,0,0
F039,F037,T2,163.0,45,407.5,1,0,0
F039,F037,T3,163.0,52,472.7,1,0,0
F039,F038,T1,42.0,11,142.8,1,0,1
F039,F038,T2,42.0,12,105.0,1,0,1
F039,F038,T3,42.0,14,121.8,1,0,1
F039,F040,T1,138.0,34,469.2,1,0,0
F039,F040,T2,138.0,38,345.0,1,0,0
F039,F040,T3,138.0,44,400.2,1,0,0
F039,F041,T1,75.0,18,255.0,1,0,0
F039,F041,T2,75.0,21,187.5,1,0,0
F039,F041,T3,75.0,24,217.5,1,0,0
F039,F042,T1,166.0,40,564.4,1,0,0
F039,F042,T2,166.0,46,415.0,1,0,0
F039,F042,T3,166.0,53,481.4,1,0,0
F039,F043,T1,91.0,22,309.4,1,0,0
F039,F043,T2,91.0,25,227.5,1,0,0
F039,F043,T3,91.0,29,263.9,1,0,0
F039,F044,T1,110.0,27,374.0,1,0,1
F039,F044,T2,110.0,30,275.0,1,0,1
F039,F044,T3,110.0,35,319.0,1,0,1
F039,F045,T1,55.0,14,187.0,1,0,0
F039,F045,T2,55.0,15,137.5,1,0,0
F039,F045,T3,55.0,18,159.5,1,0,0
F039,F046,T1,45.0,11,153.0,1,0,0
F039,F046,T2,45.0,13,112.5,1,0,0
F039,F046,T3,45.0,15,130.5,1,0,0
F039,F047,T1,55.0,14,187.0,1,0,0
F039,F047,T2,55.0,15,137.5,1,0,0
F039,F047,T3,55.0,18,159.5,1,0,0
F039,F048,T1,31.0,8,105.4,1,0,0
F039,F048,T2,31.0,9,77.5,1,0,0
F039,F048,T3,31.0,10,89.9,1,0,0
F039,F049,T1,36.0,9,122.4,1,0,0
F039,F049,T2,36.0,10,90.0,1,0,0
F039,F049,T3,36.0,12,104.4,1,0,0
F039,F050,T1,205.0,50,697.0,1,0,1
F039,F050,T2,205.0,56,512.5,1,0,1
F039,F050,T3,205.0,65,594.5,1,0,1
F039,F051,T1,60.0,15,204.0,1,0,0
F039,F051,T2,60.0,17,150.0,1,0,0
F039,F051,T3,60.0,19,174.0,1,0,0
F039,F052,T1,44.0,11,149.6,1,0,0
F039,F052,T2,44.0,12,110.0,1,0,0
F039,F052,T3,44.0,14,127.6,1,0,0
F040,A01,T1,373.0,90,1268.2,0,0,0
F040,A01,T2,373.0,102,932.5,1,0,0
F040,A01,T3,373.0,118,1081.7,1,0,0
F040,A02,T1,355.0,86,1207.0,0,0,0
F040,A02,T2,355.0,97,887.5,1,0,0
F040,A02,T3,355.0,113,1029.5,1,0,0
F040,A03,T1,342.0,83,1162.8,0,0,0
F040,A03,T2,342.0,94,855.0,1,0,0
F040,A03,T3,342.0,108,991.8,1,0,0
F040,F001,T1,307.0,74,1043.8,0,0,0
F040,F001,T2,307.0,84,767.5,1,0,0
F040,F001,T3,307.0,97,890.3,1,0,0
F040,F002,T1,492.0,119,1672.8,0,0,0
F040,F002,T2,492.0,135,1230.0,0,0,0
F040,F002,T3,492.0,156,1426.8,0,0,0
F040,F003,T1,440.0,106,1496.0,0,0,0
F040,F003,T2,440.0,120,1100.0,0,0,0
F040,F003,T3,440.0,139,1276.0,1,0,0
F040,F004,T1,459.0,111,1560.6,0,0,0
F040,F004,T2,459.0,126,1147.5,0,0,0
F040,F004,T3,459.0,145,1331.1,1,0,0
F040,F005,T1,346.0,84,1176.4,0,0,0
F040,F005,T2,346.0,95,865.0,1,0,0
F040,F005,T3,346.0,110,1003.4,1,0,0
F040,F006,T1,474.0,114,1611.6,0,0,1
F040,F006,T2,474.0,130,1185.0,0,0,1
F040,F006,T3,474.0,150,1374.6,1,0,1
F040,F007,T1,483.0,116,1642.2,0,0,0
F040,F007,T2,483.0,132,1207.5,0,0,0
F040,F007,T3,483.0,153,1400.7,0,0,0
F040,F008,T1,434.0,105,1475.6,0,0,0
F040,F008,T2,434.0,119,1085.0,0,0,0
F040,F008,T3,434.0,138,1258.6,1,0,0
F040,F009,T1,392.0,95,1332.8,0,0,0
F040,F009,T2,392.0,107,980.0,1,0,0
F040,F009,T3,392.0,124,1136.8,1,0,0
F040,F010,T1,448.0,108,1523.2,0,0,0
F040,F010,T2,448.0,123,1120.0,0,0,0
F040,F010,T3,448.0,142,1299.2,1,0,0
F040,F011,T1,401.0,97,1363.4,0,0,1
F040,F011,T2,401.0,110,1002.5,0,0,1
F040,F011,T3,401.0,127,1162.9,1,0,1
F040,F012,T1,347.0,84,1179.8,0,0,0
F040,F012,T2,347.0,95,867.5,1,0,0
F040,F012,T3,347.0,110,1006.3,1,0,0
F040,F013,T1,515.0,124,1751.0,0,0,0
F040,F013,T2,515.0,141,1287.5,0,0,0
F040,F013,T3,515.0,163,1493.5,0,0,0
F040,F014,T1,368.0,89,1251.2,0,0,0
F040,F014,T2,368.0,101,920.0,1,0,0
F040,F014,T3,368.0,117,1067.2,1,0,0
F040,F015,T1,371.0,90,1261.4,0,0,0
F040,F015,T2,371.0,102,927.5,1,0,0
F040,F015,T3,371.0,118,1075.9,1,0,0
F040,F016,T1,323.0,78,1098.2,0,0,0
F040,F016,T2,323.0,89,807.5,1,0,0
F040,F016,T3,323.0,102,936.7,1,0,0
F040,F017,T1,331.0,80,1125.4,0,0,0
F040,F017,T2,331.0,91,827.5,1,0,0
F040,F017,T3,331.0,105,959.9,1,0,0
F040,F018,T1,331.0,80,1125.4,0,0,1
F040,F018,T2,331.0,91,827.5,1,0,1
F040,F018,T3,331.0,105,959.9,1,0,1
F040,F019,T1,288.0,70,979.2,0,0,0
F040,F019,T2,288.0,79,720.0,1,0,0
F040,F019,T3,288.0,91,835.2,1,0,0
F040,F020,T1,307.0,74,1043.8,0,0,0
F040,F020,T2,307.0,84,767.5,1,0,0
F040,F020,T3,307.0,97,890.3,1,0,0
F040,F021,T1,227.0,55,771.8,1,0,0
F040,F021,T2,227.0,62,567.5,1,0,0
F040,F021,T3,227.0,72,658.3,1,0,0
F040,F022,T1,300.0,72,1020.0,0,0,0
F040,F022,T2,300.0,82,750.0,1,0,0
F040,F022,T3,300.0,95,870.0,1,0,0
F040,F023,T1,178.0,43,605.2,1,0,0
F040,F023,T2,178.0,49,445.0,1,0,0
F040,F023,T3,178.0,57,516.2,1,0,0
F040,F024,T1,259.0,63,880.6,0,0,1
F040,F024,T2,259.0,71,647.5,1,0,1
F040,F024,T3,259.0,82,751.1,1,0,1
F040,F025,T1,227.0,55,771.8,1,0,0
F040,F025,T2,227.0,62,567.5,1,0,0
F040,F025,T3,227.0,72,658.3,1,0,0
F040,F026,T1,320.0,77,1088.0,0,0,0
F040,F026,T2,320.0,88,800.0,1,0,0
F040,F026,T3,320.0,102,928.0,1,0,0
F040,F027,T1,260.0,63,884.0,0,0,0
F040,F027,T2,260.0,71,650.0,1,0,0
F040,F027,T3,260.0,83,754.0,1,0,0
F040,F028,T1,396.0,96,1346.4,0,0,0
F040,F028,T2,396.0,108,990.0,1,0,0
F040,F028,T3,396.0,126,1148.4,1,0,0
F040,F029,T1,243.0,59,826.2,1,0,0
F040,F029,T2,243.0,67,607.5,1,0,0
F040,F029,T3,243.0,77,704.7,1,0,0
F040,F030,T1,354.0,85,1203.6,0,0,0
F040,F030,T2,354.0,97,885.0,1,0,0
F040,F030,T3,354.0,112,1026.6,1,0,0
F040,F031,T1,184.0,45,625.6,1,0,1
F040,F031,T2,184.0,51,460.0,1,0,1
F040,F031,T3,184.0,59,533.6,1,0,1
F040,F032,T1,184.0,45,625.6,1,0,0
F040,F032,T2,184.0,51,460.0,1,0,0
F040,F032,T3,184.0,59,533.6,1,0,0
F040,F033,T1,294.0,71,999.6,0,0,0
F040,F033,T2,294.0,81,735.0,1,0,0
F040,F033,T3,294.0,93,852.6,1,0,0
F040,F034,T1,269.0,65,914.6,0,0,0
F040,F034,T2,269.0,74,672.5,1,0,0
F040,F034,T3,269.0,85,780.1,1,0,0
F040,F035,T1,216.0,52,734.4,1,0,0
F040,F035,T2,216.0,59,540.0,1,0,0
F040,F035,T3,216.0,69,626.4,1,0,0
F040,F036,T1,205.0,50,697.0,1,0,0
F040,F036,T2,205.0,56,512.5,1,0,0
F040,F036,T3,205.0,65,594.5,1,0,0
F040,F037,T1,27.0,7,91.8,1,0,0
F040,F037,T2,27.0,8,67.5,1,0,0
F040,F037,T3,27.0,9,78.3,1,0,0
F040,F038,T1,99.0,24,336.6,1,0,1
F040,F038,T2,99.0,27,247.5,1,0,1
F040,F038,T3,99.0,32,287.1,1,0,1
F040,F039,T1,138.0,34,469.2,1,0,0
F040,F039,T2,138.0,38,345.0,1,0,0
F040,F039,T3,138.0,44,400.2,1,0,0
F040,F041,T1,66.0,16,224.4,1,0,0
F040,F041,T2,66.0,18,165.0,1,0,0
F040,F041,T3,66.0,21,191.4,1,0,0
F040,F042,T1,28.0,7,95.2,1,0,0
F040,F042,T2,28.0,8,70.0,1,0,0
F040,F042,T3,28.0,9,81.2,1,0,0
F040,F043,T1,48.0,12,163.2,1,0,0
F040,F043,T2,48.0,14,120.0,1,0,0
F040,F043,T3,48.0,16,139.2,1,0,0
F040,F044,T1,28.0,7,95.2,1,0,1
F040,F044,T2,28.0,8,70.0,1,0,1
F040,F044,T3,28.0,9,81.2,1,0,1
F040,F045,T1,85.0,21,289.0,1,0,0
F040,F045,T2,85.0,24,212.5,1,0,0
F040,F045,T3,85.0,27,246.5,1,0,0
F040,F046,T1,165.0,40,561.0,1,0,0
F040,F046,T2,165.0,45,412.5,1,0,0
F040,F046,T3,165.0,53,478.5,1,0,0
F040,F047,T1,163.0,40,554.2,1,0,0
F040,F047,T2,163.0,45,407.5,1,0,0
F040,F047,T3,163.0,52,472.7,1,0,0
F040,F048,T1,116.0,28,394.4,1,0,0
F040,F048,T2,116.0,32,290.0,1,0,0
F040,F048,T3,116.0,37,336.4,1,0,0
F040,F049,T1,148.0,36,503.2,1,0,0
F040,F049,T2,148.0,41,370.0,1,0,0
F040,F049,T3,148.0,47,429.2,1,0,0
F040,F050,T1,67.0,17,227.8,1,0,1
F040,F050,T2,67.0,19,167.5,1,0,1
F040,F050,T3,67.0,22,194.3,1,0,1
F040,F051,T1,83.0,20,282.2,1,0,0
F040,F051,T2,83.0,23,207.5,1,0,0
F040,F051,T3,83.0,27,240.7,1,0,0
F040,F052,T1,130.0,32,442.0,1,0,0
F040,F052,T2,130.0,36,325.0,1,0,0
F040,F052,T3,130.0,42,377.0,1,0,0
F041,A01,T1,308.0,74,1047.2,0,0,0
F041,A01,T2,308.0,84,770.0,1,0,0
F041,A01,T3,308.0,98,893.2,1,0,0
F041,A02,T1,290.0,70,986.0,0,0,0
F041,A02,T2,290.0,80,725.0,1,0,0
F041,A02,T3,290.0,92,841.0,1,0,0
F041,A03,T1,278.0,67,945.2,0,0,0
F041,A03,T2,278.0,76,695.0,1,0,0
F041,A03,T3,278.0,88,806.2,1,0,0
F041,F001,T1,257.0,62,873.8,0,0,0
F041,F001,T2,257.0,71,642.5,1,0,0
F041,F001,T3,257.0,82,745.3,1,0,0
F041,F002,T1,433.0,104,1472.2,0,0,0
F041,F002,T2,433.0,119,1082.5,0,0,0
F041,F002,T3,433.0,137,1255.7,1,0,0
F041,F003,T1,382.0,92,1298.8,0,0,0
F041,F003,T2,382.0,105,955.0,1,0,0
F041,F003,T3,382.0,121,1107.8,1,0,0
F041,F004,T1,401.0,97,1363.4,0,0,0
F041,F004,T2,401.0,110,1002.5,0,0,0
F041,F004,T3,401.0,127,1162.9,1,0,0
F041,F005,T1,292.0,71,992.8,0,0,0
F041,F005,T2,292.0,80,730.0,1,0,0
F041,F005,T3,292.0,93,846.8,1,0,0
F041,F006,T1,418.0,101,1421.2,0,0,1
F041,F006,T2,418.0,114,1045.0,0,0,1
F041,F006,T3,418.0,132,1212.2,1,0,1
F041,F007,T1,427.0,103,1451.8,0,0,0
F041,F007,T2,427.0,117,1067.5,0,0,0
F041,F007,T3,427.0,135,1238.3,1,0,0
F041,F008,T1,380.0,92,1292.0,0,0,0
F041,F008,T2,380.0,104,950.0,1,0,0
F041,F008,T3,380.0,120,1102.0,1,0,0
F041,F009,T1,334.0,81,1135.6,0,0,0
F041,F009,T2,334.0,92,835.0,1,0,0
F041,F009,T3,334.0,106,968.6,1,0,0
F041,F010,T1,392.0,95,1332.8,0,0,0
F041,F010,T2,392.0,107,980.0,1,0,0
F041,F010,T3,392.0,124,1136.8,1,0,0
F041,F011,T1,346.0,84,1176.4,0,0,1
F041,F011,T2,346.0,95,865.0,1,0,1
F041,F011,T3,346.0,110,1003.4,1,0,1
F041,F012,T1,295.0,71,1003.0,0,0,0
F041,F012,T2,295.0,81,737.5,1,0,0
F041,F012,T3,295.0,94,855.5,1,0,0
F041,F013,T1,461.0,111,1567.4,0,0,0
F041,F013,T2,461.0,126,1152.5,0,0,0
F041,F013,T3,461.0,146,1336.9,1,0,0
F041,F014,T1,310.0,75,1054.0,0,0,0
F041,F014,T2,310.0,85,775.0,1,0,0
F041,F014,T3,310.0,98,899.0,1,0,0
F041,F015,T1,316.0,76,1074.4,0,0,0
F041,F015,T2,316.0,87,790.0,1,0,0
F041,F015,T3,316.0,100,916.4,1,0,0
F041,F016,T1,267.0,65,907.8,0,0,0
F041,F016,T2,267.0,73,667.5,1,0,0
F041,F016,T3,267.0,85,774.3,1,0,0
F041,F017,T1,272.0,66,924.8,0,0,0
F041,F017,T2,272.0,75,680.0,1,0,0
F041,F017,T3,272.0,86,788.8,1,0,0
F041,F018,T1,278.0,67,945.2,0,0,1
F041,F018,T2,278.0,76,695.0,1,0,1
F041,F018,T3,278.0,88,806.2,1,0,1
F041,F019,T1,236.0,57,802.4,1,0,0
F041,F019,T2,236.0,65,590.0,1,0,0
F041,F019,T3,236.0,75,684.4,1,0,0
F041,F020,T1,250.0,60,850.0,1,0,0
F041,F020,T2,250.0,69,625.0,1,0,0
F041,F020,T3,250.0,79,725.0,1,0,0
F041,F021,T1,175.0,42,595.0,1,0,0
F041,F021,T2,175.0,48,437.5,1,0,0
F041,F021,T3,175.0,56,507.5,1,0,0
F041,F022,T1,247.0,60,839.8,1,0,0
F041,F022,T2,247.0,68,617.5,1,0,0
F041,F022,T3,247.0,78,716.3,1,0,0
F041,F023,T1,137.0,33,465.8,1,0,0
F041,F023,T2,137.0,38,342.5,1,0,0
F041,F023,T3,137.0,44,397.3,1,0,0
F041,F024,T1,207.0,50,703.8,1,0,1
F041,F024,T2,207.0,57,517.5,1,0,1
F041,F024,T3,207.0,66,600.3,1,0,1
F041,F025,T1,172.0,42,584.8,1,0,0
F041,F025,T2,172.0,47,430.0,1,0,0
F041,F025,T3,172.0,55,498.8,1,0,0
F041,F026,T1,268.0,65,911.2,0,0,0
F041,F026,T2,268.0,74,670.0,1,0,0
F041,F026,T3,268.0,85,777.2,1,0,0
F041,F027,T1,205.0,50,697.0,1,0,0
F041,F027,T2,205.0,56,512.5,1,0,0
F041,F027,T3,205.0,65,594.5,1,0,0
F041,F028,T1,342.0,83,1162.8,0,0,0
F041,F028,T2,342.0,94,855.0,1,0,0
F041,F028,T3,342.0,108,991.8,1,0,0
F041,F029,T1,191.0,46,649.4,1,0,0
F041,F029,T2,191.0,53,477.5,1,0,0
F041,F029,T3,191.0,61,553.9,1,0,0
F041,F030,T1,296.0,72,1006.4,0,0,0
F041,F030,T2,296.0,81,740.0,1,0,0
F041,F030,T3,296.0,94,858.4,1,0,0
F041,F031,T1,135.0,33,459.0,1,0,1
F041,F031,T2,135.0,37,337.5,1,0,1
F041,F031,T3,135.0,43,391.5,1,0,1
F041,F032,T1,147.0,36,499.8,1,0,0
F041,F032,T2,147.0,41,367.5,1,0,0
F041,F032,T3,147.0,47,426.3,1,0,0
F041,F033,T1,245.0,59,833.0,1,0,0
F041,F033,T2,245.0,67,612.5,1,0,0
F041,F033,T3,245.0,78,710.5,1,0,0
F041,F034,T1,224.0,54,761.6,1,0,0
F041,F034,T2,224.0,62,560.0,1,0,0
F041,F034,T3,224.0,71,649.6,1,0,0
F041,F035,T1,174.0,42,591.6,1,0,0
F041,F035,T2,174.0,48,435.0,1,0,0
F041,F035,T3,174.0,55,504.6,1,0,0
F041,F036,T1,150.0,36,510.0,1,0,0
F041,F036,T2,150.0,41,375.0,1,0,0
F041,F036,T3,150.0,48,435.0,1,0,0
F041,F037,T1,88.0,22,299.2,1,0,0
F041,F037,T2,88.0,24,220.0,1,0,0
F041,F037,T3,88.0,28,255.2,1,0,0
F041,F038,T1,44.0,11,149.6,1,0,1
F041,F038,T2,44.0,12,110.0,1,0,1
F041,F038,T3,44.0,14,127.6,1,0,1
F041,F039,T1,75.0,18,255.0,1,0,0
F041,F039,T2,75.0,21,187.5,1,0,0
F041,F039,T3,75.0,24,217.5,1,0,0
F041,F040,T1,66.0,16,224.4,1,0,0
F041,F040,T2,66.0,18,165.0,1,0,0
F041,F040,T3,66.0,21,191.4,1,0,0
F041,F042,T1,93.0,23,316.2,1,0,0
F041,F042,T2,93.0,26,232.5,1,0,0
F041,F042,T3,93.0,30,269.7,1,0,0
F041,F043,T1,28.0,7,95.2,1,0,0
F041,F043,T2,28.0,8,70.0,1,0,0
F041,F043,T3,28.0,9,81.2,1,0,0
F041,F044,T1,39.0,10,132.6,1,0,1
F041,F044,T2,39.0,11,97.5,1,0,1
F041,F044,T3,39.0,13,113.1,1,0,1
F041,F045,T1,20.0,5,68.0,1,0,0
F041,F045,T2,20.0,6,50.0,1,0,0
F041,F045,T3,20.0,7,58.0,1,0,0
F041,F046,T1,110.0,27,374.0,1,0,0
F041,F046,T2,110.0,30,275.0,1,0,0
F041,F046,T3,110.0,35,319.0,1,0,0
F041,F047,T1,111.0,27,377.4,1,0,0
F041,F047,T2,111.0,31,277.5,1,0,0
F041,F047,T3,111.0,36,321.9,1,0,0
F041,F048,T1,60.0,15,204.0,1,0,0
F041,F048,T2,60.0,17,150.0,1,0,0
F041,F048,T3,60.0,19,174.0,1,0,0
F041,F049,T1,94.0,23,319.6,1,0,0
F041,F049,T2,94.0,26,235.0,1,0,0
F041,F049,T3,94.0,30,272.6,1,0,0
F041,F050,T1,131.0,32,445.4,1,0,1
F041,F050,T2,131.0,36,327.5,1,0,1
F041,F050,T3,131.0,42,379.9,1,0,1
F041,F051,T1,36.0,9,122.4,1,0,0
F041,F051,T2,36.0,10,90.0,1,0,0
F041,F051,T3,36.0,12,104.4,1,0,0
F041,F052,T1,80.0,20,272.0,1,0,0
F041,F052,T2,80.0,22,200.0,1,0,0
F041,F052,T3,80.0,26,232.0,1,0,0
F042,A01,T1,401.0,97,1363.4,0,0,0
F042,A01,T2,401.0,110,1002.5,0,0,0
F042,A01,T3,401.0,127,1162.9,1,0,0
F042,A02,T1,383.0,92,1302.2,0,0,0
F042,A02,T2,383.0,105,957.5,1,0,0
F042,A02,T3,383.0,121,1110.7,1,0,0
F042,A03,T1,368.0,89,1251.2,0,0,0
F042,A03,T2,368.0,101,920.0,1,0,0
F042,A03,T3,368.0,117,1067.2,1,0,0
F042,F001,T1,331.0,80,1125.4,0,0,0
F042,F001,T2,331.0,91,827.5,1,0,0
F042,F001,T3,331.0,105,959.9,1,0,0
F042,F002,T1,518.0,125,1761.2,0,0,0
F042,F002,T2,518.0,142,1295.0,0,0,0
F042,F002,T3,518.0,164,1502.2,0,0,0
F042,F003,T1,465.0,112,1581.0,0,0,0
F042,F003,T2,465.0,127,1162.5,0,0,0
F042,F003,T3,465.0,147,1348.5,1,0,0
F042,F004,T1,485.0,117,1649.0,0,0,0
F042,F004,T2,485.0,133,1212.5,0,0,0
F042,F004,T3,485.0,154,1406.5,0,0,0
F042,F005,T1,371.0,90,1261.4,0,0,0
F042,F005,T2,371.0,102,927.5,1,0,0
F042,F005,T3,371.0,118,1075.9,1,0,0
F042,F006,T1,499.0,120,1696.6,0,0,1
F042,F006,T2,499.0,137,1247.5,0,0,1
F042,F006,T3,499.0,158,1447.1,0,0,1
F042,F007,T1,509.0,123,1730.6,0,0,0
F042,F007,T2,509.0,139,1272.5,0,0,0
F042,F007,T3,509.0,161,1476.1,0,0,0
F042,F008,T1,459.0,111,1560.6,0,0,0
F042,F008,T2,459.0,126,1147.5,0,0,0
F042,F008,T3,459.0,145,1331.1,1,0,0
F042,F009,T1,418.0,101,1421.2,0,0,0
F042,F009,T2,418.0,114,1045.0,0,0,0
F042,F009,T3,418.0,132,1212.2,1,0,0
F042,F010,T1,473.0,114,1608.2,0,0,0
F042,F010,T2,473.0,129,1182.5,0,0,0
F042,F010,T3,473.0,150,1371.7,1,0,0
F042,F011,T1,427.0,103,1451.8,0,0,1
F042,F011,T2,427.0,117,1067.5,0,0,1
F042,F011,T3,427.0,135,1238.3,1,0,1
F042,F012,T1,372.0,90,1264.8,0,0,0
F042,F012,T2,372.0,102,930.0,1,0,0
F042,F012,T3,372.0,118,1078.8,1,0,0
F042,F013,T1,540.0,130,1836.0,0,0,0
F042,F013,T2,540.0,148,1350.0,0,0,0
F042,F013,T3,540.0,171,1566.0,0,0,0
F042,F014,T1,394.0,95,1339.6,0,0,0
F042,F014,T2,394.0,108,985.0,1,0,0
F042,F014,T3,394.0,125,1142.6,1,0,0
F042,F015,T1,396.0,96,1346.4,0,0,0
F042,F015,T2,396.0,108,990.0,1,0,0
F042,F015,T3,396.0,126,1148.4,1,0,0
F042,F016,T1,348.0,84,1183.2,0,0,0
F042,F016,T2,348.0,95,870.0,1,0,0
F042,F016,T3,348.0,110,1009.2,1,0,0
F042,F017,T1,357.0,86,1213.8,0,0,0
F042,F017,T2,357.0,98,892.5,1,0,0
F042,F017,T3,357.0,113,1035.3,1,0,0
F042,F018,T1,356.0,86,1210.4,0,0,1
F042,F018,T2,356.0,98,890.0,1,0,1
F042,F018,T3,356.0,113,1032.4,1,0,1
F042,F019,T1,313.0,76,1064.2,0,0,0
F042,F019,T2,313.0,86,782.5,1,0,0
F042,F019,T3,313.0,99,907.7,1,0,0
F042,F020,T1,332.0,80,1128.8,0,0,0
F042,F020,T2,332.0,91,830.0,1,0,0
F042,F020,T3,332.0,105,962.8,1,0,0
F042,F021,T1,251.0,61,853.4,0,0,0
F042,F021,T2,251.0,69,627.5,1,0,0
F042,F021,T3,251.0,80,727.9,1,0,0
F042,F022,T1,325.0,78,1105.0,0,0,0
F042,F022,T2,325.0,89,812.5,1,0,0
F042,F022,T3,325.0,103,942.5,1,0,0
F042,F023,T1,201.0,49,683.4,1,0,0
F042,F023,T2,201.0,55,502.5,1,0,0
F042,F023,T3,201.0,64,582.9,1,0,0
F042,F024,T1,283.0,68,962.2,0,0,1
F042,F024,T2,283.0,78,707.5,1,0,1
F042,F024,T3,283.0,90,820.7,1,0,1
F042,F025,T1,252.0,61,856.8,0,0,0
F042,F025,T2,252.0,69,630.0,1,0,0
F042,F025,T3,252.0,80,730.8,1,0,0
F042,F026,T1,345.0,83,1173.0,0,0,0
F042,F026,T2,345.0,95,862.5,1,0,0
F042,F026,T3,345.0,109,1000.5,1,0,0
F042,F027,T1,286.0,69,972.4,0,0,0
F042,F027,T2,286.0,78,715.0,1,0,0
F042,F027,T3,286.0,91,829.4,1,0,0
F042,F028,T1,420.0,101,1428.0,0,0,0
F042,F028,T2,420.0,115,1050.0,0,0,0
F042,F028,T3,420.0,133,1218.0,1,0,0
F042,F029,T1,268.0,65,911.2,0,0,0
F042,F029,T2,268.0,74,670.0,1,0,0
F042,F029,T3,268.0,85,777.2,1,0,0
F042,F030,T1,380.0,92,1292.0,0,0,0
F042,F030,T2,380.0,104,950.0,1,0,0
F042,F030,T3,380.0,120,1102.0,1,0,0
F042,F031,T1,208.0,50,707.2,1,0,1
F042,F031,T2,208.0,57,520.0,1,0,1
F042,F031,T3,208.0,66,603.2,1,0,1
F042,F032,T1,205.0,50,697.0,1,0,0
F042,F032,T2,205.0,56,512.5,1,0,0
F042,F032,T3,205.0,65,594.5,1,0,0
F042,F033,T1,317.0,77,1077.8,0,0,0
F042,F033,T2,317.0,87,792.5,1,0,0
F042,F033,T3,317.0,101,919.3,1,0,0
F042,F034,T1,291.0,70,989.4,0,0,0
F042,F034,T2,291.0,80,727.5,1,0,0
F042,F034,T3,291.0,92,843.9,1,0,0
F042,F035,T1,239.0,58,812.6,1,0,0
F042,F035,T2,239.0,66,597.5,1,0,0
F042,F035,T3,239.0,76,693.1,1,0,0
F042,F036,T1,230.0,56,782.0,1,0,0
F042,F036,T2,230.0,63,575.0,1,0,0
F042,F036,T3,230.0,73,667.0,1,0,0
F042,F037,T1,18.0,5,61.2,1,0,0
F042,F037,T2,18.0,5,45.0,1,0,0
F042,F037,T3,18.0,6,52.2,1,0,0
F042,F038,T1,126.0,31,428.4,1,0,1
F042,F038,T2,126.0,35,315.0,1,0,1
F042,F038,T3,126.0,40,365.4,1,0,1
F042,F039,T1,166.0,40,564.4,1,0,0
F042,F039,T2,166.0,46,415.0,1,0,0
F042,F039,T3,166.0,53,481.4,1,0,0
F042,F040,T1,28.0,7,95.2,1,0,0
F042,F040,T2,28.0,8,70.0,1,0,0
F042,F040,T3,28.0,9,81.2,1,0,0
F042,F041,T1,93.0,23,316.2,1,0,0
F042,F041,T2,93.0,26,232.5,1,0,0
F042,F041,T3,93.0,30,269.7,1,0,0
F042,F043,T1,75.0,18,255.0,1,0,0
F042,F043,T2,75.0,21,187.5,1,0,0
F042,F043,T3,75.0,24,217.5,1,0,0
F042,F044,T1,56.0,14,190.4,1,0,1
F042,F044,T2,56.0,16,140.0,1,0,1
F042,F044,T3,56.0,18,162.4,1,0,1
F042,F045,T1,113.0,28,384.2,1,0,0
F042,F045,T2,113.0,31,282.5,1,0,0
F042,F045,T3,113.0,36,327.7,1,0,0
F042,F046,T1,191.0,46,649.4,1,0,0
F042,F046,T2,191.0,53,477.5,1,0,0
F042,F046,T3,191.0,61,553.9,1,0,0
F042,F047,T1,188.0,46,639.2,1,0,0
F042,F047,T2,188.0,52,470.0,1,0,0
F042,F047,T3,188.0,60,545.2,1,0,0
F042,F048,T1,143.0,35,486.2,1,0,0
F042,F048,T2,143.0,39,357.5,1,0,0
F042,F048,T3,143.0,46,414.7,1,0,0
F042,F049,T1,174.0,42,591.6,1,0,0
F042,F049,T2,174.0,48,435.0,1,0,0
F042,F049,T3,174.0,55,504.6,1,0,0
F042,F050,T1,40.0,10,136.0,1,0,1
F042,F050,T2,40.0,11,100.0,1,0,1
F042,F050,T3,40.0,13,116.0,1,0,1
F042,F051,T1,110.0,27,374.0,1,0,0
F042,F051,T2,110.0,30,275.0,1,0,0
F042,F051,T3,110.0,35,319.0,1,0,0
F042,F052,T1,155.0,38,527.0,1,0,0
F042,F052,T2,155.0,43,387.5,1,0,0
F042,F052,T3,155.0,49,449.5,1,0,0
F043,A01,T1,329.0,79,1118.6,0,0,0
F043,A01,T2,329.0,90,822.5,1,0,0
F043,A01,T3,329.0,104,954.1,1,0,0
F043,A02,T1,313.0,76,1064.2,0,0,0
F043,A02,T2,313.0,86,782.5,1,0,0
F043,A02,T3,313.0,99,907.7,1,0,0
F043,A03,T1,303.0,73,1030.2,0,0,0
F043,A03,T2,303.0,83,757.5,1,0,0
F043,A03,T3,303.0,96,878.7,1,0,0
F043,F001,T1,261.0,63,887.4,0,0,0
F043,F001,T2,261.0,72,652.5,1,0,0
F043,F001,T3,261.0,83,756.9,1,0,0
F043,F002,T1,444.0,107,1509.6,0,0,0
F043,F002,T2,444.0,122,1110.0,0,0,0
F043,F002,T3,444.0,141,1287.6,1,0,0
F043,F003,T1,391.0,94,1329.4,0,0,0
F043,F003,T2,391.0,107,977.5,1,0,0
F043,F003,T3,391.0,124,1133.9,1,0,0
F043,F004,T1,411.0,99,1397.4,0,0,0
F043,F004,T2,411.0,113,1027.5,0,0,0
F043,F004,T3,411.0,130,1191.9,1,0,0
F043,F005,T1,299.0,72,1016.6,0,0,0
F043,F005,T2,299.0,82,747.5,1,0,0
F043,F005,T3,299.0,95,867.1,1,0,0
F043,F006,T1,426.0,103,1448.4,0,0,1
F043,F006,T2,426.0,117,1065.0,0,0,1
F043,F006,T3,426.0,135,1235.4,1,0,1
F043,F007,T1,435.0,105,1479.0,0,0,0
F043,F007,T2,435.0,119,1087.5,0,0,0
F043,F007,T3,435.0,138,1261.5,1,0,0
F043,F008,T1,387.0,93,1315.8,0,0,0
F043,F008,T2,387.0,106,967.5,1,0,0
F043,F008,T3,387.0,123,1122.3,1,0,0
F043,F009,T1,343.0,83,1166.2,0,0,0
F043,F009,T2,343.0,94,857.5,1,0,0
F043,F009,T3,343.0,109,994.7,1,0,0
F043,F010,T1,400.0,96,1360.0,0,0,0
F043,F010,T2,400.0,110,1000.0,1,0,0
F043,F010,T3,400.0,127,1160.0,1,0,0
F043,F011,T1,354.0,85,1203.6,0,0,1
F043,F011,T2,354.0,97,885.0,1,0,1
F043,F011,T3,354.0,112,1026.6,1,0,1
F043,F012,T1,300.0,72,1020.0,0,0,0
F043,F012,T2,300.0,82,750.0,1,0,0
F043,F012,T3,300.0,95,870.0,1,0,0
F043,F013,T1,468.0,113,1591.2,0,0,0
F043,F013,T2,468.0,128,1170.0,0,0,0
F043,F013,T3,468.0,148,1357.2,1,0,0
F043,F014,T1,319.0,77,1084.6,0,0,0
F043,F014,T2,319.0,87,797.5,1,0,0
F043,F014,T3,319.0,101,925.1,1,0,0
F043,F015,T1,323.0,78,1098.2,0,0,0
F043,F015,T2,323.0,89,807.5,1,0,0
F043,F015,T3,323.0,102,936.7,1,0,0
F043,F016,T1,275.0,66,935.0,0,0,0
F043,F016,T2,275.0,75,687.5,1,0,0
F043,F016,T3,275.0,87,797.5,1,0,0
F043,F017,T1,282.0,68,958.8,0,0,0
F043,F017,T2,282.0,77,705.0,1,0,0
F043,F017,T3,282.0,90,817.8,1,0,0
F043,F018,T1,284.0,69,965.6,0,0,1
F043,F018,T2,284.0,78,710.0,1,0,1
F043,F018,T3,284.0,90,823.6,1,0,1
F043,F019,T1,241.0,58,819.4,1,0,0
F043,F019,T2,241.0,66,602.5,1,0,0
F043,F019,T3,241.0,77,698.9,1,0,0
F043,F020,T1,258.0,62,877.2,0,0,0
F043,F020,T2,258.0,71,645.0,1,0,0
F043,F020,T3,258.0,82,748.2,1,0,0
F043,F021,T1,179.0,43,608.6,1,0,0
F043,F021,T2,179.0,49,447.5,1,0,0
F043,F021,T3,179.0,57,519.1,1,0,0
F043,F022,T1,253.0,61,860.2,0,0,0
F043,F022,T2,253.0,69,632.5,1,0,0
F043,F022,T3,253.0,80,733.7,1,0,0
F043,F023,T1,134.0,33,455.6,1,0,0
F043,F023,T2,134.0,37,335.0,1,0,0
F043,F023,T3,134.0,43,388.6,1,0,0
F043,F024,T1,211.0,51,717.4,1,0,1
F043,F024,T2,211.0,58,527.5,1,0,1
F043,F024,T3,211.0,67,611.9,1,0,1
F043,F025,T1,179.0,43,608.6,1,0,0
F043,F025,T2,179.0,49,447.5,1,0,0
F043,F025,T3,179.0,57,519.1,1,0,0
F043,F026,T1,273.0,66,928.2,0,0,0
F043,F026,T2,273.0,75,682.5,1,0,0
F043,F026,T3,273.0,87,791.7,1,0,0
F043,F027,T1,212.0,51,720.8,1,0,0
F043,F027,T2,212.0,58,530.0,1,0,0
F043,F027,T3,212.0,67,614.8,1,0,0
F043,F028,T1,348.0,84,1183.2,0,0,0
F043,F028,T2,348.0,95,870.0,1,0,0
F043,F028,T3,348.0,110,1009.2,1,0,0
F043,F029,T1,196.0,48,666.4,1,0,0
F043,F029,T2,196.0,54,490.0,1,0,0
F043,F029,T3,196.0,62,568.4,1,0,0
F043,F030,T1,306.0,74,1040.4,0,0,0
F043,F030,T2,306.0,84,765.0,1,0,0
F043,F030,T3,306.0,97,887.4,1,0,0
F043,F031,T1,137.0,33,465.8,1,0,1
F043,F031,T2,137.0,38,342.5,1,0,1
F043,F031,T3,137.0,44,397.3,1,0,1
F043,F032,T1,141.0,34,479.4,1,0,0
F043,F032,T2,141.0,39,352.5,1,0,0
F043,F032,T3,141.0,45,408.9,1,0,0
F043,F033,T1,247.0,60,839.8,1,0,0
F043,F033,T2,247.0,68,617.5,1,0,0
F043,F033,T3,247.0,78,716.3,1,0,0
F043,F034,T1,223.0,54,758.2,1,0,0
F043,F034,T2,223.0,61,557.5,1,0,0
F043,F034,T3,223.0,71,646.7,1,0,0
F043,F035,T1,172.0,42,584.8,1,0,0
F043,F035,T2,172.0,47,430.0,1,0,0
F043,F035,T3,172.0,55,498.8,1,0,0
F043,F036,T1,157.0,38,533.8,1,0,0
F043,F036,T2,157.0,43,392.5,1,0,0
F043,F036,T3,157.0,50,455.3,1,0,0
F043,F037,T1,75.0,18,255.0,1,0,0
F043,F037,T2,75.0,21,187.5,1,0,0
F043,F037,T3,75.0,24,217.5,1,0,0
F043,F038,T1,51.0,13,173.4,1,0,1
F043,F038,T2,51.0,14,127.5,1,0,1
F043,F038,T3,51.0,17,147.9,1,0,1
F043,F039,T1,91.0,22,309.4,1,0,0
F043,F039,T2,91.0,25,227.5,1,0,0
F043,F039,T3,91.0,29,263.9,1,0,0
F043,F040,T1,48.0,12,163.2,1,0,0
F043,F040,T2,48.0,14,120.0,1,0,0
F043,F040,T3,48.0,16,139.2,1,0,0
F043,F041,T1,28.0,7,95.2,1,0,0
F043,F041,T2,28.0,8,70.0,1,0,0
F043,F041,T3,28.0,9,81.2,1,0,0
F043,F042,T1,75.0,18,255.0,1,0,0
F043,F042,T2,75.0,21,187.5,1,0,0
F043,F042,T3,75.0,24,217.5,1,0,0
F043,F044,T1,21.0,6,71.4,1,0,1
F043,F044,T2,21.0,6,52.5,1,0,1
F043,F044,T3,21.0,7,60.9,1,0,1
F043,F045,T1,43.0,11,146.2,1,0,0
F043,F045,T2,43.0,12,107.5,1,0,0
F043,F045,T3,43.0,14,124.7,1,0,0
F043,F046,T1,117.0,29,397.8,1,0,0
F043,F046,T2,117.0,32,292.5,1,0,0
F043,F046,T3,117.0,37,339.3,1,0,0
F043,F047,T1,115.0,28,391.0,1,0,0
F043,F047,T2,115.0,32,287.5,1,0,0
F043,F047,T3,115.0,37,333.5,1,0,0
F043,F048,T1,68.0,17,231.2,1,0,0
F043,F048,T2,68.0,19,170.0,1,0,0
F043,F048,T3,68.0,22,197.2,1,0,0
F043,F049,T1,100.0,24,340.0,1,0,0
F043,F049,T2,100.0,28,250.0,1,0,0
F043,F049,T3,100.0,32,290.0,1,0,0
F043,F050,T1,115.0,28,391.0,1,0,1
F043,F050,T2,115.0,32,287.5,1,0,1
F043,F050,T3,115.0,37,333.5,1,0,1
F043,F051,T1,35.0,9,119.0,1,0,0
F043,F051,T2,35.0,10,87.5,1,0,0
F043,F051,T3,35.0,12,101.5,1,0,0
F043,F052,T1,82.0,20,278.8,1,0,0
F043,F052,T2,82.0,23,205.0,1,0,0
F043,F052,T3,82.0,26,237.8,1,0,0
F044,A01,T1,346.0,84,1176.4,0,1,0
F044,A01,T2,346.0,95,865.0,1,1,0
F044,A01,T3,346.0,110,1003.4,1,1,0
F044,A02,T1,329.0,79,1118.6,0,1,0
F044,A02,T2,329.0,90,822.5,1,1,0
F044,A02,T3,329.0,104,954.1,1,1,0
F044,A03,T1,317.0,77,1077.8,0,1,0
F044,A03,T2,317.0,87,792.5,1,1,0
F044,A03,T3,317.0,101,919.3,1,1,0
F044,F001,T1,281.0,68,955.4,0,1,0
F044,F001,T2,281.0,77,702.5,1,1,0
F044,F001,T3,281.0,89,814.9,1,1,0
F044,F002,T1,464.0,112,1577.6,0,1,0
F044,F002,T2,464.0,127,1160.0,0,1,0
F044,F002,T3,464.0,147,1345.6,1,1,0
F044,F003,T1,412.0,99,1400.8,0,1,0
F044,F003,T2,412.0,113,1030.0,0,1,0
F044,F003,T3,412.0,131,1194.8,1,1,0
F044,F004,T1,431.0,104,1465.4,0,1,0
F044,F004,T2,431.0,118,1077.5,0,1,0
F044,F004,T3,431.0,137,1249.9,1,1,0
F044,F005,T1,319.0,77,1084.6,0,1,0
F044,F005,T2,319.0,87,797.5,1,1,0
F044,F005,T3,319.0,101,925.1,1,1,0
F044,F006,T1,447.0,108,1519.8,0,1,1
F044,F006,T2,447.0,122,1117.5,0,1,1
F044,F006,T3,447.0,142,1296.3,1,1,1
F044,F007,T1,456.0,110,1550.4,0,1,0
F044,F007,T2,456.0,125,1140.0,0,1,0
F044,F007,T3,456.0,144,1322.4,1,1,0
F044,F008,T1,407.0,98,1383.8,0,1,0
F044,F008,T2,407.0,111,1017.5,0,1,0
F044,F008,T3,407.0,129,1180.3,1,1,0
F044,F009,T1,364.0,88,1237.6,0,1,0
F044,F009,T2,364.0,100,910.0,1,1,0
F044,F009,T3,364.0,115,1055.6,1,1,0
F044,F010,T1,420.0,101,1428.0,0,1,0
F044,F010,T2,420.0,115,1050.0,0,1,0
F044,F010,T3,420.0,133,1218.0,1,1,0
F044,F011,T1,374.0,90,1271.6,0,1,1
F044,F011,T2,374.0,102,935.0,1,1,1
F044,F011,T3,374.0,119,1084.6,1,1,1
F044,F012,T1,321.0,78,1091.4,0,1,0
F044,F012,T2,321.0,88,802.5,1,1,0
F044,F012,T3,321.0,102,930.9,1,1,0
F044,F013,T1,488.0,118,1659.2,0,1,0
F044,F013,T2,488.0,134,1220.0,0,1,0
F044,F013,T3,488.0,155,1415.2,0,1,0
F044,F014,T1,340.0,82,1156.0,0,1,0
F044,F014,T2,340.0,93,850.0,1,1,0
F044,F014,T3,340.0,108,986.0,1,1,0
F044,F015,T1,344.0,83,1169.6,0,1,0
F044,F015,T2,344.0,94,860.0,1,1,0
F044,F015,T3,344.0,109,997.6,1,1,0
F044,F016,T1,295.0,71,1003.0,0,1,0
F044,F016,T2,295.0,81,737.5,1,1,0
F044,F016,T3,295.0,94,855.5,1,1,0
F044,F017,T1,303.0,73,1030.2,0,1,0
F044,F017,T2,303.0,83,757.5,1,1,0
F044,F017,T3,303.0,96,878.7,1,1,0
F044,F018,T1,304.0,73,1033.6,0,1,1
F044,F018,T2,304.0,83,760.0,1,1,1
F044,F018,T3,304.0,96,881.6,1,1,1
F044,F019,T1,261.0,63,887.4,0,1,0
F044,F019,T2,261.0,72,652.5,1,1,0
F044,F019,T3,261.0,83,756.9,1,1,0
F044,F020,T1,279.0,67,948.6,0,1,0
F044,F020,T2,279.0,77,697.5,1,1,0
F044,F020,T3,279.0,89,809.1,1,1,0
F044,F021,T1,200.0,48,680.0,1,1,0
F044,F021,T2,200.0,55,500.0,1,1,0
F044,F021,T3,200.0,64,580.0,1,1,0
F044,F022,T1,273.0,66,928.2,0,1,0
F044,F022,T2,273.0,75,682.5,1,1,0
F044,F022,T3,273.0,87,791.7,1,1,0
F044,F023,T1,154.0,37,523.6,1,1,0
F044,F023,T2,154.0,42,385.0,1,1,0
F044,F023,T3,154.0,49,446.6,1,1,0
F044,F024,T1,232.0,56,788.8,1,1,1
F044,F024,T2,232.0,64,580.0,1,1,1
F044,F024,T3,232.0,74,672.8,1,1,1
F044,F025,T1,199.0,48,676.6,1,1,0
F044,F025,T2,199.0,55,497.5,1,1,0
F044,F025,T3,199.0,63,577.1,1,1,0
F044,F026,T1,294.0,71,999.6,0,1,0
F044,F026,T2,294.0,81,735.0,1,1,0
F044,F026,T3,294.0,93,852.6,1,1,0
F044,F027,T1,233.0,56,792.2,1,1,0
F044,F027,T2,233.0,64,582.5,1,1,0
F044,F027,T3,233.0,74,675.7,1,1,0
F044,F028,T1,369.0,89,1254.6,0,1,0
F044,F028,T2,369.0,101,922.5,1,1,0
F044,F028,T3,369.0,117,1070.1,1,1,0
F044,F029,T1,216.0,52,734.4,1,1,0
F044,F029,T2,216.0,59,540.0,1,1,0
F044,F029,T3,216.0,69,626.4,1,1,0
F044,F030,T1,326.0,79,1108.4,0,1,0
F044,F030,T2,326.0,89,815.0,1,1,0
F044,F030,T3,326.0,103,945.4,1,1,0
F044,F031,T1,157.0,38,533.8,1,1,1
F044,F031,T2,157.0,43,392.5,1,1,1
F044,F031,T3,157.0,50,455.3,1,1,1
F044,F032,T1,161.0,39,547.4,1,1,0
F044,F032,T2,161.0,44,402.5,1,1,0
F044,F032,T3,161.0,51,466.9,1,1,0
F044,F033,T1,268.0,65,911.2,0,1,0
F044,F033,T2,268.0,74,670.0,1,1,0
F044,F033,T3,268.0,85,777.2,1,1,0
F044,F034,T1,244.0,59,829.6,1,1,0
F044,F034,T2,244.0,67,610.0,1,1,0
F044,F034,T3,244.0,78,707.6,1,1,0
F044,F035,T1,192.0,47,652.8,1,1,0
F044,F035,T2,192.0,53,480.0,1,1,0
F044,F035,T3,192.0,61,556.8,1,1,0
F044,F036,T1,177.0,43,601.8,1,1,0
F044,F036,T2,177.0,49,442.5,1,1,0
F044,F036,T3,177.0,56,513.3,1,1,0
F044,F037,T1,54.0,13,183.6,1,1,0
F044,F037,T2,54.0,15,135.0,1,1,0
F044,F037,T3,54.0,18,156.6,1,1,0
F044,F038,T1,71.0,18,241.4,1,1,1
F044,F038,T2,71.0,20,177.5,1,1,1
F044,F038,T3,71.0,23,205.9,1,1,1
F044,F039,T1,110.0,27,374.0,1,1,0
F044,F039,T2,110.0,30,275.0,1,1,0
F044,F039,T3,110.0,35,319.0,1,1,0
F044,F040,T1,28.0,7,95.2,1,1,0
F044,F040,T2,28.0,8,70.0,1,1,0
F044,F040,T3,28.0,9,81.2,1,1,0
F044,F041,T1,39.0,10,132.6,1,1,0
F044,F041,T2,39.0,11,97.5,1,1,0
F044,F041,T3,39.0,13,113.1,1,1,0
F044,F042,T1,56.0,14,190.4,1,1,0
F044,F042,T2,56.0,16,140.0,1,1,0
F044,F042,T3,56.0,18,162.4,1,1,0
F044,F043,T1,21.0,6,71.4,1,1,0
F044,F043,T2,21.0,6,52.5,1,1,0
F044,F043,T3,21.0,7,60.9,1,1,0
F044,F045,T1,58.0,14,197.2,1,1,0
F044,F045,T2,58.0,16,145.0,1,1,0
F044,F045,T3,58.0,19,168.2,1,1,0
F044,F046,T1,137.0,33,465.8,1,1,0
F044,F046,T2,137.0,38,342.5,1,1,0
F044,F046,T3,137.0,44,397.3,1,1,0
F044,F047,T1,136.0,33,462.4,1,1,0
F044,F047,T2,136.0,38,340.0,1,1,0
F044,F047,T3,136.0,43,394.4,1,1,0
F044,F048,T1,88.0,22,299.2,1,1,0
F044,F048,T2,88.0,24,220.0,1,1,0
F044,F048,T3,88.0,28,255.2,1,1,0
F044,F049,T1,121.0,30,411.4,1,1,0
F044,F049,T2,121.0,33,302.5,1,1,0
F044,F049,T3,121.0,39,350.9,1,1,0
F044,F050,T1,95.0,23,323.0,1,1,1
F044,F050,T2,95.0,26,237.5,1,1,1
F044,F050,T3,95.0,30,275.5,1,1,1
F044,F051,T1,56.0,14,190.4,1,1,0
F044,F051,T2,56.0,16,140.0,1,1,0
F044,F051,T3,56.0,18,162.4,1,1,0
F044,F052,T1,103.0,25,350.2,1,1,0
F044,F052,T2,103.0,29,257.5,1,1,0
F044,F052,T3,103.0,33,298.7,1,1,0
F045,A01,T1,288.0,70,979.2,0,0,0
F045,A01,T2,288.0,79,720.0,1,0,0
F045,A01,T3,288.0,91,835.2,1,0,0
F045,A02,T1,271.0,66,921.4,0,0,0
F045,A02,T2,271.0,74,677.5,1,0,0
F045,A02,T3,271.0,86,785.9,1,0,0
F045,A03,T1,260.0,63,884.0,0,0,0
F045,A03,T2,260.0,71,650.0,1,0,0
F045,A03,T3,260.0,83,754.0,1,0,0
F045,F001,T1,241.0,58,819.4,1,0,0
F045,F001,T2,241.0,66,602.5,1,0,0
F045,F001,T3,241.0,77,698.9,1,0,0
F045,F002,T1,414.0,100,1407.6,0,0,0
F045,F002,T2,414.0,113,1035.0,0,0,0
F045,F002,T3,414.0,131,1200.6,1,0,0
F045,F003,T1,363.0,88,1234.2,0,0,0
F045,F003,T2,363.0,99,907.5,1,0,0
F045,F003,T3,363.0,115,1052.7,1,0,0
F045,F004,T1,381.0,92,1295.4,0,0,0
F045,F004,T2,381.0,104,952.5,1,0,0
F045,F004,T3,381.0,121,1104.9,1,0,0
F045,F005,T1,274.0,66,931.6,0,0,0
F045,F005,T2,274.0,75,685.0,1,0,0
F045,F005,T3,274.0,87,794.6,1,0,0
F045,F006,T1,400.0,96,1360.0,0,0,1
F045,F006,T2,400.0,110,1000.0,1,0,1
F045,F006,T3,400.0,127,1160.0,1,0,1
F045,F007,T1,408.0,98,1387.2,0,0,0
F045,F007,T2,408.0,112,1020.0,0,0,0
F045,F007,T3,408.0,129,1183.2,1,0,0
F045,F008,T1,361.0,87,1227.4,0,0,0
F045,F008,T2,361.0,99,902.5,1,0,0
F045,F008,T3,361.0,114,1046.9,1,0,0
F045,F009,T1,315.0,76,1071.0,0,0,0
F045,F009,T2,315.0,86,787.5,1,0,0
F045,F009,T3,315.0,100,913.5,1,0,0
F045,F010,T1,373.0,90,1268.2,0,0,0
F045,F010,T2,373.0,102,932.5,1,0,0
F045,F010,T3,373.0,118,1081.7,1,0,0
F045,F011,T1,328.0,79,1115.2,0,0,1
F045,F011,T2,328.0,90,820.0,1,0,1
F045,F011,T3,328.0,104,951.2,1,0,1
F045,F012,T1,277.0,67,941.8,0,0,0
F045,F012,T2,277.0,76,692.5,1,0,0
F045,F012,T3,277.0,88,803.3,1,0,0
F045,F013,T1,443.0,107,1506.2,0,0,0
F045,F013,T2,443.0,121,1107.5,0,0,0
F045,F013,T3,443.0,140,1284.7,1,0,0
F045,F014,T1,291.0,70,989.4,0,0,0
F045,F014,T2,291.0,80,727.5,1,0,0
F045,F014,T3,291.0,92,843.9,1,0,0
F045,F015,T1,297.0,72,1009.8,0,0,0
F045,F015,T2,297.0,81,742.5,1,0,0
F045,F015,T3,297.0,94,861.3,1,0,0
F045,F016,T1,249.0,60,846.6,1,0,0
F045,F016,T2,249.0,68,622.5,1,0,0
F045,F016,T3,249.0,79,722.1,1,0,0
F045,F017,T1,253.0,61,860.2,0,0,0
F045,F017,T2,253.0,69,632.5,1,0,0
F045,F017,T3,253.0,80,733.7,1,0,0
F045,F018,T1,260.0,63,884.0,0,0,1
F045,F018,T2,260.0,71,650.0,1,0,1
F045,F018,T3,260.0,83,754.0,1,0,1
F045,F019,T1,219.0,53,744.6,1,0,0
F045,F019,T2,219.0,60,547.5,1,0,0
F045,F019,T3,219.0,70,635.1,1,0,0
F045,F020,T1,232.0,56,788.8,1,0,0
F045,F020,T2,232.0,64,580.0,1,0,0
F045,F020,T3,232.0,74,672.8,1,0,0
F045,F021,T1,158.0,38,537.2,1,0,0
F045,F021,T2,158.0,44,395.0,1,0,0
F045,F021,T3,158.0,50,458.2,1,0,0
F045,F022,T1,229.0,55,778.6,1,0,0
F045,F022,T2,229.0,63,572.5,1,0,0
F045,F022,T3,229.0,73,664.1,1,0,0
F045,F023,T1,125.0,30,425.0,1,0,0
F045,F023,T2,125.0,35,312.5,1,0,0
F045,F023,T3,125.0,40,362.5,1,0,0
F045,F024,T1,190.0,46,646.0,1,0,1
F045,F024,T2,190.0,52,475.0,1,0,1
F045,F024,T3,190.0,60,551.0,1,0,1
F045,F025,T1,154.0,37,523.6,1,0,0
F045,F025,T2,154.0,42,385.0,1,0,0
F045,F025,T3,154.0,49,446.6,1,0,0
F045,F026,T1,251.0,61,853.4,0,0,0
F045,F026,T2,251.0,69,627.5,1,0,0
F045,F026,T3,251.0,80,727.9,1,0,0
F045,F027,T1,187.0,45,635.8,1,0,0
F045,F027,T2,187.0,51,467.5,1,0,0
F045,F027,T3,187.0,60,542.3,1,0,0
F045,F028,T1,325.0,78,1105.0,0,0,0
F045,F028,T2,325.0,89,812.5,1,0,0
F045,F028,T3,325.0,103,942.5,1,0,0
F045,F029,T1,174.0,42,591.6,1,0,0
F045,F029,T2,174.0,48,435.0,1,0,0
F045,F029,T3,174.0,55,504.6,1,0,0
F045,F030,T1,277.0,67,941.8,0,0,0
F045,F030,T2,277.0,76,692.5,1,0,0
F045,F030,T3,277.0,88,803.3,1,0,0
F045,F031,T1,120.0,29,408.0,1,0,1
F045,F031,T2,120.0,33,300.0,1,0,1
F045,F031,T3,120.0,38,348.0,1,0,1
F045,F032,T1,136.0,33,462.4,1,0,0
F045,F032,T2,136.0,38,340.0,1,0,0
F045,F032,T3,136.0,43,394.4,1,0,0
F045,F033,T1,229.0,55,778.6,1,0,0
F045,F033,T2,229.0,63,572.5,1,0,0
F045,F033,T3,229.0,73,664.1,1,0,0
F045,F034,T1,209.0,51,710.6,1,0,0
F045,F034,T2,209.0,57,522.5,1,0,0
F045,F034,T3,209.0,66,606.1,1,0,0
F045,F035,T1,160.0,39,544.0,1,0,0
F045,F035,T2,160.0,44,400.0,1,0,0
F045,F035,T3,160.0,51,464.0,1,0,0
F045,F036,T1,133.0,32,452.2,1,0,0
F045,F036,T2,133.0,37,332.5,1,0,0
F045,F036,T3,133.0,42,385.7,1,0,0
F045,F037,T1,108.0,26,367.2,1,0,0
F045,F037,T2,108.0,30,270.0,1,0,0
F045,F037,T3,108.0,35,313.2,1,0,0
F045,F038,T1,31.0,8,105.4,1,0,1
F045,F038,T2,31.0,9,77.5,1,0,1
F045,F038,T3,31.0,10,89.9,1,0,1
F045,F039,T1,55.0,14,187.0,1,0,0
F045,F039,T2,55.0,15,137.5,1,0,0
F045,F039,T3,55.0,18,159.5,1,0,0
F045,F040,T1,85.0,21,289.0,1,0,0
F045,F040,T2,85.0,24,212.5,1,0,0
F045,F040,T3,85.0,27,246.5,1,0,0
F045,F041,T1,20.0,5,68.0,1,0,0
F045,F041,T2,20.0,6,50.0,1,0,0
F045,F041,T3,20.0,7,58.0,1,0,0
F045,F042,T1,113.0,28,384.2,1,0,0
F045,F042,T2,113.0,31,282.5,1,0,0
F045,F042,T3,113.0,36,327.7,1,0,0
F045,F043,T1,43.0,11,146.2,1,0,0
F045,F043,T2,43.0,12,107.5,1,0,0
F045,F043,T3,43.0,14,124.7,1,0,0
F045,F044,T1,58.0,14,197.2,1,0,1
F045,F044,T2,58.0,16,145.0,1,0,1
F045,F044,T3,58.0,19,168.2,1,0,1
F045,F046,T1,92.0,23,312.8,1,0,0
F045,F046,T2,92.0,26,230.0,1,0,0
F045,F046,T3,92.0,30,266.8,1,0,0
F045,F047,T1,96.0,24,326.4,1,0,0
F045,F047,T2,96.0,27,240.0,1,0,0
F045,F047,T3,96.0,31,278.4,1,0,0
F045,F048,T1,45.0,11,153.0,1,0,0
F045,F048,T2,45.0,13,112.5,1,0,0
F045,F048,T3,45.0,15,130.5,1,0,0
F045,F049,T1,77.0,19,261.8,1,0,0
F045,F049,T2,77.0,21,192.5,1,0,0
F045,F049,T3,77.0,25,223.3,1,0,0
F045,F050,T1,151.0,37,513.4,1,0,1
F045,F050,T2,151.0,42,377.5,1,0,1
F045,F050,T3,151.0,48,437.9,1,0,1
F045,F051,T1,32.0,8,108.8,1,0,0
F045,F051,T2,32.0,9,80.0,1,0,0
F045,F051,T3,32.0,11,92.8,1,0,0
F045,F052,T1,67.0,17,227.8,1,0,0
F045,F052,T2,67.0,19,167.5,1,0,0
F045,F052,T3,67.0,22,194.3,1,0,0
F046,A01,T1,235.0,57,799.0,1,0,0
F046,A01,T2,235.0,65,587.5,1,0,0
F046,A01,T3,235.0,75,681.5,1,0,0
F046,A02,T1,227.0,55,771.8,1,0,0
F046,A02,T2,227.0,62,567.5,1,0,0
F046,A02,T3,227.0,72,658.3,1,0,0
F046,A03,T1,234.0,57,795.6,1,0,0
F046,A03,T2,234.0,64,585.0,1,0,0
F046,A03,T3,234.0,74,678.6,1,0,0
F046,F001,T1,148.0,36,503.2,1,0,0
F046,F001,T2,148.0,41,370.0,1,0,0
F046,F001,T3,148.0,47,429.2,1,0,0
F046,F002,T1,327.0,79,1111.8,0,0,0
F046,F002,T2,327.0,90,817.5,1,0,0
F046,F002,T3,327.0,104,948.3,1,0,0
F046,F003,T1,274.0,66,931.6,0,0,0
F046,F003,T2,274.0,75,685.0,1,0,0
F046,F003,T3,274.0,87,794.6,1,0,0
F046,F004,T1,294.0,71,999.6,0,0,0
F046,F004,T2,294.0,81,735.0,1,0,0
F046,F004,T3,294.0,93,852.6,1,0,0
F046,F005,T1,182.0,44,618.8,1,0,0
F046,F005,T2,182.0,50,455.0,1,0,0
F046,F005,T3,182.0,58,527.8,1,0,0
F046,F006,T1,310.0,75,1054.0,0,0,1
F046,F006,T2,310.0,85,775.0,1,0,1
F046,F006,T3,310.0,98,899.0,1,0,1
F046,F007,T1,319.0,77,1084.6,0,0,0
F046,F007,T2,319.0,87,797.5,1,0,0
F046,F007,T3,319.0,101,925.1,1,0,0
F046,F008,T1,271.0,66,921.4,0,0,0
F046,F008,T2,271.0,74,677.5,1,0,0
F046,F008,T3,271.0,86,785.9,1,0,0
F046,F009,T1,227.0,55,771.8,1,0,0
F046,F009,T2,227.0,62,567.5,1,0,0
F046,F009,T3,227.0,72,658.3,1,0,0
F046,F010,T1,283.0,68,962.2,0,0,0
F046,F010,T2,283.0,78,707.5,1,0,0
F046,F010,T3,283.0,90,820.7,1,0,0
F046,F011,T1,237.0,57,805.8,1,0,1
F046,F011,T2,237.0,65,592.5,1,0,1
F046,F011,T3,237.0,75,687.3,1,0,1
F046,F012,T1,185.0,45,629.0,1,0,0
F046,F012,T2,185.0,51,462.5,1,0,0
F046,F012,T3,185.0,59,536.5,1,0,0
F046,F013,T1,352.0,85,1196.8,0,0,0
F046,F013,T2,352.0,96,880.0,1,0,0
F046,F013,T3,352.0,112,1020.8,1,0,0
F046,F014,T1,203.0,49,690.2,1,0,0
F046,F014,T2,203.0,56,507.5,1,0,0
F046,F014,T3,203.0,65,588.7,1,0,0
F046,F015,T1,207.0,50,703.8,1,0,0
F046,F015,T2,207.0,57,517.5,1,0,0
F046,F015,T3,207.0,66,600.3,1,0,0
F046,F016,T1,158.0,38,537.2,1,0,0
F046,F016,T2,158.0,44,395.0,1,0,0
F046,F016,T3,158.0,50,458.2,1,0,0
F046,F017,T1,166.0,40,564.4,1,0,0
F046,F017,T2,166.0,46,415.0,1,0,0
F046,F017,T3,166.0,53,481.4,1,0,0
F046,F018,T1,168.0,41,571.2,1,0,1
F046,F018,T2,168.0,46,420.0,1,0,1
F046,F018,T3,168.0,54,487.2,1,0,1
F046,F019,T1,126.0,31,428.4,1,0,0
F046,F019,T2,126.0,35,315.0,1,0,0
F046,F019,T3,126.0,40,365.4,1,0,0
F046,F020,T1,142.0,35,482.8,1,0,0
F046,F020,T2,142.0,39,355.0,1,0,0
F046,F020,T3,142.0,45,411.8,1,0,0
F046,F021,T1,66.0,16,224.4,1,0,0
F046,F021,T2,66.0,18,165.0,1,0,0
F046,F021,T3,66.0,21,191.4,1,0,0
F046,F022,T1,137.0,33,465.8,1,0,0
F046,F022,T2,137.0,38,342.5,1,0,0
F046,F022,T3,137.0,44,397.3,1,0,0
F046,F023,T1,52.0,13,176.8,1,0,0
F046,F023,T2,52.0,15,130.0,1,0,0
F046,F023,T3,52.0,17,150.8,1,0,0
F046,F024,T1,98.0,24,333.2,1,0,1
F046,F024,T2,98.0,27,245.0,1,0,1
F046,F024,T3,98.0,31,284.2,1,0,1
F046,F025,T1,62.0,15,210.8,1,0,0
F046,F025,T2,62.0,17,155.0,1,0,0
F046,F025,T3,62.0,20,179.8,1,0,0
F046,F026,T1,158.0,38,537.2,1,0,0
F046,F026,T2,158.0,44,395.0,1,0,0
F046,F026,T3,158.0,50,458.2,1,0,0
F046,F027,T1,96.0,24,326.4,1,0,0
F046,F027,T2,96.0,27,240.0,1,0,0
F046,F027,T3,96.0,31,278.4,1,0,0
F046,F028,T1,233.0,56,792.2,1,0,0
F046,F028,T2,233.0,64,582.5,1,0,0
F046,F028,T3,233.0,74,675.7,1,0,0
F046,F029,T1,82.0,20,278.8,1,0,0
F046,F029,T2,82.0,23,205.0,1,0,0
F046,F029,T3,82.0,26,237.8,1,0,0
F046,F030,T1,189.0,46,642.6,1,0,0
F046,F030,T2,189.0,52,472.5,1,0,0
F046,F030,T3,189.0,60,548.1,1,0,0
F046,F031,T1,34.0,9,115.6,1,0,1
F046,F031,T2,34.0,10,85.0,1,0,1
F046,F031,T3,34.0,11,98.6,1,0,1
F046,F032,T1,66.0,16,224.4,1,0,0
F046,F032,T2,66.0,18,165.0,1,0,0
F046,F032,T3,66.0,21,191.4,1,0,0
F046,F033,T1,137.0,33,465.8,1,0,0
F046,F033,T2,137.0,38,342.5,1,0,0
F046,F033,T3,137.0,44,397.3,1,0,0
F046,F034,T1,118.0,29,401.2,1,0,0
F046,F034,T2,118.0,33,295.0,1,0,0
F046,F034,T3,118.0,38,342.2,1,0,0
F046,F035,T1,76.0,19,258.4,1,0,0
F046,F035,T2,76.0,21,190.0,1,0,0
F046,F035,T3,76.0,24,220.4,1,0,0
F046,F036,T1,41.0,10,139.4,1,0,0
F046,F036,T2,41.0,12,102.5,1,0,0
F046,F036,T3,41.0,13,118.9,1,0,0
F046,F037,T1,192.0,47,652.8,1,0,0
F046,F037,T2,192.0,53,480.0,1,0,0
F046,F037,T3,192.0,61,556.8,1,0,0
F046,F038,T1,67.0,17,227.8,1,0,1
F046,F038,T2,67.0,19,167.5,1,0,1
F046,F038,T3,67.0,22,194.3,1,0,1
F046,F039,T1,45.0,11,153.0,1,0,0
F046,F039,T2,45.0,13,112.5,1,0,0
F046,F039,T3,45.0,15,130.5,1,0,0
F046,F040,T1,165.0,40,561.0,1,0,0
F046,F040,T2,165.0,45,412.5,1,0,0
F046,F040,T3,165.0,53,478.5,1,0,0
F046,F041,T1,110.0,27,374.0,1,0,0
F046,F041,T2,110.0,30,275.0,1,0,0
F046,F041,T3,110.0,35,319.0,1,0,0
F046,F042,T1,191.0,46,649.4,1,0,0
F046,F042,T2,191.0,53,477.5,1,0,0
F046,F042,T3,191.0,61,553.9,1,0,0
F046,F043,T1,117.0,29,397.8,1,0,0
F046,F043,T2,117.0,32,292.5,1,0,0
F046,F043,T3,117.0,37,339.3,1,0,0
F046,F044,T1,137.0,33,465.8,1,0,1
F046,F044,T2,137.0,38,342.5,1,0,1
F046,F044,T3,137.0,44,397.3,1,0,1
F046,F045,T1,92.0,23,312.8,1,0,0
F046,F045,T2,92.0,26,230.0,1,0,0
F046,F045,T3,92.0,30,266.8,1,0,0
F046,F047,T1,15.0,4,51.0,1,0,0
F046,F047,T2,15.0,5,37.5,1,0,0
F046,F047,T3,15.0,5,43.5,1,0,0
F046,F048,T1,50.0,12,170.0,1,0,0
F046,F048,T2,50.0,14,125.0,1,0,0
F046,F048,T3,50.0,16,145.0,1,0,0
F046,F049,T1,17.0,5,57.8,1,0,0
F046,F049,T2,17.0,5,42.5,1,0,0
F046,F049,T3,17.0,6,49.3,1,0,0
F046,F050,T1,231.0,56,785.4,1,0,1
F046,F050,T2,231.0,63,577.5,1,0,1
F046,F050,T3,231.0,73,669.9,1,0,1
F046,F051,T1,82.0,20,278.8,1,0,0
F046,F051,T2,82.0,23,205.0,1,0,0
F046,F051,T3,82.0,26,237.8,1,0,0
F046,F052,T1,38.0,10,129.2,1,0,0
F046,F052,T2,38.0,11,95.0,1,0,0
F046,F052,T3,38.0,12,110.2,1,0,0
F047,A01,T1,247.0,60,839.8,1,0,0
F047,A01,T2,247.0,68,617.5,1,0,0
F047,A01,T3,247.0,78,716.3,1,0,0
F047,A02,T1,241.0,58,819.4,1,0,0
F047,A02,T2,241.0,66,602.5,1,0,0
F047,A02,T3,241.0,77,698.9,1,0,0
F047,A03,T1,248.0,60,843.2,1,0,0
F047,A03,T2,248.0,68,620.0,1,0,0
F047,A03,T3,248.0,79,719.2,1,0,0
F047,F001,T1,146.0,36,496.4,1,0,0
F047,F001,T2,146.0,40,365.0,1,0,0
F047,F001,T3,146.0,47,423.4,1,0,0
F047,F002,T1,331.0,80,1125.4,0,0,0
F047,F002,T2,331.0,91,827.5,1,0,0
F047,F002,T3,331.0,105,959.9,1,0,0
F047,F003,T1,278.0,67,945.2,0,0,0
F047,F003,T2,278.0,76,695.0,1,0,0
F047,F003,T3,278.0,88,806.2,1,0,0
F047,F004,T1,298.0,72,1013.2,0,0,0
F047,F004,T2,298.0,82,745.0,1,0,0
F047,F004,T3,298.0,95,864.2,1,0,0
F047,F005,T1,184.0,45,625.6,1,0,0
F047,F005,T2,184.0,51,460.0,1,0,0
F047,F005,T3,184.0,59,533.6,1,0,0
F047,F006,T1,312.0,75,1060.8,0,0,1
F047,F006,T2,312.0,86,780.0,1,0,1
F047,F006,T3,312.0,99,904.8,1,0,1
F047,F007,T1,321.0,78,1091.4,0,0,0
F047,F007,T2,321.0,88,802.5,1,0,0
F047,F007,T3,321.0,102,930.9,1,0,0
F047,F008,T1,272.0,66,924.8,0,0,0
F047,F008,T2,272.0,75,680.0,1,0,0
F047,F008,T3,272.0,86,788.8,1,0,0
F047,F009,T1,230.0,56,782.0,1,0,0
F047,F009,T2,230.0,63,575.0,1,0,0
F047,F009,T3,230.0,73,667.0,1,0,0
F047,F010,T1,285.0,69,969.0,0,0,0
F047,F010,T2,285.0,78,712.5,1,0,0
F047,F010,T3,285.0,90,826.5,1,0,0
F047,F011,T1,239.0,58,812.6,1,0,1
F047,F011,T2,239.0,66,597.5,1,0,1
F047,F011,T3,239.0,76,693.1,1,0,1
F047,F012,T1,185.0,45,629.0,1,0,0
F047,F012,T2,185.0,51,462.5,1,0,0
F047,F012,T3,185.0,59,536.5,1,0,0
F047,F013,T1,353.0,85,1200.2,0,0,0
F047,F013,T2,353.0,97,882.5,1,0,0
F047,F013,T3,353.0,112,1023.7,1,0,0
F047,F014,T1,206.0,50,700.4,1,0,0
F047,F014,T2,206.0,57,515.0,1,0,0
F047,F014,T3,206.0,66,597.4,1,0,0
F047,F015,T1,208.0,50,707.2,1,0,0
F047,F015,T2,208.0,57,520.0,1,0,0
F047,F015,T3,208.0,66,603.2,1,0,0
F047,F016,T1,160.0,39,544.0,1,0,0
F047,F016,T2,160.0,44,400.0,1,0,0
F047,F016,T3,160.0,51,464.0,1,0,0
F047,F017,T1,170.0,41,578.0,1,0,0
F047,F017,T2,170.0,47,425.0,1,0,0
F047,F017,T3,170.0,54,493.0,1,0,0
F047,F018,T1,169.0,41,574.6,1,0,1
F047,F018,T2,169.0,47,422.5,1,0,1
F047,F018,T3,169.0,54,490.1,1,0,1
F047,F019,T1,126.0,31,428.4,1,0,0
F047,F019,T2,126.0,35,315.0,1,0,0
F047,F019,T3,126.0,40,365.4,1,0,0
F047,F020,T1,145.0,35,493.0,1,0,0
F047,F020,T2,145.0,40,362.5,1,0,0
F047,F020,T3,145.0,46,420.5,1,0,0
F047,F021,T1,64.0,16,217.6,1,0,0
F047,F021,T2,64.0,18,160.0,1,0,0
F047,F021,T3,64.0,21,185.6,1,0,0
F047,F022,T1,138.0,34,469.2,1,0,0
F047,F022,T2,138.0,38,345.0,1,0,0
F047,F022,T3,138.0,44,400.2,1,0,0
F047,F023,T1,39.0,10,132.6,1,0,0
F047,F023,T2,39.0,11,97.5,1,0,0
F047,F023,T3,39.0,13,113.1,1,0,0
F047,F024,T1,97.0,24,329.8,1,0,1
F047,F024,T2,97.0,27,242.5,1,0,1
F047,F024,T3,97.0,31,281.3,1,0,1
F047,F025,T1,65.0,16,221.0,1,0,0
F047,F025,T2,65.0,18,162.5,1,0,0
F047,F025,T3,65.0,21,188.5,1,0,0
F047,F026,T1,158.0,38,537.2,1,0,0
F047,F026,T2,158.0,44,395.0,1,0,0
F047,F026,T3,158.0,50,458.2,1,0,0
F047,F027,T1,98.0,24,333.2,1,0,0
F047,F027,T2,98.0,27,245.0,1,0,0
F047,F027,T3,98.0,31,284.2,1,0,0
F047,F028,T1,233.0,56,792.2,1,0,0
F047,F028,T2,233.0,64,582.5,1,0,0
F047,F028,T3,233.0,74,675.7,1,0,0
F047,F029,T1,81.0,20,275.4,1,0,0
F047,F029,T2,81.0,23,202.5,1,0,0
F047,F029,T3,81.0,26,234.9,1,0,0
F047,F030,T1,193.0,47,656.2,1,0,0
F047,F030,T2,193.0,53,482.5,1,0,0
F047,F030,T3,193.0,61,559.7,1,0,0
F047,F031,T1,25.0,6,85.0,1,0,1
F047,F031,T2,25.0,7,62.5,1,0,1
F047,F031,T3,25.0,8,72.5,1,0,1
F047,F032,T1,53.0,13,180.2,1,0,0
F047,F032,T2,53.0,15,132.5,1,0,0
F047,F032,T3,53.0,17,153.7,1,0,0
F047,F033,T1,134.0,33,455.6,1,0,0
F047,F033,T2,134.0,37,335.0,1,0,0
F047,F033,T3,134.0,43,388.6,1,0,0
F047,F034,T1,113.0,28,384.2,1,0,0
F047,F034,T2,113.0,31,282.5,1,0,0
F047,F034,T3,113.0,36,327.7,1,0,0
F047,F035,T1,66.0,16,224.4,1,0,0
F047,F035,T2,66.0,18,165.0,1,0,0
F047,F035,T3,66.0,21,191.4,1,0,0
F047,F036,T1,42.0,11,142.8,1,0,0
F047,F036,T2,42.0,12,105.0,1,0,0
F047,F036,T3,42.0,14,121.8,1,0,0
F047,F037,T1,190.0,46,646.0,1,0,0
F047,F037,T2,190.0,52,475.0,1,0,0
F047,F037,T3,190.0,60,551.0,1,0,0
F047,F038,T1,68.0,17,231.2,1,0,1
F047,F038,T2,68.0,19,170.0,1,0,1
F047,F038,T3,68.0,22,197.2,1,0,1
F047,F039,T1,55.0,14,187.0,1,0,0
F047,F039,T2,55.0,15,137.5,1,0,0
F047,F039,T3,55.0,18,159.5,1,0,0
F047,F040,T1,163.0,40,554.2,1,0,0
F047,F040,T2,163.0,45,407.5,1,0,0
F047,F040,T3,163.0,52,472.7,1,0,0
F047,F041,T1,111.0,27,377.4,1,0,0
F047,F041,T2,111.0,31,277.5,1,0,0
F047,F041,T3,111.0,36,321.9,1,0,0
F047,F042,T1,188.0,46,639.2,1,0,0
F047,F042,T2,188.0,52,470.0,1,0,0
F047,F042,T3,188.0,60,545.2,1,0,0
F047,F043,T1,115.0,28,391.0,1,0,0
F047,F043,T2,115.0,32,287.5,1,0,0
F047,F043,T3,115.0,37,333.5,1,0,0
F047,F044,T1,136.0,33,462.4,1,0,1
F047,F044,T2,136.0,38,340.0,1,0,1
F047,F044,T3,136.0,43,394.4,1,0,1
F047,F045,T1,96.0,24,326.4,1,0,0
F047,F045,T2,96.0,27,240.0,1,0,0
F047,F045,T3,96.0,31,278.4,1,0,0
F047,F046,T1,15.0,4,51.0,1,0,0
F047,F046,T2,15.0,5,37.5,1,0,0
F047,F046,T3,15.0,5,43.5,1,0,0
F047,F048,T1,51.0,13,173.4,1,0,0
F047,F048,T2,51.0,14,127.5,1,0,0
F047,F048,T3,51.0,17,147.9,1,0,0
F047,F049,T1,19.0,5,64.6,1,0,0
F047,F049,T2,19.0,6,47.5,1,0,0
F047,F049,T3,19.0,6,55.1,1,0,0
F047,F050,T1,227.0,55,771.8,1,0,1
F047,F050,T2,227.0,62,567.5,1,0,1
F047,F050,T3,227.0,72,658.3,1,0,1
F047,F051,T1,80.0,20,272.0,1,0,0
F047,F051,T2,80.0,22,200.0,1,0,0
F047,F051,T3,80.0,26,232.0,1,0,0
F047,F052,T1,33.0,8,112.2,1,0,0
F047,F052,T2,33.0,9,82.5,1,0,0
F047,F052,T3,33.0,11,95.7,1,0,0
F048,A01,T1,269.0,65,914.6,0,0,0
F048,A01,T2,269.0,74,672.5,1,0,0
F048,A01,T3,269.0,85,780.1,1,0,0
F048,A02,T1,256.0,62,870.4,0,0,0
F048,A02,T2,256.0,70,640.0,1,0,0
F048,A02,T3,256.0,81,742.4,1,0,0
F048,A03,T1,254.0,61,863.6,0,0,0
F048,A03,T2,254.0,70,635.0,1,0,0
F048,A03,T3,254.0,81,736.6,1,0,0
F048,F001,T1,197.0,48,669.8,1,0,0
F048,F001,T2,197.0,54,492.5,1,0,0
F048,F001,T3,197.0,63,571.3,1,0,0
F048,F002,T1,376.0,91,1278.4,0,0,0
F048,F002,T2,376.0,103,940.0,1,0,0
F048,F002,T3,376.0,119,1090.4,1,0,0
F048,F003,T1,324.0,78,1101.6,0,0,0
F048,F003,T2,324.0,89,810.0,1,0,0
F048,F003,T3,324.0,103,939.6,1,0,0
F048,F004,T1,343.0,83,1166.2,0,0,0
F048,F004,T2,343.0,94,857.5,1,0,0
F048,F004,T3,343.0,109,994.7,1,0,0
F048,F005,T1,233.0,56,792.2,1,0,0
F048,F005,T2,233.0,64,582.5,1,0,0
F048,F005,T3,233.0,74,675.7,1,0,0
F048,F006,T1,360.0,87,1224.0,0,0,1
F048,F006,T2,360.0,99,900.0,1,0,1
F048,F006,T3,360.0,114,1044.0,1,0,1
F048,F007,T1,369.0,89,1254.6,0,0,0
F048,F007,T2,369.0,101,922.5,1,0,0
F048,F007,T3,369.0,117,1070.1,1,0,0
F048,F008,T1,321.0,78,1091.4,0,0,0
F048,F008,T2,321.0,88,802.5,1,0,0
F048,F008,T3,321.0,102,930.9,1,0,0
F048,F009,T1,276.0,67,938.4,0,0,0
F048,F009,T2,276.0,76,690.0,1,0,0
F048,F009,T3,276.0,88,800.4,1,0,0
F048,F010,T1,333.0,80,1132.2,0,0,0
F048,F010,T2,333.0,91,832.5,1,0,0
F048,F010,T3,333.0,106,965.7,1,0,0
F048,F011,T1,287.0,69,975.8,0,0,1
F048,F011,T2,287.0,79,717.5,1,0,1
F048,F011,T3,287.0,91,832.3,1,0,1
F048,F012,T1,235.0,57,799.0,1,0,0
F048,F012,T2,235.0,65,587.5,1,0,0
F048,F012,T3,235.0,75,681.5,1,0,0
F048,F013,T1,402.0,97,1366.8,0,0,0
F048,F013,T2,402.0,110,1005.0,0,0,0
F048,F013,T3,402.0,127,1165.8,1,0,0
F048,F014,T1,252.0,61,856.8,0,0,0
F048,F014,T2,252.0,69,630.0,1,0,0
F048,F014,T3,252.0,80,730.8,1,0,0
F048,F015,T1,257.0,62,873.8,0,0,0
F048,F015,T2,257.0,71,642.5,1,0,0
F048,F015,T3,257.0,82,745.3,1,0,0
F048,F016,T1,208.0,50,707.2,1,0,0
F048,F016,T2,208.0,57,520.0,1,0,0
F048,F016,T3,208.0,66,603.2,1,0,0
F048,F017,T1,215.0,52,731.0,1,0,0
F048,F017,T2,215.0,59,537.5,1,0,0
F048,F017,T3,215.0,68,623.5,1,0,0
F048,F018,T1,218.0,53,741.2,1,0,1
F048,F018,T2,218.0,60,545.0,1,0,1
F048,F018,T3,218.0,69,632.2,1,0,1
F048,F019,T1,176.0,43,598.4,1,0,0
F048,F019,T2,176.0,48,440.0,1,0,0
F048,F019,T3,176.0,56,510.4,1,0,0
F048,F020,T1,192.0,47,652.8,1,0,0
F048,F020,T2,192.0,53,480.0,1,0,0
F048,F020,T3,192.0,61,556.8,1,0,0
F048,F021,T1,115.0,28,391.0,1,0,0
F048,F021,T2,115.0,32,287.5,1,0,0
F048,F021,T3,115.0,37,333.5,1,0,0
F048,F022,T1,187.0,45,635.8,1,0,0
F048,F022,T2,187.0,51,467.5,1,0,0
F048,F022,T3,187.0,60,542.3,1,0,0
F048,F023,T1,81.0,20,275.4,1,0,0
F048,F023,T2,81.0,23,202.5,1,0,0
F048,F023,T3,81.0,26,234.9,1,0,0
F048,F024,T1,147.0,36,499.8,1,0,1
F048,F024,T2,147.0,41,367.5,1,0,1
F048,F024,T3,147.0,47,426.3,1,0,1
F048,F025,T1,112.0,27,380.8,1,0,0
F048,F025,T2,112.0,31,280.0,1,0,0
F048,F025,T3,112.0,36,324.8,1,0,0
F048,F026,T1,208.0,50,707.2,1,0,0
F048,F026,T2,208.0,57,520.0,1,0,0
F048,F026,T3,208.0,66,603.2,1,0,0
F048,F027,T1,146.0,36,496.4,1,0,0
F048,F027,T2,146.0,40,365.0,1,0,0
F048,F027,T3,146.0,47,423.4,1,0,0
F048,F028,T1,283.0,68,962.2,0,0,0
F048,F028,T2,283.0,78,707.5,1,0,0
F048,F028,T3,283.0,90,820.7,1,0,0
F048,F029,T1,131.0,32,445.4,1,0,0
F048,F029,T2,131.0,36,327.5,1,0,0
F048,F029,T3,131.0,42,379.9,1,0,0
F048,F030,T1,239.0,58,812.6,1,0,0
F048,F030,T2,239.0,66,597.5,1,0,0
F048,F030,T3,239.0,76,693.1,1,0,0
F048,F031,T1,76.0,19,258.4,1,0,1
F048,F031,T2,76.0,21,190.0,1,0,1
F048,F031,T3,76.0,24,220.4,1,0,1
F048,F032,T1,93.0,23,316.2,1,0,0
F048,F032,T2,93.0,26,232.5,1,0,0
F048,F032,T3,93.0,30,269.7,1,0,0
F048,F033,T1,185.0,45,629.0,1,0,0
F048,F033,T2,185.0,51,462.5,1,0,0
F048,F033,T3,185.0,59,536.5,1,0,0
F048,F034,T1,164.0,40,557.6,1,0,0
F048,F034,T2,164.0,45,410.0,1,0,0
F048,F034,T3,164.0,52,475.6,1,0,0
F048,F035,T1,116.0,28,394.4,1,0,0
F048,F035,T2,116.0,32,290.0,1,0,0
F048,F035,T3,116.0,37,336.4,1,0,0
F048,F036,T1,91.0,22,309.4,1,0,0
F048,F036,T2,91.0,25,227.5,1,0,0
F048,F036,T3,91.0,29,263.9,1,0,0
F048,F037,T1,142.0,35,482.8,1,0,0
F048,F037,T2,142.0,39,355.0,1,0,0
F048,F037,T3,142.0,45,411.8,1,0,0
F048,F038,T1,17.0,5,57.8,1,0,1
F048,F038,T2,17.0,5,42.5,1,0,1
F048,F038,T3,17.0,6,49.3,1,0,1
F048,F039,T1,31.0,8,105.4,1,0,0
F048,F039,T2,31.0,9,77.5,1,0,0
F048,F039,T3,31.0,10,89.9,1,0,0
F048,F040,T1,116.0,28,394.4,1,0,0
F048,F040,T2,116.0,32,290.0,1,0,0
F048,F040,T3,116.0,37,336.4,1,0,0
F048,F041,T1,60.0,15,204.0,1,0,0
F048,F041,T2,60.0,17,150.0,1,0,0
F048,F041,T3,60.0,19,174.0,1,0,0
F048,F042,T1,143.0,35,486.2,1,0,0
F048,F042,T2,143.0,39,357.5,1,0,0
F048,F042,T3,143.0,46,414.7,1,0,0
F048,F043,T1,68.0,17,231.2,1,0,0
F048,F043,T2,68.0,19,170.0,1,0,0
F048,F043,T3,68.0,22,197.2,1,0,0
F048,F044,T1,88.0,22,299.2,1,0,1
F048,F044,T2,88.0,24,220.0,1,0,1
F048,F044,T3,88.0,28,255.2,1,0,1
F048,F045,T1,45.0,11,153.0,1,0,0
F048,F045,T2,45.0,13,112.5,1,0,0
F048,F045,T3,45.0,15,130.5,1,0,0
F048,F046,T1,50.0,12,170.0,1,0,0
F048,F046,T2,50.0,14,125.0,1,0,0
F048,F046,T3,50.0,16,145.0,1,0,0
F048,F047,T1,51.0,13,173.4,1,0,0
F048,F047,T2,51.0,14,127.5,1,0,0
F048,F047,T3,51.0,17,147.9,1,0,0
F048,F049,T1,34.0,9,115.6,1,0,0
F048,F049,T2,34.0,10,85.0,1,0,0
F048,F049,T3,34.0,11,98.6,1,0,0
F048,F050,T1,182.0,44,618.8,1,0,1
F048,F050,T2,182.0,50,455.0,1,0,1
F048,F050,T3,182.0,58,527.8,1,0,1
F048,F051,T1,33.0,8,112.2,1,0,0
F048,F051,T2,33.0,9,82.5,1,0,0
F048,F051,T3,33.0,11,95.7,1,0,0
F048,F052,T1,23.0,6,78.2,1,0,0
F048,F052,T2,23.0,7,57.5,1,0,0
F048,F052,T3,23.0,8,66.7,1,0,0
F049,A01,T1,248.0,60,843.2,1,0,0
F049,A01,T2,248.0,68,620.0,1,0,0
F049,A01,T3,248.0,79,719.2,1,0,0
F049,A02,T1,239.0,58,812.6,1,0,0
F049,A02,T2,239.0,66,597.5,1,0,0
F049,A02,T3,239.0,76,693.1,1,0,0
F049,A03,T1,243.0,59,826.2,1,0,0
F049,A03,T2,243.0,67,607.5,1,0,0
F049,A03,T3,243.0,77,704.7,1,0,0
F049,F001,T1,164.0,40,557.6,1,0,0
F049,F001,T2,164.0,45,410.0,1,0,0
F049,F001,T3,164.0,52,475.6,1,0,0
F049,F002,T1,344.0,83,1169.6,0,0,0
F049,F002,T2,344.0,94,860.0,1,0,0
F049,F002,T3,344.0,109,997.6,1,0,0
F049,F003,T1,291.0,70,989.4,0,0,0
F049,F003,T2,291.0,80,727.5,1,0,0
F049,F003,T3,291.0,92,843.9,1,0,0
F049,F004,T1,311.0,75,1057.4,0,0,0
F049,F004,T2,311.0,85,777.5,1,0,0
F049,F004,T3,311.0,99,901.9,1,0,0
F049,F005,T1,199.0,48,676.6,1,0,0
F049,F005,T2,199.0,55,497.5,1,0,0
F049,F005,T3,199.0,63,577.1,1,0,0
F049,F006,T1,326.0,79,1108.4,0,0,1
F049,F006,T2,326.0,89,815.0,1,0,1
F049,F006,T3,326.0,103,945.4,1,0,1
F049,F007,T1,335.0,81,1139.0,0,0,0
F049,F007,T2,335.0,92,837.5,1,0,0
F049,F007,T3,335.0,106,971.5,1,0,0
F049,F008,T1,287.0,69,975.8,0,0,0
F049,F008,T2,287.0,79,717.5,1,0,0
F049,F008,T3,287.0,91,832.3,1,0,0
F049,F009,T1,244.0,59,829.6,1,0,0
F049,F009,T2,244.0,67,610.0,1,0,0
F049,F009,T3,244.0,78,707.6,1,0,0
F049,F010,T1,300.0,72,1020.0,0,0,0
F049,F010,T2,300.0,82,750.0,1,0,0
F049,F010,T3,300.0,95,870.0,1,0,0
F049,F011,T1,254.0,61,863.6,0,0,1
F049,F011,T2,254.0,70,635.0,1,0,1
F049,F011,T3,254.0,81,736.6,1,0,1
F049,F012,T1,201.0,49,683.4,1,0,0
F049,F012,T2,201.0,55,502.5,1,0,0
F049,F012,T3,201.0,64,582.9,1,0,0
F049,F013,T1,368.0,89,1251.2,0,0,0
F049,F013,T2,368.0,101,920.0,1,0,0
F049,F013,T3,368.0,117,1067.2,1,0,0
F049,F014,T1,219.0,53,744.6,1,0,0
F049,F014,T2,219.0,60,547.5,1,0,0
F049,F014,T3,219.0,70,635.1,1,0,0
F049,F015,T1,223.0,54,758.2,1,0,0
F049,F015,T2,223.0,61,557.5,1,0,0
F049,F015,T3,223.0,71,646.7,1,0,0
F049,F016,T1,175.0,42,595.0,1,0,0
F049,F016,T2,175.0,48,437.5,1,0,0
F049,F016,T3,175.0,56,507.5,1,0,0
F049,F017,T1,183.0,44,622.2,1,0,0
F049,F017,T2,183.0,50,457.5,1,0,0
F049,F017,T3,183.0,58,530.7,1,0,0
F049,F018,T1,184.0,45,625.6,1,0,1
F049,F018,T2,184.0,51,460.0,1,0,1
F049,F018,T3,184.0,59,533.6,1,0,1
F049,F019,T1,142.0,35,482.8,1,0,0
F049,F019,T2,142.0,39,355.0,1,0,0
F049,F019,T3,142.0,45,411.8,1,0,0
F049,F020,T1,158.0,38,537.2,1,0,0
F049,F020,T2,158.0,44,395.0,1,0,0
F049,F020,T3,158.0,50,458.2,1,0,0
F049,F021,T1,81.0,20,275.4,1,0,0
F049,F021,T2,81.0,23,202.5,1,0,0
F049,F021,T3,81.0,26,234.9,1,0,0
F049,F022,T1,153.0,37,520.2,1,0,0
F049,F022,T2,153.0,42,382.5,1,0,0
F049,F022,T3,153.0,49,443.7,1,0,0
F049,F023,T1,56.0,14,190.4,1,0,0
F049,F023,T2,56.0,16,140.0,1,0,0
F049,F023,T3,56.0,18,162.4,1,0,0
F049,F024,T1,113.0,28,384.2,1,0,1
F049,F024,T2,113.0,31,282.5,1,0,1
F049,F024,T3,113.0,36,327.7,1,0,1
F049,F025,T1,79.0,19,268.6,1,0,0
F049,F025,T2,79.0,22,197.5,1,0,0
F049,F025,T3,79.0,25,229.1,1,0,0
F049,F026,T1,174.0,42,591.6,1,0,0
F049,F026,T2,174.0,48,435.0,1,0,0
F049,F026,T3,174.0,55,504.6,1,0,0
F049,F027,T1,112.0,27,380.8,1,0,0
F049,F027,T2,112.0,31,280.0,1,0,0
F049,F027,T3,112.0,36,324.8,1,0,0
F049,F028,T1,249.0,60,846.6,1,0,0
F049,F028,T2,249.0,68,622.5,1,0,0
F049,F028,T3,249.0,79,722.1,1,0,0
F049,F029,T1,97.0,24,329.8,1,0,0
F049,F029,T2,97.0,27,242.5,1,0,0
F049,F029,T3,97.0,31,281.3,1,0,0
F049,F030,T1,206.0,50,700.4,1,0,0
F049,F030,T2,206.0,57,515.0,1,0,0
F049,F030,T3,206.0,66,597.4,1,0,0
F049,F031,T1,44.0,11,149.6,1,0,1
F049,F031,T2,44.0,12,110.0,1,0,1
F049,F031,T3,44.0,14,127.6,1,0,1
F049,F032,T1,69.0,17,234.6,1,0,0
F049,F032,T2,69.0,19,172.5,1,0,0
F049,F032,T3,69.0,22,200.1,1,0,0
F049,F033,T1,151.0,37,513.4,1,0,0
F049,F033,T2,151.0,42,377.5,1,0,0
F049,F033,T3,151.0,48,437.9,1,0,0
F049,F034,T1,132.0,32,448.8,1,0,0
F049,F034,T2,132.0,36,330.0,1,0,0
F049,F034,T3,132.0,42,382.8,1,0,0
F049,F035,T1,86.0,21,292.4,1,0,0
F049,F035,T2,86.0,24,215.0,1,0,0
F049,F035,T3,86.0,28,249.4,1,0,0
F049,F036,T1,57.0,14,193.8,1,0,0
F049,F036,T2,57.0,16,142.5,1,0,0
F049,F036,T3,57.0,18,165.3,1,0,0
F049,F037,T1,175.0,42,595.0,1,0,0
F049,F037,T2,175.0,48,437.5,1,0,0
F049,F037,T3,175.0,56,507.5,1,0,0
F049,F038,T1,51.0,13,173.4,1,0,1
F049,F038,T2,51.0,14,127.5,1,0,1
F049,F038,T3,51.0,17,147.9,1,0,1
F049,F039,T1,36.0,9,122.4,1,0,0
F049,F039,T2,36.0,10,90.0,1,0,0
F049,F039,T3,36.0,12,104.4,1,0,0
F049,F040,T1,148.0,36,503.2,1,0,0
F049,F040,T2,148.0,41,370.0,1,0,0
F049,F040,T3,148.0,47,429.2,1,0,0
F049,F041,T1,94.0,23,319.6,1,0,0
F049,F041,T2,94.0,26,235.0,1,0,0
F049,F041,T3,94.0,30,272.6,1,0,0
F049,F042,T1,174.0,42,591.6,1,0,0
F049,F042,T2,174.0,48,435.0,1,0,0
F049,F042,T3,174.0,55,504.6,1,0,0
F049,F043,T1,100.0,24,340.0,1,0,0
F049,F043,T2,100.0,28,250.0,1,0,0
F049,F043,T3,100.0,32,290.0,1,0,0
F049,F044,T1,121.0,30,411.4,1,0,1
F049,F044,T2,121.0,33,302.5,1,0,1
F049,F044,T3,121.0,39,350.9,1,0,1
F049,F045,T1,77.0,19,261.8,1,0,0
F049,F045,T2,77.0,21,192.5,1,0,0
F049,F045,T3,77.0,25,223.3,1,0,0
F049,F046,T1,17.0,5,57.8,1,0,0
F049,F046,T2,17.0,5,42.5,1,0,0
F049,F046,T3,17.0,6,49.3,1,0,0
F049,F047,T1,19.0,5,64.6,1,0,0
F049,F047,T2,19.0,6,47.5,1,0,0
F049,F047,T3,19.0,6,55.1,1,0,0
F049,F048,T1,34.0,9,115.6,1,0,0
F049,F048,T2,34.0,10,85.0,1,0,0
F049,F048,T3,34.0,11,98.6,1,0,0
F049,F050,T1,214.0,52,727.6,1,0,1
F049,F050,T2,214.0,59,535.0,1,0,1
F049,F050,T3,214.0,68,620.6,1,0,1
F049,F051,T1,65.0,16,221.0,1,0,0
F049,F051,T2,65.0,18,162.5,1,0,0
F049,F051,T3,65.0,21,188.5,1,0,0
F049,F052,T1,22.0,6,74.8,1,0,0
F049,F052,T2,22.0,6,55.0,1,0,0
F049,F052,T3,22.0,7,63.8,1,0,0
F050,A01,T1,439.0,106,1492.6,0,1,0
F050,A01,T2,439.0,120,1097.5,0,1,0
F050,A01,T3,439.0,139,1273.1,1,1,0
F050,A02,T1,419.0,101,1424.6,0,1,0
F050,A02,T2,419.0,115,1047.5,0,1,0
F050,A02,T3,419.0,133,1215.1,1,1,0
F050,A03,T1,403.0,97,1370.2,0,1,0
F050,A03,T2,403.0,110,1007.5,0,1,0
F050,A03,T3,403.0,128,1168.7,1,1,0
F050,F001,T1,370.0,89,1258.0,0,1,0
F050,F001,T2,370.0,101,925.0,1,1,0
F050,F001,T3,370.0,117,1073.0,1,1,0
F050,F002,T1,557.0,134,1893.8,0,1,0
F050,F002,T2,557.0,152,1392.5,0,1,0
F050,F002,T3,557.0,176,1615.3,0,1,0
F050,F003,T1,505.0,122,1717.0,0,1,0
F050,F003,T2,505.0,138,1262.5,0,1,0
F050,F003,T3,505.0,160,1464.5,0,1,0
F050,F004,T1,525.0,126,1785.0,0,1,0
F050,F004,T2,525.0,144,1312.5,0,1,0
F050,F004,T3,525.0,166,1522.5,0,1,0
F050,F005,T1,411.0,99,1397.4,0,1,0
F050,F005,T2,411.0,113,1027.5,0,1,0
F050,F005,T3,411.0,130,1191.9,1,1,0
F050,F006,T1,539.0,130,1832.6,0,1,1
F050,F006,T2,539.0,147,1347.5,0,1,1
F050,F006,T3,539.0,171,1563.1,0,1,1
F050,F007,T1,548.0,132,1863.2,0,1,0
F050,F007,T2,548.0,150,1370.0,0,1,0
F050,F007,T3,548.0,174,1589.2,0,1,0
F050,F008,T1,498.0,120,1693.2,0,1,0
F050,F008,T2,498.0,136,1245.0,0,1,0
F050,F008,T3,498.0,158,1444.2,0,1,0
F050,F009,T1,457.0,110,1553.8,0,1,0
F050,F009,T2,457.0,125,1142.5,0,1,0
F050,F009,T3,457.0,145,1325.3,1,1,0
F050,F010,T1,512.0,123,1740.8,0,1,0
F050,F010,T2,512.0,140,1280.0,0,1,0
F050,F010,T3,512.0,162,1484.8,0,1,0
F050,F011,T1,466.0,112,1584.4,0,1,1
F050,F011,T2,466.0,128,1165.0,0,1,1
F050,F011,T3,466.0,148,1351.4,1,1,1
F050,F012,T1,411.0,99,1397.4,0,1,0
F050,F012,T2,411.0,113,1027.5,0,1,0
F050,F012,T3,411.0,130,1191.9,1,1,0
F050,F013,T1,579.0,139,1968.6,0,1,0
F050,F013,T2,579.0,158,1447.5,0,1,0
F050,F013,T3,579.0,183,1679.1,0,1,0
F050,F014,T1,433.0,104,1472.2,0,1,0
F050,F014,T2,433.0,119,1082.5,0,1,0
F050,F014,T3,433.0,137,1255.7,1,1,0
F050,F015,T1,435.0,105,1479.0,0,1,0
F050,F015,T2,435.0,119,1087.5,0,1,0
F050,F015,T3,435.0,138,1261.5,1,1,0
F050,F016,T1,387.0,93,1315.8,0,1,0
F050,F016,T2,387.0,106,967.5,1,1,0
F050,F016,T3,387.0,123,1122.3,1,1,0
F050,F017,T1,396.0,96,1346.4,0,1,0
F050,F017,T2,396.0,108,990.0,1,1,0
F050,F017,T3,396.0,126,1148.4,1,1,0
F050,F018,T1,395.0,95,1343.0,0,1,1
F050,F018,T2,395.0,108,987.5,1,1,1
F050,F018,T3,395.0,125,1145.5,1,1,1
F050,F019,T1,352.0,85,1196.8,0,1,0
F050,F019,T2,352.0,96,880.0,1,1,0
F050,F019,T3,352.0,112,1020.8,1,1,0
F050,F020,T1,372.0,90,1264.8,0,1,0
F050,F020,T2,372.0,102,930.0,1,1,0
F050,F020,T3,372.0,118,1078.8,1,1,0
F050,F021,T1,291.0,70,989.4,0,1,0
F050,F021,T2,291.0,80,727.5,1,1,0
F050,F021,T3,291.0,92,843.9,1,1,0
F050,F022,T1,364.0,88,1237.6,0,1,0
F050,F022,T2,364.0,100,910.0,1,1,0
F050,F022,T3,364.0,115,1055.6,1,1,0
F050,F023,T1,239.0,58,812.6,1,1,0
F050,F023,T2,239.0,66,597.5,1,1,0
F050,F023,T3,239.0,76,693.1,1,1,0
F050,F024,T1,322.0,78,1094.8,0,1,1
F050,F024,T2,322.0,88,805.0,1,1,1
F050,F024,T3,322.0,102,933.8,1,1,1
F050,F025,T1,292.0,71,992.8,0,1,0
F050,F025,T2,292.0,80,730.0,1,1,0
F050,F025,T3,292.0,93,846.8,1,1,0
F050,F026,T1,384.0,93,1305.6,0,1,0
F050,F026,T2,384.0,105,960.0,1,1,0
F050,F026,T3,384.0,122,1113.6,1,1,0
F050,F027,T1,325.0,78,1105.0,0,1,0
F050,F027,T2,325.0,89,812.5,1,1,0
F050,F027,T3,325.0,103,942.5,1,1,0
F050,F028,T1,459.0,111,1560.6,0,1,0
F050,F028,T2,459.0,126,1147.5,0,1,0
F050,F028,T3,459.0,145,1331.1,1,1,0
F050,F029,T1,307.0,74,1043.8,0,1,0
F050,F029,T2,307.0,84,767.5,1,1,0
F050,F029,T3,307.0,97,890.3,1,1,0
F050,F030,T1,420.0,101,1428.0,0,1,0
F050,F030,T2,420.0,115,1050.0,0,1,0
F050,F030,T3,420.0,133,1218.0,1,1,0
F050,F031,T1,247.0,60,839.8,1,1,1
F050,F031,T2,247.0,68,617.5,1,1,1
F050,F031,T3,247.0,78,716.3,1,1,1
F050,F032,T1,243.0,59,826.2,1,1,0
F050,F032,T2,243.0,67,607.5,1,1,0
F050,F032,T3,243.0,77,704.7,1,1,0
F050,F033,T1,355.0,86,1207.0,0,1,0
F050,F033,T2,355.0,97,887.5,1,1,0
F050,F033,T3,355.0,113,1029.5,1,1,0
F050,F034,T1,329.0,79,1118.6,0,1,0
F050,F034,T2,329.0,90,822.5,1,1,0
F050,F034,T3,329.0,104,954.1,1,1,0
F050,F035,T1,277.0,67,941.8,0,1,0
F050,F035,T2,277.0,76,692.5,1,1,0
F050,F035,T3,277.0,88,803.3,1,1,0
F050,F036,T1,269.0,65,914.6,0,1,0
F050,F036,T2,269.0,74,672.5,1,1,0
F050,F036,T3,269.0,85,780.1,1,1,0
F050,F037,T1,44.0,11,149.6,1,1,0
F050,F037,T2,44.0,12,110.0,1,1,0
F050,F037,T3,44.0,14,127.6,1,1,0
F050,F038,T1,166.0,40,564.4,1,1,1
F050,F038,T2,166.0,46,415.0,1,1,1
F050,F038,T3,166.0,53,481.4,1,1,1
F050,F039,T1,205.0,50,697.0,1,1,0
F050,F039,T2,205.0,56,512.5,1,1,0
F050,F039,T3,205.0,65,594.5,1,1,0
F050,F040,T1,67.0,17,227.8,1,1,0
F050,F040,T2,67.0,19,167.5,1,1,0
F050,F040,T3,67.0,22,194.3,1,1,0
F050,F041,T1,131.0,32,445.4,1,1,0
F050,F041,T2,131.0,36,327.5,1,1,0
F050,F041,T3,131.0,42,379.9,1,1,0
F050,F042,T1,40.0,10,136.0,1,1,0
F050,F042,T2,40.0,11,100.0,1,1,0
F050,F042,T3,40.0,13,116.0,1,1,0
F050,F043,T1,115.0,28,391.0,1,1,0
F050,F043,T2,115.0,32,287.5,1,1,0
F050,F043,T3,115.0,37,333.5,1,1,0
F050,F044,T1,95.0,23,323.0,1,1,1
F050,F044,T2,95.0,26,237.5,1,1,1
F050,F044,T3,95.0,30,275.5,1,1,1
F050,F045,T1,151.0,37,513.4,1,1,0
F050,F045,T2,151.0,42,377.5,1,1,0
F050,F045,T3,151.0,48,437.9,1,1,0
F050,F046,T1,231.0,56,785.4,1,1,0
F050,F046,T2,231.0,63,577.5,1,1,0
F050,F046,T3,231.0,73,669.9,1,1,0
F050,F047,T1,227.0,55,771.8,1,1,0
F050,F047,T2,227.0,62,567.5,1,1,0
F050,F047,T3,227.0,72,658.3,1,1,0
F050,F048,T1,182.0,44,618.8,1,1,0
F050,F048,T2,182.0,50,455.0,1,1,0
F050,F048,T3,182.0,58,527.8,1,1,0
F050,F049,T1,214.0,52,727.6,1,1,0
F050,F049,T2,214.0,59,535.0,1,1,0
F050,F049,T3,214.0,68,620.6,1,1,0
F050,F051,T1,149.0,36,506.6,1,1,0
F050,F051,T2,149.0,41,372.5,1,1,0
F050,F051,T3,149.0,48,432.1,1,1,0
F050,F052,T1,194.0,47,659.6,1,1,0
F050,F052,T2,194.0,53,485.0,1,1,0
F050,F052,T3,194.0,62,562.6,1,1,0
F051,A01,T1,299.0,72,1016.6,0,0,0
F051,A01,T2,299.0,82,747.5,1,0,0
F051,A01,T3,299.0,95,867.1,1,0,0
F051,A02,T1,285.0,69,969.0,0,0,0
F051,A02,T2,285.0,78,712.5,1,0,0
F051,A02,T3,285.0,90,826.5,1,0,0
F051,A03,T1,279.0,67,948.6,0,0,0
F051,A03,T2,279.0,77,697.5,1,0,0
F051,A03,T3,279.0,89,809.1,1,0,0
F051,F001,T1,226.0,55,768.4,1,0,0
F051,F001,T2,226.0,62,565.0,1,0,0
F051,F001,T3,226.0,72,655.4,1,0,0
F051,F002,T1,409.0,99,1390.6,0,0,0
F051,F002,T2,409.0,112,1022.5,0,0,0
F051,F002,T3,409.0,130,1186.1,1,0,0
F051,F003,T1,356.0,86,1210.4,0,0,0
F051,F003,T2,356.0,98,890.0,1,0,0
F051,F003,T3,356.0,113,1032.4,1,0,0
F051,F004,T1,376.0,91,1278.4,0,0,0
F051,F004,T2,376.0,103,940.0,1,0,0
F051,F004,T3,376.0,119,1090.4,1,0,0
F051,F005,T1,264.0,64,897.6,0,0,0
F051,F005,T2,264.0,72,660.0,1,0,0
F051,F005,T3,264.0,84,765.6,1,0,0
F051,F006,T1,391.0,94,1329.4,0,0,1
F051,F006,T2,391.0,107,977.5,1,0,1
F051,F006,T3,391.0,124,1133.9,1,0,1
F051,F007,T1,400.0,96,1360.0,0,0,0
F051,F007,T2,400.0,110,1000.0,1,0,0
F051,F007,T3,400.0,127,1160.0,1,0,0
F051,F008,T1,352.0,85,1196.8,0,0,0
F051,F008,T2,352.0,96,880.0,1,0,0
F051,F008,T3,352.0,112,1020.8,1,0,0
F051,F009,T1,309.0,75,1050.6,0,0,0
F051,F009,T2,309.0,85,772.5,1,0,0
F051,F009,T3,309.0,98,896.1,1,0,0
F051,F010,T1,365.0,88,1241.0,0,0,0
F051,F010,T2,365.0,100,912.5,1,0,0
F051,F010,T3,365.0,116,1058.5,1,0,0
F051,F011,T1,319.0,77,1084.6,0,0,1
F051,F011,T2,319.0,87,797.5,1,0,1
F051,F011,T3,319.0,101,925.1,1,0,1
F051,F012,T1,265.0,64,901.0,0,0,0
F051,F012,T2,265.0,73,662.5,1,0,0
F051,F012,T3,265.0,84,768.5,1,0,0
F051,F013,T1,433.0,104,1472.2,0,0,0
F051,F013,T2,433.0,119,1082.5,0,0,0
F051,F013,T3,433.0,137,1255.7,1,0,0
F051,F014,T1,284.0,69,965.6,0,0,0
F051,F014,T2,284.0,78,710.0,1,0,0
F051,F014,T3,284.0,90,823.6,1,0,0
F051,F015,T1,288.0,70,979.2,0,0,0
F051,F015,T2,288.0,79,720.0,1,0,0
F051,F015,T3,288.0,91,835.2,1,0,0
F051,F016,T1,240.0,58,816.0,1,0,0
F051,F016,T2,240.0,66,600.0,1,0,0
F051,F016,T3,240.0,76,696.0,1,0,0
F051,F017,T1,247.0,60,839.8,1,0,0
F051,F017,T2,247.0,68,617.5,1,0,0
F051,F017,T3,247.0,78,716.3,1,0,0
F051,F018,T1,249.0,60,846.6,1,0,1
F051,F018,T2,249.0,68,622.5,1,0,1
F051,F018,T3,249.0,79,722.1,1,0,1
F051,F019,T1,206.0,50,700.4,1,0,0
F051,F019,T2,206.0,57,515.0,1,0,0
F051,F019,T3,206.0,66,597.4,1,0,0
F051,F020,T1,224.0,54,761.6,1,0,0
F051,F020,T2,224.0,62,560.0,1,0,0
F051,F020,T3,224.0,71,649.6,1,0,0
F051,F021,T1,145.0,35,493.0,1,0,0
F051,F021,T2,145.0,40,362.5,1,0,0
F051,F021,T3,145.0,46,420.5,1,0,0
F051,F022,T1,218.0,53,741.2,1,0,0
F051,F022,T2,218.0,60,545.0,1,0,0
F051,F022,T3,218.0,69,632.2,1,0,0
F051,F023,T1,102.0,25,346.8,1,0,0
F051,F023,T2,102.0,28,255.0,1,0,0
F051,F023,T3,102.0,33,295.8,1,0,0
F051,F024,T1,177.0,43,601.8,1,0,1
F051,F024,T2,177.0,49,442.5,1,0,1
F051,F024,T3,177.0,56,513.3,1,0,1
F051,F025,T1,144.0,35,489.6,1,0,0
F051,F025,T2,144.0,40,360.0,1,0,0
F051,F025,T3,144.0,46,417.6,1,0,0
F051,F026,T1,238.0,58,809.2,1,0,0
F051,F026,T2,238.0,65,595.0,1,0,0
F051,F026,T3,238.0,76,690.2,1,0,0
F051,F027,T1,177.0,43,601.8,1,0,0
F051,F027,T2,177.0,49,442.5,1,0,0
F051,F027,T3,177.0,56,513.3,1,0,0
F051,F028,T1,314.0,76,1067.6,0,0,0
F051,F028,T2,314.0,86,785.0,1,0,0
F051,F028,T3,314.0,100,910.6,1,0,0
F051,F029,T1,161.0,39,547.4,1,0,0
F051,F029,T2,161.0,44,402.5,1,0,0
F051,F029,T3,161.0,51,466.9,1,0,0
F051,F030,T1,271.0,66,921.4,0,0,0
F051,F030,T2,271.0,74,677.5,1,0,0
F051,F030,T3,271.0,86,785.9,1,0,0
F051,F031,T1,103.0,25,350.2,1,0,1
F051,F031,T2,103.0,29,257.5,1,0,1
F051,F031,T3,103.0,33,298.7,1,0,1
F051,F032,T1,112.0,27,380.8,1,0,0
F051,F032,T2,112.0,31,280.0,1,0,0
F051,F032,T3,112.0,36,324.8,1,0,0
F051,F033,T1,213.0,52,724.2,1,0,0
F051,F033,T2,213.0,59,532.5,1,0,0
F051,F033,T3,213.0,68,617.7,1,0,0
F051,F034,T1,190.0,46,646.0,1,0,0
F051,F034,T2,190.0,52,475.0,1,0,0
F051,F034,T3,190.0,60,551.0,1,0,0
F051,F035,T1,140.0,34,476.0,1,0,0
F051,F035,T2,140.0,39,350.0,1,0,0
F051,F035,T3,140.0,45,406.0,1,0,0
F051,F036,T1,122.0,30,414.8,1,0,0
F051,F036,T2,122.0,34,305.0,1,0,0
F051,F036,T3,122.0,39,353.8,1,0,0
F051,F037,T1,110.0,27,374.0,1,0,0
F051,F037,T2,110.0,30,275.0,1,0,0
F051,F037,T3,110.0,35,319.0,1,0,0
F051,F038,T1,17.0,5,57.8,1,0,1
F051,F038,T2,17.0,5,42.5,1,0,1
F051,F038,T3,17.0,6,49.3,1,0,1
F051,F039,T1,60.0,15,204.0,1,0,0
F051,F039,T2,60.0,17,150.0,1,0,0
F051,F039,T3,60.0,19,174.0,1,0,0
F051,F040,T1,83.0,20,282.2,1,0,0
F051,F040,T2,83.0,23,207.5,1,0,0
F051,F040,T3,83.0,27,240.7,1,0,0
F051,F041,T1,36.0,9,122.4,1,0,0
F051,F041,T2,36.0,10,90.0,1,0,0
F051,F041,T3,36.0,12,104.4,1,0,0
F051,F042,T1,110.0,27,374.0,1,0,0
F051,F042,T2,110.0,30,275.0,1,0,0
F051,F042,T3,110.0,35,319.0,1,0,0
F051,F043,T1,35.0,9,119.0,1,0,0
F051,F043,T2,35.0,10,87.5,1,0,0
F051,F043,T3,35.0,12,101.5,1,0,0
F051,F044,T1,56.0,14,190.4,1,0,1
F051,F044,T2,56.0,16,140.0,1,0,1
F051,F044,T3,56.0,18,162.4,1,0,1
F051,F045,T1,32.0,8,108.8,1,0,0
F051,F045,T2,32.0,9,80.0,1,0,0
F051,F045,T3,32.0,11,92.8,1,0,0
F051,F046,T1,82.0,20,278.8,1,0,0
F051,F046,T2,82.0,23,205.0,1,0,0
F051,F046,T3,82.0,26,237.8,1,0,0
F051,F047,T1,80.0,20,272.0,1,0,0
F051,F047,T2,80.0,22,200.0,1,0,0
F051,F047,T3,80.0,26,232.0,1,0,0
F051,F048,T1,33.0,8,112.2,1,0,0
F051,F048,T2,33.0,9,82.5,1,0,0
F051,F048,T3,33.0,11,95.7,1,0,0
F051,F049,T1,65.0,16,221.0,1,0,0
F051,F049,T2,65.0,18,162.5,1,0,0
F051,F049,T3,65.0,21,188.5,1,0,0
F051,F050,T1,149.0,36,506.6,1,0,1
F051,F050,T2,149.0,41,372.5,1,0,1
F051,F050,T3,149.0,48,432.1,1,0,1
F051,F052,T1,47.0,12,159.8,1,0,0
F051,F052,T2,47.0,13,117.5,1,0,0
F051,F052,T3,47.0,15,136.3,1,0,0
F052,A01,T1,269.0,65,914.6,0,0,0
F052,A01,T2,269.0,74,672.5,1,0,0
F052,A01,T3,269.0,85,780.1,1,0,0
F052,A02,T1,259.0,63,880.6,0,0,0
F052,A02,T2,259.0,71,647.5,1,0,0
F052,A02,T3,259.0,82,751.1,1,0,0
F052,A03,T1,261.0,63,887.4,0,0,0
F052,A03,T2,261.0,72,652.5,1,0,0
F052,A03,T3,261.0,83,756.9,1,0,0
F052,F001,T1,179.0,43,608.6,1,0,0
F052,F001,T2,179.0,49,447.5,1,0,0
F052,F001,T3,179.0,57,519.1,1,0,0
F052,F002,T1,363.0,88,1234.2,0,0,0
F052,F002,T2,363.0,99,907.5,1,0,0
F052,F002,T3,363.0,115,1052.7,1,0,0
F052,F003,T1,311.0,75,1057.4,0,0,0
F052,F003,T2,311.0,85,777.5,1,0,0
F052,F003,T3,311.0,99,901.9,1,0,0
F052,F004,T1,330.0,80,1122.0,0,0,0
F052,F004,T2,330.0,90,825.0,1,0,0
F052,F004,T3,330.0,105,957.0,1,0,0
F052,F005,T1,217.0,53,737.8,1,0,0
F052,F005,T2,217.0,60,542.5,1,0,0
F052,F005,T3,217.0,69,629.3,1,0,0
F052,F006,T1,345.0,83,1173.0,0,0,1
F052,F006,T2,345.0,95,862.5,1,0,1
F052,F006,T3,345.0,109,1000.5,1,0,1
F052,F007,T1,354.0,85,1203.6,0,0,0
F052,F007,T2,354.0,97,885.0,1,0,0
F052,F007,T3,354.0,112,1026.6,1,0,0
F052,F008,T1,305.0,74,1037.0,0,0,0
F052,F008,T2,305.0,84,762.5,1,0,0
F052,F008,T3,305.0,97,884.5,1,0,0
F052,F009,T1,263.0,64,894.2,0,0,0
F052,F009,T2,263.0,72,657.5,1,0,0
F052,F009,T3,263.0,84,762.7,1,0,0
F052,F010,T1,318.0,77,1081.2,0,0,0
F052,F010,T2,318.0,87,795.0,1,0,0
F052,F010,T3,318.0,101,922.2,1,0,0
F052,F011,T1,272.0,66,924.8,0,0,1
F052,F011,T2,272.0,75,680.0,1,0,1
F052,F011,T3,272.0,86,788.8,1,0,1
F052,F012,T1,218.0,53,741.2,1,0,0
F052,F012,T2,218.0,60,545.0,1,0,0
F052,F012,T3,218.0,69,632.2,1,0,0
F052,F013,T1,386.0,93,1312.4,0,0,0
F052,F013,T2,386.0,106,965.0,1,0,0
F052,F013,T3,386.0,122,1119.4,1,0,0
F052,F014,T1,239.0,58,812.6,1,0,0
F052,F014,T2,239.0,66,597.5,1,0,0
F052,F014,T3,239.0,76,693.1,1,0,0
F052,F015,T1,241.0,58,819.4,1,0,0
F052,F015,T2,241.0,66,602.5,1,0,0
F052,F015,T3,241.0,77,698.9,1,0,0
F052,F016,T1,193.0,47,656.2,1,0,0
F052,F016,T2,193.0,53,482.5,1,0,0
F052,F016,T3,193.0,61,559.7,1,0,0
F052,F017,T1,202.0,49,686.8,1,0,0
F052,F017,T2,202.0,56,505.0,1,0,0
F052,F017,T3,202.0,64,585.8,1,0,0
F052,F018,T1,202.0,49,686.8,1,0,1
F052,F018,T2,202.0,56,505.0,1,0,1
F052,F018,T3,202.0,64,585.8,1,0,1
F052,F019,T1,159.0,39,540.6,1,0,0
F052,F019,T2,159.0,44,397.5,1,0,0
F052,F019,T3,159.0,51,461.1,1,0,0
F052,F020,T1,177.0,43,601.8,1,0,0
F052,F020,T2,177.0,49,442.5,1,0,0
F052,F020,T3,177.0,56,513.3,1,0,0
F052,F021,T1,97.0,24,329.8,1,0,0
F052,F021,T2,97.0,27,242.5,1,0,0
F052,F021,T3,97.0,31,281.3,1,0,0
F052,F022,T1,171.0,42,581.4,1,0,0
F052,F022,T2,171.0,47,427.5,1,0,0
F052,F022,T3,171.0,54,495.9,1,0,0
F052,F023,T1,58.0,14,197.2,1,0,0
F052,F023,T2,58.0,16,145.0,1,0,0
F052,F023,T3,58.0,19,168.2,1,0,0
F052,F024,T1,130.0,32,442.0,1,0,1
F052,F024,T2,130.0,36,325.0,1,0,1
F052,F024,T3,130.0,42,377.0,1,0,1
F052,F025,T1,97.0,24,329.8,1,0,0
F052,F025,T2,97.0,27,242.5,1,0,0
F052,F025,T3,97.0,31,281.3,1,0,0
F052,F026,T1,191.0,46,649.4,1,0,0
F052,F026,T2,191.0,53,477.5,1,0,0
F052,F026,T3,191.0,61,553.9,1,0,0
F052,F027,T1,131.0,32,445.4,1,0,0
F052,F027,T2,131.0,36,327.5,1,0,0
F052,F027,T3,131.0,42,379.9,1,0,0
F052,F028,T1,266.0,64,904.4,0,0,0
F052,F028,T2,266.0,73,665.0,1,0,0
F052,F028,T3,266.0,84,771.4,1,0,0
F052,F029,T1,114.0,28,387.6,1,0,0
F052,F029,T2,114.0,32,285.0,1,0,0
F052,F029,T3,114.0,36,330.6,1,0,0
F052,F030,T1,226.0,55,768.4,1,0,0
F052,F030,T2,226.0,62,565.0,1,0,0
F052,F030,T3,226.0,72,655.4,1,0,0
F052,F031,T1,55.0,14,187.0,1,0,1
F052,F031,T2,55.0,15,137.5,1,0,1
F052,F031,T3,55.0,18,159.5,1,0,1
F052,F032,T1,70.0,17,238.0,1,0,0
F052,F032,T2,70.0,20,175.0,1,0,0
F052,F032,T3,70.0,23,203.0,1,0,0
F052,F033,T1,166.0,40,564.4,1,0,0
F052,F033,T2,166.0,46,415.0,1,0,0
F052,F033,T3,166.0,53,481.4,1,0,0
F052,F034,T1,144.0,35,489.6,1,0,0
F052,F034,T2,144.0,40,360.0,1,0,0
F052,F034,T3,144.0,46,417.6,1,0,0
F052,F035,T1,94.0,23,319.6,1,0,0
F052,F035,T2,94.0,26,235.0,1,0,0
F052,F035,T3,94.0,30,272.6,1,0,0
F052,F036,T1,75.0,18,255.0,1,0,0
F052,F036,T2,75.0,21,187.5,1,0,0
F052,F036,T3,75.0,24,217.5,1,0,0
F052,F037,T1,157.0,38,533.8,1,0,0
F052,F037,T2,157.0,43,392.5,1,0,0
F052,F037,T3,157.0,50,455.3,1,0,0
F052,F038,T1,37.0,9,125.8,1,0,1
F052,F038,T2,37.0,11,92.5,1,0,1
F052,F038,T3,37.0,12,107.3,1,0,1
F052,F039,T1,44.0,11,149.6,1,0,0
F052,F039,T2,44.0,12,110.0,1,0,0
F052,F039,T3,44.0,14,127.6,1,0,0
F052,F040,T1,130.0,32,442.0,1,0,0
F052,F040,T2,130.0,36,325.0,1,0,0
F052,F040,T3,130.0,42,377.0,1,0,0
F052,F041,T1,80.0,20,272.0,1,0,0
F052,F041,T2,80.0,22,200.0,1,0,0
F052,F041,T3,80.0,26,232.0,1,0,0
F052,F042,T1,155.0,38,527.0,1,0,0
F052,F042,T2,155.0,43,387.5,1,0,0
F052,F042,T3,155.0,49,449.5,1,0,0
F052,F043,T1,82.0,20,278.8,1,0,0
F052,F043,T2,82.0,23,205.0,1,0,0
F052,F043,T3,82.0,26,237.8,1,0,0
F052,F044,T1,103.0,25,350.2,1,0,1
F052,F044,T2,103.0,29,257.5,1,0,1
F052,F044,T3,103.0,33,298.7,1,0,1
F052,F045,T1,67.0,17,227.8,1,0,0
F052,F045,T2,67.0,19,167.5,1,0,0
F052,F045,T3,67.0,22,194.3,1,0,0
F052,F046,T1,38.0,10,129.2,1,0,0
F052,F046,T2,38.0,11,95.0,1,0,0
F052,F046,T3,38.0,12,110.2,1,0,0
F052,F047,T1,33.0,8,112.2,1,0,0
F052,F047,T2,33.0,9,82.5,1,0,0
F052,F047,T3,33.0,11,95.7,1,0,0
F052,F048,T1,23.0,6,78.2,1,0,0
F052,F048,T2,23.0,7,57.5,1,0,0
F052,F048,T3,23.0,8,66.7,1,0,0
F052,F049,T1,22.0,6,74.8,1,0,0
F052,F049,T2,22.0,6,55.0,1,0,0
F052,F049,T3,22.0,7,63.8,1,0,0
F052,F050,T1,194.0,47,659.6,1,0,1
F052,F050,T2,194.0,53,485.0,1,0,1
F052,F050,T3,194.0,62,562.6,1,0,1
F052,F051,T1,47.0,12,159.8,1,0,0
F052,F051,T2,47.0,13,117.5,1,0,0
F052,F051,T3,47.0,15,136.3,1,0,0
