person_id,origin,destination,origin_type,destination_type,direction,origin_is_flexible_land,destination_is_flexible_land,candidate_origin_airports,candidate_destination_airports,fixed_origin_airport,fixed_destination_airport,nearest_airport,nearest_airport_distance_km,airport_rankings,direct_distance_lower_bound_km,direct_lower_bound_origin,direct_lower_bound_destination,technical_min_travel_minutes_lower_bound,technical_min_aircraft_type,technical_min_sea_stops,minimum_fuel_requirement_estimate_kg,earliest,latest,task_type,priority,window_minutes,slack_minutes,potentially_tight
P0001,F049,LAND,FACILITY,LAND,inbound,0,1,[],"[""A01"", ""A02"", ""A03""]",,,A02,239.0,"[""A02"", ""A03"", ""A01""]",239.0,F049,A02,58,T1,0,597.5,2026-08-05 08:33,2026-08-06 09:40,shift,3,1507,1449,0
P0002,LAND,F022,LAND,FACILITY,outbound,1,0,"[""A01"", ""A02"", ""A03""]",[],,,A01,194.0,"[""A01"", ""A02"", ""A03""]",194.0,A01,F022,47,T1,1,485.0,2026-08-03 07:37,2026-08-06 08:57,shift,3,4400,4353,0
P0003,F052,LAND,FACILITY,LAND,inbound,0,1,[],"[""A01"", ""A02"", ""A03""]",,,A02,259.0,"[""A02"", ""A03"", ""A01""]",259.0,F052,A02,71,T2,0,647.5,2026-08-08 09:56,2026-08-09 23:59,shift,3,2283,2212,0
P0004,LAND,F012,LAND,FACILITY,outbound,1,0,"[""A01"", ""A02"", ""A03""]",[],,,A01,208.0,"[""A01"", ""A02"", ""A03""]",208.0,A01,F012,50,T1,1,520.0,2026-08-07 07:14,2026-08-09 08:20,shift,3,2946,2896,0
P0005,F022,F033,FACILITY,FACILITY,shuttle,0,0,[],[],,,A01,227.0,"[""A01"", ""A02"", ""A03""]",33.0,F022,F033,8,T1,1,82.5,2026-08-04 09:47,2026-08-05 09:55,shift,3,1448,1440,0
P0006,F018,LAND,FACILITY,LAND,inbound,0,1,[],"[""A01"", ""A02"", ""A03""]",,,A01,196.0,"[""A01"", ""A02"", ""A03""]",196.0,F018,A01,48,T1,0,490.0,2026-08-03 00:00,2026-08-04 10:00,shift,3,2040,1992,0
P0007,LAND,F034,LAND,FACILITY,outbound,1,0,"[""A01"", ""A02"", ""A03""]",[],,,A01,246.0,"[""A01"", ""A02"", ""A03""]",246.0,A01,F034,60,T1,1,615.0,2026-08-05 08:12,2026-08-07 09:54,shift,3,2982,2922,0
P0008,A02,F021,AIRPORT,FACILITY,outbound,0,0,"[""A02""]",[],A02,,A01,218.0,"[""A01"", ""A02"", ""A03""]",220.0,A02,F021,53,T1,1,550.0,2026-08-09 07:21,2026-08-09 10:55,production,2,214,161,0
P0009,F004,LAND,FACILITY,LAND,inbound,0,1,[],"[""A01"", ""A02"", ""A03""]",,,A01,197.0,"[""A01"", ""A02"", ""A03""]",197.0,F004,A01,48,T1,0,492.5,2026-08-06 08:53,2026-08-08 10:20,shift,3,2967,2919,0
P0010,F038,LAND,FACILITY,LAND,inbound,0,1,[],"[""A01"", ""A02"", ""A03""]",,,A03,263.0,"[""A03"", ""A02"", ""A01""]",263.0,F038,A03,72,T2,0,657.5,2026-08-03 07:32,2026-08-03 10:41,production,2,189,117,0
P0011,F031,LAND,FACILITY,LAND,inbound,0,1,[],"[""A01"", ""A02"", ""A03""]",,,A02,242.0,"[""A02"", ""A01"", ""A03""]",242.0,F031,A02,59,T1,0,605.0,2026-08-08 11:40,2026-08-09 23:59,shift,3,2179,2120,0
P0012,F040,LAND,FACILITY,LAND,inbound,0,1,[],"[""A01"", ""A02"", ""A03""]",,,A03,342.0,"[""A03"", ""A02"", ""A01""]",342.0,F040,A03,94,T2,0,855.0,2026-08-03 08:03,2026-08-05 10:13,shift,3,3010,2916,0
P0013,F032,LAND,FACILITY,LAND,inbound,0,1,[],"[""A01"", ""A02"", ""A03""]",,,A02,279.0,"[""A02"", ""A01"", ""A03""]",279.0,F032,A02,77,T2,0,697.5,2026-08-07 08:45,2026-08-09 10:02,shift,3,2957,2880,0
P0014,F030,F026,FACILITY,FACILITY,shuttle,0,0,[],[],,,A01,204.0,"[""A01"", ""A02"", ""A03""]",59.0,F030,F026,15,T1,1,147.5,2026-08-07 16:11,2026-08-09 16:30,shift,3,2899,2884,0
P0015,A01,F003,AIRPORT,FACILITY,outbound,0,0,"[""A01""]",[],A01,,A01,192.0,"[""A01"", ""A02"", ""A03""]",192.0,A01,F003,47,T1,1,480.0,2026-08-03 00:00,2026-08-04 08:26,shift,3,1946,1899,0
P0016,LAND,F021,LAND,FACILITY,outbound,1,0,"[""A01"", ""A02"", ""A03""]",[],,,A01,218.0,"[""A01"", ""A02"", ""A03""]",218.0,A01,F021,53,T1,1,545.0,2026-08-03 07:39,2026-08-04 08:49,shift,3,1510,1457,0
P0017,F021,LAND,FACILITY,LAND,inbound,0,1,[],"[""A01"", ""A02"", ""A03""]",,,A01,218.0,"[""A01"", ""A02"", ""A03""]",218.0,F021,A01,53,T1,0,545.0,2026-08-03 00:00,2026-08-04 10:09,shift,3,2049,1996,0
P0018,F005,LAND,FACILITY,LAND,inbound,0,1,[],"[""A01"", ""A02"", ""A03""]",,,A01,190.0,"[""A01"", ""A02"", ""A03""]",190.0,F005,A01,46,T1,0,475.0,2026-08-03 09:50,2026-08-05 10:42,shift,3,2932,2886,0
P0019,F030,F026,FACILITY,FACILITY,shuttle,0,0,[],[],,,A01,204.0,"[""A01"", ""A02"", ""A03""]",59.0,F030,F026,15,T1,1,147.5,2026-08-07 16:11,2026-08-09 23:59,shift,3,3348,3333,0
P0020,LAND,F002,LAND,FACILITY,outbound,1,0,"[""A01"", ""A02"", ""A03""]",[],,,A01,217.0,"[""A01"", ""A02"", ""A03""]",217.0,A01,F002,53,T1,1,542.5,2026-08-06 07:29,2026-08-08 08:38,shift,3,2949,2896,0
P0021,F005,F017,FACILITY,FACILITY,shuttle,0,0,[],[],,,A01,153.0,"[""A01"", ""A02"", ""A03""]",40.0,F005,F017,10,T1,1,100.0,2026-08-05 08:24,2026-08-07 09:00,shift,3,2916,2906,0
P0022,F052,LAND,FACILITY,LAND,inbound,0,1,[],"[""A01"", ""A02"", ""A03""]",,,A02,259.0,"[""A02"", ""A03"", ""A01""]",259.0,F052,A02,71,T2,0,647.5,2026-08-05 11:19,2026-08-07 13:10,shift,3,2991,2920,0
P0023,F051,LAND,FACILITY,LAND,inbound,0,1,[],"[""A01"", ""A02"", ""A03""]",,,A03,279.0,"[""A03"", ""A02"", ""A01""]",279.0,F051,A03,77,T2,0,697.5,2026-08-09 09:13,2026-08-09 23:59,shift,3,886,809,0
P0024,F031,LAND,FACILITY,LAND,inbound,0,1,[],"[""A01"", ""A02"", ""A03""]",,,A02,242.0,"[""A02"", ""A01"", ""A03""]",242.0,F031,A02,59,T1,0,605.0,2026-08-04 11:38,2026-08-07 12:44,shift,3,4386,4327,0
P0025,F019,LAND,FACILITY,LAND,inbound,0,1,[],"[""A01"", ""A02"", ""A03""]",,,A01,204.0,"[""A01"", ""A02"", ""A03""]",204.0,F019,A01,49,T1,0,510.0,2026-08-06 16:23,2026-08-08 17:52,shift,3,2969,2920,0
P0026,F042,LAND,FACILITY,LAND,inbound,0,1,[],"[""A01"", ""A02"", ""A03""]",,,A03,368.0,"[""A03"", ""A02"", ""A01""]",368.0,F042,A03,101,T2,0,920.0,2026-08-07 08:20,2026-08-08 10:23,shift,3,1563,1462,0
P0027,LAND,F002,LAND,FACILITY,outbound,1,0,"[""A01"", ""A02"", ""A03""]",[],,,A01,217.0,"[""A01"", ""A02"", ""A03""]",217.0,A01,F002,53,T1,1,542.5,2026-08-09 07:25,2026-08-09 23:59,shift,3,994,941,0
P0028,LAND,F010,LAND,FACILITY,outbound,1,0,"[""A01"", ""A02"", ""A03""]",[],,,A01,216.0,"[""A01"", ""A02"", ""A03""]",216.0,A01,F010,52,T1,1,540.0,2026-08-04 08:32,2026-08-06 09:31,shift,3,2939,2887,0
P0029,LAND,F026,LAND,FACILITY,outbound,1,0,"[""A01"", ""A02"", ""A03""]",[],,,A01,204.0,"[""A01"", ""A02"", ""A03""]",204.0,A01,F026,49,T1,1,510.0,2026-08-03 07:14,2026-08-05 08:24,shift,3,2950,2901,0
P0030,LAND,F003,LAND,FACILITY,outbound,1,0,"[""A01"", ""A02"", ""A03""]",[],,,A01,192.0,"[""A01"", ""A02"", ""A03""]",192.0,A01,F003,47,T1,1,480.0,2026-08-06 07:12,2026-08-08 07:59,shift,3,2927,2880,0
P0031,F007,F002,FACILITY,FACILITY,shuttle,0,0,[],[],,,A01,217.0,"[""A01"", ""A02"", ""A03""]",30.0,F007,F002,8,T1,1,75.0,2026-08-05 10:22,2026-08-06 10:31,shift,3,1449,1441,0
P0032,F001,LAND,FACILITY,LAND,inbound,0,1,[],"[""A01"", ""A02"", ""A03""]",,,A01,219.0,"[""A01"", ""A02"", ""A03""]",219.0,F001,A01,53,T1,0,547.5,2026-08-03 07:53,2026-08-04 09:10,shift,3,1517,1464,0
P0033,LAND,F003,LAND,FACILITY,outbound,1,0,"[""A01"", ""A02"", ""A03""]",[],,,A01,192.0,"[""A01"", ""A02"", ""A03""]",192.0,A01,F003,47,T1,1,480.0,2026-08-03 07:39,2026-08-05 08:26,shift,3,2927,2880,0
P0034,F048,LAND,FACILITY,LAND,inbound,0,1,[],"[""A01"", ""A02"", ""A03""]",,,A03,254.0,"[""A03"", ""A02"", ""A01""]",254.0,F048,A03,70,T2,0,635.0,2026-08-05 11:44,2026-08-06 12:54,shift,3,1510,1440,0
P0035,LAND,F003,LAND,FACILITY,outbound,1,0,"[""A01"", ""A02"", ""A03""]",[],,,A01,192.0,"[""A01"", ""A02"", ""A03""]",192.0,A01,F003,47,T1,1,480.0,2026-08-03 07:39,2026-08-04 08:26,shift,3,1487,1440,0
P0036,A01,F001,AIRPORT,FACILITY,outbound,0,0,"[""A01""]",[],A01,,A01,219.0,"[""A01"", ""A02"", ""A03""]",219.0,A01,F001,53,T1,1,547.5,2026-08-08 06:53,2026-08-09 23:59,shift,3,2466,2413,0
P0037,LAND,F021,LAND,FACILITY,outbound,1,0,"[""A01"", ""A02"", ""A03""]",[],,,A01,218.0,"[""A01"", ""A02"", ""A03""]",218.0,A01,F021,53,T1,1,545.0,2026-08-06 07:01,2026-08-06 09:42,production,2,161,108,0
P0038,F036,F046,FACILITY,FACILITY,shuttle,0,0,[],[],,,A02,227.0,"[""A02"", ""A03"", ""A01""]",41.0,F036,F046,10,T1,1,102.5,2026-08-03 00:00,2026-08-04 08:10,shift,3,1930,1920,0
P0039,F044,LAND,FACILITY,LAND,inbound,0,1,[],"[""A01"", ""A02"", ""A03""]",,,A03,317.0,"[""A03"", ""A02"", ""A01""]",317.0,F044,A03,87,T2,0,792.5,2026-08-03 09:32,2026-08-06 11:13,shift,3,4421,4334,0
P0040,A03,F047,AIRPORT,FACILITY,outbound,0,0,"[""A03""]",[],A03,,A02,241.0,"[""A02"", ""A01"", ""A03""]",248.0,A03,F047,60,T1,1,620.0,2026-08-08 09:06,2026-08-08 12:49,production,2,223,163,0
P0041,F019,LAND,FACILITY,LAND,inbound,0,1,[],"[""A01"", ""A02"", ""A03""]",,,A01,204.0,"[""A01"", ""A02"", ""A03""]",204.0,F019,A01,49,T1,0,510.0,2026-08-05 16:23,2026-08-07 17:52,shift,3,2969,2920,0
P0042,LAND,F006,LAND,FACILITY,outbound,1,0,"[""A01"", ""A02"", ""A03""]",[],,,A01,235.0,"[""A01"", ""A02"", ""A03""]",235.0,A01,F006,57,T1,1,587.5,2026-08-03 00:00,2026-08-05 10:37,shift,3,3517,3460,0
P0043,F051,LAND,FACILITY,LAND,inbound,0,1,[],"[""A01"", ""A02"", ""A03""]",,,A03,279.0,"[""A03"", ""A02"", ""A01""]",279.0,F051,A03,77,T2,0,697.5,2026-08-05 10:57,2026-08-06 12:26,shift,3,1529,1452,0
P0044,LAND,F006,LAND,FACILITY,outbound,1,0,"[""A01"", ""A02"", ""A03""]",[],,,A01,235.0,"[""A01"", ""A02"", ""A03""]",235.0,A01,F006,57,T1,1,587.5,2026-08-05 07:00,2026-08-08 08:15,temporary,4,4395,4338,0
P0045,LAND,F019,LAND,FACILITY,outbound,1,0,"[""A01"", ""A02"", ""A03""]",[],,,A01,204.0,"[""A01"", ""A02"", ""A03""]",204.0,A01,F019,49,T1,1,510.0,2026-08-03 09:07,2026-08-05 10:06,shift,3,2939,2890,0
P0046,F002,A01,FACILITY,AIRPORT,inbound,0,0,[],"[""A01""]",,A01,A01,217.0,"[""A01"", ""A02"", ""A03""]",217.0,F002,A01,53,T1,0,542.5,2026-08-06 08:48,2026-08-07 09:57,shift,3,1509,1456,0
P0047,F048,LAND,FACILITY,LAND,inbound,0,1,[],"[""A01"", ""A02"", ""A03""]",,,A03,254.0,"[""A03"", ""A02"", ""A01""]",254.0,F048,A03,70,T2,0,635.0,2026-08-07 10:31,2026-08-09 11:52,shift,3,2961,2891,0
P0048,F039,F048,FACILITY,FACILITY,shuttle,0,0,[],[],,,A03,254.0,"[""A03"", ""A02"", ""A01""]",31.0,F039,F048,8,T1,1,77.5,2026-08-08 07:36,2026-08-09 23:59,shift,3,2423,2415,0
P0049,A01,F012,AIRPORT,FACILITY,outbound,0,0,"[""A01""]",[],A01,,A01,208.0,"[""A01"", ""A02"", ""A03""]",208.0,A01,F012,50,T1,1,520.0,2026-08-08 07:14,2026-08-09 08:20,shift,3,1506,1456,0
P0050,F020,LAND,FACILITY,LAND,inbound,0,1,[],"[""A01"", ""A02"", ""A03""]",,,A01,171.0,"[""A01"", ""A02"", ""A03""]",171.0,F020,A01,42,T1,0,427.5,2026-08-05 08:05,2026-08-08 08:56,shift,3,4371,4329,0
P0051,F002,LAND,FACILITY,LAND,inbound,0,1,[],"[""A01"", ""A02"", ""A03""]",,,A01,217.0,"[""A01"", ""A02"", ""A03""]",217.0,F002,A01,53,T1,0,542.5,2026-08-05 08:48,2026-08-08 09:57,shift,3,4389,4336,0
P0052,F030,F026,FACILITY,FACILITY,shuttle,0,0,[],[],,,A01,204.0,"[""A01"", ""A02"", ""A03""]",59.0,F030,F026,15,T1,1,147.5,2026-08-07 16:11,2026-08-09 16:30,shift,3,2899,2884,0
P0053,F026,F033,FACILITY,FACILITY,shuttle,0,0,[],[],,,A01,227.0,"[""A01"", ""A02"", ""A03""]",35.0,F026,F033,9,T1,1,87.5,2026-08-05 07:45,2026-08-08 07:55,shift,3,4330,4321,0
P0054,F018,A02,FACILITY,AIRPORT,inbound,0,0,[],"[""A02""]",,A02,A01,196.0,"[""A01"", ""A02"", ""A03""]",214.0,F018,A02,52,T1,0,535.0,2026-08-03 09:08,2026-08-05 10:00,shift,3,2932,2880,0
P0055,LAND,F022,LAND,FACILITY,outbound,1,0,"[""A01"", ""A02"", ""A03""]",[],,,A01,194.0,"[""A01"", ""A02"", ""A03""]",194.0,A01,F022,47,T1,1,485.0,2026-08-03 07:37,2026-08-05 08:57,shift,3,2960,2913,0
P0056,LAND,F021,LAND,FACILITY,outbound,1,0,"[""A01"", ""A02"", ""A03""]",[],,,A01,218.0,"[""A01"", ""A02"", ""A03""]",218.0,A01,F021,53,T1,1,545.0,2026-08-05 07:44,2026-08-07 08:54,shift,3,2950,2897,0
P0057,A01,F007,AIRPORT,FACILITY,outbound,0,0,"[""A01""]",[],A01,,A01,233.0,"[""A01"", ""A02"", ""A03""]",233.0,A01,F007,56,T1,1,582.5,2026-08-08 07:30,2026-08-09 23:59,shift,3,2429,2373,0
P0058,LAND,F022,LAND,FACILITY,outbound,1,0,"[""A01"", ""A02"", ""A03""]",[],,,A01,194.0,"[""A01"", ""A02"", ""A03""]",194.0,A01,F022,47,T1,1,485.0,2026-08-05 08:25,2026-08-07 09:31,shift,3,2946,2899,0
P0059,A02,F019,AIRPORT,FACILITY,outbound,0,0,"[""A02""]",[],A02,,A01,204.0,"[""A01"", ""A02"", ""A03""]",216.0,A02,F019,52,T1,1,540.0,2026-08-03 00:00,2026-08-05 10:06,shift,3,3486,3434,0
P0060,F051,LAND,FACILITY,LAND,inbound,0,1,[],"[""A01"", ""A02"", ""A03""]",,,A03,279.0,"[""A03"", ""A02"", ""A01""]",279.0,F051,A03,77,T2,0,697.5,2026-08-05 10:57,2026-08-06 12:26,shift,3,1529,1452,0
P0061,A01,F014,AIRPORT,FACILITY,outbound,0,0,"[""A01""]",[],A01,,A01,164.0,"[""A01"", ""A02"", ""A03""]",164.0,A01,F014,40,T1,1,410.0,2026-08-04 07:15,2026-08-07 08:07,shift,3,4372,4332,0
P0062,F002,LAND,FACILITY,LAND,inbound,0,1,[],"[""A01"", ""A02"", ""A03""]",,,A01,217.0,"[""A01"", ""A02"", ""A03""]",217.0,F002,A01,53,T1,0,542.5,2026-08-04 08:48,2026-08-08 09:57,temporary,4,5829,5776,0
P0063,F019,LAND,FACILITY,LAND,inbound,0,1,[],"[""A01"", ""A02"", ""A03""]",,,A01,204.0,"[""A01"", ""A02"", ""A03""]",204.0,F019,A01,49,T1,0,510.0,2026-08-03 10:16,2026-08-05 11:45,shift,3,2969,2920,0
P0064,F043,F051,FACILITY,FACILITY,shuttle,0,0,[],[],,,A03,279.0,"[""A03"", ""A02"", ""A01""]",35.0,F043,F051,9,T1,1,87.5,2026-08-04 10:17,2026-08-06 10:29,shift,3,2892,2883,0
P0065,LAND,F034,LAND,FACILITY,outbound,1,0,"[""A01"", ""A02"", ""A03""]",[],,,A01,246.0,"[""A01"", ""A02"", ""A03""]",246.0,A01,F034,60,T1,1,615.0,2026-08-08 06:13,2026-08-09 23:59,shift,3,2506,2446,0
P0066,LAND,F034,LAND,FACILITY,outbound,1,0,"[""A01"", ""A02"", ""A03""]",[],,,A01,246.0,"[""A01"", ""A02"", ""A03""]",246.0,A01,F034,60,T1,1,615.0,2026-08-08 06:13,2026-08-09 07:55,shift,3,1542,1482,0
P0067,F019,F033,FACILITY,FACILITY,shuttle,0,0,[],[],,,A01,227.0,"[""A01"", ""A02"", ""A03""]",24.0,F019,F033,6,T1,1,60.0,2026-08-03 00:00,2026-08-05 09:54,shift,3,3474,3468,0
P0068,LAND,F023,LAND,FACILITY,outbound,1,0,"[""A01"", ""A02"", ""A03""]",[],,,A02,267.0,"[""A02"", ""A01"", ""A03""]",267.0,A02,F023,73,T2,1,667.5,2026-08-03 06:17,2026-08-05 07:30,shift,3,2953,2880,0
P0069,F042,LAND,FACILITY,LAND,inbound,0,1,[],"[""A01"", ""A02"", ""A03""]",,,A03,368.0,"[""A03"", ""A02"", ""A01""]",368.0,F042,A03,101,T2,0,920.0,2026-08-04 12:01,2026-08-05 14:50,shift,3,1609,1508,0
P0070,LAND,F033,LAND,FACILITY,outbound,1,0,"[""A01"", ""A02"", ""A03""]",[],,,A01,227.0,"[""A01"", ""A02"", ""A03""]",227.0,A01,F033,55,T1,1,567.5,2026-08-04 07:32,2026-08-07 08:48,shift,3,4396,4341,0
P0071,F030,F026,FACILITY,FACILITY,shuttle,0,0,[],[],,,A01,204.0,"[""A01"", ""A02"", ""A03""]",59.0,F030,F026,15,T1,1,147.5,2026-08-07 16:11,2026-08-09 23:59,shift,3,3348,3333,0
P0072,LAND,F052,LAND,FACILITY,outbound,1,0,"[""A01"", ""A02"", ""A03""]",[],,,A02,259.0,"[""A02"", ""A03"", ""A01""]",259.0,A02,F052,71,T2,1,647.5,2026-08-06 08:58,2026-08-08 11:09,shift,3,3011,2940,0
P0073,F023,A02,FACILITY,AIRPORT,inbound,0,0,[],"[""A02""]",,A02,A02,267.0,"[""A02"", ""A01"", ""A03""]",267.0,F023,A02,73,T2,0,667.5,2026-08-04 07:40,2026-08-05 09:13,shift,3,1533,1460,0
P0074,LAND,F044,LAND,FACILITY,outbound,1,0,"[""A01"", ""A02"", ""A03""]",[],,,A03,317.0,"[""A03"", ""A02"", ""A01""]",317.0,A03,F044,87,T2,1,792.5,2026-08-04 07:31,2026-08-06 09:12,shift,3,2981,2894,0
P0075,F030,LAND,FACILITY,LAND,inbound,0,1,[],"[""A01"", ""A02"", ""A03""]",,,A01,158.0,"[""A01"", ""A02"", ""A03""]",158.0,F030,A01,38,T1,0,395.0,2026-08-05 10:40,2026-08-07 11:30,shift,3,2930,2892,0
P0076,F024,LAND,FACILITY,LAND,inbound,0,1,[],"[""A01"", ""A02"", ""A03""]",,,A01,211.0,"[""A01"", ""A02"", ""A03""]",211.0,F024,A01,51,T1,0,527.5,2026-08-04 10:08,2026-08-04 12:56,production,2,168,117,0
P0077,LAND,F010,LAND,FACILITY,outbound,1,0,"[""A01"", ""A02"", ""A03""]",[],,,A01,216.0,"[""A01"", ""A02"", ""A03""]",216.0,A01,F010,52,T1,1,540.0,2026-08-08 09:58,2026-08-09 23:59,shift,3,2281,2229,0
P0078,F009,LAND,FACILITY,LAND,inbound,0,1,[],"[""A01"", ""A02"", ""A03""]",,,A01,166.0,"[""A01"", ""A02"", ""A03""]",166.0,F009,A01,40,T1,0,415.0,2026-08-04 08:43,2026-08-05 10:01,shift,3,1518,1478,0
P0079,F002,F004,FACILITY,FACILITY,shuttle,0,0,[],[],,,A01,197.0,"[""A01"", ""A02"", ""A03""]",33.0,F002,F004,8,T1,1,82.5,2026-08-04 08:15,2026-08-06 08:56,shift,3,2921,2913,0
P0080,F038,F039,FACILITY,FACILITY,shuttle,0,0,[],[],,,A03,223.0,"[""A03"", ""A02"", ""A01""]",42.0,F038,F039,11,T1,1,105.0,2026-08-08 10:20,2026-08-09 23:59,shift,3,2259,2248,0
P0081,LAND,F001,LAND,FACILITY,outbound,1,0,"[""A01"", ""A02"", ""A03""]",[],,,A01,219.0,"[""A01"", ""A02"", ""A03""]",219.0,A01,F001,53,T1,1,547.5,2026-08-05 10:08,2026-08-07 11:08,shift,3,2940,2887,0
P0082,F031,F021,FACILITY,FACILITY,shuttle,0,0,[],[],,,A01,218.0,"[""A01"", ""A02"", ""A03""]",44.0,F031,F021,11,T1,1,110.0,2026-08-09 11:14,2026-08-09 23:59,shift,3,765,754,0
P0083,LAND,F034,LAND,FACILITY,outbound,1,0,"[""A01"", ""A02"", ""A03""]",[],,,A01,246.0,"[""A01"", ""A02"", ""A03""]",246.0,A01,F034,60,T1,1,615.0,2026-08-08 06:13,2026-08-09 23:59,shift,3,2506,2446,0
P0084,F039,LAND,FACILITY,LAND,inbound,0,1,[],"[""A01"", ""A02"", ""A03""]",,,A03,223.0,"[""A03"", ""A02"", ""A01""]",223.0,F039,A03,54,T1,0,557.5,2026-08-05 10:37,2026-08-08 11:48,shift,3,4391,4337,0
P0085,F035,LAND,FACILITY,LAND,inbound,0,1,[],"[""A01"", ""A02"", ""A03""]",,,A01,258.0,"[""A01"", ""A02"", ""A03""]",258.0,F035,A01,71,T2,0,645.0,2026-08-06 09:43,2026-08-07 11:10,shift,3,1527,1456,0
P0086,LAND,F009,LAND,FACILITY,outbound,1,0,"[""A01"", ""A02"", ""A03""]",[],,,A01,166.0,"[""A01"", ""A02"", ""A03""]",166.0,A01,F009,40,T1,1,415.0,2026-08-07 09:28,2026-08-09 23:59,shift,3,3751,3711,0
P0087,F039,F048,FACILITY,FACILITY,shuttle,0,0,[],[],,,A03,254.0,"[""A03"", ""A02"", ""A01""]",31.0,F039,F048,8,T1,1,77.5,2026-08-09 07:36,2026-08-09 23:59,shift,3,983,975,0
P0088,F034,LAND,FACILITY,LAND,inbound,0,1,[],"[""A01"", ""A02"", ""A03""]",,,A01,246.0,"[""A01"", ""A02"", ""A03""]",246.0,F034,A01,60,T1,0,615.0,2026-08-07 08:05,2026-08-09 23:59,shift,3,3834,3774,0
P0089,LAND,F006,LAND,FACILITY,outbound,1,0,"[""A01"", ""A02"", ""A03""]",[],,,A01,235.0,"[""A01"", ""A02"", ""A03""]",235.0,A01,F006,57,T1,1,587.5,2026-08-03 00:00,2026-08-04 10:37,shift,3,2077,2020,0
P0090,F021,LAND,FACILITY,LAND,inbound,0,1,[],"[""A01"", ""A02"", ""A03""]",,,A01,218.0,"[""A01"", ""A02"", ""A03""]",218.0,F021,A01,53,T1,0,545.0,2026-08-09 09:41,2026-08-09 23:59,shift,3,858,805,0
P0091,LAND,F033,LAND,FACILITY,outbound,1,0,"[""A01"", ""A02"", ""A03""]",[],,,A01,227.0,"[""A01"", ""A02"", ""A03""]",227.0,A01,F033,55,T1,1,567.5,2026-08-04 07:32,2026-08-07 08:48,shift,3,4396,4341,0
P0092,F042,F040,FACILITY,FACILITY,shuttle,0,0,[],[],,,A03,342.0,"[""A03"", ""A02"", ""A01""]",28.0,F042,F040,7,T1,1,70.0,2026-08-05 09:55,2026-08-07 10:04,shift,3,2889,2882,0
P0093,LAND,F012,LAND,FACILITY,outbound,1,0,"[""A01"", ""A02"", ""A03""]",[],,,A01,208.0,"[""A01"", ""A02"", ""A03""]",208.0,A01,F012,50,T1,1,520.0,2026-08-04 10:25,2026-08-06 11:31,shift,3,2946,2896,0
P0094,LAND,F026,LAND,FACILITY,outbound,1,0,"[""A01"", ""A02"", ""A03""]",[],,,A01,204.0,"[""A01"", ""A02"", ""A03""]",204.0,A01,F026,49,T1,1,510.0,2026-08-03 07:14,2026-08-05 08:24,shift,3,2950,2901,0
P0095,LAND,F043,LAND,FACILITY,outbound,1,0,"[""A01"", ""A02"", ""A03""]",[],,,A03,303.0,"[""A03"", ""A02"", ""A01""]",303.0,A03,F043,83,T2,1,757.5,2026-08-07 06:13,2026-08-07 09:58,production,2,225,142,0
P0096,F007,LAND,FACILITY,LAND,inbound,0,1,[],"[""A01"", ""A02"", ""A03""]",,,A01,233.0,"[""A01"", ""A02"", ""A03""]",233.0,F007,A01,56,T1,0,582.5,2026-08-08 08:47,2026-08-08 10:13,emergency,1,86,30,0
P0097,LAND,F039,LAND,FACILITY,outbound,1,0,"[""A01"", ""A02"", ""A03""]",[],,,A03,223.0,"[""A03"", ""A02"", ""A01""]",223.0,A03,F039,54,T1,1,557.5,2026-08-06 09:16,2026-08-07 10:27,shift,3,1511,1457,0
P0098,F038,LAND,FACILITY,LAND,inbound,0,1,[],"[""A01"", ""A02"", ""A03""]",,,A03,263.0,"[""A03"", ""A02"", ""A01""]",263.0,F038,A03,72,T2,0,657.5,2026-08-05 09:51,2026-08-07 11:15,shift,3,2964,2892,0
P0099,LAND,F032,LAND,FACILITY,outbound,1,0,"[""A01"", ""A02"", ""A03""]",[],,,A02,279.0,"[""A02"", ""A01"", ""A03""]",279.0,A02,F032,77,T2,1,697.5,2026-08-07 06:58,2026-08-09 23:59,shift,3,3901,3824,0
P0100,F002,LAND,FACILITY,LAND,inbound,0,1,[],"[""A01"", ""A02"", ""A03""]",,,A01,217.0,"[""A01"", ""A02"", ""A03""]",217.0,F002,A01,53,T1,0,542.5,2026-08-06 08:48,2026-08-08 09:57,shift,3,2949,2896,0
P0101,F012,A01,FACILITY,AIRPORT,inbound,0,0,[],"[""A01""]",,A01,A01,208.0,"[""A01"", ""A02"", ""A03""]",208.0,F012,A01,50,T1,0,520.0,2026-08-08 08:30,2026-08-09 23:59,shift,3,2369,2319,0
P0102,LAND,F051,LAND,FACILITY,outbound,1,0,"[""A01"", ""A02"", ""A03""]",[],,,A03,279.0,"[""A03"", ""A02"", ""A01""]",279.0,A03,F051,77,T2,1,697.5,2026-08-09 07:26,2026-08-09 23:59,shift,3,993,916,0
P0103,F045,A03,FACILITY,AIRPORT,inbound,0,0,[],"[""A03""]",,A03,A03,260.0,"[""A03"", ""A02"", ""A01""]",260.0,F045,A03,71,T2,0,650.0,2026-08-06 17:15,2026-08-08 18:38,shift,3,2963,2892,0
P0104,F022,A02,FACILITY,AIRPORT,inbound,0,0,[],"[""A02""]",,A02,A01,194.0,"[""A01"", ""A02"", ""A03""]",208.0,F022,A02,50,T1,0,520.0,2026-08-09 10:15,2026-08-09 23:59,shift,3,824,774,0
P0105,F018,LAND,FACILITY,LAND,inbound,0,1,[],"[""A01"", ""A02"", ""A03""]",,,A01,196.0,"[""A01"", ""A02"", ""A03""]",196.0,F018,A01,48,T1,0,490.0,2026-08-05 10:32,2026-08-07 11:31,shift,3,2939,2891,0
P0106,F016,LAND,FACILITY,LAND,inbound,0,1,[],"[""A01"", ""A02"", ""A03""]",,,A01,181.0,"[""A01"", ""A02"", ""A03""]",181.0,F016,A01,44,T1,0,452.5,2026-08-05 16:00,2026-08-08 17:13,shift,3,4393,4349,0
P0107,F004,LAND,FACILITY,LAND,inbound,0,1,[],"[""A01"", ""A02"", ""A03""]",,,A01,197.0,"[""A01"", ""A02"", ""A03""]",197.0,F004,A01,48,T1,0,492.5,2026-08-03 00:00,2026-08-05 10:16,shift,3,3496,3448,0
P0108,F030,LAND,FACILITY,LAND,inbound,0,1,[],"[""A01"", ""A02"", ""A03""]",,,A01,158.0,"[""A01"", ""A02"", ""A03""]",158.0,F030,A01,38,T1,0,395.0,2026-08-05 10:40,2026-08-07 11:30,shift,3,2930,2892,0
P0109,F020,A02,FACILITY,AIRPORT,inbound,0,0,[],"[""A02""]",,A02,A01,171.0,"[""A01"", ""A02"", ""A03""]",185.0,F020,A02,45,T1,0,462.5,2026-08-05 08:05,2026-08-08 08:56,shift,3,4371,4326,0
P0110,F033,LAND,FACILITY,LAND,inbound,0,1,[],"[""A01"", ""A02"", ""A03""]",,,A01,227.0,"[""A01"", ""A02"", ""A03""]",227.0,F033,A01,55,T1,0,567.5,2026-08-07 09:07,2026-08-09 10:13,shift,3,2946,2891,0
P0111,LAND,F023,LAND,FACILITY,outbound,1,0,"[""A01"", ""A02"", ""A03""]",[],,,A02,267.0,"[""A02"", ""A01"", ""A03""]",267.0,A02,F023,73,T2,1,667.5,2026-08-03 06:17,2026-08-06 07:30,shift,3,4393,4320,0
P0112,F013,LAND,FACILITY,LAND,inbound,0,1,[],"[""A01"", ""A02"", ""A03""]",,,A01,279.0,"[""A01"", ""A02"", ""A03""]",279.0,F013,A01,77,T2,0,697.5,2026-08-07 09:53,2026-08-09 23:59,shift,3,3726,3649,0
P0113,LAND,F006,LAND,FACILITY,outbound,1,0,"[""A01"", ""A02"", ""A03""]",[],,,A01,235.0,"[""A01"", ""A02"", ""A03""]",235.0,A01,F006,57,T1,1,587.5,2026-08-06 07:00,2026-08-08 08:15,shift,3,2955,2898,0
P0114,F023,LAND,FACILITY,LAND,inbound,0,1,[],"[""A01"", ""A02"", ""A03""]",,,A02,267.0,"[""A02"", ""A01"", ""A03""]",267.0,F023,A02,73,T2,0,667.5,2026-08-03 07:40,2026-08-06 09:13,shift,3,4413,4340,0
P0115,A02,F035,AIRPORT,FACILITY,outbound,0,0,"[""A02""]",[],A02,,A01,258.0,"[""A01"", ""A02"", ""A03""]",261.0,A02,F035,72,T2,1,652.5,2026-08-08 08:40,2026-08-09 23:59,shift,3,2359,2287,0
P0116,LAND,F034,LAND,FACILITY,outbound,1,0,"[""A01"", ""A02"", ""A03""]",[],,,A01,246.0,"[""A01"", ""A02"", ""A03""]",246.0,A01,F034,60,T1,1,615.0,2026-08-05 08:12,2026-08-06 09:54,shift,3,1542,1482,0
P0117,F015,F009,FACILITY,FACILITY,shuttle,0,0,[],[],,,A01,166.0,"[""A01"", ""A02"", ""A03""]",38.0,F015,F009,10,T1,1,95.0,2026-08-06 10:47,2026-08-09 10:58,shift,3,4331,4321,0
P0118,F008,F003,FACILITY,FACILITY,shuttle,0,0,[],[],,,A01,192.0,"[""A01"", ""A02"", ""A03""]",38.0,F008,F003,10,T1,1,95.0,2026-08-04 10:59,2026-08-07 11:10,shift,3,4331,4321,0
P0119,F044,LAND,FACILITY,LAND,inbound,0,1,[],"[""A01"", ""A02"", ""A03""]",,,A03,317.0,"[""A03"", ""A02"", ""A01""]",317.0,F044,A03,87,T2,0,792.5,2026-08-07 08:22,2026-08-09 10:03,shift,3,2981,2894,0
P0120,F027,LAND,FACILITY,LAND,inbound,0,1,[],"[""A01"", ""A02"", ""A03""]",,,A01,191.0,"[""A01"", ""A02"", ""A03""]",191.0,F027,A01,46,T1,0,477.5,2026-08-04 08:17,2026-08-04 10:59,production,2,162,116,0
P0121,F010,LAND,FACILITY,LAND,inbound,0,1,[],"[""A01"", ""A02"", ""A03""]",,,A01,216.0,"[""A01"", ""A02"", ""A03""]",216.0,F010,A01,52,T1,0,540.0,2026-08-03 09:41,2026-08-05 11:09,shift,3,2968,2916,0
P0122,F025,F027,FACILITY,FACILITY,shuttle,0,0,[],[],,,A01,191.0,"[""A01"", ""A02"", ""A03""]",34.0,F025,F027,9,T1,1,85.0,2026-08-05 09:36,2026-08-07 10:11,shift,3,2915,2906,0
P0123,F040,A03,FACILITY,AIRPORT,inbound,0,0,[],"[""A03""]",,A03,A03,342.0,"[""A03"", ""A02"", ""A01""]",342.0,F040,A03,94,T2,0,855.0,2026-08-03 00:00,2026-08-05 10:13,shift,3,3493,3399,0
P0124,A02,F021,AIRPORT,FACILITY,outbound,0,0,"[""A02""]",[],A02,,A01,218.0,"[""A01"", ""A02"", ""A03""]",220.0,A02,F021,53,T1,1,550.0,2026-08-09 08:21,2026-08-09 23:59,shift,3,938,885,0
P0125,F045,LAND,FACILITY,LAND,inbound,0,1,[],"[""A01"", ""A02"", ""A03""]",,,A03,260.0,"[""A03"", ""A02"", ""A01""]",260.0,F045,A03,71,T2,0,650.0,2026-08-07 17:15,2026-08-09 18:38,shift,3,2963,2892,0
P0126,LAND,F022,LAND,FACILITY,outbound,1,0,"[""A01"", ""A02"", ""A03""]",[],,,A01,194.0,"[""A01"", ""A02"", ""A03""]",194.0,A01,F022,47,T1,1,485.0,2026-08-04 07:37,2026-08-05 08:57,shift,3,1520,1473,0
P0127,F001,LAND,FACILITY,LAND,inbound,0,1,[],"[""A01"", ""A02"", ""A03""]",,,A01,219.0,"[""A01"", ""A02"", ""A03""]",219.0,F001,A01,53,T1,0,547.5,2026-08-03 07:53,2026-08-04 09:10,shift,3,1517,1464,0
P0128,F017,A01,FACILITY,AIRPORT,inbound,0,0,[],"[""A01""]",,A01,A01,153.0,"[""A01"", ""A02"", ""A03""]",153.0,F017,A01,37,T1,0,382.5,2026-08-06 10:31,2026-08-07 11:13,shift,3,1482,1445,0
P0129,F046,A03,FACILITY,AIRPORT,inbound,0,0,[],"[""A03""]",,A03,A02,227.0,"[""A02"", ""A03"", ""A01""]",234.0,F046,A03,57,T1,0,585.0,2026-08-08 11:12,2026-08-09 23:59,shift,3,2207,2150,0
P0130,F017,LAND,FACILITY,LAND,inbound,0,1,[],"[""A01"", ""A02"", ""A03""]",,,A01,153.0,"[""A01"", ""A02"", ""A03""]",153.0,F017,A01,37,T1,0,382.5,2026-08-05 10:31,2026-08-07 11:13,shift,3,2922,2885,0
P0131,F023,LAND,FACILITY,LAND,inbound,0,1,[],"[""A01"", ""A02"", ""A03""]",,,A02,267.0,"[""A02"", ""A01"", ""A03""]",267.0,F023,A02,73,T2,0,667.5,2026-08-06 16:51,2026-08-09 18:16,shift,3,4405,4332,0
P0132,LAND,F043,LAND,FACILITY,outbound,1,0,"[""A01"", ""A02"", ""A03""]",[],,,A03,303.0,"[""A03"", ""A02"", ""A01""]",303.0,A03,F043,83,T2,1,757.5,2026-08-06 07:00,2026-08-08 08:46,shift,3,2986,2903,0
P0133,F002,F003,FACILITY,FACILITY,shuttle,0,0,[],[],,,A01,192.0,"[""A01"", ""A02"", ""A03""]",53.0,F002,F003,13,T1,1,132.5,2026-08-08 09:21,2026-08-09 23:59,shift,3,2318,2305,0
P0134,LAND,F019,LAND,FACILITY,outbound,1,0,"[""A01"", ""A02"", ""A03""]",[],,,A01,204.0,"[""A01"", ""A02"", ""A03""]",204.0,A01,F019,49,T1,1,510.0,2026-08-06 15:14,2026-08-08 16:13,shift,3,2939,2890,0
P0135,F044,LAND,FACILITY,LAND,inbound,0,1,[],"[""A01"", ""A02"", ""A03""]",,,A03,317.0,"[""A03"", ""A02"", ""A01""]",317.0,F044,A03,87,T2,0,792.5,2026-08-06 08:22,2026-08-09 10:03,shift,3,4421,4334,0
P0136,F003,LAND,FACILITY,LAND,inbound,0,1,[],"[""A01"", ""A02"", ""A03""]",,,A01,192.0,"[""A01"", ""A02"", ""A03""]",192.0,F003,A01,47,T1,0,480.0,2026-08-03 00:00,2026-08-04 09:57,shift,3,2037,1990,0
P0137,A01,F017,AIRPORT,FACILITY,outbound,0,0,"[""A01""]",[],A01,,A01,153.0,"[""A01"", ""A02"", ""A03""]",153.0,A01,F017,37,T1,1,382.5,2026-08-06 09:39,2026-08-07 10:21,shift,3,1482,1445,0
P0138,LAND,F018,LAND,FACILITY,outbound,1,0,"[""A01"", ""A02"", ""A03""]",[],,,A01,196.0,"[""A01"", ""A02"", ""A03""]",196.0,A01,F018,48,T1,1,490.0,2026-08-09 09:11,2026-08-09 23:59,shift,3,888,840,0
P0139,F032,LAND,FACILITY,LAND,inbound,0,1,[],"[""A01"", ""A02"", ""A03""]",,,A02,279.0,"[""A02"", ""A01"", ""A03""]",279.0,F032,A02,77,T2,0,697.5,2026-08-07 08:45,2026-08-09 10:02,shift,3,2957,2880,0
P0140,A03,F040,AIRPORT,FACILITY,outbound,0,0,"[""A03""]",[],A03,,A03,342.0,"[""A03"", ""A02"", ""A01""]",342.0,A03,F040,94,T2,1,855.0,2026-08-03 00:00,2026-08-04 07:53,shift,3,1913,1819,0
P0141,F023,LAND,FACILITY,LAND,inbound,0,1,[],"[""A01"", ""A02"", ""A03""]",,,A02,267.0,"[""A02"", ""A01"", ""A03""]",267.0,F023,A02,73,T2,0,667.5,2026-08-04 06:56,2026-08-04 10:20,production,2,204,131,0
P0142,F034,LAND,FACILITY,LAND,inbound,0,1,[],"[""A01"", ""A02"", ""A03""]",,,A01,246.0,"[""A01"", ""A02"", ""A03""]",246.0,F034,A01,60,T1,0,615.0,2026-08-07 08:05,2026-08-09 09:26,shift,3,2961,2901,0
P0143,F002,F003,FACILITY,FACILITY,shuttle,0,0,[],[],,,A01,192.0,"[""A01"", ""A02"", ""A03""]",53.0,F002,F003,13,T1,1,132.5,2026-08-09 09:21,2026-08-09 23:59,shift,3,878,865,0
P0144,F006,LAND,FACILITY,LAND,inbound,0,1,[],"[""A01"", ""A02"", ""A03""]",,,A01,235.0,"[""A01"", ""A02"", ""A03""]",235.0,F006,A01,57,T1,0,587.5,2026-08-03 10:57,2026-08-04 12:02,shift,3,1505,1448,0
P0145,F024,F027,FACILITY,FACILITY,shuttle,0,0,[],[],,,A01,191.0,"[""A01"", ""A02"", ""A03""]",20.0,F024,F027,5,T1,1,50.0,2026-08-05 15:22,2026-08-05 17:49,production,2,147,142,0
P0146,LAND,F004,LAND,FACILITY,outbound,1,0,"[""A01"", ""A02"", ""A03""]",[],,,A01,197.0,"[""A01"", ""A02"", ""A03""]",197.0,A01,F004,48,T1,1,492.5,2026-08-03 08:18,2026-08-04 09:12,shift,3,1494,1446,0
P0147,LAND,F018,LAND,FACILITY,outbound,1,0,"[""A01"", ""A02"", ""A03""]",[],,,A01,196.0,"[""A01"", ""A02"", ""A03""]",196.0,A01,F018,48,T1,1,490.0,2026-08-09 09:11,2026-08-09 23:59,shift,3,888,840,0
P0148,LAND,F021,LAND,FACILITY,outbound,1,0,"[""A01"", ""A02"", ""A03""]",[],,,A01,218.0,"[""A01"", ""A02"", ""A03""]",218.0,A01,F021,53,T1,1,545.0,2026-08-09 08:21,2026-08-09 23:59,shift,3,938,885,0
P0149,F046,LAND,FACILITY,LAND,inbound,0,1,[],"[""A01"", ""A02"", ""A03""]",,,A02,227.0,"[""A02"", ""A03"", ""A01""]",227.0,F046,A02,55,T1,0,567.5,2026-08-05 09:51,2026-08-05 13:45,production,2,234,179,0
P0150,F018,F026,FACILITY,FACILITY,shuttle,0,0,[],[],,,A01,204.0,"[""A01"", ""A02"", ""A03""]",14.0,F018,F026,4,T1,1,35.0,2026-08-03 00:00,2026-08-04 08:43,shift,3,1963,1959,0
P0151,LAND,F006,LAND,FACILITY,outbound,1,0,"[""A01"", ""A02"", ""A03""]",[],,,A01,235.0,"[""A01"", ""A02"", ""A03""]",235.0,A01,F006,57,T1,1,587.5,2026-08-06 07:00,2026-08-08 08:15,shift,3,2955,2898,0
P0152,F049,F048,FACILITY,FACILITY,shuttle,0,0,[],[],,,A03,254.0,"[""A03"", ""A02"", ""A01""]",34.0,F049,F048,9,T1,1,85.0,2026-08-08 07:52,2026-08-09 08:02,shift,3,1450,1441,0
P0153,F052,LAND,FACILITY,LAND,inbound,0,1,[],"[""A01"", ""A02"", ""A03""]",,,A02,259.0,"[""A02"", ""A03"", ""A01""]",259.0,F052,A02,71,T2,0,647.5,2026-08-05 11:19,2026-08-07 13:10,shift,3,2991,2920,0
P0154,F035,LAND,FACILITY,LAND,inbound,0,1,[],"[""A01"", ""A02"", ""A03""]",,,A01,258.0,"[""A01"", ""A02"", ""A03""]",258.0,F035,A01,71,T2,0,645.0,2026-08-08 10:17,2026-08-09 23:59,shift,3,2262,2191,0
P0155,F047,LAND,FACILITY,LAND,inbound,0,1,[],"[""A01"", ""A02"", ""A03""]",,,A02,241.0,"[""A02"", ""A01"", ""A03""]",241.0,F047,A02,58,T1,0,602.5,2026-08-04 11:11,2026-08-07 12:54,shift,3,4423,4365,0
P0156,F044,LAND,FACILITY,LAND,inbound,0,1,[],"[""A01"", ""A02"", ""A03""]",,,A03,317.0,"[""A03"", ""A02"", ""A01""]",317.0,F044,A03,87,T2,0,792.5,2026-08-03 09:32,2026-08-06 11:13,shift,3,4421,4334,0
P0157,F001,LAND,FACILITY,LAND,inbound,0,1,[],"[""A01"", ""A02"", ""A03""]",,,A01,219.0,"[""A01"", ""A02"", ""A03""]",219.0,F001,A01,53,T1,0,547.5,2026-08-09 07:08,2026-08-09 10:52,production,2,224,171,0
P0158,LAND,F006,LAND,FACILITY,outbound,1,0,"[""A01"", ""A02"", ""A03""]",[],,,A01,235.0,"[""A01"", ""A02"", ""A03""]",235.0,A01,F006,57,T1,1,587.5,2026-08-06 07:00,2026-08-08 08:15,shift,3,2955,2898,0
P0159,LAND,F029,LAND,FACILITY,outbound,1,0,"[""A01"", ""A02"", ""A03""]",[],,,A01,211.0,"[""A01"", ""A02"", ""A03""]",211.0,A01,F029,51,T1,1,527.5,2026-08-04 09:03,2026-08-06 10:28,shift,3,2965,2914,0
P0160,F003,LAND,FACILITY,LAND,inbound,0,1,[],"[""A01"", ""A02"", ""A03""]",,,A01,192.0,"[""A01"", ""A02"", ""A03""]",192.0,F003,A01,47,T1,0,480.0,2026-08-03 08:00,2026-08-03 11:08,production,2,188,141,0
P0161,F016,F005,FACILITY,FACILITY,shuttle,0,0,[],[],,,A01,190.0,"[""A01"", ""A02"", ""A03""]",25.0,F016,F005,6,T1,1,62.5,2026-08-07 10:26,2026-08-07 12:41,production,2,135,129,0
P0162,F036,A03,FACILITY,AIRPORT,inbound,0,0,[],"[""A03""]",,A03,A02,215.0,"[""A02"", ""A01"", ""A03""]",231.0,F036,A03,56,T1,0,577.5,2026-08-09 16:40,2026-08-09 23:59,shift,3,439,383,0
P0163,F046,LAND,FACILITY,LAND,inbound,0,1,[],"[""A01"", ""A02"", ""A03""]",,,A02,227.0,"[""A02"", ""A03"", ""A01""]",227.0,F046,A02,55,T1,0,567.5,2026-08-05 10:41,2026-08-06 12:24,shift,3,1543,1488,0
P0164,F032,LAND,FACILITY,LAND,inbound,0,1,[],"[""A01"", ""A02"", ""A03""]",,,A02,279.0,"[""A02"", ""A01"", ""A03""]",279.0,F032,A02,77,T2,0,697.5,2026-08-08 07:47,2026-08-08 11:04,production,2,197,120,0
P0165,F043,A03,FACILITY,AIRPORT,inbound,0,0,[],"[""A03""]",,A03,A03,303.0,"[""A03"", ""A02"", ""A01""]",303.0,F043,A03,83,T2,0,757.5,2026-08-07 08:56,2026-08-08 10:19,shift,3,1523,1440,0
P0166,LAND,F050,LAND,FACILITY,outbound,1,0,"[""A01"", ""A02"", ""A03""]",[],,,A03,403.0,"[""A03"", ""A02"", ""A01""]",403.0,A03,F050,128,T3,1,1007.5,2026-08-05 07:11,2026-08-07 09:24,shift,3,3013,2885,0
P0167,F010,F007,FACILITY,FACILITY,shuttle,0,0,[],[],,,A01,233.0,"[""A01"", ""A02"", ""A03""]",37.0,F010,F007,9,T1,1,92.5,2026-08-04 07:53,2026-08-06 08:27,shift,3,2914,2905,0
P0168,F029,F021,FACILITY,FACILITY,shuttle,0,0,[],[],,,A01,218.0,"[""A01"", ""A02"", ""A03""]",17.0,F029,F021,5,T1,1,42.5,2026-08-07 09:49,2026-08-09 23:59,shift,3,3730,3725,0
P0169,LAND,F030,LAND,FACILITY,outbound,1,0,"[""A01"", ""A02"", ""A03""]",[],,,A01,158.0,"[""A01"", ""A02"", ""A03""]",158.0,A01,F030,38,T1,1,395.0,2026-08-05 09:40,2026-08-06 10:30,shift,3,1490,1452,0
P0170,F006,LAND,FACILITY,LAND,inbound,0,1,[],"[""A01"", ""A02"", ""A03""]",,,A01,235.0,"[""A01"", ""A02"", ""A03""]",235.0,F006,A01,57,T1,0,587.5,2026-08-07 08:35,2026-08-09 09:50,shift,3,2955,2898,0
P0171,F025,LAND,FACILITY,LAND,inbound,0,1,[],"[""A01"", ""A02"", ""A03""]",,,A01,202.0,"[""A01"", ""A02"", ""A03""]",202.0,F025,A01,49,T1,0,505.0,2026-08-07 08:24,2026-08-08 09:20,shift,3,1496,1447,0
P0172,LAND,F047,LAND,FACILITY,outbound,1,0,"[""A01"", ""A02"", ""A03""]",[],,,A02,241.0,"[""A02"", ""A01"", ""A03""]",241.0,A02,F047,58,T1,1,602.5,2026-08-07 09:57,2026-08-09 23:59,shift,3,3722,3664,0
P0173,F023,F032,FACILITY,FACILITY,shuttle,0,0,[],[],,,A02,279.0,"[""A02"", ""A01"", ""A03""]",14.0,F023,F032,4,T1,1,35.0,2026-08-03 11:47,2026-08-05 11:51,shift,3,2884,2880,0
P0174,A01,F011,AIRPORT,FACILITY,outbound,0,0,"[""A01""]",[],A01,,A01,201.0,"[""A01"", ""A02"", ""A03""]",201.0,A01,F011,49,T1,1,502.5,2026-08-03 09:43,2026-08-05 10:38,shift,3,2935,2886,0
P0175,F043,LAND,FACILITY,LAND,inbound,0,1,[],"[""A01"", ""A02"", ""A03""]",,,A03,303.0,"[""A03"", ""A02"", ""A01""]",303.0,F043,A03,83,T2,0,757.5,2026-08-04 12:13,2026-08-05 13:36,shift,3,1523,1440,0
P0176,F018,LAND,FACILITY,LAND,inbound,0,1,[],"[""A01"", ""A02"", ""A03""]",,,A01,196.0,"[""A01"", ""A02"", ""A03""]",196.0,F018,A01,48,T1,0,490.0,2026-08-03 09:08,2026-08-05 10:00,shift,3,2932,2884,0
P0177,LAND,F005,LAND,FACILITY,outbound,1,0,"[""A01"", ""A02"", ""A03""]",[],,,A01,190.0,"[""A01"", ""A02"", ""A03""]",190.0,A01,F005,46,T1,1,475.0,2026-08-07 09:10,2026-08-09 10:02,shift,3,2932,2886,0
P0178,F043,F051,FACILITY,FACILITY,shuttle,0,0,[],[],,,A03,279.0,"[""A03"", ""A02"", ""A01""]",35.0,F043,F051,9,T1,1,87.5,2026-08-04 10:17,2026-08-06 10:29,shift,3,2892,2883,0
P0179,F033,LAND,FACILITY,LAND,inbound,0,1,[],"[""A01"", ""A02"", ""A03""]",,,A01,227.0,"[""A01"", ""A02"", ""A03""]",227.0,F033,A01,55,T1,0,567.5,2026-08-08 09:07,2026-08-09 10:13,shift,3,1506,1451,0
P0180,F020,F019,FACILITY,FACILITY,shuttle,0,0,[],[],,,A01,204.0,"[""A01"", ""A02"", ""A03""]",36.0,F020,F019,9,T1,1,90.0,2026-08-03 00:00,2026-08-04 10:58,shift,3,2098,2089,0
P0181,F002,F003,FACILITY,FACILITY,shuttle,0,0,[],[],,,A01,192.0,"[""A01"", ""A02"", ""A03""]",53.0,F002,F003,13,T1,1,132.5,2026-08-09 08:28,2026-08-09 10:54,production,2,146,133,0
P0182,F049,LAND,FACILITY,LAND,inbound,0,1,[],"[""A01"", ""A02"", ""A03""]",,,A02,239.0,"[""A02"", ""A03"", ""A01""]",239.0,F049,A02,58,T1,0,597.5,2026-08-08 11:45,2026-08-09 13:02,shift,3,1517,1459,0
P0183,F037,LAND,FACILITY,LAND,inbound,0,1,[],"[""A01"", ""A02"", ""A03""]",,,A03,359.0,"[""A03"", ""A02"", ""A01""]",359.0,F037,A03,98,T2,0,897.5,2026-08-06 09:05,2026-08-07 11:07,shift,3,1562,1464,0
P0184,LAND,F051,LAND,FACILITY,outbound,1,0,"[""A01"", ""A02"", ""A03""]",[],,,A03,279.0,"[""A03"", ""A02"", ""A01""]",279.0,A03,F051,77,T2,1,697.5,2026-08-09 07:26,2026-08-09 23:59,shift,3,993,916,0
P0185,F025,LAND,FACILITY,LAND,inbound,0,1,[],"[""A01"", ""A02"", ""A03""]",,,A01,202.0,"[""A01"", ""A02"", ""A03""]",202.0,F025,A01,49,T1,0,505.0,2026-08-06 08:24,2026-08-08 09:20,shift,3,2936,2887,0
P0186,LAND,F006,LAND,FACILITY,outbound,1,0,"[""A01"", ""A02"", ""A03""]",[],,,A01,235.0,"[""A01"", ""A02"", ""A03""]",235.0,A01,F006,57,T1,1,587.5,2026-08-03 09:32,2026-08-05 10:37,shift,3,2945,2888,0
P0187,F052,LAND,FACILITY,LAND,inbound,0,1,[],"[""A01"", ""A02"", ""A03""]",,,A02,259.0,"[""A02"", ""A03"", ""A01""]",259.0,F052,A02,71,T2,0,647.5,2026-08-06 11:19,2026-08-07 13:10,shift,3,1551,1480,0
P0188,LAND,F031,LAND,FACILITY,outbound,1,0,"[""A01"", ""A02"", ""A03""]",[],,,A02,242.0,"[""A02"", ""A01"", ""A03""]",242.0,A02,F031,59,T1,1,605.0,2026-08-08 10:14,2026-08-09 11:20,shift,3,1506,1447,0
P0189,F039,A03,FACILITY,AIRPORT,inbound,0,0,[],"[""A03""]",,A03,A03,223.0,"[""A03"", ""A02"", ""A01""]",223.0,F039,A03,54,T1,0,557.5,2026-08-03 00:00,2026-08-05 09:51,shift,3,3471,3417,0
P0190,F023,LAND,FACILITY,LAND,inbound,0,1,[],"[""A01"", ""A02"", ""A03""]",,,A02,267.0,"[""A02"", ""A01"", ""A03""]",267.0,F023,A02,73,T2,0,667.5,2026-08-03 07:40,2026-08-06 09:13,shift,3,4413,4340,0
P0191,LAND,F046,LAND,FACILITY,outbound,1,0,"[""A01"", ""A02"", ""A03""]",[],,,A02,227.0,"[""A02"", ""A03"", ""A01""]",227.0,A02,F046,55,T1,1,567.5,2026-08-07 09:19,2026-08-09 23:59,temporary,4,3760,3705,0
P0192,LAND,F027,LAND,FACILITY,outbound,1,0,"[""A01"", ""A02"", ""A03""]",[],,,A01,191.0,"[""A01"", ""A02"", ""A03""]",191.0,A01,F027,46,T1,1,477.5,2026-08-03 07:53,2026-08-05 08:56,shift,3,2943,2897,0
P0193,LAND,F026,LAND,FACILITY,outbound,1,0,"[""A01"", ""A02"", ""A03""]",[],,,A01,204.0,"[""A01"", ""A02"", ""A03""]",204.0,A01,F026,49,T1,1,510.0,2026-08-04 06:36,2026-08-04 09:41,production,2,185,136,0
P0194,F009,LAND,FACILITY,LAND,inbound,0,1,[],"[""A01"", ""A02"", ""A03""]",,,A01,166.0,"[""A01"", ""A02"", ""A03""]",166.0,F009,A01,40,T1,0,415.0,2026-08-07 10:24,2026-08-09 11:10,shift,3,2926,2886,0
P0195,F013,LAND,FACILITY,LAND,inbound,0,1,[],"[""A01"", ""A02"", ""A03""]",,,A01,279.0,"[""A01"", ""A02"", ""A03""]",279.0,F013,A01,77,T2,0,697.5,2026-08-07 09:53,2026-08-09 23:59,shift,3,3726,3649,0
P0196,F048,F039,FACILITY,FACILITY,shuttle,0,0,[],[],,,A03,223.0,"[""A03"", ""A02"", ""A01""]",31.0,F048,F039,8,T1,1,77.5,2026-08-07 10:52,2026-08-08 11:02,shift,3,1450,1442,0
P0197,F051,LAND,FACILITY,LAND,inbound,0,1,[],"[""A01"", ""A02"", ""A03""]",,,A03,279.0,"[""A03"", ""A02"", ""A01""]",279.0,F051,A03,77,T2,0,697.5,2026-08-04 10:57,2026-08-07 12:26,shift,3,4409,4332,0
P0198,F031,A02,FACILITY,AIRPORT,inbound,0,0,[],"[""A02""]",,A02,A02,242.0,"[""A02"", ""A01"", ""A03""]",242.0,F031,A02,59,T1,0,605.0,2026-08-07 11:40,2026-08-09 23:59,shift,3,3619,3560,0
P0199,LAND,F037,LAND,FACILITY,outbound,1,0,"[""A01"", ""A02"", ""A03""]",[],,,A03,359.0,"[""A03"", ""A02"", ""A01""]",359.0,A03,F037,98,T2,1,897.5,2026-08-05 06:53,2026-08-07 08:55,shift,3,3002,2904,0
P0200,F046,LAND,FACILITY,LAND,inbound,0,1,[],"[""A01"", ""A02"", ""A03""]",,,A02,227.0,"[""A02"", ""A03"", ""A01""]",227.0,F046,A02,55,T1,0,567.5,2026-08-07 11:12,2026-08-09 12:55,shift,3,2983,2928,0
P0201,F001,F016,FACILITY,FACILITY,shuttle,0,0,[],[],,,A01,181.0,"[""A01"", ""A02"", ""A03""]",41.0,F001,F016,10,T1,1,102.5,2026-08-03 11:33,2026-08-05 11:46,shift,3,2893,2883,0
P0202,F007,LAND,FACILITY,LAND,inbound,0,1,[],"[""A01"", ""A02"", ""A03""]",,,A01,233.0,"[""A01"", ""A02"", ""A03""]",233.0,F007,A01,56,T1,0,582.5,2026-08-03 08:15,2026-08-05 09:29,shift,3,2954,2898,0
P0203,LAND,F021,LAND,FACILITY,outbound,1,0,"[""A01"", ""A02"", ""A03""]",[],,,A01,218.0,"[""A01"", ""A02"", ""A03""]",218.0,A01,F021,53,T1,1,545.0,2026-08-09 07:51,2026-08-09 10:26,production,2,155,102,0
P0204,F019,LAND,FACILITY,LAND,inbound,0,1,[],"[""A01"", ""A02"", ""A03""]",,,A01,204.0,"[""A01"", ""A02"", ""A03""]",204.0,F019,A01,49,T1,0,510.0,2026-08-05 16:23,2026-08-08 17:52,shift,3,4409,4360,0
P0205,F011,F015,FACILITY,FACILITY,shuttle,0,0,[],[],,,A01,191.0,"[""A01"", ""A02"", ""A03""]",31.0,F011,F015,8,T1,1,77.5,2026-08-06 07:33,2026-08-07 07:41,shift,3,1448,1440,0
P0206,LAND,F052,LAND,FACILITY,outbound,1,0,"[""A01"", ""A02"", ""A03""]",[],,,A02,259.0,"[""A02"", ""A03"", ""A01""]",259.0,A02,F052,71,T2,1,647.5,2026-08-05 08:58,2026-08-08 11:09,shift,3,4451,4380,0
P0207,F029,F021,FACILITY,FACILITY,shuttle,0,0,[],[],,,A01,218.0,"[""A01"", ""A02"", ""A03""]",17.0,F029,F021,5,T1,1,42.5,2026-08-08 09:49,2026-08-09 09:54,shift,3,1445,1440,0
P0208,F038,LAND,FACILITY,LAND,inbound,0,1,[],"[""A01"", ""A02"", ""A03""]",,,A03,263.0,"[""A03"", ""A02"", ""A01""]",263.0,F038,A03,72,T2,0,657.5,2026-08-06 09:51,2026-08-08 11:15,shift,3,2964,2892,0
P0209,LAND,F021,LAND,FACILITY,outbound,1,0,"[""A01"", ""A02"", ""A03""]",[],,,A01,218.0,"[""A01"", ""A02"", ""A03""]",218.0,A01,F021,53,T1,1,545.0,2026-08-03 07:39,2026-08-05 08:49,shift,3,2950,2897,0
P0210,F039,F048,FACILITY,FACILITY,shuttle,0,0,[],[],,,A03,254.0,"[""A03"", ""A02"", ""A01""]",31.0,F039,F048,8,T1,1,77.5,2026-08-09 07:36,2026-08-09 23:59,shift,3,983,975,0
P0211,F019,F033,FACILITY,FACILITY,shuttle,0,0,[],[],,,A01,227.0,"[""A01"", ""A02"", ""A03""]",24.0,F019,F033,6,T1,1,60.0,2026-08-03 00:00,2026-08-04 09:54,shift,3,2034,2028,0
P0212,F005,F017,FACILITY,FACILITY,shuttle,0,0,[],[],,,A01,153.0,"[""A01"", ""A02"", ""A03""]",40.0,F005,F017,10,T1,1,100.0,2026-08-04 08:24,2026-08-07 09:00,shift,3,4356,4346,0
P0213,A02,F024,AIRPORT,FACILITY,outbound,0,0,"[""A02""]",[],A02,,A01,211.0,"[""A01"", ""A02"", ""A03""]",219.0,A02,F024,53,T1,1,547.5,2026-08-07 10:01,2026-08-09 11:01,shift,3,2940,2887,0
P0214,LAND,F022,LAND,FACILITY,outbound,1,0,"[""A01"", ""A02"", ""A03""]",[],,,A01,194.0,"[""A01"", ""A02"", ""A03""]",194.0,A01,F022,47,T1,1,485.0,2026-08-06 08:25,2026-08-07 09:31,shift,3,1506,1459,0
P0215,LAND,F036,LAND,FACILITY,outbound,1,0,"[""A01"", ""A02"", ""A03""]",[],,,A02,215.0,"[""A02"", ""A01"", ""A03""]",215.0,A02,F036,52,T1,1,537.5,2026-08-09 15:17,2026-08-09 23:59,shift,3,522,470,0
P0216,LAND,F033,LAND,FACILITY,outbound,1,0,"[""A01"", ""A02"", ""A03""]",[],,,A01,227.0,"[""A01"", ""A02"", ""A03""]",227.0,A01,F033,55,T1,1,567.5,2026-08-04 07:32,2026-08-06 08:48,shift,3,2956,2901,0
P0217,F032,LAND,FACILITY,LAND,inbound,0,1,[],"[""A01"", ""A02"", ""A03""]",,,A02,279.0,"[""A02"", ""A01"", ""A03""]",279.0,F032,A02,77,T2,0,697.5,2026-08-08 08:45,2026-08-09 10:02,shift,3,1517,1440,0
P0218,F031,F021,FACILITY,FACILITY,shuttle,0,0,[],[],,,A01,218.0,"[""A01"", ""A02"", ""A03""]",44.0,F031,F021,11,T1,1,110.0,2026-08-08 11:14,2026-08-09 23:59,shift,3,2205,2194,0
P0219,F021,LAND,FACILITY,LAND,inbound,0,1,[],"[""A01"", ""A02"", ""A03""]",,,A01,218.0,"[""A01"", ""A02"", ""A03""]",218.0,F021,A01,53,T1,0,545.0,2026-08-05 09:04,2026-08-07 10:14,shift,3,2950,2897,0
P0220,F042,LAND,FACILITY,LAND,inbound,0,1,[],"[""A01"", ""A02"", ""A03""]",,,A03,368.0,"[""A03"", ""A02"", ""A01""]",368.0,F042,A03,101,T2,0,920.0,2026-08-07 08:20,2026-08-08 10:23,shift,3,1563,1462,0
P0221,A02,F031,AIRPORT,FACILITY,outbound,0,0,"[""A02""]",[],A02,,A02,242.0,"[""A02"", ""A01"", ""A03""]",242.0,A02,F031,59,T1,1,605.0,2026-08-05 10:12,2026-08-07 11:18,shift,3,2946,2887,0
P0222,LAND,F027,LAND,FACILITY,outbound,1,0,"[""A01"", ""A02"", ""A03""]",[],,,A01,191.0,"[""A01"", ""A02"", ""A03""]",191.0,A01,F027,46,T1,1,477.5,2026-08-07 15:07,2026-08-08 16:10,shift,3,1503,1457,0
P0223,F004,LAND,FACILITY,LAND,inbound,0,1,[],"[""A01"", ""A02"", ""A03""]",,,A01,197.0,"[""A01"", ""A02"", ""A03""]",197.0,F004,A01,48,T1,0,492.5,2026-08-07 08:53,2026-08-09 10:20,shift,3,2967,2919,0
P0224,F049,LAND,FACILITY,LAND,inbound,0,1,[],"[""A01"", ""A02"", ""A03""]",,,A02,239.0,"[""A02"", ""A03"", ""A01""]",239.0,F049,A02,58,T1,0,597.5,2026-08-04 08:33,2026-08-07 09:40,shift,3,4387,4329,0
P0225,F003,F007,FACILITY,FACILITY,shuttle,0,0,[],[],,,A01,233.0,"[""A01"", ""A02"", ""A03""]",48.0,F003,F007,12,T1,1,120.0,2026-08-09 08:30,2026-08-09 10:38,production,2,128,116,0
P0226,A02,F029,AIRPORT,FACILITY,outbound,0,0,"[""A02""]",[],A02,,A01,211.0,"[""A01"", ""A02"", ""A03""]",216.0,A02,F029,52,T1,1,540.0,2026-08-08 09:07,2026-08-09 23:59,shift,3,2332,2280,0
P0227,LAND,F041,LAND,FACILITY,outbound,1,0,"[""A01"", ""A02"", ""A03""]",[],,,A03,278.0,"[""A03"", ""A02"", ""A01""]",278.0,A03,F041,76,T2,1,695.0,2026-08-03 08:33,2026-08-05 10:42,shift,3,3009,2933,0
P0228,LAND,F012,LAND,FACILITY,outbound,1,0,"[""A01"", ""A02"", ""A03""]",[],,,A01,208.0,"[""A01"", ""A02"", ""A03""]",208.0,A01,F012,50,T1,1,520.0,2026-08-03 10:25,2026-08-05 11:31,shift,3,2946,2896,0
P0229,LAND,F013,LAND,FACILITY,outbound,1,0,"[""A01"", ""A02"", ""A03""]",[],,,A01,279.0,"[""A01"", ""A02"", ""A03""]",279.0,A01,F013,77,T2,1,697.5,2026-08-05 06:47,2026-08-06 08:16,shift,3,1529,1452,0
P0230,A02,F026,AIRPORT,FACILITY,outbound,0,0,"[""A02""]",[],A02,,A01,204.0,"[""A01"", ""A02"", ""A03""]",221.0,A02,F026,54,T1,1,552.5,2026-08-03 07:14,2026-08-05 08:24,shift,3,2950,2896,0
P0231,F001,LAND,FACILITY,LAND,inbound,0,1,[],"[""A01"", ""A02"", ""A03""]",,,A01,219.0,"[""A01"", ""A02"", ""A03""]",219.0,F001,A01,53,T1,0,547.5,2026-08-03 00:00,2026-08-04 09:10,shift,3,1990,1937,0
P0232,F022,LAND,FACILITY,LAND,inbound,0,1,[],"[""A01"", ""A02"", ""A03""]",,,A01,194.0,"[""A01"", ""A02"", ""A03""]",194.0,F022,A01,47,T1,0,485.0,2026-08-03 09:07,2026-08-06 09:57,shift,3,4370,4323,0
P0233,F016,A01,FACILITY,AIRPORT,inbound,0,0,[],"[""A01""]",,A01,A01,181.0,"[""A01"", ""A02"", ""A03""]",181.0,F016,A01,44,T1,0,452.5,2026-08-08 10:32,2026-08-09 23:59,shift,3,2247,2203,0
P0234,F039,F052,FACILITY,FACILITY,shuttle,0,0,[],[],,,A02,259.0,"[""A02"", ""A03"", ""A01""]",44.0,F039,F052,11,T1,1,110.0,2026-08-04 10:59,2026-08-05 11:42,shift,3,1483,1472,0
P0235,F012,LAND,FACILITY,LAND,inbound,0,1,[],"[""A01"", ""A02"", ""A03""]",,,A01,208.0,"[""A01"", ""A02"", ""A03""]",208.0,F012,A01,50,T1,0,520.0,2026-08-03 11:41,2026-08-05 12:47,shift,3,2946,2896,0
P0236,F047,LAND,FACILITY,LAND,inbound,0,1,[],"[""A01"", ""A02"", ""A03""]",,,A02,241.0,"[""A02"", ""A01"", ""A03""]",241.0,F047,A02,58,T1,0,602.5,2026-08-08 11:50,2026-08-09 13:33,shift,3,1543,1485,0
P0237,F007,F002,FACILITY,FACILITY,shuttle,0,0,[],[],,,A01,217.0,"[""A01"", ""A02"", ""A03""]",30.0,F007,F002,8,T1,1,75.0,2026-08-05 10:22,2026-08-06 10:31,shift,3,1449,1441,0
P0238,LAND,F038,LAND,FACILITY,outbound,1,0,"[""A01"", ""A02"", ""A03""]",[],,,A03,263.0,"[""A03"", ""A02"", ""A01""]",263.0,A03,F038,72,T2,1,657.5,2026-08-05 08:07,2026-08-07 09:31,shift,3,2964,2892,0
P0239,A01,F012,AIRPORT,FACILITY,outbound,0,0,"[""A01""]",[],A01,,A01,208.0,"[""A01"", ""A02"", ""A03""]",208.0,A01,F012,50,T1,1,520.0,2026-08-04 10:25,2026-08-05 11:31,shift,3,1506,1456,0
P0240,A01,F006,AIRPORT,FACILITY,outbound,0,0,"[""A01""]",[],A01,,A01,235.0,"[""A01"", ""A02"", ""A03""]",235.0,A01,F006,57,T1,1,587.5,2026-08-03 09:32,2026-08-04 10:37,shift,3,1505,1448,0
P0241,LAND,F028,LAND,FACILITY,outbound,1,0,"[""A01"", ""A02"", ""A03""]",[],,,A01,217.0,"[""A01"", ""A02"", ""A03""]",217.0,A01,F028,53,T1,1,542.5,2026-08-07 06:10,2026-08-09 07:49,shift,3,2979,2926,0
P0242,F033,A02,FACILITY,AIRPORT,inbound,0,0,[],"[""A02""]",,A02,A01,227.0,"[""A01"", ""A02"", ""A03""]",239.0,F033,A02,58,T1,0,597.5,2026-08-08 09:07,2026-08-09 10:13,shift,3,1506,1448,0
P0243,F017,LAND,FACILITY,LAND,inbound,0,1,[],"[""A01"", ""A02"", ""A03""]",,,A01,153.0,"[""A01"", ""A02"", ""A03""]",153.0,F017,A01,37,T1,0,382.5,2026-08-06 09:41,2026-08-06 12:00,production,2,139,102,0
P0244,LAND,F006,LAND,FACILITY,outbound,1,0,"[""A01"", ""A02"", ""A03""]",[],,,A01,235.0,"[""A01"", ""A02"", ""A03""]",235.0,A01,F006,57,T1,1,587.5,2026-08-06 07:00,2026-08-08 08:15,shift,3,2955,2898,0
P0245,LAND,F046,LAND,FACILITY,outbound,1,0,"[""A01"", ""A02"", ""A03""]",[],,,A02,227.0,"[""A02"", ""A03"", ""A01""]",227.0,A02,F046,55,T1,1,567.5,2026-08-07 09:19,2026-08-09 11:02,shift,3,2983,2928,0
P0246,F046,A03,FACILITY,AIRPORT,inbound,0,0,[],"[""A03""]",,A03,A02,227.0,"[""A02"", ""A03"", ""A01""]",234.0,F046,A03,57,T1,0,585.0,2026-08-07 11:12,2026-08-09 23:59,shift,3,3647,3590,0
P0247,A01,F012,AIRPORT,FACILITY,outbound,0,0,"[""A01""]",[],A01,,A01,208.0,"[""A01"", ""A02"", ""A03""]",208.0,A01,F012,50,T1,1,520.0,2026-08-08 07:14,2026-08-09 23:59,shift,3,2445,2395,0
P0248,F036,LAND,FACILITY,LAND,inbound,0,1,[],"[""A01"", ""A02"", ""A03""]",,,A02,215.0,"[""A02"", ""A01"", ""A03""]",215.0,F036,A02,52,T1,0,537.5,2026-08-03 00:00,2026-08-05 18:22,shift,3,3982,3930,0
P0249,LAND,F020,LAND,FACILITY,outbound,1,0,"[""A01"", ""A02"", ""A03""]",[],,,A01,171.0,"[""A01"", ""A02"", ""A03""]",171.0,A01,F020,42,T1,1,427.5,2026-08-06 07:04,2026-08-07 07:55,shift,3,1491,1449,0
P0250,F010,A01,FACILITY,AIRPORT,inbound,0,0,[],"[""A01""]",,A01,A01,216.0,"[""A01"", ""A02"", ""A03""]",216.0,F010,A01,52,T1,0,540.0,2026-08-08 10:07,2026-08-08 13:31,production,2,204,152,0
P0251,F047,LAND,FACILITY,LAND,inbound,0,1,[],"[""A01"", ""A02"", ""A03""]",,,A02,241.0,"[""A02"", ""A01"", ""A03""]",241.0,F047,A02,58,T1,0,602.5,2026-08-05 11:50,2026-08-09 23:59,temporary,4,6489,6431,0
P0252,A01,F009,AIRPORT,FACILITY,outbound,0,0,"[""A01""]",[],A01,,A01,166.0,"[""A01"", ""A02"", ""A03""]",166.0,A01,F009,40,T1,1,415.0,2026-08-08 09:28,2026-08-09 23:59,shift,3,2311,2271,0
P0253,LAND,F018,LAND,FACILITY,outbound,1,0,"[""A01"", ""A02"", ""A03""]",[],,,A01,196.0,"[""A01"", ""A02"", ""A03""]",196.0,A01,F018,48,T1,1,490.0,2026-08-03 00:00,2026-08-04 08:48,shift,3,1968,1920,0
P0254,LAND,F021,LAND,FACILITY,outbound,1,0,"[""A01"", ""A02"", ""A03""]",[],,,A01,218.0,"[""A01"", ""A02"", ""A03""]",218.0,A01,F021,53,T1,1,545.0,2026-08-06 07:44,2026-08-08 08:54,shift,3,2950,2897,0
P0255,LAND,F048,LAND,FACILITY,outbound,1,0,"[""A01"", ""A02"", ""A03""]",[],,,A03,254.0,"[""A03"", ""A02"", ""A01""]",254.0,A03,F048,70,T2,1,635.0,2026-08-05 09:57,2026-08-06 11:34,shift,3,1537,1467,0
P0256,F033,LAND,FACILITY,LAND,inbound,0,1,[],"[""A01"", ""A02"", ""A03""]",,,A01,227.0,"[""A01"", ""A02"", ""A03""]",227.0,F033,A01,55,T1,0,567.5,2026-08-08 08:54,2026-08-08 10:32,emergency,1,98,43,0
P0257,LAND,F003,LAND,FACILITY,outbound,1,0,"[""A01"", ""A02"", ""A03""]",[],,,A01,192.0,"[""A01"", ""A02"", ""A03""]",192.0,A01,F003,47,T1,1,480.0,2026-08-07 06:12,2026-08-07 08:44,production,2,152,105,0
P0258,F033,LAND,FACILITY,LAND,inbound,0,1,[],"[""A01"", ""A02"", ""A03""]",,,A01,227.0,"[""A01"", ""A02"", ""A03""]",227.0,F033,A01,55,T1,0,567.5,2026-08-04 08:58,2026-08-07 10:14,shift,3,4396,4341,0
P0259,LAND,F044,LAND,FACILITY,outbound,1,0,"[""A01"", ""A02"", ""A03""]",[],,,A03,317.0,"[""A03"", ""A02"", ""A01""]",317.0,A03,F044,87,T2,1,792.5,2026-08-04 07:31,2026-08-06 09:12,shift,3,2981,2894,0
P0260,A03,F037,AIRPORT,FACILITY,outbound,0,0,"[""A03""]",[],A03,,A03,359.0,"[""A03"", ""A02"", ""A01""]",359.0,A03,F037,98,T2,1,897.5,2026-08-03 00:00,2026-08-04 11:30,shift,3,2130,2032,0
P0261,F039,F048,FACILITY,FACILITY,shuttle,0,0,[],[],,,A03,254.0,"[""A03"", ""A02"", ""A01""]",31.0,F039,F048,8,T1,1,77.5,2026-08-09 07:36,2026-08-09 23:59,shift,3,983,975,0
P0262,F039,F048,FACILITY,FACILITY,shuttle,0,0,[],[],,,A03,254.0,"[""A03"", ""A02"", ""A01""]",31.0,F039,F048,8,T1,1,77.5,2026-08-09 07:36,2026-08-09 23:59,shift,3,983,975,0
P0263,F052,F048,FACILITY,FACILITY,shuttle,0,0,[],[],,,A03,254.0,"[""A03"", ""A02"", ""A01""]",23.0,F052,F048,6,T1,1,57.5,2026-08-08 09:54,2026-08-08 11:43,production,2,109,103,0
P0264,F039,LAND,FACILITY,LAND,inbound,0,1,[],"[""A01"", ""A02"", ""A03""]",,,A03,223.0,"[""A03"", ""A02"", ""A01""]",223.0,F039,A03,54,T1,0,557.5,2026-08-06 10:37,2026-08-08 11:48,shift,3,2951,2897,0
P0265,F044,LAND,FACILITY,LAND,inbound,0,1,[],"[""A01"", ""A02"", ""A03""]",,,A03,317.0,"[""A03"", ""A02"", ""A01""]",317.0,F044,A03,87,T2,0,792.5,2026-08-06 08:22,2026-08-08 10:03,shift,3,2981,2894,0
P0266,LAND,F012,LAND,FACILITY,outbound,1,0,"[""A01"", ""A02"", ""A03""]",[],,,A01,208.0,"[""A01"", ""A02"", ""A03""]",208.0,A01,F012,50,T1,1,520.0,2026-08-04 10:25,2026-08-05 11:31,shift,3,1506,1456,0
P0267,A01,F006,AIRPORT,FACILITY,outbound,0,0,"[""A01""]",[],A01,,A01,235.0,"[""A01"", ""A02"", ""A03""]",235.0,A01,F006,57,T1,1,587.5,2026-08-06 07:00,2026-08-08 08:15,shift,3,2955,2898,0
P0268,LAND,F022,LAND,FACILITY,outbound,1,0,"[""A01"", ""A02"", ""A03""]",[],,,A01,194.0,"[""A01"", ""A02"", ""A03""]",194.0,A01,F022,47,T1,1,485.0,2026-08-09 08:59,2026-08-09 23:59,shift,3,900,853,0
P0269,LAND,F015,LAND,FACILITY,outbound,1,0,"[""A01"", ""A02"", ""A03""]",[],,,A01,191.0,"[""A01"", ""A02"", ""A03""]",191.0,A01,F015,46,T1,1,477.5,2026-08-09 08:53,2026-08-09 23:59,shift,3,906,860,0
P0270,F038,F045,FACILITY,FACILITY,shuttle,0,0,[],[],,,A03,260.0,"[""A03"", ""A02"", ""A01""]",31.0,F038,F045,8,T1,1,77.5,2026-08-03 00:00,2026-08-04 16:59,shift,3,2459,2451,0
P0271,F036,LAND,FACILITY,LAND,inbound,0,1,[],"[""A01"", ""A02"", ""A03""]",,,A02,215.0,"[""A02"", ""A01"", ""A03""]",215.0,F036,A02,52,T1,0,537.5,2026-08-08 16:40,2026-08-09 23:59,shift,3,1879,1827,0
P0272,LAND,F028,LAND,FACILITY,outbound,1,0,"[""A01"", ""A02"", ""A03""]",[],,,A01,217.0,"[""A01"", ""A02"", ""A03""]",217.0,A01,F028,53,T1,1,542.5,2026-08-05 06:10,2026-08-09 23:59,temporary,4,6829,6776,0
P0273,F049,LAND,FACILITY,LAND,inbound,0,1,[],"[""A01"", ""A02"", ""A03""]",,,A02,239.0,"[""A02"", ""A03"", ""A01""]",239.0,F049,A02,58,T1,0,597.5,2026-08-07 11:45,2026-08-09 23:59,shift,3,3614,3556,0
P0274,F044,LAND,FACILITY,LAND,inbound,0,1,[],"[""A01"", ""A02"", ""A03""]",,,A03,317.0,"[""A03"", ""A02"", ""A01""]",317.0,F044,A03,87,T2,0,792.5,2026-08-04 09:32,2026-08-06 11:13,shift,3,2981,2894,0
P0275,LAND,F016,LAND,FACILITY,outbound,1,0,"[""A01"", ""A02"", ""A03""]",[],,,A01,181.0,"[""A01"", ""A02"", ""A03""]",181.0,A01,F016,44,T1,1,452.5,2026-08-06 15:06,2026-08-08 15:50,shift,3,2924,2880,0
P0276,F036,F049,FACILITY,FACILITY,shuttle,0,0,[],[],,,A02,239.0,"[""A02"", ""A03"", ""A01""]",57.0,F036,F049,14,T1,1,142.5,2026-08-09 11:56,2026-08-09 23:59,shift,3,723,709,0
P0277,F050,LAND,FACILITY,LAND,inbound,0,1,[],"[""A01"", ""A02"", ""A03""]",,,A03,403.0,"[""A03"", ""A02"", ""A01""]",403.0,F050,A03,128,T3,0,1007.5,2026-08-05 09:44,2026-08-06 11:57,shift,3,1573,1445,0
P0278,F019,LAND,FACILITY,LAND,inbound,0,1,[],"[""A01"", ""A02"", ""A03""]",,,A01,204.0,"[""A01"", ""A02"", ""A03""]",204.0,F019,A01,49,T1,0,510.0,2026-08-03 10:16,2026-08-04 11:45,shift,3,1529,1480,0
P0279,F005,F017,FACILITY,FACILITY,shuttle,0,0,[],[],,,A01,153.0,"[""A01"", ""A02"", ""A03""]",40.0,F005,F017,10,T1,1,100.0,2026-08-05 08:09,2026-08-05 09:14,emergency,1,65,55,0
P0280,F018,LAND,FACILITY,LAND,inbound,0,1,[],"[""A01"", ""A02"", ""A03""]",,,A01,196.0,"[""A01"", ""A02"", ""A03""]",196.0,F018,A01,48,T1,0,490.0,2026-08-08 10:23,2026-08-09 23:59,shift,3,2256,2208,0
P0281,F001,F016,FACILITY,FACILITY,shuttle,0,0,[],[],,,A01,181.0,"[""A01"", ""A02"", ""A03""]",41.0,F001,F016,10,T1,1,102.5,2026-08-03 00:00,2026-08-04 11:46,shift,3,2146,2136,0
P0282,F021,LAND,FACILITY,LAND,inbound,0,1,[],"[""A01"", ""A02"", ""A03""]",,,A01,218.0,"[""A01"", ""A02"", ""A03""]",218.0,F021,A01,53,T1,0,545.0,2026-08-06 09:04,2026-08-08 10:14,shift,3,2950,2897,0
P0283,F037,LAND,FACILITY,LAND,inbound,0,1,[],"[""A01"", ""A02"", ""A03""]",,,A03,359.0,"[""A03"", ""A02"", ""A01""]",359.0,F037,A03,98,T2,0,897.5,2026-08-03 00:00,2026-08-04 13:42,shift,3,2262,2164,0
P0284,LAND,F011,LAND,FACILITY,outbound,1,0,"[""A01"", ""A02"", ""A03""]",[],,,A01,201.0,"[""A01"", ""A02"", ""A03""]",201.0,A01,F011,49,T1,1,502.5,2026-08-08 06:36,2026-08-09 07:31,shift,3,1495,1446,0
P0285,F040,F041,FACILITY,FACILITY,shuttle,0,0,[],[],,,A03,278.0,"[""A03"", ""A02"", ""A01""]",66.0,F040,F041,16,T1,1,165.0,2026-08-04 08:25,2026-08-04 09:29,emergency,1,64,48,0
P0286,F036,LAND,FACILITY,LAND,inbound,0,1,[],"[""A01"", ""A02"", ""A03""]",,,A02,215.0,"[""A02"", ""A01"", ""A03""]",215.0,F036,A02,52,T1,0,537.5,2026-08-03 16:49,2026-08-04 18:22,shift,3,1533,1481,0
P0287,F027,F021,FACILITY,FACILITY,shuttle,0,0,[],[],,,A01,218.0,"[""A01"", ""A02"", ""A03""]",37.0,F027,F021,9,T1,1,92.5,2026-08-07 07:19,2026-08-08 07:52,shift,3,1473,1464,0
P0288,LAND,F027,LAND,FACILITY,outbound,1,0,"[""A01"", ""A02"", ""A03""]",[],,,A01,191.0,"[""A01"", ""A02"", ""A03""]",191.0,A01,F027,46,T1,1,477.5,2026-08-07 15:07,2026-08-09 16:10,shift,3,2943,2897,0
P0289,LAND,F028,LAND,FACILITY,outbound,1,0,"[""A01"", ""A02"", ""A03""]",[],,,A01,217.0,"[""A01"", ""A02"", ""A03""]",217.0,A01,F028,53,T1,1,542.5,2026-08-05 06:00,2026-08-05 08:28,production,2,148,95,0
P0290,F047,LAND,FACILITY,LAND,inbound,0,1,[],"[""A01"", ""A02"", ""A03""]",,,A02,241.0,"[""A02"", ""A01"", ""A03""]",241.0,F047,A02,58,T1,0,602.5,2026-08-08 11:50,2026-08-09 13:33,shift,3,1543,1485,0
P0291,F051,F038,FACILITY,FACILITY,shuttle,0,0,[],[],,,A03,263.0,"[""A03"", ""A02"", ""A01""]",17.0,F051,F038,5,T1,1,42.5,2026-08-08 08:43,2026-08-08 10:27,production,2,104,99,0
P0292,F006,LAND,FACILITY,LAND,inbound,0,1,[],"[""A01"", ""A02"", ""A03""]",,,A01,235.0,"[""A01"", ""A02"", ""A03""]",235.0,F006,A01,57,T1,0,587.5,2026-08-06 08:35,2026-08-09 09:50,shift,3,4395,4338,0
P0293,A01,F011,AIRPORT,FACILITY,outbound,0,0,"[""A01""]",[],A01,,A01,201.0,"[""A01"", ""A02"", ""A03""]",201.0,A01,F011,49,T1,1,502.5,2026-08-08 06:36,2026-08-09 23:59,shift,3,2483,2434,0
P0294,A03,F042,AIRPORT,FACILITY,outbound,0,0,"[""A03""]",[],A03,,A03,368.0,"[""A03"", ""A02"", ""A01""]",368.0,A03,F042,101,T2,1,920.0,2026-08-07 06:00,2026-08-07 08:21,emergency,1,141,40,0
P0295,F030,F026,FACILITY,FACILITY,shuttle,0,0,[],[],,,A01,204.0,"[""A01"", ""A02"", ""A03""]",59.0,F030,F026,15,T1,1,147.5,2026-08-07 16:11,2026-08-09 23:59,shift,3,3348,3333,0
P0296,F040,F041,FACILITY,FACILITY,shuttle,0,0,[],[],,,A03,278.0,"[""A03"", ""A02"", ""A01""]",66.0,F040,F041,16,T1,1,165.0,2026-08-04 08:40,2026-08-06 09:19,shift,3,2919,2903,0
P0297,F023,LAND,FACILITY,LAND,inbound,0,1,[],"[""A01"", ""A02"", ""A03""]",,,A02,267.0,"[""A02"", ""A01"", ""A03""]",267.0,F023,A02,73,T2,0,667.5,2026-08-04 07:40,2026-08-05 09:13,shift,3,1533,1460,0
P0298,LAND,F023,LAND,FACILITY,outbound,1,0,"[""A01"", ""A02"", ""A03""]",[],,,A02,267.0,"[""A02"", ""A01"", ""A03""]",267.0,A02,F023,73,T2,1,667.5,2026-08-06 15:16,2026-08-08 16:41,shift,3,2965,2892,0
P0299,LAND,F029,LAND,FACILITY,outbound,1,0,"[""A01"", ""A02"", ""A03""]",[],,,A01,211.0,"[""A01"", ""A02"", ""A03""]",211.0,A01,F029,51,T1,1,527.5,2026-08-04 09:03,2026-08-07 10:28,shift,3,4405,4354,0
P0300,LAND,F021,LAND,FACILITY,outbound,1,0,"[""A01"", ""A02"", ""A03""]",[],,,A01,218.0,"[""A01"", ""A02"", ""A03""]",218.0,A01,F021,53,T1,1,545.0,2026-08-06 07:44,2026-08-07 08:54,shift,3,1510,1457,0
P0301,F035,LAND,FACILITY,LAND,inbound,0,1,[],"[""A01"", ""A02"", ""A03""]",,,A01,258.0,"[""A01"", ""A02"", ""A03""]",258.0,F035,A01,71,T2,0,645.0,2026-08-08 10:17,2026-08-09 23:59,shift,3,2262,2191,0
P0302,F051,F038,FACILITY,FACILITY,shuttle,0,0,[],[],,,A03,263.0,"[""A03"", ""A02"", ""A01""]",17.0,F051,F038,5,T1,1,42.5,2026-08-08 09:23,2026-08-09 09:28,shift,3,1445,1440,0
P0303,LAND,F014,LAND,FACILITY,outbound,1,0,"[""A01"", ""A02"", ""A03""]",[],,,A01,164.0,"[""A01"", ""A02"", ""A03""]",164.0,A01,F014,40,T1,1,410.0,2026-08-08 08:19,2026-08-09 23:59,shift,3,2380,2340,0
P0304,LAND,F026,LAND,FACILITY,outbound,1,0,"[""A01"", ""A02"", ""A03""]",[],,,A01,204.0,"[""A01"", ""A02"", ""A03""]",204.0,A01,F026,49,T1,1,510.0,2026-08-06 07:20,2026-08-09 08:43,shift,3,4403,4354,0
P0305,LAND,F034,LAND,FACILITY,outbound,1,0,"[""A01"", ""A02"", ""A03""]",[],,,A01,246.0,"[""A01"", ""A02"", ""A03""]",246.0,A01,F034,60,T1,1,615.0,2026-08-07 06:13,2026-08-09 07:55,shift,3,2982,2922,0
P0306,LAND,F029,LAND,FACILITY,outbound,1,0,"[""A01"", ""A02"", ""A03""]",[],,,A01,211.0,"[""A01"", ""A02"", ""A03""]",211.0,A01,F029,51,T1,1,527.5,2026-08-08 09:07,2026-08-09 10:24,shift,3,1517,1466,0
P0307,A02,F024,AIRPORT,FACILITY,outbound,0,0,"[""A02""]",[],A02,,A01,211.0,"[""A01"", ""A02"", ""A03""]",219.0,A02,F024,53,T1,1,547.5,2026-08-04 09:30,2026-08-05 10:30,shift,3,1500,1447,0
P0308,F021,F027,FACILITY,FACILITY,shuttle,0,0,[],[],,,A01,191.0,"[""A01"", ""A02"", ""A03""]",37.0,F021,F027,9,T1,1,92.5,2026-08-03 00:00,2026-08-05 08:06,temporary,4,3366,3357,0
P0309,F052,F048,FACILITY,FACILITY,shuttle,0,0,[],[],,,A03,254.0,"[""A03"", ""A02"", ""A01""]",23.0,F052,F048,6,T1,1,57.5,2026-08-08 10:34,2026-08-09 23:59,shift,3,2245,2239,0
P0310,F021,A02,FACILITY,AIRPORT,inbound,0,0,[],"[""A02""]",,A02,A01,218.0,"[""A01"", ""A02"", ""A03""]",220.0,F021,A02,53,T1,0,550.0,2026-08-03 08:59,2026-08-05 10:09,shift,3,2950,2897,0
P0311,LAND,F021,LAND,FACILITY,outbound,1,0,"[""A01"", ""A02"", ""A03""]",[],,,A01,218.0,"[""A01"", ""A02"", ""A03""]",218.0,A01,F021,53,T1,1,545.0,2026-08-03 07:39,2026-08-04 08:49,shift,3,1510,1457,0
P0312,F034,LAND,FACILITY,LAND,inbound,0,1,[],"[""A01"", ""A02"", ""A03""]",,,A01,246.0,"[""A01"", ""A02"", ""A03""]",246.0,F034,A01,60,T1,0,615.0,2026-08-07 08:05,2026-08-09 23:59,shift,3,3834,3774,0
P0313,F042,F040,FACILITY,FACILITY,shuttle,0,0,[],[],,,A03,342.0,"[""A03"", ""A02"", ""A01""]",28.0,F042,F040,7,T1,1,70.0,2026-08-05 09:10,2026-08-05 11:34,production,2,144,137,0
P0314,F036,A03,FACILITY,AIRPORT,inbound,0,0,[],"[""A03""]",,A03,A02,215.0,"[""A02"", ""A01"", ""A03""]",231.0,F036,A03,56,T1,0,577.5,2026-08-03 00:00,2026-08-04 18:22,shift,3,2542,2486,0
P0315,F037,F044,FACILITY,FACILITY,shuttle,0,0,[],[],,,A03,317.0,"[""A03"", ""A02"", ""A01""]",54.0,F037,F044,13,T1,1,135.0,2026-08-08 09:04,2026-08-09 23:59,shift,3,2335,2322,0
P0316,F048,LAND,FACILITY,LAND,inbound,0,1,[],"[""A01"", ""A02"", ""A03""]",,,A03,254.0,"[""A03"", ""A02"", ""A01""]",254.0,F048,A03,70,T2,0,635.0,2026-08-07 10:31,2026-08-09 11:52,shift,3,2961,2891,0
P0317,F008,F003,FACILITY,FACILITY,shuttle,0,0,[],[],,,A01,192.0,"[""A01"", ""A02"", ""A03""]",38.0,F008,F003,10,T1,1,95.0,2026-08-04 10:59,2026-08-06 11:10,shift,3,2891,2881,0
P0318,F023,F032,FACILITY,FACILITY,shuttle,0,0,[],[],,,A02,279.0,"[""A02"", ""A01"", ""A03""]",14.0,F023,F032,4,T1,1,35.0,2026-08-03 00:00,2026-08-07 11:51,temporary,4,6471,6467,0
P0319,F004,LAND,FACILITY,LAND,inbound,0,1,[],"[""A01"", ""A02"", ""A03""]",,,A01,197.0,"[""A01"", ""A02"", ""A03""]",197.0,F004,A01,48,T1,0,492.5,2026-08-07 08:43,2026-08-07 10:41,emergency,1,118,70,0
P0320,LAND,F028,LAND,FACILITY,outbound,1,0,"[""A01"", ""A02"", ""A03""]",[],,,A01,217.0,"[""A01"", ""A02"", ""A03""]",217.0,A01,F028,53,T1,1,542.5,2026-08-06 06:10,2026-08-08 07:49,shift,3,2979,2926,0
P0321,F015,LAND,FACILITY,LAND,inbound,0,1,[],"[""A01"", ""A02"", ""A03""]",,,A01,191.0,"[""A01"", ""A02"", ""A03""]",191.0,F015,A01,46,T1,0,477.5,2026-08-05 08:29,2026-08-07 09:15,shift,3,2926,2880,0
P0322,F023,F032,FACILITY,FACILITY,shuttle,0,0,[],[],,,A02,279.0,"[""A02"", ""A01"", ""A03""]",14.0,F023,F032,4,T1,1,35.0,2026-08-04 11:47,2026-08-06 11:51,shift,3,2884,2880,0
P0323,LAND,F049,LAND,FACILITY,outbound,1,0,"[""A01"", ""A02"", ""A03""]",[],,,A02,239.0,"[""A02"", ""A03"", ""A01""]",239.0,A02,F049,58,T1,1,597.5,2026-08-05 06:00,2026-08-05 09:15,production,2,195,137,0
P0324,F051,A03,FACILITY,AIRPORT,inbound,0,0,[],"[""A03""]",,A03,A03,279.0,"[""A03"", ""A02"", ""A01""]",279.0,F051,A03,77,T2,0,697.5,2026-08-08 09:13,2026-08-09 23:59,shift,3,2326,2249,0
P0325,F039,LAND,FACILITY,LAND,inbound,0,1,[],"[""A01"", ""A02"", ""A03""]",,,A03,223.0,"[""A03"", ""A02"", ""A01""]",223.0,F039,A03,54,T1,0,557.5,2026-08-03 08:40,2026-08-05 09:51,shift,3,2951,2897,0
P0326,LAND,F041,LAND,FACILITY,outbound,1,0,"[""A01"", ""A02"", ""A03""]",[],,,A03,278.0,"[""A03"", ""A02"", ""A01""]",278.0,A03,F041,76,T2,1,695.0,2026-08-07 09:51,2026-08-09 12:00,shift,3,3009,2933,0
P0327,F019,LAND,FACILITY,LAND,inbound,0,1,[],"[""A01"", ""A02"", ""A03""]",,,A01,204.0,"[""A01"", ""A02"", ""A03""]",204.0,F019,A01,49,T1,0,510.0,2026-08-06 16:23,2026-08-07 17:52,shift,3,1529,1480,0
P0328,F036,F049,FACILITY,FACILITY,shuttle,0,0,[],[],,,A02,239.0,"[""A02"", ""A03"", ""A01""]",57.0,F036,F049,14,T1,1,142.5,2026-08-08 11:56,2026-08-09 23:59,shift,3,2163,2149,0
P0329,F040,A03,FACILITY,AIRPORT,inbound,0,0,[],"[""A03""]",,A03,A03,342.0,"[""A03"", ""A02"", ""A01""]",342.0,F040,A03,94,T2,0,855.0,2026-08-03 00:00,2026-08-05 10:13,shift,3,3493,3399,0
P0330,LAND,F037,LAND,FACILITY,outbound,1,0,"[""A01"", ""A02"", ""A03""]",[],,,A03,359.0,"[""A03"", ""A02"", ""A01""]",359.0,A03,F037,98,T2,1,897.5,2026-08-06 06:53,2026-08-08 08:55,shift,3,3002,2904,0
P0331,F018,LAND,FACILITY,LAND,inbound,0,1,[],"[""A01"", ""A02"", ""A03""]",,,A01,196.0,"[""A01"", ""A02"", ""A03""]",196.0,F018,A01,48,T1,0,490.0,2026-08-06 10:32,2026-08-07 11:31,shift,3,1499,1451,0
P0332,LAND,F030,LAND,FACILITY,outbound,1,0,"[""A01"", ""A02"", ""A03""]",[],,,A01,158.0,"[""A01"", ""A02"", ""A03""]",158.0,A01,F030,38,T1,1,395.0,2026-08-05 09:40,2026-08-07 10:30,shift,3,2930,2892,0
P0333,F051,LAND,FACILITY,LAND,inbound,0,1,[],"[""A01"", ""A02"", ""A03""]",,,A03,279.0,"[""A03"", ""A02"", ""A01""]",279.0,F051,A03,77,T2,0,697.5,2026-08-04 10:57,2026-08-07 12:26,shift,3,4409,4332,0
P0334,F022,LAND,FACILITY,LAND,inbound,0,1,[],"[""A01"", ""A02"", ""A03""]",,,A01,194.0,"[""A01"", ""A02"", ""A03""]",194.0,F022,A01,47,T1,0,485.0,2026-08-09 10:15,2026-08-09 23:59,shift,3,824,777,0
P0335,F048,F039,FACILITY,FACILITY,shuttle,0,0,[],[],,,A03,223.0,"[""A03"", ""A02"", ""A01""]",31.0,F048,F039,8,T1,1,77.5,2026-08-07 10:52,2026-08-08 11:02,shift,3,1450,1442,0
P0336,F037,F044,FACILITY,FACILITY,shuttle,0,0,[],[],,,A03,317.0,"[""A03"", ""A02"", ""A01""]",54.0,F037,F044,13,T1,1,135.0,2026-08-09 09:04,2026-08-09 23:59,shift,3,895,882,0
P0337,F007,LAND,FACILITY,LAND,inbound,0,1,[],"[""A01"", ""A02"", ""A03""]",,,A01,233.0,"[""A01"", ""A02"", ""A03""]",233.0,F007,A01,56,T1,0,582.5,2026-08-03 07:19,2026-08-03 10:42,production,2,203,147,0
P0338,LAND,F038,LAND,FACILITY,outbound,1,0,"[""A01"", ""A02"", ""A03""]",[],,,A03,263.0,"[""A03"", ""A02"", ""A01""]",263.0,A03,F038,72,T2,1,657.5,2026-08-05 08:07,2026-08-07 09:31,shift,3,2964,2892,0
P0339,F051,F038,FACILITY,FACILITY,shuttle,0,0,[],[],,,A03,263.0,"[""A03"", ""A02"", ""A01""]",17.0,F051,F038,5,T1,1,42.5,2026-08-07 09:23,2026-08-09 09:28,shift,3,2885,2880,0
P0340,F024,LAND,FACILITY,LAND,inbound,0,1,[],"[""A01"", ""A02"", ""A03""]",,,A01,211.0,"[""A01"", ""A02"", ""A03""]",211.0,F024,A01,51,T1,0,527.5,2026-08-07 11:21,2026-08-08 12:21,shift,3,1500,1449,0
P0341,F037,LAND,FACILITY,LAND,inbound,0,1,[],"[""A01"", ""A02"", ""A03""]",,,A03,359.0,"[""A03"", ""A02"", ""A01""]",359.0,F037,A03,98,T2,0,897.5,2026-08-06 09:05,2026-08-08 11:07,shift,3,3002,2904,0
P0342,F011,LAND,FACILITY,LAND,inbound,0,1,[],"[""A01"", ""A02"", ""A03""]",,,A01,201.0,"[""A01"", ""A02"", ""A03""]",201.0,F011,A01,49,T1,0,502.5,2026-08-08 07:51,2026-08-09 08:46,shift,3,1495,1446,0
P0343,F010,LAND,FACILITY,LAND,inbound,0,1,[],"[""A01"", ""A02"", ""A03""]",,,A01,216.0,"[""A01"", ""A02"", ""A03""]",216.0,F010,A01,52,T1,0,540.0,2026-08-06 11:07,2026-08-09 23:59,temporary,4,5092,5040,0
P0344,LAND,F019,LAND,FACILITY,outbound,1,0,"[""A01"", ""A02"", ""A03""]",[],,,A01,204.0,"[""A01"", ""A02"", ""A03""]",204.0,A01,F019,49,T1,1,510.0,2026-08-06 14:33,2026-08-06 17:28,production,2,175,126,0
P0345,F020,LAND,FACILITY,LAND,inbound,0,1,[],"[""A01"", ""A02"", ""A03""]",,,A01,171.0,"[""A01"", ""A02"", ""A03""]",171.0,F020,A01,42,T1,0,427.5,2026-08-08 08:49,2026-08-09 23:59,shift,3,2350,2308,0
P0346,F029,F021,FACILITY,FACILITY,shuttle,0,0,[],[],,,A01,218.0,"[""A01"", ""A02"", ""A03""]",17.0,F029,F021,5,T1,1,42.5,2026-08-07 09:49,2026-08-09 09:54,shift,3,2885,2880,0
P0347,LAND,F030,LAND,FACILITY,outbound,1,0,"[""A01"", ""A02"", ""A03""]",[],,,A01,158.0,"[""A01"", ""A02"", ""A03""]",158.0,A01,F030,38,T1,1,395.0,2026-08-05 08:41,2026-08-05 11:34,production,2,173,135,0
P0348,F016,LAND,FACILITY,LAND,inbound,0,1,[],"[""A01"", ""A02"", ""A03""]",,,A01,181.0,"[""A01"", ""A02"", ""A03""]",181.0,F016,A01,44,T1,0,452.5,2026-08-05 16:00,2026-08-08 17:13,shift,3,4393,4349,0
P0349,LAND,F051,LAND,FACILITY,outbound,1,0,"[""A01"", ""A02"", ""A03""]",[],,,A03,279.0,"[""A03"", ""A02"", ""A01""]",279.0,A03,F051,77,T2,1,697.5,2026-08-09 07:26,2026-08-09 23:59,shift,3,993,916,0
P0350,LAND,F020,LAND,FACILITY,outbound,1,0,"[""A01"", ""A02"", ""A03""]",[],,,A01,171.0,"[""A01"", ""A02"", ""A03""]",171.0,A01,F020,42,T1,1,427.5,2026-08-09 07:48,2026-08-09 23:59,shift,3,971,929,0
P0351,F021,LAND,FACILITY,LAND,inbound,0,1,[],"[""A01"", ""A02"", ""A03""]",,,A01,218.0,"[""A01"", ""A02"", ""A03""]",218.0,F021,A01,53,T1,0,545.0,2026-08-08 09:41,2026-08-09 23:59,shift,3,2298,2245,0
P0352,F035,LAND,FACILITY,LAND,inbound,0,1,[],"[""A01"", ""A02"", ""A03""]",,,A01,258.0,"[""A01"", ""A02"", ""A03""]",258.0,F035,A01,71,T2,0,645.0,2026-08-09 09:27,2026-08-09 12:43,production,2,196,125,0
P0353,F049,LAND,FACILITY,LAND,inbound,0,1,[],"[""A01"", ""A02"", ""A03""]",,,A02,239.0,"[""A02"", ""A03"", ""A01""]",239.0,F049,A02,58,T1,0,597.5,2026-08-04 08:33,2026-08-06 09:40,shift,3,2947,2889,0
P0354,F025,LAND,FACILITY,LAND,inbound,0,1,[],"[""A01"", ""A02"", ""A03""]",,,A01,202.0,"[""A01"", ""A02"", ""A03""]",202.0,F025,A01,49,T1,0,505.0,2026-08-04 16:17,2026-08-04 18:42,production,2,145,96,0
P0355,F024,LAND,FACILITY,LAND,inbound,0,1,[],"[""A01"", ""A02"", ""A03""]",,,A01,211.0,"[""A01"", ""A02"", ""A03""]",211.0,F024,A01,51,T1,0,527.5,2026-08-03 10:50,2026-08-05 11:50,shift,3,2940,2889,0
P0356,F037,F044,FACILITY,FACILITY,shuttle,0,0,[],[],,,A03,317.0,"[""A03"", ""A02"", ""A01""]",54.0,F037,F044,13,T1,1,135.0,2026-08-09 09:04,2026-08-09 23:59,shift,3,895,882,0
P0357,LAND,F030,LAND,FACILITY,outbound,1,0,"[""A01"", ""A02"", ""A03""]",[],,,A01,158.0,"[""A01"", ""A02"", ""A03""]",158.0,A01,F030,38,T1,1,395.0,2026-08-08 09:44,2026-08-09 23:59,shift,3,2295,2257,0
P0358,F026,F033,FACILITY,FACILITY,shuttle,0,0,[],[],,,A01,227.0,"[""A01"", ""A02"", ""A03""]",35.0,F026,F033,9,T1,1,87.5,2026-08-05 07:45,2026-08-07 07:55,shift,3,2890,2881,0
P0359,F019,LAND,FACILITY,LAND,inbound,0,1,[],"[""A01"", ""A02"", ""A03""]",,,A01,204.0,"[""A01"", ""A02"", ""A03""]",204.0,F019,A01,49,T1,0,510.0,2026-08-07 08:20,2026-08-09 23:59,temporary,4,3819,3770,0
P0360,F050,LAND,FACILITY,LAND,inbound,0,1,[],"[""A01"", ""A02"", ""A03""]",,,A03,403.0,"[""A03"", ""A02"", ""A01""]",403.0,F050,A03,128,T3,0,1007.5,2026-08-05 09:04,2026-08-05 12:47,production,2,223,95,0
P0361,F034,LAND,FACILITY,LAND,inbound,0,1,[],"[""A01"", ""A02"", ""A03""]",,,A01,246.0,"[""A01"", ""A02"", ""A03""]",246.0,F034,A01,60,T1,0,615.0,2026-08-08 08:05,2026-08-09 23:59,shift,3,2394,2334,0
P0362,F034,LAND,FACILITY,LAND,inbound,0,1,[],"[""A01"", ""A02"", ""A03""]",,,A01,246.0,"[""A01"", ""A02"", ""A03""]",246.0,F034,A01,60,T1,0,615.0,2026-08-04 10:04,2026-08-06 11:25,shift,3,2961,2901,0
P0363,F018,LAND,FACILITY,LAND,inbound,0,1,[],"[""A01"", ""A02"", ""A03""]",,,A01,196.0,"[""A01"", ""A02"", ""A03""]",196.0,F018,A01,48,T1,0,490.0,2026-08-03 00:00,2026-08-05 10:00,shift,3,3480,3432,0
P0364,F039,LAND,FACILITY,LAND,inbound,0,1,[],"[""A01"", ""A02"", ""A03""]",,,A03,223.0,"[""A03"", ""A02"", ""A01""]",223.0,F039,A03,54,T1,0,557.5,2026-08-03 00:00,2026-08-04 09:51,shift,3,2031,1977,0
P0365,LAND,F045,LAND,FACILITY,outbound,1,0,"[""A01"", ""A02"", ""A03""]",[],,,A03,260.0,"[""A03"", ""A02"", ""A01""]",260.0,A03,F045,71,T2,1,650.0,2026-08-06 15:11,2026-08-08 17:05,shift,3,2994,2923,0
P0366,F052,F048,FACILITY,FACILITY,shuttle,0,0,[],[],,,A03,254.0,"[""A03"", ""A02"", ""A01""]",23.0,F052,F048,6,T1,1,57.5,2026-08-05 10:34,2026-08-09 23:59,temporary,4,6565,6559,0
P0367,LAND,F040,LAND,FACILITY,outbound,1,0,"[""A01"", ""A02"", ""A03""]",[],,,A03,342.0,"[""A03"", ""A02"", ""A01""]",342.0,A03,F040,94,T2,1,855.0,2026-08-03 06:05,2026-08-04 07:53,shift,3,1548,1454,0
P0368,A03,F041,AIRPORT,FACILITY,outbound,0,0,"[""A03""]",[],A03,,A03,278.0,"[""A03"", ""A02"", ""A01""]",278.0,A03,F041,76,T2,1,695.0,2026-08-03 08:33,2026-08-05 10:42,shift,3,3009,2933,0
P0369,LAND,F036,LAND,FACILITY,outbound,1,0,"[""A01"", ""A02"", ""A03""]",[],,,A02,215.0,"[""A02"", ""A01"", ""A03""]",215.0,A02,F036,52,T1,1,537.5,2026-08-05 10:09,2026-08-07 11:47,shift,3,2978,2926,0
P0370,F014,A01,FACILITY,AIRPORT,inbound,0,0,[],"[""A01""]",,A01,A01,164.0,"[""A01"", ""A02"", ""A03""]",164.0,F014,A01,40,T1,0,410.0,2026-08-04 08:17,2026-08-06 09:09,shift,3,2932,2892,0
P0371,LAND,F018,LAND,FACILITY,outbound,1,0,"[""A01"", ""A02"", ""A03""]",[],,,A01,196.0,"[""A01"", ""A02"", ""A03""]",196.0,A01,F018,48,T1,1,490.0,2026-08-09 09:11,2026-08-09 23:59,shift,3,888,840,0
P0372,F052,A03,FACILITY,AIRPORT,inbound,0,0,[],"[""A03""]",,A03,A02,259.0,"[""A02"", ""A03"", ""A01""]",261.0,F052,A03,72,T2,0,652.5,2026-08-08 09:56,2026-08-09 23:59,shift,3,2283,2211,0
P0373,F038,F039,FACILITY,FACILITY,shuttle,0,0,[],[],,,A03,223.0,"[""A03"", ""A02"", ""A01""]",42.0,F038,F039,11,T1,1,105.0,2026-08-09 10:20,2026-08-09 23:59,shift,3,819,808,0
P0374,F029,LAND,FACILITY,LAND,inbound,0,1,[],"[""A01"", ""A02"", ""A03""]",,,A01,211.0,"[""A01"", ""A02"", ""A03""]",211.0,F029,A01,51,T1,0,527.5,2026-08-05 09:48,2026-08-05 12:31,production,2,163,112,0
P0375,LAND,F010,LAND,FACILITY,outbound,1,0,"[""A01"", ""A02"", ""A03""]",[],,,A01,216.0,"[""A01"", ""A02"", ""A03""]",216.0,A01,F010,52,T1,1,540.0,2026-08-03 08:32,2026-08-05 09:31,shift,3,2939,2887,0
P0376,LAND,F021,LAND,FACILITY,outbound,1,0,"[""A01"", ""A02"", ""A03""]",[],,,A01,218.0,"[""A01"", ""A02"", ""A03""]",218.0,A01,F021,53,T1,1,545.0,2026-08-06 08:21,2026-08-09 23:59,temporary,4,5258,5205,0
P0377,LAND,F041,LAND,FACILITY,outbound,1,0,"[""A01"", ""A02"", ""A03""]",[],,,A03,278.0,"[""A03"", ""A02"", ""A01""]",278.0,A03,F041,76,T2,1,695.0,2026-08-04 09:51,2026-08-09 12:00,temporary,4,7329,7253,0
P0378,F047,F049,FACILITY,FACILITY,shuttle,0,0,[],[],,,A02,239.0,"[""A02"", ""A03"", ""A01""]",19.0,F047,F049,5,T1,1,47.5,2026-08-06 17:06,2026-08-09 17:12,shift,3,4326,4321,0
P0379,A02,F032,AIRPORT,FACILITY,outbound,0,0,"[""A02""]",[],A02,,A02,279.0,"[""A02"", ""A01"", ""A03""]",279.0,A02,F032,77,T2,1,697.5,2026-08-04 06:54,2026-08-06 08:31,shift,3,2977,2900,0
P0380,F015,LAND,FACILITY,LAND,inbound,0,1,[],"[""A01"", ""A02"", ""A03""]",,,A01,191.0,"[""A01"", ""A02"", ""A03""]",191.0,F015,A01,46,T1,0,477.5,2026-08-08 10:20,2026-08-09 23:59,shift,3,2259,2213,0
P0381,F039,F048,FACILITY,FACILITY,shuttle,0,0,[],[],,,A03,254.0,"[""A03"", ""A02"", ""A01""]",31.0,F039,F048,8,T1,1,77.5,2026-08-09 07:36,2026-08-09 23:59,shift,3,983,975,0
P0382,LAND,F018,LAND,FACILITY,outbound,1,0,"[""A01"", ""A02"", ""A03""]",[],,,A01,196.0,"[""A01"", ""A02"", ""A03""]",196.0,A01,F018,48,T1,1,490.0,2026-08-06 09:13,2026-08-08 10:12,shift,3,2939,2891,0
P0383,F050,F043,FACILITY,FACILITY,shuttle,0,0,[],[],,,A03,303.0,"[""A03"", ""A02"", ""A01""]",115.0,F050,F043,28,T1,1,287.5,2026-08-07 09:47,2026-08-09 10:39,shift,3,2932,2904,0
P0384,F044,LAND,FACILITY,LAND,inbound,0,1,[],"[""A01"", ""A02"", ""A03""]",,,A03,317.0,"[""A03"", ""A02"", ""A01""]",317.0,F044,A03,87,T2,0,792.5,2026-08-03 09:32,2026-08-05 11:13,shift,3,2981,2894,0
P0385,LAND,F038,LAND,FACILITY,outbound,1,0,"[""A01"", ""A02"", ""A03""]",[],,,A03,263.0,"[""A03"", ""A02"", ""A01""]",263.0,A03,F038,72,T2,1,657.5,2026-08-05 08:07,2026-08-07 09:31,shift,3,2964,2892,0
P0386,A03,F044,AIRPORT,FACILITY,outbound,0,0,"[""A03""]",[],A03,,A03,317.0,"[""A03"", ""A02"", ""A01""]",317.0,A03,F044,87,T2,1,792.5,2026-08-04 07:31,2026-08-06 09:12,shift,3,2981,2894,0
P0387,LAND,F033,LAND,FACILITY,outbound,1,0,"[""A01"", ""A02"", ""A03""]",[],,,A01,227.0,"[""A01"", ""A02"", ""A03""]",227.0,A01,F033,55,T1,1,567.5,2026-08-08 07:26,2026-08-09 08:57,shift,3,1531,1476,0
P0388,LAND,F036,LAND,FACILITY,outbound,1,0,"[""A01"", ""A02"", ""A03""]",[],,,A02,215.0,"[""A02"", ""A01"", ""A03""]",215.0,A02,F036,52,T1,1,537.5,2026-08-09 15:17,2026-08-09 23:59,shift,3,522,470,0
P0389,F038,F039,FACILITY,FACILITY,shuttle,0,0,[],[],,,A03,223.0,"[""A03"", ""A02"", ""A01""]",42.0,F038,F039,11,T1,1,105.0,2026-08-08 10:20,2026-08-09 23:59,shift,3,2259,2248,0
P0390,LAND,F032,LAND,FACILITY,outbound,1,0,"[""A01"", ""A02"", ""A03""]",[],,,A02,279.0,"[""A02"", ""A01"", ""A03""]",279.0,A02,F032,77,T2,1,697.5,2026-08-08 06:58,2026-08-09 23:59,shift,3,2461,2384,0
P0391,F045,A03,FACILITY,AIRPORT,inbound,0,0,[],"[""A03""]",,A03,A03,260.0,"[""A03"", ""A02"", ""A01""]",260.0,F045,A03,71,T2,0,650.0,2026-08-03 10:58,2026-08-05 12:21,shift,3,2963,2892,0
P0392,F004,F007,FACILITY,FACILITY,shuttle,0,0,[],[],,,A01,233.0,"[""A01"", ""A02"", ""A03""]",36.0,F004,F007,9,T1,1,90.0,2026-08-04 07:56,2026-08-04 08:35,emergency,1,39,30,0
P0393,LAND,F006,LAND,FACILITY,outbound,1,0,"[""A01"", ""A02"", ""A03""]",[],,,A01,235.0,"[""A01"", ""A02"", ""A03""]",235.0,A01,F006,57,T1,1,587.5,2026-08-03 09:32,2026-08-05 10:37,shift,3,2945,2888,0
P0394,LAND,F021,LAND,FACILITY,outbound,1,0,"[""A01"", ""A02"", ""A03""]",[],,,A01,218.0,"[""A01"", ""A02"", ""A03""]",218.0,A01,F021,53,T1,1,545.0,2026-08-03 00:00,2026-08-05 08:49,shift,3,3409,3356,0
P0395,LAND,F010,LAND,FACILITY,outbound,1,0,"[""A01"", ""A02"", ""A03""]",[],,,A01,216.0,"[""A01"", ""A02"", ""A03""]",216.0,A01,F010,52,T1,1,540.0,2026-08-08 09:58,2026-08-09 10:57,shift,3,1499,1447,0
P0396,LAND,F044,LAND,FACILITY,outbound,1,0,"[""A01"", ""A02"", ""A03""]",[],,,A03,317.0,"[""A03"", ""A02"", ""A01""]",317.0,A03,F044,87,T2,1,792.5,2026-08-07 06:21,2026-08-09 08:02,shift,3,2981,2894,0
P0397,F010,LAND,FACILITY,LAND,inbound,0,1,[],"[""A01"", ""A02"", ""A03""]",,,A01,216.0,"[""A01"", ""A02"", ""A03""]",216.0,F010,A01,52,T1,0,540.0,2026-08-03 09:41,2026-08-05 11:09,shift,3,2968,2916,0
P0398,F025,F027,FACILITY,FACILITY,shuttle,0,0,[],[],,,A01,191.0,"[""A01"", ""A02"", ""A03""]",34.0,F025,F027,9,T1,1,85.0,2026-08-05 09:36,2026-08-08 10:11,shift,3,4355,4346,0
P0399,LAND,F038,LAND,FACILITY,outbound,1,0,"[""A01"", ""A02"", ""A03""]",[],,,A03,263.0,"[""A03"", ""A02"", ""A01""]",263.0,A03,F038,72,T2,1,657.5,2026-08-03 06:47,2026-08-04 07:59,shift,3,1512,1440,0
P0400,F029,F021,FACILITY,FACILITY,shuttle,0,0,[],[],,,A01,218.0,"[""A01"", ""A02"", ""A03""]",17.0,F029,F021,5,T1,1,42.5,2026-08-07 09:49,2026-08-09 23:59,shift,3,3730,3725,0
P0401,A03,F036,AIRPORT,FACILITY,outbound,0,0,"[""A03""]",[],A03,,A02,215.0,"[""A02"", ""A01"", ""A03""]",231.0,A03,F036,56,T1,1,577.5,2026-08-03 00:00,2026-08-05 16:39,shift,3,3879,3823,0
P0402,LAND,F001,LAND,FACILITY,outbound,1,0,"[""A01"", ""A02"", ""A03""]",[],,,A01,219.0,"[""A01"", ""A02"", ""A03""]",219.0,A01,F001,53,T1,1,547.5,2026-08-03 00:00,2026-08-05 07:43,shift,3,3343,3290,0
P0403,F028,LAND,FACILITY,LAND,inbound,0,1,[],"[""A01"", ""A02"", ""A03""]",,,A01,217.0,"[""A01"", ""A02"", ""A03""]",217.0,F028,A01,53,T1,0,542.5,2026-08-07 07:59,2026-08-09 09:16,shift,3,2957,2904,0
P0404,LAND,F034,LAND,FACILITY,outbound,1,0,"[""A01"", ""A02"", ""A03""]",[],,,A01,246.0,"[""A01"", ""A02"", ""A03""]",246.0,A01,F034,60,T1,1,615.0,2026-08-05 07:32,2026-08-05 11:12,production,2,220,160,0
P0405,F050,A03,FACILITY,AIRPORT,inbound,0,0,[],"[""A03""]",,A03,A03,403.0,"[""A03"", ""A02"", ""A01""]",403.0,F050,A03,128,T3,0,1007.5,2026-08-05 09:44,2026-08-06 11:57,shift,3,1573,1445,0
P0406,F030,LAND,FACILITY,LAND,inbound,0,1,[],"[""A01"", ""A02"", ""A03""]",,,A01,158.0,"[""A01"", ""A02"", ""A03""]",158.0,F030,A01,38,T1,0,395.0,2026-08-04 10:40,2026-08-06 11:30,shift,3,2930,2892,0
P0407,F032,LAND,FACILITY,LAND,inbound,0,1,[],"[""A01"", ""A02"", ""A03""]",,,A02,279.0,"[""A02"", ""A01"", ""A03""]",279.0,F032,A02,77,T2,0,697.5,2026-08-04 08:41,2026-08-07 09:58,shift,3,4397,4320,0
P0408,F025,LAND,FACILITY,LAND,inbound,0,1,[],"[""A01"", ""A02"", ""A03""]",,,A01,202.0,"[""A01"", ""A02"", ""A03""]",202.0,F025,A01,49,T1,0,505.0,2026-08-03 16:56,2026-08-05 17:52,shift,3,2936,2887,0
P0409,LAND,F015,LAND,FACILITY,outbound,1,0,"[""A01"", ""A02"", ""A03""]",[],,,A01,191.0,"[""A01"", ""A02"", ""A03""]",191.0,A01,F015,46,T1,1,477.5,2026-08-05 07:02,2026-08-08 08:19,shift,3,4397,4351,0
P0410,LAND,F024,LAND,FACILITY,outbound,1,0,"[""A01"", ""A02"", ""A03""]",[],,,A01,211.0,"[""A01"", ""A02"", ""A03""]",211.0,A01,F024,51,T1,1,527.5,2026-08-03 09:30,2026-08-05 10:30,shift,3,2940,2889,0
P0411,F006,LAND,FACILITY,LAND,inbound,0,1,[],"[""A01"", ""A02"", ""A03""]",,,A01,235.0,"[""A01"", ""A02"", ""A03""]",235.0,F006,A01,57,T1,0,587.5,2026-08-03 00:00,2026-08-05 12:02,shift,3,3602,3545,0
P0412,F019,LAND,FACILITY,LAND,inbound,0,1,[],"[""A01"", ""A02"", ""A03""]",,,A01,204.0,"[""A01"", ""A02"", ""A03""]",204.0,F019,A01,49,T1,0,510.0,2026-08-03 10:16,2026-08-04 11:45,shift,3,1529,1480,0
P0413,F013,LAND,FACILITY,LAND,inbound,0,1,[],"[""A01"", ""A02"", ""A03""]",,,A01,279.0,"[""A01"", ""A02"", ""A03""]",279.0,F013,A01,77,T2,0,697.5,2026-08-07 09:53,2026-08-09 23:59,shift,3,3726,3649,0
P0414,LAND,F026,LAND,FACILITY,outbound,1,0,"[""A01"", ""A02"", ""A03""]",[],,,A01,204.0,"[""A01"", ""A02"", ""A03""]",204.0,A01,F026,49,T1,1,510.0,2026-08-04 07:14,2026-08-06 08:24,shift,3,2950,2901,0
P0415,LAND,F021,LAND,FACILITY,outbound,1,0,"[""A01"", ""A02"", ""A03""]",[],,,A01,218.0,"[""A01"", ""A02"", ""A03""]",218.0,A01,F021,53,T1,1,545.0,2026-08-05 07:44,2026-08-07 08:54,shift,3,2950,2897,0
P0416,F005,LAND,FACILITY,LAND,inbound,0,1,[],"[""A01"", ""A02"", ""A03""]",,,A01,190.0,"[""A01"", ""A02"", ""A03""]",190.0,F005,A01,46,T1,0,475.0,2026-08-03 09:39,2026-08-03 10:59,emergency,1,80,34,0
P0417,LAND,F013,LAND,FACILITY,outbound,1,0,"[""A01"", ""A02"", ""A03""]",[],,,A01,279.0,"[""A01"", ""A02"", ""A03""]",279.0,A01,F013,77,T2,1,697.5,2026-08-08 07:53,2026-08-09 23:59,shift,3,2406,2329,0
P0418,LAND,F017,LAND,FACILITY,outbound,1,0,"[""A01"", ""A02"", ""A03""]",[],,,A01,153.0,"[""A01"", ""A02"", ""A03""]",153.0,A01,F017,37,T1,1,382.5,2026-08-06 10:11,2026-08-09 23:59,temporary,4,5148,5111,0
P0419,A01,F013,AIRPORT,FACILITY,outbound,0,0,"[""A01""]",[],A01,,A01,279.0,"[""A01"", ""A02"", ""A03""]",279.0,A01,F013,77,T2,1,697.5,2026-08-08 07:19,2026-08-08 10:43,production,2,204,127,0
P0420,F039,LAND,FACILITY,LAND,inbound,0,1,[],"[""A01"", ""A02"", ""A03""]",,,A03,223.0,"[""A03"", ""A02"", ""A01""]",223.0,F039,A03,54,T1,0,557.5,2026-08-03 00:00,2026-08-04 09:51,shift,3,2031,1977,0
P0421,LAND,F020,LAND,FACILITY,outbound,1,0,"[""A01"", ""A02"", ""A03""]",[],,,A01,171.0,"[""A01"", ""A02"", ""A03""]",171.0,A01,F020,42,T1,1,427.5,2026-08-03 00:00,2026-08-04 07:57,shift,3,1917,1875,0
P0422,LAND,F032,LAND,FACILITY,outbound,1,0,"[""A01"", ""A02"", ""A03""]",[],,,A02,279.0,"[""A02"", ""A01"", ""A03""]",279.0,A02,F032,77,T2,1,697.5,2026-08-05 06:54,2026-08-07 08:31,shift,3,2977,2900,0
P0423,LAND,F016,LAND,FACILITY,outbound,1,0,"[""A01"", ""A02"", ""A03""]",[],,,A01,181.0,"[""A01"", ""A02"", ""A03""]",181.0,A01,F016,44,T1,1,452.5,2026-08-08 09:32,2026-08-09 23:59,shift,3,2307,2263,0
P0424,F010,LAND,FACILITY,LAND,inbound,0,1,[],"[""A01"", ""A02"", ""A03""]",,,A01,216.0,"[""A01"", ""A02"", ""A03""]",216.0,F010,A01,52,T1,0,540.0,2026-08-03 09:41,2026-08-06 11:09,shift,3,4408,4356,0
P0425,F038,LAND,FACILITY,LAND,inbound,0,1,[],"[""A01"", ""A02"", ""A03""]",,,A03,263.0,"[""A03"", ""A02"", ""A01""]",263.0,F038,A03,72,T2,0,657.5,2026-08-03 00:00,2026-08-05 09:31,shift,3,3451,3379,0
P0426,F037,F044,FACILITY,FACILITY,shuttle,0,0,[],[],,,A03,317.0,"[""A03"", ""A02"", ""A01""]",54.0,F037,F044,13,T1,1,135.0,2026-08-09 09:04,2026-08-09 23:59,shift,3,895,882,0
P0427,F022,LAND,FACILITY,LAND,inbound,0,1,[],"[""A01"", ""A02"", ""A03""]",,,A01,194.0,"[""A01"", ""A02"", ""A03""]",194.0,F022,A01,47,T1,0,485.0,2026-08-07 10:15,2026-08-09 23:59,temporary,4,3704,3657,0
P0428,LAND,F035,LAND,FACILITY,outbound,1,0,"[""A01"", ""A02"", ""A03""]",[],,,A01,258.0,"[""A01"", ""A02"", ""A03""]",258.0,A01,F035,71,T2,1,645.0,2026-08-05 08:06,2026-08-08 09:33,shift,3,4407,4336,0
P0429,F034,LAND,FACILITY,LAND,inbound,0,1,[],"[""A01"", ""A02"", ""A03""]",,,A01,246.0,"[""A01"", ""A02"", ""A03""]",246.0,F034,A01,60,T1,0,615.0,2026-08-05 09:10,2026-08-05 12:21,production,2,191,131,0
P0430,LAND,F045,LAND,FACILITY,outbound,1,0,"[""A01"", ""A02"", ""A03""]",[],,,A03,260.0,"[""A03"", ""A02"", ""A01""]",260.0,A03,F045,71,T2,1,650.0,2026-08-06 15:11,2026-08-09 17:05,shift,3,4434,4363,0
P0431,F001,LAND,FACILITY,LAND,inbound,0,1,[],"[""A01"", ""A02"", ""A03""]",,,A01,219.0,"[""A01"", ""A02"", ""A03""]",219.0,F001,A01,53,T1,0,547.5,2026-08-06 10:32,2026-08-06 14:05,production,2,213,160,0
P0432,F019,LAND,FACILITY,LAND,inbound,0,1,[],"[""A01"", ""A02"", ""A03""]",,,A01,204.0,"[""A01"", ""A02"", ""A03""]",204.0,F019,A01,49,T1,0,510.0,2026-08-09 07:31,2026-08-09 10:42,production,2,191,142,0
P0433,A02,F024,AIRPORT,FACILITY,outbound,0,0,"[""A02""]",[],A02,,A01,211.0,"[""A01"", ""A02"", ""A03""]",219.0,A02,F024,53,T1,1,547.5,2026-08-07 10:01,2026-08-09 11:01,shift,3,2940,2887,0
P0434,F052,F048,FACILITY,FACILITY,shuttle,0,0,[],[],,,A03,254.0,"[""A03"", ""A02"", ""A01""]",23.0,F052,F048,6,T1,1,57.5,2026-08-08 10:34,2026-08-09 10:42,shift,3,1448,1442,0
P0435,LAND,F036,LAND,FACILITY,outbound,1,0,"[""A01"", ""A02"", ""A03""]",[],,,A02,215.0,"[""A02"", ""A01"", ""A03""]",215.0,A02,F036,52,T1,1,537.5,2026-08-08 15:17,2026-08-09 23:59,shift,3,1962,1910,0
P0436,LAND,F020,LAND,FACILITY,outbound,1,0,"[""A01"", ""A02"", ""A03""]",[],,,A01,171.0,"[""A01"", ""A02"", ""A03""]",171.0,A01,F020,42,T1,1,427.5,2026-08-08 07:48,2026-08-09 23:59,shift,3,2411,2369,0
P0437,F016,F005,FACILITY,FACILITY,shuttle,0,0,[],[],,,A01,190.0,"[""A01"", ""A02"", ""A03""]",25.0,F016,F005,6,T1,1,62.5,2026-08-07 11:22,2026-08-08 11:29,shift,3,1447,1441,0
P0438,LAND,F021,LAND,FACILITY,outbound,1,0,"[""A01"", ""A02"", ""A03""]",[],,,A01,218.0,"[""A01"", ""A02"", ""A03""]",218.0,A01,F021,53,T1,1,545.0,2026-08-06 07:44,2026-08-07 08:54,shift,3,1510,1457,0
P0439,F017,F014,FACILITY,FACILITY,shuttle,0,0,[],[],,,A01,164.0,"[""A01"", ""A02"", ""A03""]",38.0,F017,F014,10,T1,1,95.0,2026-08-06 08:42,2026-08-09 08:54,shift,3,4332,4322,0
P0440,LAND,F020,LAND,FACILITY,outbound,1,0,"[""A01"", ""A02"", ""A03""]",[],,,A01,171.0,"[""A01"", ""A02"", ""A03""]",171.0,A01,F020,42,T1,1,427.5,2026-08-03 06:58,2026-08-05 07:57,shift,3,2939,2897,0
P0441,F006,LAND,FACILITY,LAND,inbound,0,1,[],"[""A01"", ""A02"", ""A03""]",,,A01,235.0,"[""A01"", ""A02"", ""A03""]",235.0,F006,A01,57,T1,0,587.5,2026-08-03 00:00,2026-08-05 12:02,shift,3,3602,3545,0
P0442,A03,F044,AIRPORT,FACILITY,outbound,0,0,"[""A03""]",[],A03,,A03,317.0,"[""A03"", ""A02"", ""A01""]",317.0,A03,F044,87,T2,1,792.5,2026-08-07 06:21,2026-08-08 08:02,shift,3,1541,1454,0
P0443,F038,LAND,FACILITY,LAND,inbound,0,1,[],"[""A01"", ""A02"", ""A03""]",,,A03,263.0,"[""A03"", ""A02"", ""A01""]",263.0,F038,A03,72,T2,0,657.5,2026-08-06 09:51,2026-08-08 11:15,shift,3,2964,2892,0
P0444,F010,LAND,FACILITY,LAND,inbound,0,1,[],"[""A01"", ""A02"", ""A03""]",,,A01,216.0,"[""A01"", ""A02"", ""A03""]",216.0,F010,A01,52,T1,0,540.0,2026-08-04 08:50,2026-08-04 12:30,production,2,220,168,0
P0445,LAND,F018,LAND,FACILITY,outbound,1,0,"[""A01"", ""A02"", ""A03""]",[],,,A01,196.0,"[""A01"", ""A02"", ""A03""]",196.0,A01,F018,48,T1,1,490.0,2026-08-05 09:13,2026-08-07 10:12,shift,3,2939,2891,0
P0446,LAND,F051,LAND,FACILITY,outbound,1,0,"[""A01"", ""A02"", ""A03""]",[],,,A03,279.0,"[""A03"", ""A02"", ""A01""]",279.0,A03,F051,77,T2,1,697.5,2026-08-05 08:57,2026-08-06 10:47,shift,3,1550,1473,0
P0447,F022,LAND,FACILITY,LAND,inbound,0,1,[],"[""A01"", ""A02"", ""A03""]",,,A01,194.0,"[""A01"", ""A02"", ""A03""]",194.0,F022,A01,47,T1,0,485.0,2026-08-06 09:41,2026-08-08 10:47,shift,3,2946,2899,0
P0448,A02,F030,AIRPORT,FACILITY,outbound,0,0,"[""A02""]",[],A02,,A01,158.0,"[""A01"", ""A02"", ""A03""]",180.0,A02,F030,44,T1,1,450.0,2026-08-05 09:40,2026-08-07 10:30,shift,3,2930,2886,0
P0449,LAND,F029,LAND,FACILITY,outbound,1,0,"[""A01"", ""A02"", ""A03""]",[],,,A01,211.0,"[""A01"", ""A02"", ""A03""]",211.0,A01,F029,51,T1,1,527.5,2026-08-05 09:03,2026-08-06 10:28,shift,3,1525,1474,0
P0450,LAND,F027,LAND,FACILITY,outbound,1,0,"[""A01"", ""A02"", ""A03""]",[],,,A01,191.0,"[""A01"", ""A02"", ""A03""]",191.0,A01,F027,46,T1,1,477.5,2026-08-04 07:53,2026-08-05 08:56,shift,3,1503,1457,0
P0451,LAND,F034,LAND,FACILITY,outbound,1,0,"[""A01"", ""A02"", ""A03""]",[],,,A01,246.0,"[""A01"", ""A02"", ""A03""]",246.0,A01,F034,60,T1,1,615.0,2026-08-05 07:17,2026-08-05 11:02,production,2,225,165,0
P0452,F026,LAND,FACILITY,LAND,inbound,0,1,[],"[""A01"", ""A02"", ""A03""]",,,A01,204.0,"[""A01"", ""A02"", ""A03""]",204.0,F026,A01,49,T1,0,510.0,2026-08-07 08:53,2026-08-08 09:54,shift,3,1501,1452,0
P0453,LAND,F013,LAND,FACILITY,outbound,1,0,"[""A01"", ""A02"", ""A03""]",[],,,A01,279.0,"[""A01"", ""A02"", ""A03""]",279.0,A01,F013,77,T2,1,697.5,2026-08-04 06:47,2026-08-07 08:16,shift,3,4409,4332,0
P0454,LAND,F008,LAND,FACILITY,outbound,1,0,"[""A01"", ""A02"", ""A03""]",[],,,A01,221.0,"[""A01"", ""A02"", ""A03""]",221.0,A01,F008,54,T1,1,552.5,2026-08-08 08:05,2026-08-09 23:59,shift,3,2394,2340,0
P0455,LAND,F042,LAND,FACILITY,outbound,1,0,"[""A01"", ""A02"", ""A03""]",[],,,A03,368.0,"[""A03"", ""A02"", ""A01""]",368.0,A03,F042,101,T2,1,920.0,2026-08-03 09:02,2026-08-05 11:51,shift,3,3049,2948,0
P0456,LAND,F021,LAND,FACILITY,outbound,1,0,"[""A01"", ""A02"", ""A03""]",[],,,A01,218.0,"[""A01"", ""A02"", ""A03""]",218.0,A01,F021,53,T1,1,545.0,2026-08-08 08:21,2026-08-09 23:59,shift,3,2378,2325,0
P0457,F048,LAND,FACILITY,LAND,inbound,0,1,[],"[""A01"", ""A02"", ""A03""]",,,A03,254.0,"[""A03"", ""A02"", ""A01""]",254.0,F048,A03,70,T2,0,635.0,2026-08-08 10:31,2026-08-09 11:52,shift,3,1521,1451,0
P0458,LAND,F020,LAND,FACILITY,outbound,1,0,"[""A01"", ""A02"", ""A03""]",[],,,A01,171.0,"[""A01"", ""A02"", ""A03""]",171.0,A01,F020,42,T1,1,427.5,2026-08-08 07:48,2026-08-09 23:59,shift,3,2411,2369,0
P0459,LAND,F025,LAND,FACILITY,outbound,1,0,"[""A01"", ""A02"", ""A03""]",[],,,A01,202.0,"[""A01"", ""A02"", ""A03""]",202.0,A01,F025,49,T1,1,505.0,2026-08-07 06:00,2026-08-07 09:44,production,2,224,175,0
P0460,LAND,F022,LAND,FACILITY,outbound,1,0,"[""A01"", ""A02"", ""A03""]",[],,,A01,194.0,"[""A01"", ""A02"", ""A03""]",194.0,A01,F022,47,T1,1,485.0,2026-08-08 08:59,2026-08-09 23:59,shift,3,2340,2293,0
P0461,F051,F038,FACILITY,FACILITY,shuttle,0,0,[],[],,,A03,263.0,"[""A03"", ""A02"", ""A01""]",17.0,F051,F038,5,T1,1,42.5,2026-08-07 09:23,2026-08-09 09:28,shift,3,2885,2880,0
P0462,LAND,F051,LAND,FACILITY,outbound,1,0,"[""A01"", ""A02"", ""A03""]",[],,,A03,279.0,"[""A03"", ""A02"", ""A01""]",279.0,A03,F051,77,T2,1,697.5,2026-08-04 08:57,2026-08-07 10:47,shift,3,4430,4353,0
P0463,F011,LAND,FACILITY,LAND,inbound,0,1,[],"[""A01"", ""A02"", ""A03""]",,,A01,201.0,"[""A01"", ""A02"", ""A03""]",201.0,F011,A01,49,T1,0,502.5,2026-08-04 10:21,2026-08-04 13:02,production,2,161,112,0
P0464,F001,LAND,FACILITY,LAND,inbound,0,1,[],"[""A01"", ""A02"", ""A03""]",,,A01,219.0,"[""A01"", ""A02"", ""A03""]",219.0,F001,A01,53,T1,0,547.5,2026-08-08 08:03,2026-08-09 23:59,shift,3,2396,2343,0
P0465,A03,F052,AIRPORT,FACILITY,outbound,0,0,"[""A03""]",[],A03,,A02,259.0,"[""A02"", ""A03"", ""A01""]",261.0,A03,F052,72,T2,1,652.5,2026-08-09 07:30,2026-08-09 11:01,production,2,211,139,0
P0466,F048,F039,FACILITY,FACILITY,shuttle,0,0,[],[],,,A03,223.0,"[""A03"", ""A02"", ""A01""]",31.0,F048,F039,8,T1,1,77.5,2026-08-07 10:17,2026-08-07 12:31,production,2,134,126,0
P0467,LAND,F050,LAND,FACILITY,outbound,1,0,"[""A01"", ""A02"", ""A03""]",[],,,A03,403.0,"[""A03"", ""A02"", ""A01""]",403.0,A03,F050,128,T3,1,1007.5,2026-08-08 09:33,2026-08-09 23:59,shift,3,2306,2178,0
P0468,F031,A02,FACILITY,AIRPORT,inbound,0,0,[],"[""A02""]",,A02,A02,242.0,"[""A02"", ""A01"", ""A03""]",242.0,F031,A02,59,T1,0,605.0,2026-08-08 11:40,2026-08-09 23:59,shift,3,2179,2120,0
P0469,F044,A03,FACILITY,AIRPORT,inbound,0,0,[],"[""A03""]",,A03,A03,317.0,"[""A03"", ""A02"", ""A01""]",317.0,F044,A03,87,T2,0,792.5,2026-08-06 08:22,2026-08-08 10:03,shift,3,2981,2894,0
P0470,LAND,F031,LAND,FACILITY,outbound,1,0,"[""A01"", ""A02"", ""A03""]",[],,,A02,242.0,"[""A02"", ""A01"", ""A03""]",242.0,A02,F031,59,T1,1,605.0,2026-08-05 10:12,2026-08-06 11:18,shift,3,1506,1447,0
P0471,F039,A03,FACILITY,AIRPORT,inbound,0,0,[],"[""A03""]",,A03,A03,223.0,"[""A03"", ""A02"", ""A01""]",223.0,F039,A03,54,T1,0,557.5,2026-08-06 10:37,2026-08-08 11:48,shift,3,2951,2897,0
P0472,LAND,F018,LAND,FACILITY,outbound,1,0,"[""A01"", ""A02"", ""A03""]",[],,,A01,196.0,"[""A01"", ""A02"", ""A03""]",196.0,A01,F018,48,T1,1,490.0,2026-08-03 07:56,2026-08-05 08:48,shift,3,2932,2884,0
P0473,F039,F048,FACILITY,FACILITY,shuttle,0,0,[],[],,,A03,254.0,"[""A03"", ""A02"", ""A01""]",31.0,F039,F048,8,T1,1,77.5,2026-08-08 07:36,2026-08-09 23:59,shift,3,2423,2415,0
P0474,F007,F002,FACILITY,FACILITY,shuttle,0,0,[],[],,,A01,217.0,"[""A01"", ""A02"", ""A03""]",30.0,F007,F002,8,T1,1,75.0,2026-08-05 10:22,2026-08-07 10:31,shift,3,2889,2881,0
P0475,LAND,F024,LAND,FACILITY,outbound,1,0,"[""A01"", ""A02"", ""A03""]",[],,,A01,211.0,"[""A01"", ""A02"", ""A03""]",211.0,A01,F024,51,T1,1,527.5,2026-08-03 09:30,2026-08-05 10:30,temporary,4,2940,2889,0
P0476,A01,F015,AIRPORT,FACILITY,outbound,0,0,"[""A01""]",[],A01,,A01,191.0,"[""A01"", ""A02"", ""A03""]",191.0,A01,F015,46,T1,1,477.5,2026-08-08 08:53,2026-08-09 23:59,shift,3,2346,2300,0
P0477,F041,F045,FACILITY,FACILITY,shuttle,0,0,[],[],,,A03,260.0,"[""A03"", ""A02"", ""A01""]",20.0,F041,F045,5,T1,1,50.0,2026-08-04 10:20,2026-08-05 10:27,shift,3,1447,1442,0
P0478,F038,LAND,FACILITY,LAND,inbound,0,1,[],"[""A01"", ""A02"", ""A03""]",,,A03,263.0,"[""A03"", ""A02"", ""A01""]",263.0,F038,A03,72,T2,0,657.5,2026-08-06 09:51,2026-08-08 11:15,shift,3,2964,2892,0
P0479,LAND,F030,LAND,FACILITY,outbound,1,0,"[""A01"", ""A02"", ""A03""]",[],,,A01,158.0,"[""A01"", ""A02"", ""A03""]",158.0,A01,F030,38,T1,1,395.0,2026-08-07 09:44,2026-08-09 23:59,shift,3,3735,3697,0
P0480,LAND,F007,LAND,FACILITY,outbound,1,0,"[""A01"", ""A02"", ""A03""]",[],,,A01,233.0,"[""A01"", ""A02"", ""A03""]",233.0,A01,F007,56,T1,1,582.5,2026-08-03 00:00,2026-08-04 08:05,shift,3,1925,1869,0
P0481,F034,LAND,FACILITY,LAND,inbound,0,1,[],"[""A01"", ""A02"", ""A03""]",,,A01,246.0,"[""A01"", ""A02"", ""A03""]",246.0,F034,A01,60,T1,0,615.0,2026-08-08 07:25,2026-08-08 10:30,production,2,185,125,0
P0482,LAND,F016,LAND,FACILITY,outbound,1,0,"[""A01"", ""A02"", ""A03""]",[],,,A01,181.0,"[""A01"", ""A02"", ""A03""]",181.0,A01,F016,44,T1,1,452.5,2026-08-08 09:32,2026-08-09 23:59,shift,3,2307,2263,0
P0483,F052,LAND,FACILITY,LAND,inbound,0,1,[],"[""A01"", ""A02"", ""A03""]",,,A02,259.0,"[""A02"", ""A03"", ""A01""]",259.0,F052,A02,71,T2,0,647.5,2026-08-06 11:19,2026-08-08 13:10,shift,3,2991,2920,0
P0484,A01,F015,AIRPORT,FACILITY,outbound,0,0,"[""A01""]",[],A01,,A01,191.0,"[""A01"", ""A02"", ""A03""]",191.0,A01,F015,46,T1,1,477.5,2026-08-05 07:02,2026-08-08 08:19,shift,3,4397,4351,0
P0485,F032,F025,FACILITY,FACILITY,shuttle,0,0,[],[],,,A01,202.0,"[""A01"", ""A02"", ""A03""]",79.0,F032,F025,19,T1,1,197.5,2026-08-09 08:20,2026-08-09 23:59,shift,3,939,920,0
P0486,F017,F014,FACILITY,FACILITY,shuttle,0,0,[],[],,,A01,164.0,"[""A01"", ""A02"", ""A03""]",38.0,F017,F014,10,T1,1,95.0,2026-08-07 08:42,2026-08-08 08:54,shift,3,1452,1442,0
P0487,F032,A02,FACILITY,AIRPORT,inbound,0,0,[],"[""A02""]",,A02,A02,279.0,"[""A02"", ""A01"", ""A03""]",279.0,F032,A02,77,T2,0,697.5,2026-08-05 08:07,2026-08-05 11:08,production,2,181,104,0
P0488,F026,A02,FACILITY,AIRPORT,inbound,0,0,[],"[""A02""]",,A02,A01,204.0,"[""A01"", ""A02"", ""A03""]",221.0,F026,A02,54,T1,0,552.5,2026-08-03 08:34,2026-08-05 09:44,temporary,4,2950,2896,0
P0489,F003,F007,FACILITY,FACILITY,shuttle,0,0,[],[],,,A01,233.0,"[""A01"", ""A02"", ""A03""]",48.0,F003,F007,12,T1,1,120.0,2026-08-09 09:19,2026-08-09 23:59,shift,3,880,868,0
P0490,LAND,F028,LAND,FACILITY,outbound,1,0,"[""A01"", ""A02"", ""A03""]",[],,,A01,217.0,"[""A01"", ""A02"", ""A03""]",217.0,A01,F028,53,T1,1,542.5,2026-08-04 06:10,2026-08-08 07:49,temporary,4,5859,5806,0
P0491,F011,LAND,FACILITY,LAND,inbound,0,1,[],"[""A01"", ""A02"", ""A03""]",,,A01,201.0,"[""A01"", ""A02"", ""A03""]",201.0,F011,A01,49,T1,0,502.5,2026-08-04 10:58,2026-08-05 11:53,shift,3,1495,1446,0
P0492,LAND,F020,LAND,FACILITY,outbound,1,0,"[""A01"", ""A02"", ""A03""]",[],,,A01,171.0,"[""A01"", ""A02"", ""A03""]",171.0,A01,F020,42,T1,1,427.5,2026-08-06 07:04,2026-08-07 07:55,shift,3,1491,1449,0
P0493,LAND,F019,LAND,FACILITY,outbound,1,0,"[""A01"", ""A02"", ""A03""]",[],,,A01,204.0,"[""A01"", ""A02"", ""A03""]",204.0,A01,F019,49,T1,1,510.0,2026-08-03 00:00,2026-08-04 10:06,shift,3,2046,1997,0
P0494,F048,F039,FACILITY,FACILITY,shuttle,0,0,[],[],,,A03,223.0,"[""A03"", ""A02"", ""A01""]",31.0,F048,F039,8,T1,1,77.5,2026-08-06 10:52,2026-08-09 11:02,shift,3,4330,4322,0
P0495,F043,LAND,FACILITY,LAND,inbound,0,1,[],"[""A01"", ""A02"", ""A03""]",,,A03,303.0,"[""A03"", ""A02"", ""A01""]",303.0,F043,A03,83,T2,0,757.5,2026-08-04 12:13,2026-08-05 13:36,shift,3,1523,1440,0
P0496,LAND,F036,LAND,FACILITY,outbound,1,0,"[""A01"", ""A02"", ""A03""]",[],,,A02,215.0,"[""A02"", ""A01"", ""A03""]",215.0,A02,F036,52,T1,1,537.5,2026-08-06 10:09,2026-08-08 11:47,shift,3,2978,2926,0
P0497,F045,LAND,FACILITY,LAND,inbound,0,1,[],"[""A01"", ""A02"", ""A03""]",,,A03,260.0,"[""A03"", ""A02"", ""A01""]",260.0,F045,A03,71,T2,0,650.0,2026-08-03 10:58,2026-08-05 12:21,shift,3,2963,2892,0
P0498,F020,LAND,FACILITY,LAND,inbound,0,1,[],"[""A01"", ""A02"", ""A03""]",,,A01,171.0,"[""A01"", ""A02"", ""A03""]",171.0,F020,A01,42,T1,0,427.5,2026-08-03 00:00,2026-08-05 09:06,shift,3,3426,3384,0
P0499,A02,F024,AIRPORT,FACILITY,outbound,0,0,"[""A02""]",[],A02,,A01,211.0,"[""A01"", ""A02"", ""A03""]",219.0,A02,F024,53,T1,1,547.5,2026-08-04 09:30,2026-08-05 10:30,shift,3,1500,1447,0
P0500,F048,LAND,FACILITY,LAND,inbound,0,1,[],"[""A01"", ""A02"", ""A03""]",,,A03,254.0,"[""A03"", ""A02"", ""A01""]",254.0,F048,A03,70,T2,0,635.0,2026-08-04 11:44,2026-08-06 12:54,shift,3,2950,2880,0
P0501,LAND,F021,LAND,FACILITY,outbound,1,0,"[""A01"", ""A02"", ""A03""]",[],,,A01,218.0,"[""A01"", ""A02"", ""A03""]",218.0,A01,F021,53,T1,1,545.0,2026-08-03 00:00,2026-08-04 08:49,shift,3,1969,1916,0
P0502,LAND,F051,LAND,FACILITY,outbound,1,0,"[""A01"", ""A02"", ""A03""]",[],,,A03,279.0,"[""A03"", ""A02"", ""A01""]",279.0,A03,F051,77,T2,1,697.5,2026-08-04 08:57,2026-08-07 10:47,shift,3,4430,4353,0
P0503,F044,LAND,FACILITY,LAND,inbound,0,1,[],"[""A01"", ""A02"", ""A03""]",,,A03,317.0,"[""A03"", ""A02"", ""A01""]",317.0,F044,A03,87,T2,0,792.5,2026-08-04 08:34,2026-08-04 12:21,production,2,227,140,0
P0504,F047,LAND,FACILITY,LAND,inbound,0,1,[],"[""A01"", ""A02"", ""A03""]",,,A02,241.0,"[""A02"", ""A01"", ""A03""]",241.0,F047,A02,58,T1,0,602.5,2026-08-05 11:11,2026-08-07 12:54,shift,3,2983,2925,0
P0505,LAND,F026,LAND,FACILITY,outbound,1,0,"[""A01"", ""A02"", ""A03""]",[],,,A01,204.0,"[""A01"", ""A02"", ""A03""]",204.0,A01,F026,49,T1,1,510.0,2026-08-07 07:20,2026-08-09 08:43,shift,3,2963,2914,0
P0506,F013,LAND,FACILITY,LAND,inbound,0,1,[],"[""A01"", ""A02"", ""A03""]",,,A01,279.0,"[""A01"", ""A02"", ""A03""]",279.0,F013,A01,77,T2,0,697.5,2026-08-07 09:53,2026-08-09 11:22,shift,3,2969,2892,0
P0507,F050,F043,FACILITY,FACILITY,shuttle,0,0,[],[],,,A03,303.0,"[""A03"", ""A02"", ""A01""]",115.0,F050,F043,28,T1,1,287.5,2026-08-08 09:47,2026-08-09 10:39,shift,3,1492,1464,0
P0508,F007,A01,FACILITY,AIRPORT,inbound,0,0,[],"[""A01""]",,A01,A01,233.0,"[""A01"", ""A02"", ""A03""]",233.0,F007,A01,56,T1,0,582.5,2026-08-08 09:01,2026-08-09 23:59,shift,3,2338,2282,0
P0509,F037,F040,FACILITY,FACILITY,shuttle,0,0,[],[],,,A03,342.0,"[""A03"", ""A02"", ""A01""]",27.0,F037,F040,7,T1,1,67.5,2026-08-03 12:15,2026-08-05 12:23,shift,3,2888,2881,0
P0510,LAND,F012,LAND,FACILITY,outbound,1,0,"[""A01"", ""A02"", ""A03""]",[],,,A01,208.0,"[""A01"", ""A02"", ""A03""]",208.0,A01,F012,50,T1,1,520.0,2026-08-04 10:25,2026-08-06 11:31,shift,3,2946,2896,0
P0511,LAND,F026,LAND,FACILITY,outbound,1,0,"[""A01"", ""A02"", ""A03""]",[],,,A01,204.0,"[""A01"", ""A02"", ""A03""]",204.0,A01,F026,49,T1,1,510.0,2026-08-07 07:20,2026-08-08 08:43,shift,3,1523,1474,0
P0512,LAND,F001,LAND,FACILITY,outbound,1,0,"[""A01"", ""A02"", ""A03""]",[],,,A01,219.0,"[""A01"", ""A02"", ""A03""]",219.0,A01,F001,53,T1,1,547.5,2026-08-06 10:08,2026-08-07 11:08,shift,3,1500,1447,0
P0513,LAND,F015,LAND,FACILITY,outbound,1,0,"[""A01"", ""A02"", ""A03""]",[],,,A01,191.0,"[""A01"", ""A02"", ""A03""]",191.0,A01,F015,46,T1,1,477.5,2026-08-06 06:55,2026-08-06 08:44,emergency,1,109,63,0
P0514,F040,LAND,FACILITY,LAND,inbound,0,1,[],"[""A01"", ""A02"", ""A03""]",,,A03,342.0,"[""A03"", ""A02"", ""A01""]",342.0,F040,A03,94,T2,0,855.0,2026-08-07 12:05,2026-08-08 14:47,shift,3,1602,1508,0
P0515,F005,LAND,FACILITY,LAND,inbound,0,1,[],"[""A01"", ""A02"", ""A03""]",,,A01,190.0,"[""A01"", ""A02"", ""A03""]",190.0,F005,A01,46,T1,0,475.0,2026-08-07 10:12,2026-08-08 11:04,shift,3,1492,1446,0
P0516,F037,F044,FACILITY,FACILITY,shuttle,0,0,[],[],,,A03,317.0,"[""A03"", ""A02"", ""A01""]",54.0,F037,F044,13,T1,1,135.0,2026-08-09 09:04,2026-08-09 23:59,shift,3,895,882,0
P0517,F048,A03,FACILITY,AIRPORT,inbound,0,0,[],"[""A03""]",,A03,A03,254.0,"[""A03"", ""A02"", ""A01""]",254.0,F048,A03,70,T2,0,635.0,2026-08-04 11:44,2026-08-06 12:54,shift,3,2950,2880,0
P0518,F006,LAND,FACILITY,LAND,inbound,0,1,[],"[""A01"", ""A02"", ""A03""]",,,A01,235.0,"[""A01"", ""A02"", ""A03""]",235.0,F006,A01,57,T1,0,587.5,2026-08-03 10:01,2026-08-03 12:51,production,2,170,113,0
P0519,LAND,F041,LAND,FACILITY,outbound,1,0,"[""A01"", ""A02"", ""A03""]",[],,,A03,278.0,"[""A03"", ""A02"", ""A01""]",278.0,A03,F041,76,T2,1,695.0,2026-08-03 08:33,2026-08-05 10:42,shift,3,3009,2933,0
P0520,LAND,F043,LAND,FACILITY,outbound,1,0,"[""A01"", ""A02"", ""A03""]",[],,,A03,303.0,"[""A03"", ""A02"", ""A01""]",303.0,A03,F043,83,T2,1,757.5,2026-08-03 10:17,2026-08-05 12:03,shift,3,2986,2903,0
P0521,LAND,F026,LAND,FACILITY,outbound,1,0,"[""A01"", ""A02"", ""A03""]",[],,,A01,204.0,"[""A01"", ""A02"", ""A03""]",204.0,A01,F026,49,T1,1,510.0,2026-08-04 07:14,2026-08-06 08:24,shift,3,2950,2901,0
P0522,LAND,F026,LAND,FACILITY,outbound,1,0,"[""A01"", ""A02"", ""A03""]",[],,,A01,204.0,"[""A01"", ""A02"", ""A03""]",204.0,A01,F026,49,T1,1,510.0,2026-08-06 07:20,2026-08-09 08:43,shift,3,4403,4354,0
P0523,F038,A03,FACILITY,AIRPORT,inbound,0,0,[],"[""A03""]",,A03,A03,263.0,"[""A03"", ""A02"", ""A01""]",263.0,F038,A03,72,T2,0,657.5,2026-08-05 09:51,2026-08-08 11:15,shift,3,4404,4332,0
P0524,F016,LAND,FACILITY,LAND,inbound,0,1,[],"[""A01"", ""A02"", ""A03""]",,,A01,181.0,"[""A01"", ""A02"", ""A03""]",181.0,F016,A01,44,T1,0,452.5,2026-08-08 10:32,2026-08-09 23:59,shift,3,2247,2203,0
P0525,LAND,F012,LAND,FACILITY,outbound,1,0,"[""A01"", ""A02"", ""A03""]",[],,,A01,208.0,"[""A01"", ""A02"", ""A03""]",208.0,A01,F012,50,T1,1,520.0,2026-08-08 06:30,2026-08-08 09:29,production,2,179,129,0
P0526,F044,F037,FACILITY,FACILITY,shuttle,0,0,[],[],,,A03,359.0,"[""A03"", ""A02"", ""A01""]",54.0,F044,F037,13,T1,1,135.0,2026-08-06 12:07,2026-08-08 12:20,shift,3,2893,2880,0
P0527,F004,F007,FACILITY,FACILITY,shuttle,0,0,[],[],,,A01,233.0,"[""A01"", ""A02"", ""A03""]",36.0,F004,F007,9,T1,1,90.0,2026-08-04 08:10,2026-08-05 08:22,shift,3,1452,1443,0
P0528,A01,F003,AIRPORT,FACILITY,outbound,0,0,"[""A01""]",[],A01,,A01,192.0,"[""A01"", ""A02"", ""A03""]",192.0,A01,F003,47,T1,1,480.0,2026-08-07 07:12,2026-08-08 07:59,shift,3,1487,1440,0
P0529,F043,LAND,FACILITY,LAND,inbound,0,1,[],"[""A01"", ""A02"", ""A03""]",,,A03,303.0,"[""A03"", ""A02"", ""A01""]",303.0,F043,A03,83,T2,0,757.5,2026-08-06 08:56,2026-08-08 10:19,shift,3,2963,2880,0
P0530,LAND,F051,LAND,FACILITY,outbound,1,0,"[""A01"", ""A02"", ""A03""]",[],,,A03,279.0,"[""A03"", ""A02"", ""A01""]",279.0,A03,F051,77,T2,1,697.5,2026-08-08 07:26,2026-08-09 23:59,shift,3,2433,2356,0
P0531,F022,A02,FACILITY,AIRPORT,inbound,0,0,[],"[""A02""]",,A02,A01,194.0,"[""A01"", ""A02"", ""A03""]",208.0,F022,A02,50,T1,0,520.0,2026-08-08 10:15,2026-08-09 23:59,shift,3,2264,2214,0
P0532,F021,LAND,FACILITY,LAND,inbound,0,1,[],"[""A01"", ""A02"", ""A03""]",,,A01,218.0,"[""A01"", ""A02"", ""A03""]",218.0,F021,A01,53,T1,0,545.0,2026-08-08 09:41,2026-08-09 23:59,shift,3,2298,2245,0
P0533,F025,LAND,FACILITY,LAND,inbound,0,1,[],"[""A01"", ""A02"", ""A03""]",,,A01,202.0,"[""A01"", ""A02"", ""A03""]",202.0,F025,A01,49,T1,0,505.0,2026-08-04 16:56,2026-08-06 17:52,shift,3,2936,2887,0
P0534,F034,LAND,FACILITY,LAND,inbound,0,1,[],"[""A01"", ""A02"", ""A03""]",,,A01,246.0,"[""A01"", ""A02"", ""A03""]",246.0,F034,A01,60,T1,0,615.0,2026-08-08 08:05,2026-08-09 09:26,shift,3,1521,1461,0
P0535,LAND,F011,LAND,FACILITY,outbound,1,0,"[""A01"", ""A02"", ""A03""]",[],,,A01,201.0,"[""A01"", ""A02"", ""A03""]",201.0,A01,F011,49,T1,1,502.5,2026-08-04 09:43,2026-08-06 10:38,shift,3,2935,2886,0
P0536,F050,LAND,FACILITY,LAND,inbound,0,1,[],"[""A01"", ""A02"", ""A03""]",,,A03,403.0,"[""A03"", ""A02"", ""A01""]",403.0,F050,A03,128,T3,0,1007.5,2026-08-08 12:50,2026-08-09 23:59,shift,3,2109,1981,0
P0537,LAND,F025,LAND,FACILITY,outbound,1,0,"[""A01"", ""A02"", ""A03""]",[],,,A01,202.0,"[""A01"", ""A02"", ""A03""]",202.0,A01,F025,49,T1,1,505.0,2026-08-04 14:29,2026-08-04 17:40,production,2,191,142,0
P0538,F005,LAND,FACILITY,LAND,inbound,0,1,[],"[""A01"", ""A02"", ""A03""]",,,A01,190.0,"[""A01"", ""A02"", ""A03""]",190.0,F005,A01,46,T1,0,475.0,2026-08-03 08:51,2026-08-03 11:37,production,2,166,120,0
P0539,F019,LAND,FACILITY,LAND,inbound,0,1,[],"[""A01"", ""A02"", ""A03""]",,,A01,204.0,"[""A01"", ""A02"", ""A03""]",204.0,F019,A01,49,T1,0,510.0,2026-08-03 10:16,2026-08-05 11:45,shift,3,2969,2920,0
P0540,A03,F050,AIRPORT,FACILITY,outbound,0,0,"[""A03""]",[],A03,,A03,403.0,"[""A03"", ""A02"", ""A01""]",403.0,A03,F050,128,T3,1,1007.5,2026-08-04 07:11,2026-08-07 09:24,shift,3,4453,4325,0
P0541,LAND,F051,LAND,FACILITY,outbound,1,0,"[""A01"", ""A02"", ""A03""]",[],,,A03,279.0,"[""A03"", ""A02"", ""A01""]",279.0,A03,F051,77,T2,1,697.5,2026-08-04 08:57,2026-08-07 10:47,shift,3,4430,4353,0
P0542,A02,F019,AIRPORT,FACILITY,outbound,0,0,"[""A02""]",[],A02,,A01,204.0,"[""A01"", ""A02"", ""A03""]",216.0,A02,F019,52,T1,1,540.0,2026-08-09 07:11,2026-08-09 23:59,shift,3,1008,956,0
P0543,F023,LAND,FACILITY,LAND,inbound,0,1,[],"[""A01"", ""A02"", ""A03""]",,,A02,267.0,"[""A02"", ""A01"", ""A03""]",267.0,F023,A02,73,T2,0,667.5,2026-08-03 07:40,2026-08-06 09:13,shift,3,4413,4340,0
P0544,F030,LAND,FACILITY,LAND,inbound,0,1,[],"[""A01"", ""A02"", ""A03""]",,,A01,158.0,"[""A01"", ""A02"", ""A03""]",158.0,F030,A01,38,T1,0,395.0,2026-08-08 10:44,2026-08-09 23:59,shift,3,2235,2197,0
P0545,F030,LAND,FACILITY,LAND,inbound,0,1,[],"[""A01"", ""A02"", ""A03""]",,,A01,158.0,"[""A01"", ""A02"", ""A03""]",158.0,F030,A01,38,T1,0,395.0,2026-08-07 10:44,2026-08-09 11:34,shift,3,2930,2892,0
P0546,A02,F032,AIRPORT,FACILITY,outbound,0,0,"[""A02""]",[],A02,,A02,279.0,"[""A02"", ""A01"", ""A03""]",279.0,A02,F032,77,T2,1,697.5,2026-08-08 06:58,2026-08-09 23:59,shift,3,2461,2384,0
P0547,LAND,F047,LAND,FACILITY,outbound,1,0,"[""A01"", ""A02"", ""A03""]",[],,,A02,241.0,"[""A02"", ""A01"", ""A03""]",241.0,A02,F047,58,T1,1,602.5,2026-08-08 09:57,2026-08-09 11:40,shift,3,1543,1485,0
P0548,F002,LAND,FACILITY,LAND,inbound,0,1,[],"[""A01"", ""A02"", ""A03""]",,,A01,217.0,"[""A01"", ""A02"", ""A03""]",217.0,F002,A01,53,T1,0,542.5,2026-08-08 08:44,2026-08-09 23:59,shift,3,2355,2302,0
P0549,F039,F048,FACILITY,FACILITY,shuttle,0,0,[],[],,,A03,254.0,"[""A03"", ""A02"", ""A01""]",31.0,F039,F048,8,T1,1,77.5,2026-08-08 07:36,2026-08-09 23:59,shift,3,2423,2415,0
P0550,LAND,F021,LAND,FACILITY,outbound,1,0,"[""A01"", ""A02"", ""A03""]",[],,,A01,218.0,"[""A01"", ""A02"", ""A03""]",218.0,A01,F021,53,T1,1,545.0,2026-08-03 07:39,2026-08-05 08:49,shift,3,2950,2897,0
P0551,F046,LAND,FACILITY,LAND,inbound,0,1,[],"[""A01"", ""A02"", ""A03""]",,,A02,227.0,"[""A02"", ""A03"", ""A01""]",227.0,F046,A02,55,T1,0,567.5,2026-08-05 10:41,2026-08-06 12:24,shift,3,1543,1488,0
P0552,LAND,F036,LAND,FACILITY,outbound,1,0,"[""A01"", ""A02"", ""A03""]",[],,,A02,215.0,"[""A02"", ""A01"", ""A03""]",215.0,A02,F036,52,T1,1,537.5,2026-08-05 10:09,2026-08-08 11:47,shift,3,4418,4366,0
P0553,F025,LAND,FACILITY,LAND,inbound,0,1,[],"[""A01"", ""A02"", ""A03""]",,,A01,202.0,"[""A01"", ""A02"", ""A03""]",202.0,F025,A01,49,T1,0,505.0,2026-08-07 08:24,2026-08-09 09:20,shift,3,2936,2887,0
P0554,F020,A02,FACILITY,AIRPORT,inbound,0,0,[],"[""A02""]",,A02,A01,171.0,"[""A01"", ""A02"", ""A03""]",185.0,F020,A02,45,T1,0,462.5,2026-08-06 08:05,2026-08-08 08:56,shift,3,2931,2886,0
P0555,F029,LAND,FACILITY,LAND,inbound,0,1,[],"[""A01"", ""A02"", ""A03""]",,,A01,211.0,"[""A01"", ""A02"", ""A03""]",211.0,F029,A01,51,T1,0,527.5,2026-08-05 10:38,2026-08-06 11:37,shift,3,1499,1448,0
P0556,F049,F048,FACILITY,FACILITY,shuttle,0,0,[],[],,,A03,254.0,"[""A03"", ""A02"", ""A01""]",34.0,F049,F048,9,T1,1,85.0,2026-08-07 07:52,2026-08-09 23:59,shift,3,3847,3838,0
P0557,F038,A03,FACILITY,AIRPORT,inbound,0,0,[],"[""A03""]",,A03,A03,263.0,"[""A03"", ""A02"", ""A01""]",263.0,F038,A03,72,T2,0,657.5,2026-08-06 09:51,2026-08-07 11:15,shift,3,1524,1452,0
P0558,LAND,F044,LAND,FACILITY,outbound,1,0,"[""A01"", ""A02"", ""A03""]",[],,,A03,317.0,"[""A03"", ""A02"", ""A01""]",317.0,A03,F044,87,T2,1,792.5,2026-08-03 07:31,2026-08-06 09:12,shift,3,4421,4334,0
P0559,LAND,F028,LAND,FACILITY,outbound,1,0,"[""A01"", ""A02"", ""A03""]",[],,,A01,217.0,"[""A01"", ""A02"", ""A03""]",217.0,A01,F028,53,T1,1,542.5,2026-08-04 06:15,2026-08-06 07:35,shift,3,2960,2907,0
P0560,F016,F005,FACILITY,FACILITY,shuttle,0,0,[],[],,,A01,190.0,"[""A01"", ""A02"", ""A03""]",25.0,F016,F005,6,T1,1,62.5,2026-08-06 11:22,2026-08-08 11:29,shift,3,2887,2881,0
P0561,LAND,F012,LAND,FACILITY,outbound,1,0,"[""A01"", ""A02"", ""A03""]",[],,,A01,208.0,"[""A01"", ""A02"", ""A03""]",208.0,A01,F012,50,T1,1,520.0,2026-08-04 10:25,2026-08-06 11:31,shift,3,2946,2896,0
P0562,LAND,F030,LAND,FACILITY,outbound,1,0,"[""A01"", ""A02"", ""A03""]",[],,,A01,158.0,"[""A01"", ""A02"", ""A03""]",158.0,A01,F030,38,T1,1,395.0,2026-08-08 09:44,2026-08-09 23:59,shift,3,2295,2257,0
P0563,F024,LAND,FACILITY,LAND,inbound,0,1,[],"[""A01"", ""A02"", ""A03""]",,,A01,211.0,"[""A01"", ""A02"", ""A03""]",211.0,F024,A01,51,T1,0,527.5,2026-08-06 11:21,2026-08-09 12:21,shift,3,4380,4329,0
P0564,F006,LAND,FACILITY,LAND,inbound,0,1,[],"[""A01"", ""A02"", ""A03""]",,,A01,235.0,"[""A01"", ""A02"", ""A03""]",235.0,F006,A01,57,T1,0,587.5,2026-08-06 08:35,2026-08-09 09:50,shift,3,4395,4338,0
P0565,LAND,F035,LAND,FACILITY,outbound,1,0,"[""A01"", ""A02"", ""A03""]",[],,,A01,258.0,"[""A01"", ""A02"", ""A03""]",258.0,A01,F035,71,T2,1,645.0,2026-08-06 07:32,2026-08-06 10:53,production,2,201,130,0
P0566,LAND,F044,LAND,FACILITY,outbound,1,0,"[""A01"", ""A02"", ""A03""]",[],,,A03,317.0,"[""A03"", ""A02"", ""A01""]",317.0,A03,F044,87,T2,1,792.5,2026-08-07 06:21,2026-08-09 08:02,shift,3,2981,2894,0
P0567,LAND,F050,LAND,FACILITY,outbound,1,0,"[""A01"", ""A02"", ""A03""]",[],,,A03,403.0,"[""A03"", ""A02"", ""A01""]",403.0,A03,F050,128,T3,1,1007.5,2026-08-04 07:11,2026-08-06 09:24,shift,3,3013,2885,0
P0568,LAND,F045,LAND,FACILITY,outbound,1,0,"[""A01"", ""A02"", ""A03""]",[],,,A03,260.0,"[""A03"", ""A02"", ""A01""]",260.0,A03,F045,71,T2,1,650.0,2026-08-03 08:54,2026-08-05 10:48,shift,3,2994,2923,0
P0569,F043,F051,FACILITY,FACILITY,shuttle,0,0,[],[],,,A03,279.0,"[""A03"", ""A02"", ""A01""]",35.0,F043,F051,9,T1,1,87.5,2026-08-05 10:17,2026-08-06 10:29,shift,3,1452,1443,0
P0570,A01,F015,AIRPORT,FACILITY,outbound,0,0,"[""A01""]",[],A01,,A01,191.0,"[""A01"", ""A02"", ""A03""]",191.0,A01,F015,46,T1,1,477.5,2026-08-06 07:02,2026-08-08 08:19,shift,3,2957,2911,0
P0571,F033,LAND,FACILITY,LAND,inbound,0,1,[],"[""A01"", ""A02"", ""A03""]",,,A01,227.0,"[""A01"", ""A02"", ""A03""]",227.0,F033,A01,55,T1,0,567.5,2026-08-07 09:07,2026-08-09 10:13,shift,3,2946,2891,0
P0572,LAND,F019,LAND,FACILITY,outbound,1,0,"[""A01"", ""A02"", ""A03""]",[],,,A01,204.0,"[""A01"", ""A02"", ""A03""]",204.0,A01,F019,49,T1,1,510.0,2026-08-03 00:00,2026-08-05 10:06,shift,3,3486,3437,0
P0573,LAND,F038,LAND,FACILITY,outbound,1,0,"[""A01"", ""A02"", ""A03""]",[],,,A03,263.0,"[""A03"", ""A02"", ""A01""]",263.0,A03,F038,72,T2,1,657.5,2026-08-06 08:07,2026-08-07 09:31,shift,3,1524,1452,0
P0574,A02,F026,AIRPORT,FACILITY,outbound,0,0,"[""A02""]",[],A02,,A01,204.0,"[""A01"", ""A02"", ""A03""]",221.0,A02,F026,54,T1,1,552.5,2026-08-07 07:20,2026-08-08 08:43,shift,3,1523,1469,0
P0575,LAND,F001,LAND,FACILITY,outbound,1,0,"[""A01"", ""A02"", ""A03""]",[],,,A01,219.0,"[""A01"", ""A02"", ""A03""]",219.0,A01,F001,53,T1,1,547.5,2026-08-09 06:53,2026-08-09 23:59,shift,3,1026,973,0
P0576,F029,F021,FACILITY,FACILITY,shuttle,0,0,[],[],,,A01,218.0,"[""A01"", ""A02"", ""A03""]",17.0,F029,F021,5,T1,1,42.5,2026-08-07 09:49,2026-08-09 09:54,shift,3,2885,2880,0
P0577,F001,LAND,FACILITY,LAND,inbound,0,1,[],"[""A01"", ""A02"", ""A03""]",,,A01,219.0,"[""A01"", ""A02"", ""A03""]",219.0,F001,A01,53,T1,0,547.5,2026-08-06 11:18,2026-08-07 12:42,shift,3,1524,1471,0
P0578,F003,F007,FACILITY,FACILITY,shuttle,0,0,[],[],,,A01,233.0,"[""A01"", ""A02"", ""A03""]",48.0,F003,F007,12,T1,1,120.0,2026-08-08 09:19,2026-08-09 23:59,shift,3,2320,2308,0
P0579,F044,LAND,FACILITY,LAND,inbound,0,1,[],"[""A01"", ""A02"", ""A03""]",,,A03,317.0,"[""A03"", ""A02"", ""A01""]",317.0,F044,A03,87,T2,0,792.5,2026-08-03 09:32,2026-08-05 11:13,shift,3,2981,2894,0
P0580,LAND,F033,LAND,FACILITY,outbound,1,0,"[""A01"", ""A02"", ""A03""]",[],,,A01,227.0,"[""A01"", ""A02"", ""A03""]",227.0,A01,F033,55,T1,1,567.5,2026-08-08 07:26,2026-08-09 08:57,shift,3,1531,1476,0
P0581,F025,LAND,FACILITY,LAND,inbound,0,1,[],"[""A01"", ""A02"", ""A03""]",,,A01,202.0,"[""A01"", ""A02"", ""A03""]",202.0,F025,A01,49,T1,0,505.0,2026-08-04 16:56,2026-08-05 17:52,shift,3,1496,1447,0
P0582,LAND,F044,LAND,FACILITY,outbound,1,0,"[""A01"", ""A02"", ""A03""]",[],,,A03,317.0,"[""A03"", ""A02"", ""A01""]",317.0,A03,F044,87,T2,1,792.5,2026-08-06 06:21,2026-08-08 08:02,shift,3,2981,2894,0
P0583,LAND,F010,LAND,FACILITY,outbound,1,0,"[""A01"", ""A02"", ""A03""]",[],,,A01,216.0,"[""A01"", ""A02"", ""A03""]",216.0,A01,F010,52,T1,1,540.0,2026-08-03 08:32,2026-08-05 09:31,shift,3,2939,2887,0
P0584,LAND,F012,LAND,FACILITY,outbound,1,0,"[""A01"", ""A02"", ""A03""]",[],,,A01,208.0,"[""A01"", ""A02"", ""A03""]",208.0,A01,F012,50,T1,1,520.0,2026-08-07 07:14,2026-08-09 08:20,shift,3,2946,2896,0
P0585,F018,F026,FACILITY,FACILITY,shuttle,0,0,[],[],,,A01,204.0,"[""A01"", ""A02"", ""A03""]",14.0,F018,F026,4,T1,1,35.0,2026-08-03 08:39,2026-08-05 08:43,shift,3,2884,2880,0
P0586,F001,LAND,FACILITY,LAND,inbound,0,1,[],"[""A01"", ""A02"", ""A03""]",,,A01,219.0,"[""A01"", ""A02"", ""A03""]",219.0,F001,A01,53,T1,0,547.5,2026-08-05 11:18,2026-08-08 12:42,shift,3,4404,4351,0
P0587,F024,LAND,FACILITY,LAND,inbound,0,1,[],"[""A01"", ""A02"", ""A03""]",,,A01,211.0,"[""A01"", ""A02"", ""A03""]",211.0,F024,A01,51,T1,0,527.5,2026-08-07 11:21,2026-08-08 12:21,shift,3,1500,1449,0
P0588,A03,F043,AIRPORT,FACILITY,outbound,0,0,"[""A03""]",[],A03,,A03,303.0,"[""A03"", ""A02"", ""A01""]",303.0,A03,F043,83,T2,1,757.5,2026-08-03 10:17,2026-08-05 12:03,shift,3,2986,2903,0
P0589,F020,LAND,FACILITY,LAND,inbound,0,1,[],"[""A01"", ""A02"", ""A03""]",,,A01,171.0,"[""A01"", ""A02"", ""A03""]",171.0,F020,A01,42,T1,0,427.5,2026-08-03 00:00,2026-08-04 09:06,shift,3,1986,1944,0
P0590,F043,LAND,FACILITY,LAND,inbound,0,1,[],"[""A01"", ""A02"", ""A03""]",,,A03,303.0,"[""A03"", ""A02"", ""A01""]",303.0,F043,A03,83,T2,0,757.5,2026-08-03 12:13,2026-08-05 13:36,shift,3,2963,2880,0
P0591,F021,LAND,FACILITY,LAND,inbound,0,1,[],"[""A01"", ""A02"", ""A03""]",,,A01,218.0,"[""A01"", ""A02"", ""A03""]",218.0,F021,A01,53,T1,0,545.0,2026-08-03 00:00,2026-08-05 10:09,shift,3,3489,3436,0
P0592,F026,F033,FACILITY,FACILITY,shuttle,0,0,[],[],,,A01,227.0,"[""A01"", ""A02"", ""A03""]",35.0,F026,F033,9,T1,1,87.5,2026-08-05 07:45,2026-08-09 07:55,temporary,4,5770,5761,0
P0593,F048,F039,FACILITY,FACILITY,shuttle,0,0,[],[],,,A03,223.0,"[""A03"", ""A02"", ""A01""]",31.0,F048,F039,8,T1,1,77.5,2026-08-06 10:52,2026-08-09 11:02,shift,3,4330,4322,0
P0594,F035,LAND,FACILITY,LAND,inbound,0,1,[],"[""A01"", ""A02"", ""A03""]",,,A01,258.0,"[""A01"", ""A02"", ""A03""]",258.0,F035,A01,71,T2,0,645.0,2026-08-08 10:17,2026-08-09 23:59,shift,3,2262,2191,0
P0595,F015,LAND,FACILITY,LAND,inbound,0,1,[],"[""A01"", ""A02"", ""A03""]",,,A01,191.0,"[""A01"", ""A02"", ""A03""]",191.0,F015,A01,46,T1,0,477.5,2026-08-05 08:29,2026-08-08 09:15,shift,3,4366,4320,0
P0596,F029,LAND,FACILITY,LAND,inbound,0,1,[],"[""A01"", ""A02"", ""A03""]",,,A01,211.0,"[""A01"", ""A02"", ""A03""]",211.0,F029,A01,51,T1,0,527.5,2026-08-05 10:38,2026-08-06 11:37,shift,3,1499,1448,0
P0597,F021,LAND,FACILITY,LAND,inbound,0,1,[],"[""A01"", ""A02"", ""A03""]",,,A01,218.0,"[""A01"", ""A02"", ""A03""]",218.0,F021,A01,53,T1,0,545.0,2026-08-03 08:59,2026-08-04 10:09,shift,3,1510,1457,0
P0598,LAND,F017,LAND,FACILITY,outbound,1,0,"[""A01"", ""A02"", ""A03""]",[],,,A01,153.0,"[""A01"", ""A02"", ""A03""]",153.0,A01,F017,37,T1,1,382.5,2026-08-09 10:11,2026-08-09 23:59,shift,3,828,791,0
P0599,LAND,F033,LAND,FACILITY,outbound,1,0,"[""A01"", ""A02"", ""A03""]",[],,,A01,227.0,"[""A01"", ""A02"", ""A03""]",227.0,A01,F033,55,T1,1,567.5,2026-08-07 07:26,2026-08-09 23:59,shift,3,3873,3818,0
P0600,LAND,F028,LAND,FACILITY,outbound,1,0,"[""A01"", ""A02"", ""A03""]",[],,,A01,217.0,"[""A01"", ""A02"", ""A03""]",217.0,A01,F028,53,T1,1,542.5,2026-08-07 06:10,2026-08-08 07:49,shift,3,1539,1486,0
P0601,LAND,F043,LAND,FACILITY,outbound,1,0,"[""A01"", ""A02"", ""A03""]",[],,,A03,303.0,"[""A03"", ""A02"", ""A01""]",303.0,A03,F043,83,T2,1,757.5,2026-08-03 10:17,2026-08-06 12:03,shift,3,4426,4343,0
P0602,LAND,F001,LAND,FACILITY,outbound,1,0,"[""A01"", ""A02"", ""A03""]",[],,,A01,219.0,"[""A01"", ""A02"", ""A03""]",219.0,A01,F001,53,T1,1,547.5,2026-08-06 10:08,2026-08-08 11:08,shift,3,2940,2887,0
P0603,F037,F044,FACILITY,FACILITY,shuttle,0,0,[],[],,,A03,317.0,"[""A03"", ""A02"", ""A01""]",54.0,F037,F044,13,T1,1,135.0,2026-08-09 09:04,2026-08-09 23:59,shift,3,895,882,0
P0604,F001,F016,FACILITY,FACILITY,shuttle,0,0,[],[],,,A01,181.0,"[""A01"", ""A02"", ""A03""]",41.0,F001,F016,10,T1,1,102.5,2026-08-03 11:33,2026-08-04 11:46,shift,3,1453,1443,0
P0605,LAND,F015,LAND,FACILITY,outbound,1,0,"[""A01"", ""A02"", ""A03""]",[],,,A01,191.0,"[""A01"", ""A02"", ""A03""]",191.0,A01,F015,46,T1,1,477.5,2026-08-06 07:02,2026-08-07 08:19,shift,3,1517,1471,0
P0606,F003,A01,FACILITY,AIRPORT,inbound,0,0,[],"[""A01""]",,A01,A01,192.0,"[""A01"", ""A02"", ""A03""]",192.0,F003,A01,47,T1,0,480.0,2026-08-06 08:09,2026-08-08 09:30,shift,3,2961,2914,0
P0607,LAND,F001,LAND,FACILITY,outbound,1,0,"[""A01"", ""A02"", ""A03""]",[],,,A01,219.0,"[""A01"", ""A02"", ""A03""]",219.0,A01,F001,53,T1,1,547.5,2026-08-08 06:53,2026-08-09 23:59,shift,3,2466,2413,0
P0608,F033,LAND,FACILITY,LAND,inbound,0,1,[],"[""A01"", ""A02"", ""A03""]",,,A01,227.0,"[""A01"", ""A02"", ""A03""]",227.0,F033,A01,55,T1,0,567.5,2026-08-05 08:58,2026-08-07 10:14,shift,3,2956,2901,0
P0609,F036,LAND,FACILITY,LAND,inbound,0,1,[],"[""A01"", ""A02"", ""A03""]",,,A02,215.0,"[""A02"", ""A01"", ""A03""]",215.0,F036,A02,52,T1,0,537.5,2026-08-09 16:40,2026-08-09 23:59,shift,3,439,387,0
P0610,LAND,F047,LAND,FACILITY,outbound,1,0,"[""A01"", ""A02"", ""A03""]",[],,,A02,241.0,"[""A02"", ""A01"", ""A03""]",241.0,A02,F047,58,T1,1,602.5,2026-08-05 09:18,2026-08-06 11:01,shift,3,1543,1485,0
P0611,A02,F023,AIRPORT,FACILITY,outbound,0,0,"[""A02""]",[],A02,,A02,267.0,"[""A02"", ""A01"", ""A03""]",267.0,A02,F023,73,T2,1,667.5,2026-08-07 15:16,2026-08-08 16:41,shift,3,1525,1452,0
P0612,LAND,F020,LAND,FACILITY,outbound,1,0,"[""A01"", ""A02"", ""A03""]",[],,,A01,171.0,"[""A01"", ""A02"", ""A03""]",171.0,A01,F020,42,T1,1,427.5,2026-08-03 06:58,2026-08-04 07:57,shift,3,1499,1457,0
P0613,A01,F016,AIRPORT,FACILITY,outbound,0,0,"[""A01""]",[],A01,,A01,181.0,"[""A01"", ""A02"", ""A03""]",181.0,A01,F016,44,T1,1,452.5,2026-08-06 14:07,2026-08-06 16:37,production,2,150,106,0
P0614,F015,F009,FACILITY,FACILITY,shuttle,0,0,[],[],,,A01,166.0,"[""A01"", ""A02"", ""A03""]",38.0,F015,F009,10,T1,1,95.0,2026-08-07 10:34,2026-08-07 11:15,emergency,1,41,31,0
P0615,F023,LAND,FACILITY,LAND,inbound,0,1,[],"[""A01"", ""A02"", ""A03""]",,,A02,267.0,"[""A02"", ""A01"", ""A03""]",267.0,F023,A02,73,T2,0,667.5,2026-08-03 07:40,2026-08-05 09:13,shift,3,2973,2900,0
P0616,LAND,F032,LAND,FACILITY,outbound,1,0,"[""A01"", ""A02"", ""A03""]",[],,,A02,279.0,"[""A02"", ""A01"", ""A03""]",279.0,A02,F032,77,T2,1,697.5,2026-08-05 06:54,2026-08-06 08:31,shift,3,1537,1460,0
P0617,LAND,F042,LAND,FACILITY,outbound,1,0,"[""A01"", ""A02"", ""A03""]",[],,,A03,368.0,"[""A03"", ""A02"", ""A01""]",368.0,A03,F042,101,T2,1,920.0,2026-08-07 06:07,2026-08-09 08:10,shift,3,3003,2902,0
P0618,LAND,F032,LAND,FACILITY,outbound,1,0,"[""A01"", ""A02"", ""A03""]",[],,,A02,279.0,"[""A02"", ""A01"", ""A03""]",279.0,A02,F032,77,T2,1,697.5,2026-08-05 06:06,2026-08-05 09:37,production,2,211,134,0
P0619,A01,F012,AIRPORT,FACILITY,outbound,0,0,"[""A01""]",[],A01,,A01,208.0,"[""A01"", ""A02"", ""A03""]",208.0,A01,F012,50,T1,1,520.0,2026-08-03 10:25,2026-08-06 11:31,shift,3,4386,4336,0
P0620,LAND,F026,LAND,FACILITY,outbound,1,0,"[""A01"", ""A02"", ""A03""]",[],,,A01,204.0,"[""A01"", ""A02"", ""A03""]",204.0,A01,F026,49,T1,1,510.0,2026-08-03 07:14,2026-08-06 08:24,shift,3,4390,4341,0
P0621,F004,LAND,FACILITY,LAND,inbound,0,1,[],"[""A01"", ""A02"", ""A03""]",,,A01,197.0,"[""A01"", ""A02"", ""A03""]",197.0,F004,A01,48,T1,0,492.5,2026-08-03 00:00,2026-08-05 10:16,shift,3,3496,3448,0
P0622,LAND,F005,LAND,FACILITY,outbound,1,0,"[""A01"", ""A02"", ""A03""]",[],,,A01,190.0,"[""A01"", ""A02"", ""A03""]",190.0,A01,F005,46,T1,1,475.0,2026-08-03 08:48,2026-08-04 09:40,shift,3,1492,1446,0
P0623,F003,F007,FACILITY,FACILITY,shuttle,0,0,[],[],,,A01,233.0,"[""A01"", ""A02"", ""A03""]",48.0,F003,F007,12,T1,1,120.0,2026-08-08 09:19,2026-08-09 23:59,shift,3,2320,2308,0
P0624,F043,LAND,FACILITY,LAND,inbound,0,1,[],"[""A01"", ""A02"", ""A03""]",,,A03,303.0,"[""A03"", ""A02"", ""A01""]",303.0,F043,A03,83,T2,0,757.5,2026-08-03 12:13,2026-08-06 13:36,shift,3,4403,4320,0
P0625,F017,LAND,FACILITY,LAND,inbound,0,1,[],"[""A01"", ""A02"", ""A03""]",,,A01,153.0,"[""A01"", ""A02"", ""A03""]",153.0,F017,A01,37,T1,0,382.5,2026-08-08 11:03,2026-08-09 23:59,shift,3,2216,2179,0
P0626,F020,LAND,FACILITY,LAND,inbound,0,1,[],"[""A01"", ""A02"", ""A03""]",,,A01,171.0,"[""A01"", ""A02"", ""A03""]",171.0,F020,A01,42,T1,0,427.5,2026-08-03 08:07,2026-08-05 09:06,shift,3,2939,2897,0
P0627,F021,A02,FACILITY,AIRPORT,inbound,0,0,[],"[""A02""]",,A02,A01,218.0,"[""A01"", ""A02"", ""A03""]",220.0,F021,A02,53,T1,0,550.0,2026-08-03 08:59,2026-08-04 10:09,shift,3,1510,1457,0
P0628,LAND,F008,LAND,FACILITY,outbound,1,0,"[""A01"", ""A02"", ""A03""]",[],,,A01,221.0,"[""A01"", ""A02"", ""A03""]",221.0,A01,F008,54,T1,1,552.5,2026-08-07 08:05,2026-08-09 23:59,shift,3,3834,3780,0
P0629,F022,A02,FACILITY,AIRPORT,inbound,0,0,[],"[""A02""]",,A02,A01,194.0,"[""A01"", ""A02"", ""A03""]",208.0,F022,A02,50,T1,0,520.0,2026-08-04 09:07,2026-08-06 09:57,shift,3,2930,2880,0
P0630,F012,LAND,FACILITY,LAND,inbound,0,1,[],"[""A01"", ""A02"", ""A03""]",,,A01,208.0,"[""A01"", ""A02"", ""A03""]",208.0,F012,A01,50,T1,0,520.0,2026-08-08 08:30,2026-08-09 09:36,shift,3,1506,1456,0
P0631,LAND,F010,LAND,FACILITY,outbound,1,0,"[""A01"", ""A02"", ""A03""]",[],,,A01,216.0,"[""A01"", ""A02"", ""A03""]",216.0,A01,F010,52,T1,1,540.0,2026-08-08 09:58,2026-08-09 10:57,shift,3,1499,1447,0
P0632,LAND,F004,LAND,FACILITY,outbound,1,0,"[""A01"", ""A02"", ""A03""]",[],,,A01,197.0,"[""A01"", ""A02"", ""A03""]",197.0,A01,F004,48,T1,1,492.5,2026-08-06 07:55,2026-08-09 08:43,shift,3,4368,4320,0
P0633,F009,LAND,FACILITY,LAND,inbound,0,1,[],"[""A01"", ""A02"", ""A03""]",,,A01,166.0,"[""A01"", ""A02"", ""A03""]",166.0,F009,A01,40,T1,0,415.0,2026-08-07 10:24,2026-08-09 11:10,shift,3,2926,2886,0
P0634,LAND,F028,LAND,FACILITY,outbound,1,0,"[""A01"", ""A02"", ""A03""]",[],,,A01,217.0,"[""A01"", ""A02"", ""A03""]",217.0,A01,F028,53,T1,1,542.5,2026-08-07 06:10,2026-08-09 07:49,shift,3,2979,2926,0
P0635,A02,F020,AIRPORT,FACILITY,outbound,0,0,"[""A02""]",[],A02,,A01,171.0,"[""A01"", ""A02"", ""A03""]",185.0,A02,F020,45,T1,1,462.5,2026-08-03 00:00,2026-08-04 07:57,shift,3,1917,1872,0
P0636,F011,LAND,FACILITY,LAND,inbound,0,1,[],"[""A01"", ""A02"", ""A03""]",,,A01,201.0,"[""A01"", ""A02"", ""A03""]",201.0,F011,A01,49,T1,0,502.5,2026-08-04 10:23,2026-08-04 13:09,production,2,166,117,0
P0637,A01,F015,AIRPORT,FACILITY,outbound,0,0,"[""A01""]",[],A01,,A01,191.0,"[""A01"", ""A02"", ""A03""]",191.0,A01,F015,46,T1,1,477.5,2026-08-06 07:02,2026-08-08 08:19,shift,3,2957,2911,0
P0638,LAND,F042,LAND,FACILITY,outbound,1,0,"[""A01"", ""A02"", ""A03""]",[],,,A03,368.0,"[""A03"", ""A02"", ""A01""]",368.0,A03,F042,101,T2,1,920.0,2026-08-07 06:00,2026-08-07 08:59,production,2,179,78,0
P0639,F033,LAND,FACILITY,LAND,inbound,0,1,[],"[""A01"", ""A02"", ""A03""]",,,A01,227.0,"[""A01"", ""A02"", ""A03""]",227.0,F033,A01,55,T1,0,567.5,2026-08-08 09:07,2026-08-09 23:59,shift,3,2332,2277,0
P0640,F021,LAND,FACILITY,LAND,inbound,0,1,[],"[""A01"", ""A02"", ""A03""]",,,A01,218.0,"[""A01"", ""A02"", ""A03""]",218.0,F021,A01,53,T1,0,545.0,2026-08-06 09:41,2026-08-09 23:59,temporary,4,5178,5125,0
P0641,LAND,F012,LAND,FACILITY,outbound,1,0,"[""A01"", ""A02"", ""A03""]",[],,,A01,208.0,"[""A01"", ""A02"", ""A03""]",208.0,A01,F012,50,T1,1,520.0,2026-08-04 10:25,2026-08-05 11:31,shift,3,1506,1456,0
P0642,LAND,F010,LAND,FACILITY,outbound,1,0,"[""A01"", ""A02"", ""A03""]",[],,,A01,216.0,"[""A01"", ""A02"", ""A03""]",216.0,A01,F010,52,T1,1,540.0,2026-08-07 09:58,2026-08-09 10:57,shift,3,2939,2887,0
P0643,A03,F050,AIRPORT,FACILITY,outbound,0,0,"[""A03""]",[],A03,,A03,403.0,"[""A03"", ""A02"", ""A01""]",403.0,A03,F050,128,T3,1,1007.5,2026-08-05 07:11,2026-08-06 09:24,shift,3,1573,1445,0
P0644,LAND,F012,LAND,FACILITY,outbound,1,0,"[""A01"", ""A02"", ""A03""]",[],,,A01,208.0,"[""A01"", ""A02"", ""A03""]",208.0,A01,F012,50,T1,1,520.0,2026-08-07 07:14,2026-08-09 08:20,shift,3,2946,2896,0
P0645,F046,F047,FACILITY,FACILITY,shuttle,0,0,[],[],,,A02,241.0,"[""A02"", ""A01"", ""A03""]",15.0,F046,F047,4,T1,1,37.5,2026-08-06 10:00,2026-08-07 10:05,shift,3,1445,1441,0
P0646,F051,LAND,FACILITY,LAND,inbound,0,1,[],"[""A01"", ""A02"", ""A03""]",,,A03,279.0,"[""A03"", ""A02"", ""A01""]",279.0,F051,A03,77,T2,0,697.5,2026-08-08 09:13,2026-08-09 23:59,shift,3,2326,2249,0
P0647,LAND,F016,LAND,FACILITY,outbound,1,0,"[""A01"", ""A02"", ""A03""]",[],,,A01,181.0,"[""A01"", ""A02"", ""A03""]",181.0,A01,F016,44,T1,1,452.5,2026-08-08 09:32,2026-08-09 23:59,shift,3,2307,2263,0
P0648,LAND,F013,LAND,FACILITY,outbound,1,0,"[""A01"", ""A02"", ""A03""]",[],,,A01,279.0,"[""A01"", ""A02"", ""A03""]",279.0,A01,F013,77,T2,1,697.5,2026-08-08 07:53,2026-08-09 23:59,shift,3,2406,2329,0
P0649,F047,LAND,FACILITY,LAND,inbound,0,1,[],"[""A01"", ""A02"", ""A03""]",,,A02,241.0,"[""A02"", ""A01"", ""A03""]",241.0,F047,A02,58,T1,0,602.5,2026-08-04 11:11,2026-08-06 12:54,shift,3,2983,2925,0
P0650,F013,F002,FACILITY,FACILITY,shuttle,0,0,[],[],,,A01,217.0,"[""A01"", ""A02"", ""A03""]",67.0,F013,F002,17,T1,1,167.5,2026-08-06 08:45,2026-08-07 09:07,shift,3,1462,1445,0
P0651,F052,A03,FACILITY,AIRPORT,inbound,0,0,[],"[""A03""]",,A03,A02,259.0,"[""A02"", ""A03"", ""A01""]",261.0,F052,A03,72,T2,0,652.5,2026-08-09 09:18,2026-08-09 12:16,production,2,178,106,0
P0652,LAND,F007,LAND,FACILITY,outbound,1,0,"[""A01"", ""A02"", ""A03""]",[],,,A01,233.0,"[""A01"", ""A02"", ""A03""]",233.0,A01,F007,56,T1,1,582.5,2026-08-07 07:30,2026-08-09 23:59,shift,3,3869,3813,0
P0653,F025,LAND,FACILITY,LAND,inbound,0,1,[],"[""A01"", ""A02"", ""A03""]",,,A01,202.0,"[""A01"", ""A02"", ""A03""]",202.0,F025,A01,49,T1,0,505.0,2026-08-07 07:43,2026-08-07 10:46,production,2,183,134,0
P0654,F028,LAND,FACILITY,LAND,inbound,0,1,[],"[""A01"", ""A02"", ""A03""]",,,A01,217.0,"[""A01"", ""A02"", ""A03""]",217.0,F028,A01,53,T1,0,542.5,2026-08-05 07:45,2026-08-06 09:05,shift,3,1520,1467,0
P0655,LAND,F038,LAND,FACILITY,outbound,1,0,"[""A01"", ""A02"", ""A03""]",[],,,A03,263.0,"[""A03"", ""A02"", ""A01""]",263.0,A03,F038,72,T2,1,657.5,2026-08-06 08:07,2026-08-07 09:31,shift,3,1524,1452,0
P0656,F026,LAND,FACILITY,LAND,inbound,0,1,[],"[""A01"", ""A02"", ""A03""]",,,A01,204.0,"[""A01"", ""A02"", ""A03""]",204.0,F026,A01,49,T1,0,510.0,2026-08-04 07:36,2026-08-04 10:35,production,2,179,130,0
P0657,LAND,F041,LAND,FACILITY,outbound,1,0,"[""A01"", ""A02"", ""A03""]",[],,,A03,278.0,"[""A03"", ""A02"", ""A01""]",278.0,A03,F041,76,T2,1,695.0,2026-08-04 07:40,2026-08-04 11:30,production,2,230,154,0
P0658,F052,F048,FACILITY,FACILITY,shuttle,0,0,[],[],,,A03,254.0,"[""A03"", ""A02"", ""A01""]",23.0,F052,F048,6,T1,1,57.5,2026-08-08 10:34,2026-08-09 10:42,shift,3,1448,1442,0
P0659,LAND,F002,LAND,FACILITY,outbound,1,0,"[""A01"", ""A02"", ""A03""]",[],,,A01,217.0,"[""A01"", ""A02"", ""A03""]",217.0,A01,F002,53,T1,1,542.5,2026-08-05 07:29,2026-08-07 08:38,shift,3,2949,2896,0
P0660,A02,F033,AIRPORT,FACILITY,outbound,0,0,"[""A02""]",[],A02,,A01,227.0,"[""A01"", ""A02"", ""A03""]",239.0,A02,F033,58,T1,1,597.5,2026-08-07 07:26,2026-08-09 23:59,shift,3,3873,3815,0
P0661,LAND,F030,LAND,FACILITY,outbound,1,0,"[""A01"", ""A02"", ""A03""]",[],,,A01,158.0,"[""A01"", ""A02"", ""A03""]",158.0,A01,F030,38,T1,1,395.0,2026-08-08 09:44,2026-08-09 23:59,shift,3,2295,2257,0
P0662,F018,F026,FACILITY,FACILITY,shuttle,0,0,[],[],,,A01,204.0,"[""A01"", ""A02"", ""A03""]",14.0,F018,F026,4,T1,1,35.0,2026-08-03 08:39,2026-08-05 08:43,shift,3,2884,2880,0
P0663,F011,F015,FACILITY,FACILITY,shuttle,0,0,[],[],,,A01,191.0,"[""A01"", ""A02"", ""A03""]",31.0,F011,F015,8,T1,1,77.5,2026-08-05 07:33,2026-08-08 07:41,shift,3,4328,4320,0
P0664,F025,LAND,FACILITY,LAND,inbound,0,1,[],"[""A01"", ""A02"", ""A03""]",,,A01,202.0,"[""A01"", ""A02"", ""A03""]",202.0,F025,A01,49,T1,0,505.0,2026-08-07 08:24,2026-08-09 09:20,shift,3,2936,2887,0
P0665,LAND,F035,LAND,FACILITY,outbound,1,0,"[""A01"", ""A02"", ""A03""]",[],,,A01,258.0,"[""A01"", ""A02"", ""A03""]",258.0,A01,F035,71,T2,1,645.0,2026-08-09 07:49,2026-08-09 11:11,production,2,202,131,0
P0666,F020,LAND,FACILITY,LAND,inbound,0,1,[],"[""A01"", ""A02"", ""A03""]",,,A01,171.0,"[""A01"", ""A02"", ""A03""]",171.0,F020,A01,42,T1,0,427.5,2026-08-09 08:49,2026-08-09 23:59,shift,3,910,868,0
P0667,F051,LAND,FACILITY,LAND,inbound,0,1,[],"[""A01"", ""A02"", ""A03""]",,,A03,279.0,"[""A03"", ""A02"", ""A01""]",279.0,F051,A03,77,T2,0,697.5,2026-08-05 10:57,2026-08-07 12:26,shift,3,2969,2892,0
P0668,F012,LAND,FACILITY,LAND,inbound,0,1,[],"[""A01"", ""A02"", ""A03""]",,,A01,208.0,"[""A01"", ""A02"", ""A03""]",208.0,F012,A01,50,T1,0,520.0,2026-08-04 11:41,2026-08-06 12:47,shift,3,2946,2896,0
P0669,F042,F040,FACILITY,FACILITY,shuttle,0,0,[],[],,,A03,342.0,"[""A03"", ""A02"", ""A01""]",28.0,F042,F040,7,T1,1,70.0,2026-08-05 09:55,2026-08-07 10:04,shift,3,2889,2882,0
P0670,F010,F007,FACILITY,FACILITY,shuttle,0,0,[],[],,,A01,233.0,"[""A01"", ""A02"", ""A03""]",37.0,F010,F007,9,T1,1,92.5,2026-08-05 07:53,2026-08-06 08:27,shift,3,1474,1465,0
P0671,F037,LAND,FACILITY,LAND,inbound,0,1,[],"[""A01"", ""A02"", ""A03""]",,,A03,359.0,"[""A03"", ""A02"", ""A01""]",359.0,F037,A03,98,T2,0,897.5,2026-08-03 11:40,2026-08-05 13:42,shift,3,3002,2904,0
P0672,LAND,F013,LAND,FACILITY,outbound,1,0,"[""A01"", ""A02"", ""A03""]",[],,,A01,279.0,"[""A01"", ""A02"", ""A03""]",279.0,A01,F013,77,T2,1,697.5,2026-08-08 07:53,2026-08-09 09:43,shift,3,1550,1473,0
P0673,A03,F045,AIRPORT,FACILITY,outbound,0,0,"[""A03""]",[],A03,,A03,260.0,"[""A03"", ""A02"", ""A01""]",260.0,A03,F045,71,T2,1,650.0,2026-08-06 15:11,2026-08-09 17:05,shift,3,4434,4363,0
P0674,F034,LAND,FACILITY,LAND,inbound,0,1,[],"[""A01"", ""A02"", ""A03""]",,,A01,246.0,"[""A01"", ""A02"", ""A03""]",246.0,F034,A01,60,T1,0,615.0,2026-08-04 10:04,2026-08-07 11:25,shift,3,4401,4341,0
P0675,F019,F033,FACILITY,FACILITY,shuttle,0,0,[],[],,,A01,227.0,"[""A01"", ""A02"", ""A03""]",24.0,F019,F033,6,T1,1,60.0,2026-08-03 00:00,2026-08-05 09:54,shift,3,3474,3468,0
P0676,F038,LAND,FACILITY,LAND,inbound,0,1,[],"[""A01"", ""A02"", ""A03""]",,,A03,263.0,"[""A03"", ""A02"", ""A01""]",263.0,F038,A03,72,T2,0,657.5,2026-08-05 09:51,2026-08-07 11:15,shift,3,2964,2892,0
P0677,LAND,F035,LAND,FACILITY,outbound,1,0,"[""A01"", ""A02"", ""A03""]",[],,,A01,258.0,"[""A01"", ""A02"", ""A03""]",258.0,A01,F035,71,T2,1,645.0,2026-08-09 08:40,2026-08-09 23:59,shift,3,919,848,0
P0678,F001,F016,FACILITY,FACILITY,shuttle,0,0,[],[],,,A01,181.0,"[""A01"", ""A02"", ""A03""]",41.0,F001,F016,10,T1,1,102.5,2026-08-03 00:00,2026-08-05 11:46,shift,3,3586,3576,0
P0679,F007,LAND,FACILITY,LAND,inbound,0,1,[],"[""A01"", ""A02"", ""A03""]",,,A01,233.0,"[""A01"", ""A02"", ""A03""]",233.0,F007,A01,56,T1,0,582.5,2026-08-03 00:00,2026-08-05 09:29,shift,3,3449,3393,0
P0680,LAND,F002,LAND,FACILITY,outbound,1,0,"[""A01"", ""A02"", ""A03""]",[],,,A01,217.0,"[""A01"", ""A02"", ""A03""]",217.0,A01,F002,53,T1,1,542.5,2026-08-09 07:25,2026-08-09 23:59,shift,3,994,941,0
P0681,F038,F045,FACILITY,FACILITY,shuttle,0,0,[],[],,,A03,260.0,"[""A03"", ""A02"", ""A01""]",31.0,F038,F045,8,T1,1,77.5,2026-08-03 00:00,2026-08-04 16:59,shift,3,2459,2451,0
P0682,LAND,F012,LAND,FACILITY,outbound,1,0,"[""A01"", ""A02"", ""A03""]",[],,,A01,208.0,"[""A01"", ""A02"", ""A03""]",208.0,A01,F012,50,T1,1,520.0,2026-08-03 10:25,2026-08-05 11:31,shift,3,2946,2896,0
P0683,F041,LAND,FACILITY,LAND,inbound,0,1,[],"[""A01"", ""A02"", ""A03""]",,,A03,278.0,"[""A03"", ""A02"", ""A01""]",278.0,F041,A03,76,T2,0,695.0,2026-08-07 11:11,2026-08-07 16:04,production,2,293,217,0
P0684,F002,LAND,FACILITY,LAND,inbound,0,1,[],"[""A01"", ""A02"", ""A03""]",,,A01,217.0,"[""A01"", ""A02"", ""A03""]",217.0,F002,A01,53,T1,0,542.5,2026-08-03 08:36,2026-08-04 10:04,shift,3,1528,1475,0
P0685,LAND,F007,LAND,FACILITY,outbound,1,0,"[""A01"", ""A02"", ""A03""]",[],,,A01,233.0,"[""A01"", ""A02"", ""A03""]",233.0,A01,F007,56,T1,1,582.5,2026-08-03 00:00,2026-08-04 08:05,temporary,4,1925,1869,0
P0686,F047,LAND,FACILITY,LAND,inbound,0,1,[],"[""A01"", ""A02"", ""A03""]",,,A02,241.0,"[""A02"", ""A01"", ""A03""]",241.0,F047,A02,58,T1,0,602.5,2026-08-04 11:11,2026-08-06 12:54,shift,3,2983,2925,0
P0687,LAND,F007,LAND,FACILITY,outbound,1,0,"[""A01"", ""A02"", ""A03""]",[],,,A01,233.0,"[""A01"", ""A02"", ""A03""]",233.0,A01,F007,56,T1,1,582.5,2026-08-03 06:07,2026-08-03 09:23,production,2,196,140,0
P0688,F051,F038,FACILITY,FACILITY,shuttle,0,0,[],[],,,A03,263.0,"[""A03"", ""A02"", ""A01""]",17.0,F051,F038,5,T1,1,42.5,2026-08-07 09:23,2026-08-09 09:28,shift,3,2885,2880,0
P0689,LAND,F036,LAND,FACILITY,outbound,1,0,"[""A01"", ""A02"", ""A03""]",[],,,A02,215.0,"[""A02"", ""A01"", ""A03""]",215.0,A02,F036,52,T1,1,537.5,2026-08-03 00:00,2026-08-04 16:39,shift,3,2439,2387,0
P0690,F002,LAND,FACILITY,LAND,inbound,0,1,[],"[""A01"", ""A02"", ""A03""]",,,A01,217.0,"[""A01"", ""A02"", ""A03""]",217.0,F002,A01,53,T1,0,542.5,2026-08-06 08:48,2026-08-07 09:57,shift,3,1509,1456,0
P0691,F029,LAND,FACILITY,LAND,inbound,0,1,[],"[""A01"", ""A02"", ""A03""]",,,A01,211.0,"[""A01"", ""A02"", ""A03""]",211.0,F029,A01,51,T1,0,527.5,2026-08-07 10:34,2026-08-09 23:59,shift,3,3685,3634,0
P0692,F032,F025,FACILITY,FACILITY,shuttle,0,0,[],[],,,A01,202.0,"[""A01"", ""A02"", ""A03""]",79.0,F032,F025,19,T1,1,197.5,2026-08-08 08:20,2026-08-09 23:59,shift,3,2379,2360,0
P0693,LAND,F023,LAND,FACILITY,outbound,1,0,"[""A01"", ""A02"", ""A03""]",[],,,A02,267.0,"[""A02"", ""A01"", ""A03""]",267.0,A02,F023,73,T2,1,667.5,2026-08-04 06:11,2026-08-04 07:52,emergency,1,101,28,1
P0694,F017,LAND,FACILITY,LAND,inbound,0,1,[],"[""A01"", ""A02"", ""A03""]",,,A01,153.0,"[""A01"", ""A02"", ""A03""]",153.0,F017,A01,37,T1,0,382.5,2026-08-08 11:03,2026-08-09 23:59,temporary,4,2216,2179,0
P0695,F020,LAND,FACILITY,LAND,inbound,0,1,[],"[""A01"", ""A02"", ""A03""]",,,A01,171.0,"[""A01"", ""A02"", ""A03""]",171.0,F020,A01,42,T1,0,427.5,2026-08-08 08:49,2026-08-09 23:59,shift,3,2350,2308,0
P0696,LAND,F025,LAND,FACILITY,outbound,1,0,"[""A01"", ""A02"", ""A03""]",[],,,A01,202.0,"[""A01"", ""A02"", ""A03""]",202.0,A01,F025,49,T1,1,505.0,2026-08-07 06:43,2026-08-09 08:14,shift,3,2971,2922,0
P0697,LAND,F026,LAND,FACILITY,outbound,1,0,"[""A01"", ""A02"", ""A03""]",[],,,A01,204.0,"[""A01"", ""A02"", ""A03""]",204.0,A01,F026,49,T1,1,510.0,2026-08-07 07:20,2026-08-09 08:43,shift,3,2963,2914,0
P0698,LAND,F008,LAND,FACILITY,outbound,1,0,"[""A01"", ""A02"", ""A03""]",[],,,A01,221.0,"[""A01"", ""A02"", ""A03""]",221.0,A01,F008,54,T1,1,552.5,2026-08-03 07:10,2026-08-05 08:27,shift,3,2957,2903,0
P0699,F001,LAND,FACILITY,LAND,inbound,0,1,[],"[""A01"", ""A02"", ""A03""]",,,A01,219.0,"[""A01"", ""A02"", ""A03""]",219.0,F001,A01,53,T1,0,547.5,2026-08-04 11:18,2026-08-08 12:42,temporary,4,5844,5791,0
P0700,LAND,F028,LAND,FACILITY,outbound,1,0,"[""A01"", ""A02"", ""A03""]",[],,,A01,217.0,"[""A01"", ""A02"", ""A03""]",217.0,A01,F028,53,T1,1,542.5,2026-08-04 06:15,2026-08-06 07:35,shift,3,2960,2907,0
P0701,F011,F015,FACILITY,FACILITY,shuttle,0,0,[],[],,,A01,191.0,"[""A01"", ""A02"", ""A03""]",31.0,F011,F015,8,T1,1,77.5,2026-08-06 07:33,2026-08-08 07:41,shift,3,2888,2880,0
P0702,F004,F007,FACILITY,FACILITY,shuttle,0,0,[],[],,,A01,233.0,"[""A01"", ""A02"", ""A03""]",36.0,F004,F007,9,T1,1,90.0,2026-08-04 08:10,2026-08-05 08:22,shift,3,1452,1443,0
P0703,LAND,F018,LAND,FACILITY,outbound,1,0,"[""A01"", ""A02"", ""A03""]",[],,,A01,196.0,"[""A01"", ""A02"", ""A03""]",196.0,A01,F018,48,T1,1,490.0,2026-08-06 08:39,2026-08-06 11:02,production,2,143,95,0
P0704,LAND,F044,LAND,FACILITY,outbound,1,0,"[""A01"", ""A02"", ""A03""]",[],,,A03,317.0,"[""A03"", ""A02"", ""A01""]",317.0,A03,F044,87,T2,1,792.5,2026-08-06 06:21,2026-08-09 08:02,shift,3,4421,4334,0
P0705,F003,F008,FACILITY,FACILITY,shuttle,0,0,[],[],,,A01,221.0,"[""A01"", ""A02"", ""A03""]",38.0,F003,F008,10,T1,1,95.0,2026-08-04 09:12,2026-08-04 11:23,production,2,131,121,0
P0706,F026,LAND,FACILITY,LAND,inbound,0,1,[],"[""A01"", ""A02"", ""A03""]",,,A01,204.0,"[""A01"", ""A02"", ""A03""]",204.0,F026,A01,49,T1,0,510.0,2026-08-04 08:34,2026-08-05 09:44,shift,3,1510,1461,0
P0707,LAND,F011,LAND,FACILITY,outbound,1,0,"[""A01"", ""A02"", ""A03""]",[],,,A01,201.0,"[""A01"", ""A02"", ""A03""]",201.0,A01,F011,49,T1,1,502.5,2026-08-03 09:43,2026-08-05 10:38,shift,3,2935,2886,0
P0708,F005,F017,FACILITY,FACILITY,shuttle,0,0,[],[],,,A01,153.0,"[""A01"", ""A02"", ""A03""]",40.0,F005,F017,10,T1,1,100.0,2026-08-04 08:24,2026-08-06 09:00,shift,3,2916,2906,0
P0709,A03,F036,AIRPORT,FACILITY,outbound,0,0,"[""A03""]",[],A03,,A02,215.0,"[""A02"", ""A01"", ""A03""]",231.0,A03,F036,56,T1,1,577.5,2026-08-08 15:17,2026-08-09 23:59,shift,3,1962,1906,0
P0710,F026,F033,FACILITY,FACILITY,shuttle,0,0,[],[],,,A01,227.0,"[""A01"", ""A02"", ""A03""]",35.0,F026,F033,9,T1,1,87.5,2026-08-06 06:55,2026-08-06 09:06,production,2,131,122,0
P0711,F023,LAND,FACILITY,LAND,inbound,0,1,[],"[""A01"", ""A02"", ""A03""]",,,A02,267.0,"[""A02"", ""A01"", ""A03""]",267.0,F023,A02,73,T2,0,667.5,2026-08-03 00:00,2026-08-06 09:13,temporary,4,4873,4800,0
P0712,F049,LAND,FACILITY,LAND,inbound,0,1,[],"[""A01"", ""A02"", ""A03""]",,,A02,239.0,"[""A02"", ""A03"", ""A01""]",239.0,F049,A02,58,T1,0,597.5,2026-08-05 07:34,2026-08-05 10:33,production,2,179,121,0
P0713,F022,LAND,FACILITY,LAND,inbound,0,1,[],"[""A01"", ""A02"", ""A03""]",,,A01,194.0,"[""A01"", ""A02"", ""A03""]",194.0,F022,A01,47,T1,0,485.0,2026-08-05 09:41,2026-08-07 10:47,shift,3,2946,2899,0
P0714,LAND,F039,LAND,FACILITY,outbound,1,0,"[""A01"", ""A02"", ""A03""]",[],,,A03,223.0,"[""A03"", ""A02"", ""A01""]",223.0,A03,F039,54,T1,1,557.5,2026-08-03 00:00,2026-08-04 08:30,shift,3,1950,1896,0
P0715,LAND,F003,LAND,FACILITY,outbound,1,0,"[""A01"", ""A02"", ""A03""]",[],,,A01,192.0,"[""A01"", ""A02"", ""A03""]",192.0,A01,F003,47,T1,1,480.0,2026-08-06 07:12,2026-08-09 07:59,shift,3,4367,4320,0
P0716,F047,LAND,FACILITY,LAND,inbound,0,1,[],"[""A01"", ""A02"", ""A03""]",,,A02,241.0,"[""A02"", ""A01"", ""A03""]",241.0,F047,A02,58,T1,0,602.5,2026-08-08 11:50,2026-08-09 13:33,shift,3,1543,1485,0
P0717,F006,LAND,FACILITY,LAND,inbound,0,1,[],"[""A01"", ""A02"", ""A03""]",,,A01,235.0,"[""A01"", ""A02"", ""A03""]",235.0,F006,A01,57,T1,0,587.5,2026-08-03 00:00,2026-08-04 12:02,shift,3,2162,2105,0
P0718,LAND,F006,LAND,FACILITY,outbound,1,0,"[""A01"", ""A02"", ""A03""]",[],,,A01,235.0,"[""A01"", ""A02"", ""A03""]",235.0,A01,F006,57,T1,1,587.5,2026-08-03 09:32,2026-08-04 10:37,shift,3,1505,1448,0
P0719,F023,LAND,FACILITY,LAND,inbound,0,1,[],"[""A01"", ""A02"", ""A03""]",,,A02,267.0,"[""A02"", ""A01"", ""A03""]",267.0,F023,A02,73,T2,0,667.5,2026-08-07 16:51,2026-08-08 18:16,shift,3,1525,1452,0
P0720,F010,LAND,FACILITY,LAND,inbound,0,1,[],"[""A01"", ""A02"", ""A03""]",,,A01,216.0,"[""A01"", ""A02"", ""A03""]",216.0,F010,A01,52,T1,0,540.0,2026-08-08 11:07,2026-08-09 12:35,shift,3,1528,1476,0
P0721,LAND,F038,LAND,FACILITY,outbound,1,0,"[""A01"", ""A02"", ""A03""]",[],,,A03,263.0,"[""A03"", ""A02"", ""A01""]",263.0,A03,F038,72,T2,1,657.5,2026-08-03 00:00,2026-08-05 07:59,shift,3,3359,3287,0
P0722,F013,LAND,FACILITY,LAND,inbound,0,1,[],"[""A01"", ""A02"", ""A03""]",,,A01,279.0,"[""A01"", ""A02"", ""A03""]",279.0,F013,A01,77,T2,0,697.5,2026-08-07 09:53,2026-08-09 23:59,shift,3,3726,3649,0
P0723,F027,LAND,FACILITY,LAND,inbound,0,1,[],"[""A01"", ""A02"", ""A03""]",,,A01,191.0,"[""A01"", ""A02"", ""A03""]",191.0,F027,A01,46,T1,0,477.5,2026-08-03 09:06,2026-08-06 10:09,shift,3,4383,4337,0
P0724,F020,LAND,FACILITY,LAND,inbound,0,1,[],"[""A01"", ""A02"", ""A03""]",,,A01,171.0,"[""A01"", ""A02"", ""A03""]",171.0,F020,A01,42,T1,0,427.5,2026-08-05 08:05,2026-08-07 08:56,shift,3,2931,2889,0
P0725,F018,LAND,FACILITY,LAND,inbound,0,1,[],"[""A01"", ""A02"", ""A03""]",,,A01,196.0,"[""A01"", ""A02"", ""A03""]",196.0,F018,A01,48,T1,0,490.0,2026-08-03 09:08,2026-08-04 10:00,shift,3,1492,1444,0
P0726,F040,LAND,FACILITY,LAND,inbound,0,1,[],"[""A01"", ""A02"", ""A03""]",,,A03,342.0,"[""A03"", ""A02"", ""A01""]",342.0,F040,A03,94,T2,0,855.0,2026-08-05 12:05,2026-08-09 14:47,temporary,4,5922,5828,0
P0727,F002,LAND,FACILITY,LAND,inbound,0,1,[],"[""A01"", ""A02"", ""A03""]",,,A01,217.0,"[""A01"", ""A02"", ""A03""]",217.0,F002,A01,53,T1,0,542.5,2026-08-06 08:48,2026-08-07 09:57,shift,3,1509,1456,0
P0728,LAND,F044,LAND,FACILITY,outbound,1,0,"[""A01"", ""A02"", ""A03""]",[],,,A03,317.0,"[""A03"", ""A02"", ""A01""]",317.0,A03,F044,87,T2,1,792.5,2026-08-07 06:00,2026-08-07 09:21,production,2,201,114,0
P0729,A02,F024,AIRPORT,FACILITY,outbound,0,0,"[""A02""]",[],A02,,A01,211.0,"[""A01"", ""A02"", ""A03""]",219.0,A02,F024,53,T1,1,547.5,2026-08-03 09:30,2026-08-06 10:30,shift,3,4380,4327,0
P0730,F043,LAND,FACILITY,LAND,inbound,0,1,[],"[""A01"", ""A02"", ""A03""]",,,A03,303.0,"[""A03"", ""A02"", ""A01""]",303.0,F043,A03,83,T2,0,757.5,2026-08-07 08:56,2026-08-09 10:19,shift,3,2963,2880,0
P0731,LAND,F024,LAND,FACILITY,outbound,1,0,"[""A01"", ""A02"", ""A03""]",[],,,A01,211.0,"[""A01"", ""A02"", ""A03""]",211.0,A01,F024,51,T1,1,527.5,2026-08-07 10:01,2026-08-09 11:01,shift,3,2940,2889,0
P0732,F030,F026,FACILITY,FACILITY,shuttle,0,0,[],[],,,A01,204.0,"[""A01"", ""A02"", ""A03""]",59.0,F030,F026,15,T1,1,147.5,2026-08-07 16:11,2026-08-09 23:59,shift,3,3348,3333,0
P0733,F039,F048,FACILITY,FACILITY,shuttle,0,0,[],[],,,A03,254.0,"[""A03"", ""A02"", ""A01""]",31.0,F039,F048,8,T1,1,77.5,2026-08-08 07:36,2026-08-09 23:59,shift,3,2423,2415,0
P0734,F013,LAND,FACILITY,LAND,inbound,0,1,[],"[""A01"", ""A02"", ""A03""]",,,A01,279.0,"[""A01"", ""A02"", ""A03""]",279.0,F013,A01,77,T2,0,697.5,2026-08-07 09:53,2026-08-09 11:22,shift,3,2969,2892,0
P0735,LAND,F003,LAND,FACILITY,outbound,1,0,"[""A01"", ""A02"", ""A03""]",[],,,A01,192.0,"[""A01"", ""A02"", ""A03""]",192.0,A01,F003,47,T1,1,480.0,2026-08-03 07:39,2026-08-05 08:26,shift,3,2927,2880,0
P0736,F014,LAND,FACILITY,LAND,inbound,0,1,[],"[""A01"", ""A02"", ""A03""]",,,A01,164.0,"[""A01"", ""A02"", ""A03""]",164.0,F014,A01,40,T1,0,410.0,2026-08-08 09:49,2026-08-09 23:59,shift,3,2290,2250,0
P0737,F017,F014,FACILITY,FACILITY,shuttle,0,0,[],[],,,A01,164.0,"[""A01"", ""A02"", ""A03""]",38.0,F017,F014,10,T1,1,95.0,2026-08-07 08:42,2026-08-08 08:54,shift,3,1452,1442,0
P0738,LAND,F032,LAND,FACILITY,outbound,1,0,"[""A01"", ""A02"", ""A03""]",[],,,A02,279.0,"[""A02"", ""A01"", ""A03""]",279.0,A02,F032,77,T2,1,697.5,2026-08-03 00:00,2026-08-07 08:31,temporary,4,6271,6194,0
P0739,F021,F027,FACILITY,FACILITY,shuttle,0,0,[],[],,,A01,191.0,"[""A01"", ""A02"", ""A03""]",37.0,F021,F027,9,T1,1,92.5,2026-08-03 00:00,2026-08-04 08:06,shift,3,1926,1917,0
P0740,F003,F007,FACILITY,FACILITY,shuttle,0,0,[],[],,,A01,233.0,"[""A01"", ""A02"", ""A03""]",48.0,F003,F007,12,T1,1,120.0,2026-08-09 09:19,2026-08-09 23:59,shift,3,880,868,0
P0741,LAND,F045,LAND,FACILITY,outbound,1,0,"[""A01"", ""A02"", ""A03""]",[],,,A03,260.0,"[""A03"", ""A02"", ""A01""]",260.0,A03,F045,71,T2,1,650.0,2026-08-07 15:11,2026-08-08 17:05,shift,3,1554,1483,0
P0742,F001,LAND,FACILITY,LAND,inbound,0,1,[],"[""A01"", ""A02"", ""A03""]",,,A01,219.0,"[""A01"", ""A02"", ""A03""]",219.0,F001,A01,53,T1,0,547.5,2026-08-06 11:18,2026-08-08 12:42,shift,3,2964,2911,0
P0743,LAND,F034,LAND,FACILITY,outbound,1,0,"[""A01"", ""A02"", ""A03""]",[],,,A01,246.0,"[""A01"", ""A02"", ""A03""]",246.0,A01,F034,60,T1,1,615.0,2026-08-05 08:12,2026-08-07 09:54,shift,3,2982,2922,0
P0744,LAND,F033,LAND,FACILITY,outbound,1,0,"[""A01"", ""A02"", ""A03""]",[],,,A01,227.0,"[""A01"", ""A02"", ""A03""]",227.0,A01,F033,55,T1,1,567.5,2026-08-08 06:28,2026-08-08 10:03,production,2,215,160,0
P0745,F007,LAND,FACILITY,LAND,inbound,0,1,[],"[""A01"", ""A02"", ""A03""]",,,A01,233.0,"[""A01"", ""A02"", ""A03""]",233.0,F007,A01,56,T1,0,582.5,2026-08-07 09:01,2026-08-09 23:59,shift,3,3778,3722,0
P0746,LAND,F027,LAND,FACILITY,outbound,1,0,"[""A01"", ""A02"", ""A03""]",[],,,A01,191.0,"[""A01"", ""A02"", ""A03""]",191.0,A01,F027,46,T1,1,477.5,2026-08-06 15:07,2026-08-09 16:10,shift,3,4383,4337,0
P0747,LAND,F007,LAND,FACILITY,outbound,1,0,"[""A01"", ""A02"", ""A03""]",[],,,A01,233.0,"[""A01"", ""A02"", ""A03""]",233.0,A01,F007,56,T1,1,582.5,2026-08-03 00:00,2026-08-05 08:05,shift,3,3365,3309,0
P0748,F043,A03,FACILITY,AIRPORT,inbound,0,0,[],"[""A03""]",,A03,A03,303.0,"[""A03"", ""A02"", ""A01""]",303.0,F043,A03,83,T2,0,757.5,2026-08-07 08:56,2026-08-09 10:19,shift,3,2963,2880,0
P0749,F027,F021,FACILITY,FACILITY,shuttle,0,0,[],[],,,A01,218.0,"[""A01"", ""A02"", ""A03""]",37.0,F027,F021,9,T1,1,92.5,2026-08-07 07:19,2026-08-08 07:52,shift,3,1473,1464,0
P0750,LAND,F022,LAND,FACILITY,outbound,1,0,"[""A01"", ""A02"", ""A03""]",[],,,A01,194.0,"[""A01"", ""A02"", ""A03""]",194.0,A01,F022,47,T1,1,485.0,2026-08-04 07:37,2026-08-05 08:57,shift,3,1520,1473,0
P0751,LAND,F027,LAND,FACILITY,outbound,1,0,"[""A01"", ""A02"", ""A03""]",[],,,A01,191.0,"[""A01"", ""A02"", ""A03""]",191.0,A01,F027,46,T1,1,477.5,2026-08-03 07:53,2026-08-05 08:56,shift,3,2943,2897,0
P0752,F027,LAND,FACILITY,LAND,inbound,0,1,[],"[""A01"", ""A02"", ""A03""]",,,A01,191.0,"[""A01"", ""A02"", ""A03""]",191.0,F027,A01,46,T1,0,477.5,2026-08-04 09:06,2026-08-06 10:09,shift,3,2943,2897,0
P0753,F003,F007,FACILITY,FACILITY,shuttle,0,0,[],[],,,A01,233.0,"[""A01"", ""A02"", ""A03""]",48.0,F003,F007,12,T1,1,120.0,2026-08-08 09:19,2026-08-09 23:59,shift,3,2320,2308,0
P0754,F036,LAND,FACILITY,LAND,inbound,0,1,[],"[""A01"", ""A02"", ""A03""]",,,A02,215.0,"[""A02"", ""A01"", ""A03""]",215.0,F036,A02,52,T1,0,537.5,2026-08-09 16:40,2026-08-09 23:59,shift,3,439,387,0
P0755,LAND,F035,LAND,FACILITY,outbound,1,0,"[""A01"", ""A02"", ""A03""]",[],,,A01,258.0,"[""A01"", ""A02"", ""A03""]",258.0,A01,F035,71,T2,1,645.0,2026-08-08 08:40,2026-08-09 23:59,shift,3,2359,2288,0
P0756,F032,LAND,FACILITY,LAND,inbound,0,1,[],"[""A01"", ""A02"", ""A03""]",,,A02,279.0,"[""A02"", ""A01"", ""A03""]",279.0,F032,A02,77,T2,0,697.5,2026-08-05 08:10,2026-08-05 11:10,production,2,180,103,0
P0757,LAND,F018,LAND,FACILITY,outbound,1,0,"[""A01"", ""A02"", ""A03""]",[],,,A01,196.0,"[""A01"", ""A02"", ""A03""]",196.0,A01,F018,48,T1,1,490.0,2026-08-06 09:13,2026-08-07 10:12,shift,3,1499,1451,0
P0758,F038,LAND,FACILITY,LAND,inbound,0,1,[],"[""A01"", ""A02"", ""A03""]",,,A03,263.0,"[""A03"", ""A02"", ""A01""]",263.0,F038,A03,72,T2,0,657.5,2026-08-05 09:51,2026-08-08 11:15,shift,3,4404,4332,0
P0759,F025,LAND,FACILITY,LAND,inbound,0,1,[],"[""A01"", ""A02"", ""A03""]",,,A01,202.0,"[""A01"", ""A02"", ""A03""]",202.0,F025,A01,49,T1,0,505.0,2026-08-04 16:56,2026-08-06 17:52,shift,3,2936,2887,0
P0760,F004,F007,FACILITY,FACILITY,shuttle,0,0,[],[],,,A01,233.0,"[""A01"", ""A02"", ""A03""]",36.0,F004,F007,9,T1,1,90.0,2026-08-03 08:10,2026-08-06 08:22,shift,3,4332,4323,0
P0761,A02,F033,AIRPORT,FACILITY,outbound,0,0,"[""A02""]",[],A02,,A01,227.0,"[""A01"", ""A02"", ""A03""]",239.0,A02,F033,58,T1,1,597.5,2026-08-07 07:26,2026-08-09 23:59,shift,3,3873,3815,0
P0762,F007,LAND,FACILITY,LAND,inbound,0,1,[],"[""A01"", ""A02"", ""A03""]",,,A01,233.0,"[""A01"", ""A02"", ""A03""]",233.0,F007,A01,56,T1,0,582.5,2026-08-07 09:01,2026-08-09 23:59,temporary,4,3778,3722,0
P0763,F051,A03,FACILITY,AIRPORT,inbound,0,0,[],"[""A03""]",,A03,A03,279.0,"[""A03"", ""A02"", ""A01""]",279.0,F051,A03,77,T2,0,697.5,2026-08-04 10:57,2026-08-07 12:26,shift,3,4409,4332,0
P0764,F043,F051,FACILITY,FACILITY,shuttle,0,0,[],[],,,A03,279.0,"[""A03"", ""A02"", ""A01""]",35.0,F043,F051,9,T1,1,87.5,2026-08-05 10:17,2026-08-07 10:29,shift,3,2892,2883,0
P0765,F015,F009,FACILITY,FACILITY,shuttle,0,0,[],[],,,A01,166.0,"[""A01"", ""A02"", ""A03""]",38.0,F015,F009,10,T1,1,95.0,2026-08-05 10:47,2026-08-09 10:58,temporary,4,5771,5761,0
P0766,F049,LAND,FACILITY,LAND,inbound,0,1,[],"[""A01"", ""A02"", ""A03""]",,,A02,239.0,"[""A02"", ""A03"", ""A01""]",239.0,F049,A02,58,T1,0,597.5,2026-08-04 08:33,2026-08-06 09:40,shift,3,2947,2889,0
P0767,LAND,F027,LAND,FACILITY,outbound,1,0,"[""A01"", ""A02"", ""A03""]",[],,,A01,191.0,"[""A01"", ""A02"", ""A03""]",191.0,A01,F027,46,T1,1,477.5,2026-08-04 07:53,2026-08-06 08:56,shift,3,2943,2897,0
P0768,LAND,F044,LAND,FACILITY,outbound,1,0,"[""A01"", ""A02"", ""A03""]",[],,,A03,317.0,"[""A03"", ""A02"", ""A01""]",317.0,A03,F044,87,T2,1,792.5,2026-08-03 07:31,2026-08-05 09:12,shift,3,2981,2894,0
P0769,F020,LAND,FACILITY,LAND,inbound,0,1,[],"[""A01"", ""A02"", ""A03""]",,,A01,171.0,"[""A01"", ""A02"", ""A03""]",171.0,F020,A01,42,T1,0,427.5,2026-08-03 08:07,2026-08-04 09:06,shift,3,1499,1457,0
P0770,F044,F037,FACILITY,FACILITY,shuttle,0,0,[],[],,,A03,359.0,"[""A03"", ""A02"", ""A01""]",54.0,F044,F037,13,T1,1,135.0,2026-08-05 12:07,2026-08-07 12:20,shift,3,2893,2880,0
P0771,F018,LAND,FACILITY,LAND,inbound,0,1,[],"[""A01"", ""A02"", ""A03""]",,,A01,196.0,"[""A01"", ""A02"", ""A03""]",196.0,F018,A01,48,T1,0,490.0,2026-08-05 10:32,2026-08-07 11:31,shift,3,2939,2891,0
P0772,F050,F043,FACILITY,FACILITY,shuttle,0,0,[],[],,,A03,303.0,"[""A03"", ""A02"", ""A01""]",115.0,F050,F043,28,T1,1,287.5,2026-08-08 09:47,2026-08-09 23:59,shift,3,2292,2264,0
P0773,LAND,F052,LAND,FACILITY,outbound,1,0,"[""A01"", ""A02"", ""A03""]",[],,,A02,259.0,"[""A02"", ""A03"", ""A01""]",259.0,A02,F052,71,T2,1,647.5,2026-08-09 08:03,2026-08-09 23:59,shift,3,956,885,0
P0774,F025,LAND,FACILITY,LAND,inbound,0,1,[],"[""A01"", ""A02"", ""A03""]",,,A01,202.0,"[""A01"", ""A02"", ""A03""]",202.0,F025,A01,49,T1,0,505.0,2026-08-03 16:56,2026-08-06 17:52,shift,3,4376,4327,0
P0775,F003,A01,FACILITY,AIRPORT,inbound,0,0,[],"[""A01""]",,A01,A01,192.0,"[""A01"", ""A02"", ""A03""]",192.0,F003,A01,47,T1,0,480.0,2026-08-07 07:32,2026-08-07 10:57,production,2,205,158,0
P0776,LAND,F045,LAND,FACILITY,outbound,1,0,"[""A01"", ""A02"", ""A03""]",[],,,A03,260.0,"[""A03"", ""A02"", ""A01""]",260.0,A03,F045,71,T2,1,650.0,2026-08-03 08:54,2026-08-06 10:48,shift,3,4434,4363,0
P0777,F039,F048,FACILITY,FACILITY,shuttle,0,0,[],[],,,A03,254.0,"[""A03"", ""A02"", ""A01""]",31.0,F039,F048,8,T1,1,77.5,2026-08-09 07:36,2026-08-09 23:59,shift,3,983,975,0
P0778,LAND,F043,LAND,FACILITY,outbound,1,0,"[""A01"", ""A02"", ""A03""]",[],,,A03,303.0,"[""A03"", ""A02"", ""A01""]",303.0,A03,F043,83,T2,1,757.5,2026-08-04 10:17,2026-08-06 12:03,shift,3,2986,2903,0
P0779,F008,LAND,FACILITY,LAND,inbound,0,1,[],"[""A01"", ""A02"", ""A03""]",,,A01,221.0,"[""A01"", ""A02"", ""A03""]",221.0,F008,A01,54,T1,0,552.5,2026-08-07 09:32,2026-08-09 10:49,shift,3,2957,2903,0
P0780,F014,LAND,FACILITY,LAND,inbound,0,1,[],"[""A01"", ""A02"", ""A03""]",,,A01,164.0,"[""A01"", ""A02"", ""A03""]",164.0,F014,A01,40,T1,0,410.0,2026-08-09 09:49,2026-08-09 23:59,shift,3,850,810,0
P0781,A03,F045,AIRPORT,FACILITY,outbound,0,0,"[""A03""]",[],A03,,A03,260.0,"[""A03"", ""A02"", ""A01""]",260.0,A03,F045,71,T2,1,650.0,2026-08-07 15:11,2026-08-08 17:05,shift,3,1554,1483,0
P0782,LAND,F022,LAND,FACILITY,outbound,1,0,"[""A01"", ""A02"", ""A03""]",[],,,A01,194.0,"[""A01"", ""A02"", ""A03""]",194.0,A01,F022,47,T1,1,485.0,2026-08-09 08:59,2026-08-09 23:59,shift,3,900,853,0
P0783,F041,F045,FACILITY,FACILITY,shuttle,0,0,[],[],,,A03,260.0,"[""A03"", ""A02"", ""A01""]",20.0,F041,F045,5,T1,1,50.0,2026-08-04 10:20,2026-08-06 10:27,shift,3,2887,2882,0
P0784,F049,F048,FACILITY,FACILITY,shuttle,0,0,[],[],,,A03,254.0,"[""A03"", ""A02"", ""A01""]",34.0,F049,F048,9,T1,1,85.0,2026-08-08 07:52,2026-08-09 23:59,shift,3,2407,2398,0
P0785,LAND,F013,LAND,FACILITY,outbound,1,0,"[""A01"", ""A02"", ""A03""]",[],,,A01,279.0,"[""A01"", ""A02"", ""A03""]",279.0,A01,F013,77,T2,1,697.5,2026-08-08 07:53,2026-08-09 23:59,shift,3,2406,2329,0
P0786,A01,F007,AIRPORT,FACILITY,outbound,0,0,"[""A01""]",[],A01,,A01,233.0,"[""A01"", ""A02"", ""A03""]",233.0,A01,F007,56,T1,1,582.5,2026-08-03 00:00,2026-08-05 08:05,shift,3,3365,3309,0
P0787,F048,LAND,FACILITY,LAND,inbound,0,1,[],"[""A01"", ""A02"", ""A03""]",,,A03,254.0,"[""A03"", ""A02"", ""A01""]",254.0,F048,A03,70,T2,0,635.0,2026-08-08 10:31,2026-08-09 23:59,shift,3,2248,2178,0
P0788,LAND,F047,LAND,FACILITY,outbound,1,0,"[""A01"", ""A02"", ""A03""]",[],,,A02,241.0,"[""A02"", ""A01"", ""A03""]",241.0,A02,F047,58,T1,1,602.5,2026-08-08 09:26,2026-08-08 12:38,production,2,192,134,0
P0789,F002,LAND,FACILITY,LAND,inbound,0,1,[],"[""A01"", ""A02"", ""A03""]",,,A01,217.0,"[""A01"", ""A02"", ""A03""]",217.0,F002,A01,53,T1,0,542.5,2026-08-06 08:48,2026-08-08 09:57,shift,3,2949,2896,0
P0790,F014,LAND,FACILITY,LAND,inbound,0,1,[],"[""A01"", ""A02"", ""A03""]",,,A01,164.0,"[""A01"", ""A02"", ""A03""]",164.0,F014,A01,40,T1,0,410.0,2026-08-04 08:17,2026-08-06 09:09,shift,3,2932,2892,0
P0791,F021,LAND,FACILITY,LAND,inbound,0,1,[],"[""A01"", ""A02"", ""A03""]",,,A01,218.0,"[""A01"", ""A02"", ""A03""]",218.0,F021,A01,53,T1,0,545.0,2026-08-08 09:41,2026-08-09 23:59,shift,3,2298,2245,0
P0792,LAND,F018,LAND,FACILITY,outbound,1,0,"[""A01"", ""A02"", ""A03""]",[],,,A01,196.0,"[""A01"", ""A02"", ""A03""]",196.0,A01,F018,48,T1,1,490.0,2026-08-03 00:00,2026-08-05 08:48,shift,3,3408,3360,0
P0793,LAND,F052,LAND,FACILITY,outbound,1,0,"[""A01"", ""A02"", ""A03""]",[],,,A02,259.0,"[""A02"", ""A03"", ""A01""]",259.0,A02,F052,71,T2,1,647.5,2026-08-05 08:58,2026-08-07 11:09,shift,3,3011,2940,0
P0794,LAND,F041,LAND,FACILITY,outbound,1,0,"[""A01"", ""A02"", ""A03""]",[],,,A03,278.0,"[""A03"", ""A02"", ""A01""]",278.0,A03,F041,76,T2,1,695.0,2026-08-04 07:55,2026-08-04 11:44,production,2,229,153,0
P0795,F046,F047,FACILITY,FACILITY,shuttle,0,0,[],[],,,A02,241.0,"[""A02"", ""A01"", ""A03""]",15.0,F046,F047,4,T1,1,37.5,2026-08-06 10:00,2026-08-08 10:05,shift,3,2885,2881,0
P0796,LAND,F001,LAND,FACILITY,outbound,1,0,"[""A01"", ""A02"", ""A03""]",[],,,A01,219.0,"[""A01"", ""A02"", ""A03""]",219.0,A01,F001,53,T1,1,547.5,2026-08-06 10:08,2026-08-07 11:08,shift,3,1500,1447,0
P0797,LAND,F051,LAND,FACILITY,outbound,1,0,"[""A01"", ""A02"", ""A03""]",[],,,A03,279.0,"[""A03"", ""A02"", ""A01""]",279.0,A03,F051,77,T2,1,697.5,2026-08-03 00:00,2026-08-08 10:47,temporary,4,7847,7770,0
P0798,F013,F002,FACILITY,FACILITY,shuttle,0,0,[],[],,,A01,217.0,"[""A01"", ""A02"", ""A03""]",67.0,F013,F002,17,T1,1,167.5,2026-08-05 08:45,2026-08-08 09:07,shift,3,4342,4325,0
P0799,A02,F034,AIRPORT,FACILITY,outbound,0,0,"[""A02""]",[],A02,,A01,246.0,"[""A01"", ""A02"", ""A03""]",255.0,A02,F034,70,T2,1,637.5,2026-08-08 06:13,2026-08-09 23:59,shift,3,2506,2436,0
P0800,LAND,F022,LAND,FACILITY,outbound,1,0,"[""A01"", ""A02"", ""A03""]",[],,,A01,194.0,"[""A01"", ""A02"", ""A03""]",194.0,A01,F022,47,T1,1,485.0,2026-08-06 07:47,2026-08-06 11:00,production,2,193,146,0
P0801,LAND,F045,LAND,FACILITY,outbound,1,0,"[""A01"", ""A02"", ""A03""]",[],,,A03,260.0,"[""A03"", ""A02"", ""A01""]",260.0,A03,F045,71,T2,1,650.0,2026-08-06 15:11,2026-08-09 17:05,shift,3,4434,4363,0
P0802,F044,F037,FACILITY,FACILITY,shuttle,0,0,[],[],,,A03,359.0,"[""A03"", ""A02"", ""A01""]",54.0,F044,F037,13,T1,1,135.0,2026-08-05 12:07,2026-08-08 12:20,shift,3,4333,4320,0
P0803,F034,A02,FACILITY,AIRPORT,inbound,0,0,[],"[""A02""]",,A02,A01,246.0,"[""A01"", ""A02"", ""A03""]",255.0,F034,A02,70,T2,0,637.5,2026-08-08 08:05,2026-08-09 09:26,shift,3,1521,1451,0
P0804,F006,LAND,FACILITY,LAND,inbound,0,1,[],"[""A01"", ""A02"", ""A03""]",,,A01,235.0,"[""A01"", ""A02"", ""A03""]",235.0,F006,A01,57,T1,0,587.5,2026-08-07 08:35,2026-08-09 09:50,shift,3,2955,2898,0
P0805,LAND,F045,LAND,FACILITY,outbound,1,0,"[""A01"", ""A02"", ""A03""]",[],,,A03,260.0,"[""A03"", ""A02"", ""A01""]",260.0,A03,F045,71,T2,1,650.0,2026-08-04 08:54,2026-08-06 10:48,shift,3,2994,2923,0
P0806,F003,F008,FACILITY,FACILITY,shuttle,0,0,[],[],,,A01,221.0,"[""A01"", ""A02"", ""A03""]",38.0,F003,F008,10,T1,1,95.0,2026-08-04 10:06,2026-08-05 10:17,shift,3,1451,1441,0
P0807,F006,LAND,FACILITY,LAND,inbound,0,1,[],"[""A01"", ""A02"", ""A03""]",,,A01,235.0,"[""A01"", ""A02"", ""A03""]",235.0,F006,A01,57,T1,0,587.5,2026-08-05 08:35,2026-08-09 09:50,temporary,4,5835,5778,0
P0808,A02,F034,AIRPORT,FACILITY,outbound,0,0,"[""A02""]",[],A02,,A01,246.0,"[""A01"", ""A02"", ""A03""]",255.0,A02,F034,70,T2,1,637.5,2026-08-04 08:12,2026-08-07 09:54,shift,3,4422,4352,0
P0809,LAND,F027,LAND,FACILITY,outbound,1,0,"[""A01"", ""A02"", ""A03""]",[],,,A01,191.0,"[""A01"", ""A02"", ""A03""]",191.0,A01,F027,46,T1,1,477.5,2026-08-04 07:53,2026-08-06 08:56,shift,3,2943,2897,0
P0810,F024,A02,FACILITY,AIRPORT,inbound,0,0,[],"[""A02""]",,A02,A01,211.0,"[""A01"", ""A02"", ""A03""]",219.0,F024,A02,53,T1,0,547.5,2026-08-03 10:50,2026-08-06 11:50,shift,3,4380,4327,0
P0811,F020,LAND,FACILITY,LAND,inbound,0,1,[],"[""A01"", ""A02"", ""A03""]",,,A01,171.0,"[""A01"", ""A02"", ""A03""]",171.0,F020,A01,42,T1,0,427.5,2026-08-06 08:05,2026-08-08 08:56,shift,3,2931,2889,0
P0812,A01,F007,AIRPORT,FACILITY,outbound,0,0,"[""A01""]",[],A01,,A01,233.0,"[""A01"", ""A02"", ""A03""]",233.0,A01,F007,56,T1,1,582.5,2026-08-03 00:00,2026-08-04 08:05,shift,3,1925,1869,0
P0813,F048,LAND,FACILITY,LAND,inbound,0,1,[],"[""A01"", ""A02"", ""A03""]",,,A03,254.0,"[""A03"", ""A02"", ""A01""]",254.0,F048,A03,70,T2,0,635.0,2026-08-08 10:31,2026-08-09 11:52,shift,3,1521,1451,0
P0814,F049,LAND,FACILITY,LAND,inbound,0,1,[],"[""A01"", ""A02"", ""A03""]",,,A02,239.0,"[""A02"", ""A03"", ""A01""]",239.0,F049,A02,58,T1,0,597.5,2026-08-05 08:33,2026-08-07 09:40,shift,3,2947,2889,0
P0815,F029,LAND,FACILITY,LAND,inbound,0,1,[],"[""A01"", ""A02"", ""A03""]",,,A01,211.0,"[""A01"", ""A02"", ""A03""]",211.0,F029,A01,51,T1,0,527.5,2026-08-05 10:38,2026-08-07 11:37,shift,3,2939,2888,0
P0816,F043,F051,FACILITY,FACILITY,shuttle,0,0,[],[],,,A03,279.0,"[""A03"", ""A02"", ""A01""]",35.0,F043,F051,9,T1,1,87.5,2026-08-05 10:17,2026-08-06 10:29,shift,3,1452,1443,0
P0817,F010,LAND,FACILITY,LAND,inbound,0,1,[],"[""A01"", ""A02"", ""A03""]",,,A01,216.0,"[""A01"", ""A02"", ""A03""]",216.0,F010,A01,52,T1,0,540.0,2026-08-08 10:31,2026-08-08 13:33,production,2,182,130,0
P0818,LAND,F008,LAND,FACILITY,outbound,1,0,"[""A01"", ""A02"", ""A03""]",[],,,A01,221.0,"[""A01"", ""A02"", ""A03""]",221.0,A01,F008,54,T1,1,552.5,2026-08-04 07:10,2026-08-05 08:27,shift,3,1517,1463,0
P0819,F020,LAND,FACILITY,LAND,inbound,0,1,[],"[""A01"", ""A02"", ""A03""]",,,A01,171.0,"[""A01"", ""A02"", ""A03""]",171.0,F020,A01,42,T1,0,427.5,2026-08-09 08:49,2026-08-09 23:59,shift,3,910,868,0
P0820,LAND,F038,LAND,FACILITY,outbound,1,0,"[""A01"", ""A02"", ""A03""]",[],,,A03,263.0,"[""A03"", ""A02"", ""A01""]",263.0,A03,F038,72,T2,1,657.5,2026-08-03 06:47,2026-08-05 07:59,shift,3,2952,2880,0
P0821,LAND,F008,LAND,FACILITY,outbound,1,0,"[""A01"", ""A02"", ""A03""]",[],,,A01,221.0,"[""A01"", ""A02"", ""A03""]",221.0,A01,F008,54,T1,1,552.5,2026-08-04 07:10,2026-08-05 08:27,shift,3,1517,1463,0
P0822,LAND,F044,LAND,FACILITY,outbound,1,0,"[""A01"", ""A02"", ""A03""]",[],,,A03,317.0,"[""A03"", ""A02"", ""A01""]",317.0,A03,F044,87,T2,1,792.5,2026-08-07 06:21,2026-08-08 08:02,shift,3,1541,1454,0
P0823,LAND,F011,LAND,FACILITY,outbound,1,0,"[""A01"", ""A02"", ""A03""]",[],,,A01,201.0,"[""A01"", ""A02"", ""A03""]",201.0,A01,F011,49,T1,1,502.5,2026-08-03 09:43,2026-08-05 10:38,temporary,4,2935,2886,0
P0824,F049,LAND,FACILITY,LAND,inbound,0,1,[],"[""A01"", ""A02"", ""A03""]",,,A02,239.0,"[""A02"", ""A03"", ""A01""]",239.0,F049,A02,58,T1,0,597.5,2026-08-08 10:57,2026-08-08 14:21,production,2,204,146,0
P0825,F041,LAND,FACILITY,LAND,inbound,0,1,[],"[""A01"", ""A02"", ""A03""]",,,A03,278.0,"[""A03"", ""A02"", ""A01""]",278.0,F041,A03,76,T2,0,695.0,2026-08-07 12:10,2026-08-09 14:55,shift,3,3045,2969,0
P0826,LAND,F045,LAND,FACILITY,outbound,1,0,"[""A01"", ""A02"", ""A03""]",[],,,A03,260.0,"[""A03"", ""A02"", ""A01""]",260.0,A03,F045,71,T2,1,650.0,2026-08-06 15:11,2026-08-09 17:05,shift,3,4434,4363,0
P0827,F046,F047,FACILITY,FACILITY,shuttle,0,0,[],[],,,A02,241.0,"[""A02"", ""A01"", ""A03""]",15.0,F046,F047,4,T1,1,37.5,2026-08-05 10:00,2026-08-08 10:05,shift,3,4325,4321,0
P0828,LAND,F033,LAND,FACILITY,outbound,1,0,"[""A01"", ""A02"", ""A03""]",[],,,A01,227.0,"[""A01"", ""A02"", ""A03""]",227.0,A01,F033,55,T1,1,567.5,2026-08-04 07:32,2026-08-06 08:48,shift,3,2956,2901,0
P0829,LAND,F045,LAND,FACILITY,outbound,1,0,"[""A01"", ""A02"", ""A03""]",[],,,A03,260.0,"[""A03"", ""A02"", ""A01""]",260.0,A03,F045,71,T2,1,650.0,2026-08-03 08:54,2026-08-06 10:48,shift,3,4434,4363,0
P0830,F036,A03,FACILITY,AIRPORT,inbound,0,0,[],"[""A03""]",,A03,A02,215.0,"[""A02"", ""A01"", ""A03""]",231.0,F036,A03,56,T1,0,577.5,2026-08-05 11:57,2026-08-08 13:00,shift,3,4383,4327,0
P0831,LAND,F045,LAND,FACILITY,outbound,1,0,"[""A01"", ""A02"", ""A03""]",[],,,A03,260.0,"[""A03"", ""A02"", ""A01""]",260.0,A03,F045,71,T2,1,650.0,2026-08-06 15:11,2026-08-09 17:05,temporary,4,4434,4363,0
P0832,F007,LAND,FACILITY,LAND,inbound,0,1,[],"[""A01"", ""A02"", ""A03""]",,,A01,233.0,"[""A01"", ""A02"", ""A03""]",233.0,F007,A01,56,T1,0,582.5,2026-08-03 00:00,2026-08-04 09:29,shift,3,2009,1953,0
P0833,LAND,F052,LAND,FACILITY,outbound,1,0,"[""A01"", ""A02"", ""A03""]",[],,,A02,259.0,"[""A02"", ""A03"", ""A01""]",259.0,A02,F052,71,T2,1,647.5,2026-08-08 08:03,2026-08-09 23:59,shift,3,2396,2325,0
P0834,LAND,F046,LAND,FACILITY,outbound,1,0,"[""A01"", ""A02"", ""A03""]",[],,,A02,227.0,"[""A02"", ""A03"", ""A01""]",227.0,A02,F046,55,T1,1,567.5,2026-08-04 08:48,2026-08-06 10:31,shift,3,2983,2928,0
P0835,LAND,F010,LAND,FACILITY,outbound,1,0,"[""A01"", ""A02"", ""A03""]",[],,,A01,216.0,"[""A01"", ""A02"", ""A03""]",216.0,A01,F010,52,T1,1,540.0,2026-08-03 08:32,2026-08-06 09:31,temporary,4,4379,4327,0
P0836,F047,F049,FACILITY,FACILITY,shuttle,0,0,[],[],,,A02,239.0,"[""A02"", ""A03"", ""A01""]",19.0,F047,F049,5,T1,1,47.5,2026-08-07 17:06,2026-08-08 17:12,shift,3,1446,1441,0
P0837,F036,LAND,FACILITY,LAND,inbound,0,1,[],"[""A01"", ""A02"", ""A03""]",,,A02,215.0,"[""A02"", ""A01"", ""A03""]",215.0,F036,A02,52,T1,0,537.5,2026-08-06 11:57,2026-08-07 13:00,shift,3,1503,1451,0
P0838,A03,F044,AIRPORT,FACILITY,outbound,0,0,"[""A03""]",[],A03,,A03,317.0,"[""A03"", ""A02"", ""A01""]",317.0,A03,F044,87,T2,1,792.5,2026-08-04 07:31,2026-08-05 09:12,shift,3,1541,1454,0
P0839,F021,F027,FACILITY,FACILITY,shuttle,0,0,[],[],,,A01,191.0,"[""A01"", ""A02"", ""A03""]",37.0,F021,F027,9,T1,1,92.5,2026-08-03 00:00,2026-08-05 08:06,shift,3,3366,3357,0
P0840,F047,F049,FACILITY,FACILITY,shuttle,0,0,[],[],,,A02,239.0,"[""A02"", ""A03"", ""A01""]",19.0,F047,F049,5,T1,1,47.5,2026-08-06 17:06,2026-08-08 17:12,shift,3,2886,2881,0
P0841,F007,F002,FACILITY,FACILITY,shuttle,0,0,[],[],,,A01,217.0,"[""A01"", ""A02"", ""A03""]",30.0,F007,F002,8,T1,1,75.0,2026-08-04 10:22,2026-08-07 10:31,shift,3,4329,4321,0
P0842,F020,LAND,FACILITY,LAND,inbound,0,1,[],"[""A01"", ""A02"", ""A03""]",,,A01,171.0,"[""A01"", ""A02"", ""A03""]",171.0,F020,A01,42,T1,0,427.5,2026-08-05 08:05,2026-08-07 08:56,shift,3,2931,2889,0
P0843,LAND,F049,LAND,FACILITY,outbound,1,0,"[""A01"", ""A02"", ""A03""]",[],,,A02,239.0,"[""A02"", ""A03"", ""A01""]",239.0,A02,F049,58,T1,1,597.5,2026-08-07 09:40,2026-08-09 11:35,shift,3,2995,2937,0
P0844,F022,LAND,FACILITY,LAND,inbound,0,1,[],"[""A01"", ""A02"", ""A03""]",,,A01,194.0,"[""A01"", ""A02"", ""A03""]",194.0,F022,A01,47,T1,0,485.0,2026-08-04 09:41,2026-08-07 10:47,temporary,4,4386,4339,0
P0845,LAND,F031,LAND,FACILITY,outbound,1,0,"[""A01"", ""A02"", ""A03""]",[],,,A02,242.0,"[""A02"", ""A01"", ""A03""]",242.0,A02,F031,59,T1,1,605.0,2026-08-04 10:12,2026-08-06 11:18,shift,3,2946,2887,0
P0846,F019,LAND,FACILITY,LAND,inbound,0,1,[],"[""A01"", ""A02"", ""A03""]",,,A01,204.0,"[""A01"", ""A02"", ""A03""]",204.0,F019,A01,49,T1,0,510.0,2026-08-06 16:23,2026-08-08 17:52,shift,3,2969,2920,0
P0847,F011,F015,FACILITY,FACILITY,shuttle,0,0,[],[],,,A01,191.0,"[""A01"", ""A02"", ""A03""]",31.0,F011,F015,8,T1,1,77.5,2026-08-05 07:33,2026-08-07 07:41,shift,3,2888,2880,0
P0848,A03,F043,AIRPORT,FACILITY,outbound,0,0,"[""A03""]",[],A03,,A03,303.0,"[""A03"", ""A02"", ""A01""]",303.0,A03,F043,83,T2,1,757.5,2026-08-07 07:00,2026-08-09 08:46,shift,3,2986,2903,0
P0849,LAND,F014,LAND,FACILITY,outbound,1,0,"[""A01"", ""A02"", ""A03""]",[],,,A01,164.0,"[""A01"", ""A02"", ""A03""]",164.0,A01,F014,40,T1,1,410.0,2026-08-09 07:20,2026-08-09 10:43,production,2,203,163,0
P0850,F022,F033,FACILITY,FACILITY,shuttle,0,0,[],[],,,A01,227.0,"[""A01"", ""A02"", ""A03""]",33.0,F022,F033,8,T1,1,82.5,2026-08-04 09:47,2026-08-06 09:55,shift,3,2888,2880,0
P0851,LAND,F007,LAND,FACILITY,outbound,1,0,"[""A01"", ""A02"", ""A03""]",[],,,A01,233.0,"[""A01"", ""A02"", ""A03""]",233.0,A01,F007,56,T1,1,582.5,2026-08-03 00:00,2026-08-05 08:05,shift,3,3365,3309,0
P0852,F021,F027,FACILITY,FACILITY,shuttle,0,0,[],[],,,A01,191.0,"[""A01"", ""A02"", ""A03""]",37.0,F021,F027,9,T1,1,92.5,2026-08-03 07:31,2026-08-04 08:06,shift,3,1475,1466,0
P0853,F041,LAND,FACILITY,LAND,inbound,0,1,[],"[""A01"", ""A02"", ""A03""]",,,A03,278.0,"[""A03"", ""A02"", ""A01""]",278.0,F041,A03,76,T2,0,695.0,2026-08-04 10:52,2026-08-06 13:37,shift,3,3045,2969,0
P0854,F038,LAND,FACILITY,LAND,inbound,0,1,[],"[""A01"", ""A02"", ""A03""]",,,A03,263.0,"[""A03"", ""A02"", ""A01""]",263.0,F038,A03,72,T2,0,657.5,2026-08-05 09:51,2026-08-09 11:15,temporary,4,5844,5772,0
P0855,LAND,F039,LAND,FACILITY,outbound,1,0,"[""A01"", ""A02"", ""A03""]",[],,,A03,223.0,"[""A03"", ""A02"", ""A01""]",223.0,A03,F039,54,T1,1,557.5,2026-08-03 07:19,2026-08-04 08:30,shift,3,1511,1457,0
P0856,A03,F051,AIRPORT,FACILITY,outbound,0,0,"[""A03""]",[],A03,,A03,279.0,"[""A03"", ""A02"", ""A01""]",279.0,A03,F051,77,T2,1,697.5,2026-08-04 08:57,2026-08-07 10:47,shift,3,4430,4353,0
P0857,LAND,F027,LAND,FACILITY,outbound,1,0,"[""A01"", ""A02"", ""A03""]",[],,,A01,191.0,"[""A01"", ""A02"", ""A03""]",191.0,A01,F027,46,T1,1,477.5,2026-08-07 15:07,2026-08-08 16:10,shift,3,1503,1457,0
P0858,F040,LAND,FACILITY,LAND,inbound,0,1,[],"[""A01"", ""A02"", ""A03""]",,,A03,342.0,"[""A03"", ""A02"", ""A01""]",342.0,F040,A03,94,T2,0,855.0,2026-08-07 12:05,2026-08-09 14:47,shift,3,3042,2948,0
P0859,F045,A03,FACILITY,AIRPORT,inbound,0,0,[],"[""A03""]",,A03,A03,260.0,"[""A03"", ""A02"", ""A01""]",260.0,F045,A03,71,T2,0,650.0,2026-08-06 17:15,2026-08-09 18:38,shift,3,4403,4332,0
P0860,LAND,F009,LAND,FACILITY,outbound,1,0,"[""A01"", ""A02"", ""A03""]",[],,,A01,166.0,"[""A01"", ""A02"", ""A03""]",166.0,A01,F009,40,T1,1,415.0,2026-08-05 09:28,2026-08-09 23:59,temporary,4,6631,6591,0
P0861,F042,F040,FACILITY,FACILITY,shuttle,0,0,[],[],,,A03,342.0,"[""A03"", ""A02"", ""A01""]",28.0,F042,F040,7,T1,1,70.0,2026-08-04 09:55,2026-08-07 10:04,shift,3,4329,4322,0
P0862,LAND,F021,LAND,FACILITY,outbound,1,0,"[""A01"", ""A02"", ""A03""]",[],,,A01,218.0,"[""A01"", ""A02"", ""A03""]",218.0,A01,F021,53,T1,1,545.0,2026-08-06 07:44,2026-08-08 08:54,shift,3,2950,2897,0
P0863,LAND,F006,LAND,FACILITY,outbound,1,0,"[""A01"", ""A02"", ""A03""]",[],,,A01,235.0,"[""A01"", ""A02"", ""A03""]",235.0,A01,F006,57,T1,1,587.5,2026-08-06 07:00,2026-08-08 08:15,shift,3,2955,2898,0
P0864,F027,LAND,FACILITY,LAND,inbound,0,1,[],"[""A01"", ""A02"", ""A03""]",,,A01,191.0,"[""A01"", ""A02"", ""A03""]",191.0,F027,A01,46,T1,0,477.5,2026-08-03 09:06,2026-08-05 10:09,shift,3,2943,2897,0
P0865,A03,F050,AIRPORT,FACILITY,outbound,0,0,"[""A03""]",[],A03,,A03,403.0,"[""A03"", ""A02"", ""A01""]",403.0,A03,F050,128,T3,1,1007.5,2026-08-08 09:33,2026-08-09 23:59,shift,3,2306,2178,0
P0866,F001,LAND,FACILITY,LAND,inbound,0,1,[],"[""A01"", ""A02"", ""A03""]",,,A01,219.0,"[""A01"", ""A02"", ""A03""]",219.0,F001,A01,53,T1,0,547.5,2026-08-08 08:03,2026-08-09 23:59,shift,3,2396,2343,0
P0867,F004,F007,FACILITY,FACILITY,shuttle,0,0,[],[],,,A01,233.0,"[""A01"", ""A02"", ""A03""]",36.0,F004,F007,9,T1,1,90.0,2026-08-03 08:10,2026-08-05 08:22,shift,3,2892,2883,0
P0868,A03,F040,AIRPORT,FACILITY,outbound,0,0,"[""A03""]",[],A03,,A03,342.0,"[""A03"", ""A02"", ""A01""]",342.0,A03,F040,94,T2,1,855.0,2026-08-06 09:13,2026-08-08 11:55,shift,3,3042,2948,0
P0869,LAND,F049,LAND,FACILITY,outbound,1,0,"[""A01"", ""A02"", ""A03""]",[],,,A02,239.0,"[""A02"", ""A03"", ""A01""]",239.0,A02,F049,58,T1,1,597.5,2026-08-05 06:41,2026-08-06 08:23,shift,3,1542,1484,0
P0870,LAND,F013,LAND,FACILITY,outbound,1,0,"[""A01"", ""A02"", ""A03""]",[],,,A01,279.0,"[""A01"", ""A02"", ""A03""]",279.0,A01,F013,77,T2,1,697.5,2026-08-07 07:53,2026-08-09 23:59,shift,3,3846,3769,0
P0871,F004,F007,FACILITY,FACILITY,shuttle,0,0,[],[],,,A01,233.0,"[""A01"", ""A02"", ""A03""]",36.0,F004,F007,9,T1,1,90.0,2026-08-03 08:10,2026-08-06 08:22,shift,3,4332,4323,0
P0872,LAND,F036,LAND,FACILITY,outbound,1,0,"[""A01"", ""A02"", ""A03""]",[],,,A02,215.0,"[""A02"", ""A01"", ""A03""]",215.0,A02,F036,52,T1,1,537.5,2026-08-09 15:17,2026-08-09 23:59,shift,3,522,470,0
P0873,F028,F018,FACILITY,FACILITY,shuttle,0,0,[],[],,,A01,196.0,"[""A01"", ""A02"", ""A03""]",65.0,F028,F018,16,T1,1,162.5,2026-08-06 10:44,2026-08-09 11:02,shift,3,4338,4322,0
P0874,F046,LAND,FACILITY,LAND,inbound,0,1,[],"[""A01"", ""A02"", ""A03""]",,,A02,227.0,"[""A02"", ""A03"", ""A01""]",227.0,F046,A02,55,T1,0,567.5,2026-08-08 10:30,2026-08-08 13:46,production,2,196,141,0
P0875,F031,F021,FACILITY,FACILITY,shuttle,0,0,[],[],,,A01,218.0,"[""A01"", ""A02"", ""A03""]",44.0,F031,F021,11,T1,1,110.0,2026-08-09 11:14,2026-08-09 23:59,shift,3,765,754,0
P0876,F051,F038,FACILITY,FACILITY,shuttle,0,0,[],[],,,A03,263.0,"[""A03"", ""A02"", ""A01""]",17.0,F051,F038,5,T1,1,42.5,2026-08-08 09:23,2026-08-09 09:28,shift,3,1445,1440,0
P0877,F033,A02,FACILITY,AIRPORT,inbound,0,0,[],"[""A02""]",,A02,A01,227.0,"[""A01"", ""A02"", ""A03""]",239.0,F033,A02,58,T1,0,597.5,2026-08-04 08:58,2026-08-07 10:14,shift,3,4396,4338,0
P0878,F010,F007,FACILITY,FACILITY,shuttle,0,0,[],[],,,A01,233.0,"[""A01"", ""A02"", ""A03""]",37.0,F010,F007,9,T1,1,92.5,2026-08-04 07:53,2026-08-06 08:27,shift,3,2914,2905,0
P0879,LAND,F005,LAND,FACILITY,outbound,1,0,"[""A01"", ""A02"", ""A03""]",[],,,A01,190.0,"[""A01"", ""A02"", ""A03""]",190.0,A01,F005,46,T1,1,475.0,2026-08-03 08:48,2026-08-04 09:40,shift,3,1492,1446,0
P0880,LAND,F040,LAND,FACILITY,outbound,1,0,"[""A01"", ""A02"", ""A03""]",[],,,A03,342.0,"[""A03"", ""A02"", ""A01""]",342.0,A03,F040,94,T2,1,855.0,2026-08-03 06:00,2026-08-03 08:56,production,2,176,82,0
P0881,F023,LAND,FACILITY,LAND,inbound,0,1,[],"[""A01"", ""A02"", ""A03""]",,,A02,267.0,"[""A02"", ""A01"", ""A03""]",267.0,F023,A02,73,T2,0,667.5,2026-08-07 16:15,2026-08-07 19:43,production,2,208,135,0
P0882,F016,LAND,FACILITY,LAND,inbound,0,1,[],"[""A01"", ""A02"", ""A03""]",,,A01,181.0,"[""A01"", ""A02"", ""A03""]",181.0,F016,A01,44,T1,0,452.5,2026-08-06 16:00,2026-08-07 17:13,shift,3,1513,1469,0
P0883,F034,LAND,FACILITY,LAND,inbound,0,1,[],"[""A01"", ""A02"", ""A03""]",,,A01,246.0,"[""A01"", ""A02"", ""A03""]",246.0,F034,A01,60,T1,0,615.0,2026-08-05 10:04,2026-08-06 11:25,shift,3,1521,1461,0
P0884,F041,LAND,FACILITY,LAND,inbound,0,1,[],"[""A01"", ""A02"", ""A03""]",,,A03,278.0,"[""A03"", ""A02"", ""A01""]",278.0,F041,A03,76,T2,0,695.0,2026-08-03 10:52,2026-08-05 13:37,shift,3,3045,2969,0
P0885,F004,F007,FACILITY,FACILITY,shuttle,0,0,[],[],,,A01,233.0,"[""A01"", ""A02"", ""A03""]",36.0,F004,F007,9,T1,1,90.0,2026-08-03 08:10,2026-08-05 08:22,shift,3,2892,2883,0
P0886,F020,F019,FACILITY,FACILITY,shuttle,0,0,[],[],,,A01,204.0,"[""A01"", ""A02"", ""A03""]",36.0,F020,F019,9,T1,1,90.0,2026-08-03 00:00,2026-08-05 10:58,shift,3,3538,3529,0
P0887,F010,LAND,FACILITY,LAND,inbound,0,1,[],"[""A01"", ""A02"", ""A03""]",,,A01,216.0,"[""A01"", ""A02"", ""A03""]",216.0,F010,A01,52,T1,0,540.0,2026-08-04 09:41,2026-08-06 11:09,shift,3,2968,2916,0
P0888,LAND,F036,LAND,FACILITY,outbound,1,0,"[""A01"", ""A02"", ""A03""]",[],,,A02,215.0,"[""A02"", ""A01"", ""A03""]",215.0,A02,F036,52,T1,1,537.5,2026-08-05 10:09,2026-08-08 11:47,shift,3,4418,4366,0
P0889,LAND,F036,LAND,FACILITY,outbound,1,0,"[""A01"", ""A02"", ""A03""]",[],,,A02,215.0,"[""A02"", ""A01"", ""A03""]",215.0,A02,F036,52,T1,1,537.5,2026-08-03 00:00,2026-08-04 16:39,shift,3,2439,2387,0
P0890,F003,F007,FACILITY,FACILITY,shuttle,0,0,[],[],,,A01,233.0,"[""A01"", ""A02"", ""A03""]",48.0,F003,F007,12,T1,1,120.0,2026-08-09 08:35,2026-08-09 10:52,production,2,137,125,0
P0891,F002,LAND,FACILITY,LAND,inbound,0,1,[],"[""A01"", ""A02"", ""A03""]",,,A01,217.0,"[""A01"", ""A02"", ""A03""]",217.0,F002,A01,53,T1,0,542.5,2026-08-08 08:44,2026-08-09 23:59,shift,3,2355,2302,0
P0892,F049,LAND,FACILITY,LAND,inbound,0,1,[],"[""A01"", ""A02"", ""A03""]",,,A02,239.0,"[""A02"", ""A03"", ""A01""]",239.0,F049,A02,58,T1,0,597.5,2026-08-08 11:45,2026-08-09 23:59,shift,3,2174,2116,0
P0893,LAND,F007,LAND,FACILITY,outbound,1,0,"[""A01"", ""A02"", ""A03""]",[],,,A01,233.0,"[""A01"", ""A02"", ""A03""]",233.0,A01,F007,56,T1,1,582.5,2026-08-03 06:51,2026-08-04 08:05,shift,3,1514,1458,0
P0894,LAND,F045,LAND,FACILITY,outbound,1,0,"[""A01"", ""A02"", ""A03""]",[],,,A03,260.0,"[""A03"", ""A02"", ""A01""]",260.0,A03,F045,71,T2,1,650.0,2026-08-07 14:23,2026-08-07 17:55,production,2,212,141,0
P0895,F003,F007,FACILITY,FACILITY,shuttle,0,0,[],[],,,A01,233.0,"[""A01"", ""A02"", ""A03""]",48.0,F003,F007,12,T1,1,120.0,2026-08-08 09:19,2026-08-09 23:59,shift,3,2320,2308,0
P0896,LAND,F034,LAND,FACILITY,outbound,1,0,"[""A01"", ""A02"", ""A03""]",[],,,A01,246.0,"[""A01"", ""A02"", ""A03""]",246.0,A01,F034,60,T1,1,615.0,2026-08-04 08:12,2026-08-06 09:54,shift,3,2982,2922,0
P0897,A02,F027,AIRPORT,FACILITY,outbound,0,0,"[""A02""]",[],A02,,A01,191.0,"[""A01"", ""A02"", ""A03""]",198.0,A02,F027,48,T1,1,495.0,2026-08-06 15:07,2026-08-09 16:10,shift,3,4383,4335,0
P0898,F046,F047,FACILITY,FACILITY,shuttle,0,0,[],[],,,A02,241.0,"[""A02"", ""A01"", ""A03""]",15.0,F046,F047,4,T1,1,37.5,2026-08-06 10:00,2026-08-08 10:05,shift,3,2885,2881,0
P0899,F005,LAND,FACILITY,LAND,inbound,0,1,[],"[""A01"", ""A02"", ""A03""]",,,A01,190.0,"[""A01"", ""A02"", ""A03""]",190.0,F005,A01,46,T1,0,475.0,2026-08-06 10:12,2026-08-08 11:04,shift,3,2932,2886,0
P0900,F002,LAND,FACILITY,LAND,inbound,0,1,[],"[""A01"", ""A02"", ""A03""]",,,A01,217.0,"[""A01"", ""A02"", ""A03""]",217.0,F002,A01,53,T1,0,542.5,2026-08-06 08:48,2026-08-08 09:57,shift,3,2949,2896,0
P0901,F017,LAND,FACILITY,LAND,inbound,0,1,[],"[""A01"", ""A02"", ""A03""]",,,A01,153.0,"[""A01"", ""A02"", ""A03""]",153.0,F017,A01,37,T1,0,382.5,2026-08-06 10:31,2026-08-08 11:13,shift,3,2922,2885,0
P0902,F015,F009,FACILITY,FACILITY,shuttle,0,0,[],[],,,A01,166.0,"[""A01"", ""A02"", ""A03""]",38.0,F015,F009,10,T1,1,95.0,2026-08-06 10:47,2026-08-08 10:58,shift,3,2891,2881,0
P0903,F001,F016,FACILITY,FACILITY,shuttle,0,0,[],[],,,A01,181.0,"[""A01"", ""A02"", ""A03""]",41.0,F001,F016,10,T1,1,102.5,2026-08-03 10:38,2026-08-03 12:54,production,2,136,126,0
P0904,LAND,F051,LAND,FACILITY,outbound,1,0,"[""A01"", ""A02"", ""A03""]",[],,,A03,279.0,"[""A03"", ""A02"", ""A01""]",279.0,A03,F051,77,T2,1,697.5,2026-08-08 07:26,2026-08-09 23:59,shift,3,2433,2356,0
P0905,F045,F048,FACILITY,FACILITY,shuttle,0,0,[],[],,,A03,254.0,"[""A03"", ""A02"", ""A01""]",45.0,F045,F048,11,T1,1,112.5,2026-08-05 08:40,2026-08-08 09:14,shift,3,4354,4343,0
P0906,F016,A01,FACILITY,AIRPORT,inbound,0,0,[],"[""A01""]",,A01,A01,181.0,"[""A01"", ""A02"", ""A03""]",181.0,F016,A01,44,T1,0,452.5,2026-08-08 10:32,2026-08-09 23:59,shift,3,2247,2203,0
P0907,F012,F015,FACILITY,FACILITY,shuttle,0,0,[],[],,,A01,191.0,"[""A01"", ""A02"", ""A03""]",33.0,F012,F015,8,T1,1,82.5,2026-08-06 10:21,2026-08-08 10:30,shift,3,2889,2881,0
P0908,LAND,F004,LAND,FACILITY,outbound,1,0,"[""A01"", ""A02"", ""A03""]",[],,,A01,197.0,"[""A01"", ""A02"", ""A03""]",197.0,A01,F004,48,T1,1,492.5,2026-08-06 07:55,2026-08-08 08:43,shift,3,2928,2880,0
P0909,LAND,F022,LAND,FACILITY,outbound,1,0,"[""A01"", ""A02"", ""A03""]",[],,,A01,194.0,"[""A01"", ""A02"", ""A03""]",194.0,A01,F022,47,T1,1,485.0,2026-08-09 08:59,2026-08-09 23:59,shift,3,900,853,0
P0910,F034,LAND,FACILITY,LAND,inbound,0,1,[],"[""A01"", ""A02"", ""A03""]",,,A01,246.0,"[""A01"", ""A02"", ""A03""]",246.0,F034,A01,60,T1,0,615.0,2026-08-05 09:15,2026-08-05 12:46,production,2,211,151,0
P0911,LAND,F037,LAND,FACILITY,outbound,1,0,"[""A01"", ""A02"", ""A03""]",[],,,A03,359.0,"[""A03"", ""A02"", ""A01""]",359.0,A03,F037,98,T2,1,897.5,2026-08-05 06:53,2026-08-07 08:55,temporary,4,3002,2904,0
P0912,LAND,F013,LAND,FACILITY,outbound,1,0,"[""A01"", ""A02"", ""A03""]",[],,,A01,279.0,"[""A01"", ""A02"", ""A03""]",279.0,A01,F013,77,T2,1,697.5,2026-08-07 07:53,2026-08-09 09:43,shift,3,2990,2913,0
P0913,F045,LAND,FACILITY,LAND,inbound,0,1,[],"[""A01"", ""A02"", ""A03""]",,,A03,260.0,"[""A03"", ""A02"", ""A01""]",260.0,F045,A03,71,T2,0,650.0,2026-08-07 17:15,2026-08-09 18:38,shift,3,2963,2892,0
P0914,F042,LAND,FACILITY,LAND,inbound,0,1,[],"[""A01"", ""A02"", ""A03""]",,,A03,368.0,"[""A03"", ""A02"", ""A01""]",368.0,F042,A03,101,T2,0,920.0,2026-08-04 12:01,2026-08-05 14:50,shift,3,1609,1508,0
P0915,F040,LAND,FACILITY,LAND,inbound,0,1,[],"[""A01"", ""A02"", ""A03""]",,,A03,342.0,"[""A03"", ""A02"", ""A01""]",342.0,F040,A03,94,T2,0,855.0,2026-08-03 07:13,2026-08-03 11:08,production,2,235,141,0
P0916,LAND,F050,LAND,FACILITY,outbound,1,0,"[""A01"", ""A02"", ""A03""]",[],,,A03,403.0,"[""A03"", ""A02"", ""A01""]",403.0,A03,F050,128,T3,1,1007.5,2026-08-05 07:11,2026-08-06 09:24,shift,3,1573,1445,0
P0917,F019,A02,FACILITY,AIRPORT,inbound,0,0,[],"[""A02""]",,A02,A01,204.0,"[""A01"", ""A02"", ""A03""]",216.0,F019,A02,52,T1,0,540.0,2026-08-03 10:16,2026-08-04 11:45,shift,3,1529,1477,0
P0918,A01,F001,AIRPORT,FACILITY,outbound,0,0,"[""A01""]",[],A01,,A01,219.0,"[""A01"", ""A02"", ""A03""]",219.0,A01,F001,53,T1,1,547.5,2026-08-03 00:00,2026-08-04 07:43,shift,3,1903,1850,0
P0919,F012,LAND,FACILITY,LAND,inbound,0,1,[],"[""A01"", ""A02"", ""A03""]",,,A01,208.0,"[""A01"", ""A02"", ""A03""]",208.0,F012,A01,50,T1,0,520.0,2026-08-04 10:54,2026-08-04 13:57,production,2,183,133,0
P0920,F043,F051,FACILITY,FACILITY,shuttle,0,0,[],[],,,A03,279.0,"[""A03"", ""A02"", ""A01""]",35.0,F043,F051,9,T1,1,87.5,2026-08-04 10:17,2026-08-06 10:29,shift,3,2892,2883,0
P0921,LAND,F036,LAND,FACILITY,outbound,1,0,"[""A01"", ""A02"", ""A03""]",[],,,A02,215.0,"[""A02"", ""A01"", ""A03""]",215.0,A02,F036,52,T1,1,537.5,2026-08-05 10:09,2026-08-08 11:47,shift,3,4418,4366,0
P0922,F030,LAND,FACILITY,LAND,inbound,0,1,[],"[""A01"", ""A02"", ""A03""]",,,A01,158.0,"[""A01"", ""A02"", ""A03""]",158.0,F030,A01,38,T1,0,395.0,2026-08-08 10:44,2026-08-09 11:34,shift,3,1490,1452,0
P0923,LAND,F011,LAND,FACILITY,outbound,1,0,"[""A01"", ""A02"", ""A03""]",[],,,A01,201.0,"[""A01"", ""A02"", ""A03""]",201.0,A01,F011,49,T1,1,502.5,2026-08-05 06:36,2026-08-09 07:31,temporary,4,5815,5766,0
P0924,F002,LAND,FACILITY,LAND,inbound,0,1,[],"[""A01"", ""A02"", ""A03""]",,,A01,217.0,"[""A01"", ""A02"", ""A03""]",217.0,F002,A01,53,T1,0,542.5,2026-08-08 08:44,2026-08-09 23:59,shift,3,2355,2302,0
P0925,LAND,F003,LAND,FACILITY,outbound,1,0,"[""A01"", ""A02"", ""A03""]",[],,,A01,192.0,"[""A01"", ""A02"", ""A03""]",192.0,A01,F003,47,T1,1,480.0,2026-08-07 06:16,2026-08-07 09:20,production,2,184,137,0
P0926,LAND,F026,LAND,FACILITY,outbound,1,0,"[""A01"", ""A02"", ""A03""]",[],,,A01,204.0,"[""A01"", ""A02"", ""A03""]",204.0,A01,F026,49,T1,1,510.0,2026-08-03 07:14,2026-08-07 08:24,temporary,4,5830,5781,0
P0927,F003,F007,FACILITY,FACILITY,shuttle,0,0,[],[],,,A01,233.0,"[""A01"", ""A02"", ""A03""]",48.0,F003,F007,12,T1,1,120.0,2026-08-08 09:19,2026-08-09 23:59,shift,3,2320,2308,0
P0928,F031,LAND,FACILITY,LAND,inbound,0,1,[],"[""A01"", ""A02"", ""A03""]",,,A02,242.0,"[""A02"", ""A01"", ""A03""]",242.0,F031,A02,59,T1,0,605.0,2026-08-03 11:38,2026-08-06 12:44,temporary,4,4386,4327,0
P0929,F031,A02,FACILITY,AIRPORT,inbound,0,0,[],"[""A02""]",,A02,A02,242.0,"[""A02"", ""A01"", ""A03""]",242.0,F031,A02,59,T1,0,605.0,2026-08-05 11:38,2026-08-07 12:44,shift,3,2946,2887,0
P0930,F020,LAND,FACILITY,LAND,inbound,0,1,[],"[""A01"", ""A02"", ""A03""]",,,A01,171.0,"[""A01"", ""A02"", ""A03""]",171.0,F020,A01,42,T1,0,427.5,2026-08-03 08:07,2026-08-04 09:06,shift,3,1499,1457,0
P0931,F032,F025,FACILITY,FACILITY,shuttle,0,0,[],[],,,A01,202.0,"[""A01"", ""A02"", ""A03""]",79.0,F032,F025,19,T1,1,197.5,2026-08-09 08:20,2026-08-09 23:59,shift,3,939,920,0
P0932,F049,LAND,FACILITY,LAND,inbound,0,1,[],"[""A01"", ""A02"", ""A03""]",,,A02,239.0,"[""A02"", ""A03"", ""A01""]",239.0,F049,A02,58,T1,0,597.5,2026-08-07 11:45,2026-08-09 23:59,shift,3,3614,3556,0
P0933,LAND,F049,LAND,FACILITY,outbound,1,0,"[""A01"", ""A02"", ""A03""]",[],,,A02,239.0,"[""A02"", ""A03"", ""A01""]",239.0,A02,F049,58,T1,1,597.5,2026-08-04 06:41,2026-08-07 08:23,shift,3,4422,4364,0
P0934,F042,F040,FACILITY,FACILITY,shuttle,0,0,[],[],,,A03,342.0,"[""A03"", ""A02"", ""A01""]",28.0,F042,F040,7,T1,1,70.0,2026-08-04 09:55,2026-08-06 10:04,shift,3,2889,2882,0
P0935,F033,LAND,FACILITY,LAND,inbound,0,1,[],"[""A01"", ""A02"", ""A03""]",,,A01,227.0,"[""A01"", ""A02"", ""A03""]",227.0,F033,A01,55,T1,0,567.5,2026-08-05 08:58,2026-08-06 10:14,shift,3,1516,1461,0
P0936,F033,LAND,FACILITY,LAND,inbound,0,1,[],"[""A01"", ""A02"", ""A03""]",,,A01,227.0,"[""A01"", ""A02"", ""A03""]",227.0,F033,A01,55,T1,0,567.5,2026-08-05 08:58,2026-08-07 10:14,shift,3,2956,2901,0
P0937,F036,F046,FACILITY,FACILITY,shuttle,0,0,[],[],,,A02,227.0,"[""A02"", ""A03"", ""A01""]",41.0,F036,F046,10,T1,1,102.5,2026-08-03 00:00,2026-08-04 08:10,shift,3,1930,1920,0
P0938,F031,LAND,FACILITY,LAND,inbound,0,1,[],"[""A01"", ""A02"", ""A03""]",,,A02,242.0,"[""A02"", ""A01"", ""A03""]",242.0,F031,A02,59,T1,0,605.0,2026-08-04 11:38,2026-08-07 12:44,shift,3,4386,4327,0
P0939,F005,LAND,FACILITY,LAND,inbound,0,1,[],"[""A01"", ""A02"", ""A03""]",,,A01,190.0,"[""A01"", ""A02"", ""A03""]",190.0,F005,A01,46,T1,0,475.0,2026-08-03 09:50,2026-08-04 10:42,shift,3,1492,1446,0
P0940,F041,F045,FACILITY,FACILITY,shuttle,0,0,[],[],,,A03,260.0,"[""A03"", ""A02"", ""A01""]",20.0,F041,F045,5,T1,1,50.0,2026-08-03 10:20,2026-08-06 10:27,shift,3,4327,4322,0
P0941,F032,F025,FACILITY,FACILITY,shuttle,0,0,[],[],,,A01,202.0,"[""A01"", ""A02"", ""A03""]",79.0,F032,F025,19,T1,1,197.5,2026-08-06 08:20,2026-08-09 23:59,temporary,4,5259,5240,0
P0942,F020,LAND,FACILITY,LAND,inbound,0,1,[],"[""A01"", ""A02"", ""A03""]",,,A01,171.0,"[""A01"", ""A02"", ""A03""]",171.0,F020,A01,42,T1,0,427.5,2026-08-06 08:05,2026-08-08 08:56,shift,3,2931,2889,0
P0943,F026,F033,FACILITY,FACILITY,shuttle,0,0,[],[],,,A01,227.0,"[""A01"", ""A02"", ""A03""]",35.0,F026,F033,9,T1,1,87.5,2026-08-05 07:45,2026-08-08 07:55,shift,3,4330,4321,0
P0944,F042,A03,FACILITY,AIRPORT,inbound,0,0,[],"[""A03""]",,A03,A03,368.0,"[""A03"", ""A02"", ""A01""]",368.0,F042,A03,101,T2,0,920.0,2026-08-03 12:01,2026-08-06 14:50,shift,3,4489,4388,0
P0945,F012,F015,FACILITY,FACILITY,shuttle,0,0,[],[],,,A01,191.0,"[""A01"", ""A02"", ""A03""]",33.0,F012,F015,8,T1,1,82.5,2026-08-05 10:21,2026-08-07 10:30,shift,3,2889,2881,0
P0946,LAND,F019,LAND,FACILITY,outbound,1,0,"[""A01"", ""A02"", ""A03""]",[],,,A01,204.0,"[""A01"", ""A02"", ""A03""]",204.0,A01,F019,49,T1,1,510.0,2026-08-05 15:14,2026-08-08 16:13,shift,3,4379,4330,0
P0947,F012,F015,FACILITY,FACILITY,shuttle,0,0,[],[],,,A01,191.0,"[""A01"", ""A02"", ""A03""]",33.0,F012,F015,8,T1,1,82.5,2026-08-06 10:21,2026-08-07 10:30,shift,3,1449,1441,0
P0948,LAND,F045,LAND,FACILITY,outbound,1,0,"[""A01"", ""A02"", ""A03""]",[],,,A03,260.0,"[""A03"", ""A02"", ""A01""]",260.0,A03,F045,71,T2,1,650.0,2026-08-03 08:54,2026-08-05 10:48,shift,3,2994,2923,0
P0949,F008,LAND,FACILITY,LAND,inbound,0,1,[],"[""A01"", ""A02"", ""A03""]",,,A01,221.0,"[""A01"", ""A02"", ""A03""]",221.0,F008,A01,54,T1,0,552.5,2026-08-03 08:37,2026-08-06 09:54,shift,3,4397,4343,0
P0950,LAND,F016,LAND,FACILITY,outbound,1,0,"[""A01"", ""A02"", ""A03""]",[],,,A01,181.0,"[""A01"", ""A02"", ""A03""]",181.0,A01,F016,44,T1,1,452.5,2026-08-08 09:32,2026-08-09 23:59,shift,3,2307,2263,0
P0951,F044,LAND,FACILITY,LAND,inbound,0,1,[],"[""A01"", ""A02"", ""A03""]",,,A03,317.0,"[""A03"", ""A02"", ""A01""]",317.0,F044,A03,87,T2,0,792.5,2026-08-03 09:32,2026-08-06 11:13,shift,3,4421,4334,0
P0952,LAND,F049,LAND,FACILITY,outbound,1,0,"[""A01"", ""A02"", ""A03""]",[],,,A02,239.0,"[""A02"", ""A03"", ""A01""]",239.0,A02,F049,58,T1,1,597.5,2026-08-05 06:41,2026-08-07 08:23,shift,3,2982,2924,0
P0953,LAND,F028,LAND,FACILITY,outbound,1,0,"[""A01"", ""A02"", ""A03""]",[],,,A01,217.0,"[""A01"", ""A02"", ""A03""]",217.0,A01,F028,53,T1,1,542.5,2026-08-07 06:10,2026-08-09 07:49,shift,3,2979,2926,0
P0954,F029,LAND,FACILITY,LAND,inbound,0,1,[],"[""A01"", ""A02"", ""A03""]",,,A01,211.0,"[""A01"", ""A02"", ""A03""]",211.0,F029,A01,51,T1,0,527.5,2026-08-04 10:38,2026-08-07 11:37,shift,3,4379,4328,0
P0955,LAND,F033,LAND,FACILITY,outbound,1,0,"[""A01"", ""A02"", ""A03""]",[],,,A01,227.0,"[""A01"", ""A02"", ""A03""]",227.0,A01,F033,55,T1,1,567.5,2026-08-08 07:26,2026-08-09 23:59,shift,3,2433,2378,0
P0956,F051,LAND,FACILITY,LAND,inbound,0,1,[],"[""A01"", ""A02"", ""A03""]",,,A03,279.0,"[""A03"", ""A02"", ""A01""]",279.0,F051,A03,77,T2,0,697.5,2026-08-09 09:13,2026-08-09 23:59,shift,3,886,809,0
P0957,A02,F019,AIRPORT,FACILITY,outbound,0,0,"[""A02""]",[],A02,,A01,204.0,"[""A01"", ""A02"", ""A03""]",216.0,A02,F019,52,T1,1,540.0,2026-08-03 09:07,2026-08-05 10:06,shift,3,2939,2887,0
P0958,F027,LAND,FACILITY,LAND,inbound,0,1,[],"[""A01"", ""A02"", ""A03""]",,,A01,191.0,"[""A01"", ""A02"", ""A03""]",191.0,F027,A01,46,T1,0,477.5,2026-08-04 09:06,2026-08-06 10:09,shift,3,2943,2897,0
P0959,F014,LAND,FACILITY,LAND,inbound,0,1,[],"[""A01"", ""A02"", ""A03""]",,,A01,164.0,"[""A01"", ""A02"", ""A03""]",164.0,F014,A01,40,T1,0,410.0,2026-08-09 09:18,2026-08-09 11:30,production,2,132,92,0
P0960,F027,LAND,FACILITY,LAND,inbound,0,1,[],"[""A01"", ""A02"", ""A03""]",,,A01,191.0,"[""A01"", ""A02"", ""A03""]",191.0,F027,A01,46,T1,0,477.5,2026-08-07 16:20,2026-08-08 17:23,shift,3,1503,1457,0
P0961,F046,F047,FACILITY,FACILITY,shuttle,0,0,[],[],,,A02,241.0,"[""A02"", ""A01"", ""A03""]",15.0,F046,F047,4,T1,1,37.5,2026-08-05 10:00,2026-08-08 10:05,shift,3,4325,4321,0
P0962,LAND,F029,LAND,FACILITY,outbound,1,0,"[""A01"", ""A02"", ""A03""]",[],,,A01,211.0,"[""A01"", ""A02"", ""A03""]",211.0,A01,F029,51,T1,1,527.5,2026-08-04 09:03,2026-08-07 10:28,shift,3,4405,4354,0
P0963,F040,F041,FACILITY,FACILITY,shuttle,0,0,[],[],,,A03,278.0,"[""A03"", ""A02"", ""A01""]",66.0,F040,F041,16,T1,1,165.0,2026-08-04 08:40,2026-08-05 09:19,shift,3,1479,1463,0
P0964,F024,A02,FACILITY,AIRPORT,inbound,0,0,[],"[""A02""]",,A02,A01,211.0,"[""A01"", ""A02"", ""A03""]",219.0,F024,A02,53,T1,0,547.5,2026-08-03 10:50,2026-08-05 11:50,shift,3,2940,2887,0
P0965,LAND,F043,LAND,FACILITY,outbound,1,0,"[""A01"", ""A02"", ""A03""]",[],,,A03,303.0,"[""A03"", ""A02"", ""A01""]",303.0,A03,F043,83,T2,1,757.5,2026-08-04 10:17,2026-08-05 12:03,shift,3,1546,1463,0
P0966,F013,F002,FACILITY,FACILITY,shuttle,0,0,[],[],,,A01,217.0,"[""A01"", ""A02"", ""A03""]",67.0,F013,F002,17,T1,1,167.5,2026-08-05 08:45,2026-08-08 09:07,shift,3,4342,4325,0
P0967,F051,F038,FACILITY,FACILITY,shuttle,0,0,[],[],,,A03,263.0,"[""A03"", ""A02"", ""A01""]",17.0,F051,F038,5,T1,1,42.5,2026-08-07 09:23,2026-08-09 09:28,shift,3,2885,2880,0
P0968,F038,LAND,FACILITY,LAND,inbound,0,1,[],"[""A01"", ""A02"", ""A03""]",,,A03,263.0,"[""A03"", ""A02"", ""A01""]",263.0,F038,A03,72,T2,0,657.5,2026-08-06 08:56,2026-08-06 12:28,production,2,212,140,0
P0969,LAND,F015,LAND,FACILITY,outbound,1,0,"[""A01"", ""A02"", ""A03""]",[],,,A01,191.0,"[""A01"", ""A02"", ""A03""]",191.0,A01,F015,46,T1,1,477.5,2026-08-06 07:02,2026-08-07 08:19,shift,3,1517,1471,0
P0970,F047,F049,FACILITY,FACILITY,shuttle,0,0,[],[],,,A02,239.0,"[""A02"", ""A03"", ""A01""]",19.0,F047,F049,5,T1,1,47.5,2026-08-06 17:06,2026-08-09 17:12,shift,3,4326,4321,0
P0971,F023,LAND,FACILITY,LAND,inbound,0,1,[],"[""A01"", ""A02"", ""A03""]",,,A02,267.0,"[""A02"", ""A01"", ""A03""]",267.0,F023,A02,73,T2,0,667.5,2026-08-07 16:51,2026-08-09 18:16,shift,3,2965,2892,0
P0972,F009,LAND,FACILITY,LAND,inbound,0,1,[],"[""A01"", ""A02"", ""A03""]",,,A01,166.0,"[""A01"", ""A02"", ""A03""]",166.0,F009,A01,40,T1,0,415.0,2026-08-03 08:43,2026-08-06 10:01,shift,3,4398,4358,0
P0973,F052,LAND,FACILITY,LAND,inbound,0,1,[],"[""A01"", ""A02"", ""A03""]",,,A02,259.0,"[""A02"", ""A03"", ""A01""]",259.0,F052,A02,71,T2,0,647.5,2026-08-05 11:19,2026-08-08 13:10,shift,3,4431,4360,0
P0974,F006,F007,FACILITY,FACILITY,shuttle,0,0,[],[],,,A01,233.0,"[""A01"", ""A02"", ""A03""]",14.0,F006,F007,4,T1,1,35.0,2026-08-04 09:19,2026-08-07 09:23,shift,3,4324,4320,0
P0975,LAND,F021,LAND,FACILITY,outbound,1,0,"[""A01"", ""A02"", ""A03""]",[],,,A01,218.0,"[""A01"", ""A02"", ""A03""]",218.0,A01,F021,53,T1,1,545.0,2026-08-09 08:21,2026-08-09 23:59,shift,3,938,885,0
P0976,F050,LAND,FACILITY,LAND,inbound,0,1,[],"[""A01"", ""A02"", ""A03""]",,,A03,403.0,"[""A03"", ""A02"", ""A01""]",403.0,F050,A03,128,T3,0,1007.5,2026-08-08 12:50,2026-08-09 23:59,shift,3,2109,1981,0
P0977,F012,LAND,FACILITY,LAND,inbound,0,1,[],"[""A01"", ""A02"", ""A03""]",,,A01,208.0,"[""A01"", ""A02"", ""A03""]",208.0,F012,A01,50,T1,0,520.0,2026-08-07 08:30,2026-08-09 23:59,shift,3,3809,3759,0
P0978,LAND,F005,LAND,FACILITY,outbound,1,0,"[""A01"", ""A02"", ""A03""]",[],,,A01,190.0,"[""A01"", ""A02"", ""A03""]",190.0,A01,F005,46,T1,1,475.0,2026-08-06 09:10,2026-08-09 10:02,shift,3,4372,4326,0
P0979,F031,A02,FACILITY,AIRPORT,inbound,0,0,[],"[""A02""]",,A02,A02,242.0,"[""A02"", ""A01"", ""A03""]",242.0,F031,A02,59,T1,0,605.0,2026-08-08 11:40,2026-08-09 12:46,shift,3,1506,1447,0
P0980,LAND,F037,LAND,FACILITY,outbound,1,0,"[""A01"", ""A02"", ""A03""]",[],,,A03,359.0,"[""A03"", ""A02"", ""A01""]",359.0,A03,F037,98,T2,1,897.5,2026-08-03 00:00,2026-08-05 11:30,shift,3,3570,3472,0
P0981,F036,F046,FACILITY,FACILITY,shuttle,0,0,[],[],,,A02,227.0,"[""A02"", ""A03"", ""A01""]",41.0,F036,F046,10,T1,1,102.5,2026-08-03 07:08,2026-08-03 09:16,production,2,128,118,0
P0982,F009,LAND,FACILITY,LAND,inbound,0,1,[],"[""A01"", ""A02"", ""A03""]",,,A01,166.0,"[""A01"", ""A02"", ""A03""]",166.0,F009,A01,40,T1,0,415.0,2026-08-03 08:43,2026-08-06 10:01,shift,3,4398,4358,0
P0983,F045,LAND,FACILITY,LAND,inbound,0,1,[],"[""A01"", ""A02"", ""A03""]",,,A03,260.0,"[""A03"", ""A02"", ""A01""]",260.0,F045,A03,71,T2,0,650.0,2026-08-04 10:58,2026-08-05 12:21,shift,3,1523,1452,0
P0984,F048,F039,FACILITY,FACILITY,shuttle,0,0,[],[],,,A03,223.0,"[""A03"", ""A02"", ""A01""]",31.0,F048,F039,8,T1,1,77.5,2026-08-07 10:52,2026-08-09 11:02,shift,3,2890,2882,0
P0985,LAND,F050,LAND,FACILITY,outbound,1,0,"[""A01"", ""A02"", ""A03""]",[],,,A03,403.0,"[""A03"", ""A02"", ""A01""]",403.0,A03,F050,128,T3,1,1007.5,2026-08-05 07:11,2026-08-06 09:24,shift,3,1573,1445,0
P0986,LAND,F021,LAND,FACILITY,outbound,1,0,"[""A01"", ""A02"", ""A03""]",[],,,A01,218.0,"[""A01"", ""A02"", ""A03""]",218.0,A01,F021,53,T1,1,545.0,2026-08-09 08:21,2026-08-09 23:59,shift,3,938,885,0
P0987,LAND,F029,LAND,FACILITY,outbound,1,0,"[""A01"", ""A02"", ""A03""]",[],,,A01,211.0,"[""A01"", ""A02"", ""A03""]",211.0,A01,F029,51,T1,1,527.5,2026-08-07 09:07,2026-08-09 23:59,shift,3,3772,3721,0
P0988,F037,F040,FACILITY,FACILITY,shuttle,0,0,[],[],,,A03,342.0,"[""A03"", ""A02"", ""A01""]",27.0,F037,F040,7,T1,1,67.5,2026-08-03 12:15,2026-08-05 12:23,shift,3,2888,2881,0
P0989,F027,LAND,FACILITY,LAND,inbound,0,1,[],"[""A01"", ""A02"", ""A03""]",,,A01,191.0,"[""A01"", ""A02"", ""A03""]",191.0,F027,A01,46,T1,0,477.5,2026-08-03 09:06,2026-08-05 10:09,shift,3,2943,2897,0
P0990,F040,F041,FACILITY,FACILITY,shuttle,0,0,[],[],,,A03,278.0,"[""A03"", ""A02"", ""A01""]",66.0,F040,F041,16,T1,1,165.0,2026-08-04 08:40,2026-08-06 09:19,shift,3,2919,2903,0
P0991,F027,LAND,FACILITY,LAND,inbound,0,1,[],"[""A01"", ""A02"", ""A03""]",,,A01,191.0,"[""A01"", ""A02"", ""A03""]",191.0,F027,A01,46,T1,0,477.5,2026-08-07 16:20,2026-08-08 17:23,shift,3,1503,1457,0
P0992,LAND,F022,LAND,FACILITY,outbound,1,0,"[""A01"", ""A02"", ""A03""]",[],,,A01,194.0,"[""A01"", ""A02"", ""A03""]",194.0,A01,F022,47,T1,1,485.0,2026-08-04 07:37,2026-08-05 08:57,shift,3,1520,1473,0
P0993,A03,F038,AIRPORT,FACILITY,outbound,0,0,"[""A03""]",[],A03,,A03,263.0,"[""A03"", ""A02"", ""A01""]",263.0,A03,F038,72,T2,1,657.5,2026-08-06 08:07,2026-08-08 09:31,shift,3,2964,2892,0
P0994,LAND,F049,LAND,FACILITY,outbound,1,0,"[""A01"", ""A02"", ""A03""]",[],,,A02,239.0,"[""A02"", ""A03"", ""A01""]",239.0,A02,F049,58,T1,1,597.5,2026-08-07 09:40,2026-08-09 11:35,shift,3,2995,2937,0
P0995,LAND,F024,LAND,FACILITY,outbound,1,0,"[""A01"", ""A02"", ""A03""]",[],,,A01,211.0,"[""A01"", ""A02"", ""A03""]",211.0,A01,F024,51,T1,1,527.5,2026-08-07 10:01,2026-08-08 11:01,shift,3,1500,1449,0
P0996,F050,LAND,FACILITY,LAND,inbound,0,1,[],"[""A01"", ""A02"", ""A03""]",,,A03,403.0,"[""A03"", ""A02"", ""A01""]",403.0,F050,A03,128,T3,0,1007.5,2026-08-09 12:50,2026-08-09 23:59,shift,3,669,541,0
P0997,LAND,F051,LAND,FACILITY,outbound,1,0,"[""A01"", ""A02"", ""A03""]",[],,,A03,279.0,"[""A03"", ""A02"", ""A01""]",279.0,A03,F051,77,T2,1,697.5,2026-08-08 07:26,2026-08-09 23:59,shift,3,2433,2356,0
P0998,LAND,F015,LAND,FACILITY,outbound,1,0,"[""A01"", ""A02"", ""A03""]",[],,,A01,191.0,"[""A01"", ""A02"", ""A03""]",191.0,A01,F015,46,T1,1,477.5,2026-08-05 07:02,2026-08-07 08:19,shift,3,2957,2911,0
P0999,F051,LAND,FACILITY,LAND,inbound,0,1,[],"[""A01"", ""A02"", ""A03""]",,,A03,279.0,"[""A03"", ""A02"", ""A01""]",279.0,F051,A03,77,T2,0,697.5,2026-08-04 10:57,2026-08-07 12:26,shift,3,4409,4332,0
P1000,LAND,F012,LAND,FACILITY,outbound,1,0,"[""A01"", ""A02"", ""A03""]",[],,,A01,208.0,"[""A01"", ""A02"", ""A03""]",208.0,A01,F012,50,T1,1,520.0,2026-08-07 07:14,2026-08-09 23:59,shift,3,3885,3835,0
P1001,F027,A02,FACILITY,AIRPORT,inbound,0,0,[],"[""A02""]",,A02,A01,191.0,"[""A01"", ""A02"", ""A03""]",198.0,F027,A02,48,T1,0,495.0,2026-08-07 16:20,2026-08-08 17:23,shift,3,1503,1455,0
P1002,F025,LAND,FACILITY,LAND,inbound,0,1,[],"[""A01"", ""A02"", ""A03""]",,,A01,202.0,"[""A01"", ""A02"", ""A03""]",202.0,F025,A01,49,T1,0,505.0,2026-08-04 16:56,2026-08-06 17:52,shift,3,2936,2887,0
P1003,F010,LAND,FACILITY,LAND,inbound,0,1,[],"[""A01"", ""A02"", ""A03""]",,,A01,216.0,"[""A01"", ""A02"", ""A03""]",216.0,F010,A01,52,T1,0,540.0,2026-08-03 09:41,2026-08-06 11:09,shift,3,4408,4356,0
P1004,LAND,F040,LAND,FACILITY,outbound,1,0,"[""A01"", ""A02"", ""A03""]",[],,,A03,342.0,"[""A03"", ""A02"", ""A01""]",342.0,A03,F040,94,T2,1,855.0,2026-08-06 09:13,2026-08-09 11:55,shift,3,4482,4388,0
P1005,LAND,F018,LAND,FACILITY,outbound,1,0,"[""A01"", ""A02"", ""A03""]",[],,,A01,196.0,"[""A01"", ""A02"", ""A03""]",196.0,A01,F018,48,T1,1,490.0,2026-08-08 09:11,2026-08-09 23:59,shift,3,2328,2280,0
P1006,A01,F005,AIRPORT,FACILITY,outbound,0,0,"[""A01""]",[],A01,,A01,190.0,"[""A01"", ""A02"", ""A03""]",190.0,A01,F005,46,T1,1,475.0,2026-08-06 09:10,2026-08-09 10:02,shift,3,4372,4326,0
P1007,LAND,F030,LAND,FACILITY,outbound,1,0,"[""A01"", ""A02"", ""A03""]",[],,,A01,158.0,"[""A01"", ""A02"", ""A03""]",158.0,A01,F030,38,T1,1,395.0,2026-08-05 09:40,2026-08-07 10:30,shift,3,2930,2892,0
P1008,F026,LAND,FACILITY,LAND,inbound,0,1,[],"[""A01"", ""A02"", ""A03""]",,,A01,204.0,"[""A01"", ""A02"", ""A03""]",204.0,F026,A01,49,T1,0,510.0,2026-08-03 08:34,2026-08-07 09:44,temporary,4,5830,5781,0
P1009,LAND,F037,LAND,FACILITY,outbound,1,0,"[""A01"", ""A02"", ""A03""]",[],,,A03,359.0,"[""A03"", ""A02"", ""A01""]",359.0,A03,F037,98,T2,1,897.5,2026-08-03 00:00,2026-08-05 11:30,shift,3,3570,3472,0
P1010,F010,F007,FACILITY,FACILITY,shuttle,0,0,[],[],,,A01,233.0,"[""A01"", ""A02"", ""A03""]",37.0,F010,F007,9,T1,1,92.5,2026-08-05 07:53,2026-08-07 08:27,shift,3,2914,2905,0
P1011,LAND,F008,LAND,FACILITY,outbound,1,0,"[""A01"", ""A02"", ""A03""]",[],,,A01,221.0,"[""A01"", ""A02"", ""A03""]",221.0,A01,F008,54,T1,1,552.5,2026-08-07 08:05,2026-08-09 09:22,shift,3,2957,2903,0
P1012,F036,A03,FACILITY,AIRPORT,inbound,0,0,[],"[""A03""]",,A03,A02,215.0,"[""A02"", ""A01"", ""A03""]",231.0,F036,A03,56,T1,0,577.5,2026-08-06 11:57,2026-08-08 13:00,shift,3,2943,2887,0
P1013,F038,F039,FACILITY,FACILITY,shuttle,0,0,[],[],,,A03,223.0,"[""A03"", ""A02"", ""A01""]",42.0,F038,F039,11,T1,1,105.0,2026-08-09 10:20,2026-08-09 23:59,shift,3,819,808,0
P1014,F027,LAND,FACILITY,LAND,inbound,0,1,[],"[""A01"", ""A02"", ""A03""]",,,A01,191.0,"[""A01"", ""A02"", ""A03""]",191.0,F027,A01,46,T1,0,477.5,2026-08-07 16:20,2026-08-09 17:23,shift,3,2943,2897,0
P1015,F019,F033,FACILITY,FACILITY,shuttle,0,0,[],[],,,A01,227.0,"[""A01"", ""A02"", ""A03""]",24.0,F019,F033,6,T1,1,60.0,2026-08-03 09:47,2026-08-05 09:54,shift,3,2887,2881,0
P1016,LAND,F045,LAND,FACILITY,outbound,1,0,"[""A01"", ""A02"", ""A03""]",[],,,A03,260.0,"[""A03"", ""A02"", ""A01""]",260.0,A03,F045,71,T2,1,650.0,2026-08-03 08:54,2026-08-05 10:48,shift,3,2994,2923,0
P1017,F007,LAND,FACILITY,LAND,inbound,0,1,[],"[""A01"", ""A02"", ""A03""]",,,A01,233.0,"[""A01"", ""A02"", ""A03""]",233.0,F007,A01,56,T1,0,582.5,2026-08-03 00:00,2026-08-04 09:29,shift,3,2009,1953,0
P1018,LAND,F021,LAND,FACILITY,outbound,1,0,"[""A01"", ""A02"", ""A03""]",[],,,A01,218.0,"[""A01"", ""A02"", ""A03""]",218.0,A01,F021,53,T1,1,545.0,2026-08-03 00:00,2026-08-04 08:49,shift,3,1969,1916,0
P1019,F016,F005,FACILITY,FACILITY,shuttle,0,0,[],[],,,A01,190.0,"[""A01"", ""A02"", ""A03""]",25.0,F016,F005,6,T1,1,62.5,2026-08-06 11:22,2026-08-09 11:29,shift,3,4327,4321,0
P1020,F050,LAND,FACILITY,LAND,inbound,0,1,[],"[""A01"", ""A02"", ""A03""]",,,A03,403.0,"[""A03"", ""A02"", ""A01""]",403.0,F050,A03,128,T3,0,1007.5,2026-08-09 12:50,2026-08-09 23:59,shift,3,669,541,0
P1021,F052,F048,FACILITY,FACILITY,shuttle,0,0,[],[],,,A03,254.0,"[""A03"", ""A02"", ""A01""]",23.0,F052,F048,6,T1,1,57.5,2026-08-08 09:38,2026-08-08 12:11,production,2,153,147,0
P1022,LAND,F002,LAND,FACILITY,outbound,1,0,"[""A01"", ""A02"", ""A03""]",[],,,A01,217.0,"[""A01"", ""A02"", ""A03""]",217.0,A01,F002,53,T1,1,542.5,2026-08-06 07:29,2026-08-07 08:38,shift,3,1509,1456,0
P1023,F024,F027,FACILITY,FACILITY,shuttle,0,0,[],[],,,A01,191.0,"[""A01"", ""A02"", ""A03""]",20.0,F024,F027,5,T1,1,50.0,2026-08-05 16:19,2026-08-06 16:24,shift,3,1445,1440,0
P1024,F010,LAND,FACILITY,LAND,inbound,0,1,[],"[""A01"", ""A02"", ""A03""]",,,A01,216.0,"[""A01"", ""A02"", ""A03""]",216.0,F010,A01,52,T1,0,540.0,2026-08-08 11:07,2026-08-09 23:59,shift,3,2212,2160,0
P1025,LAND,F045,LAND,FACILITY,outbound,1,0,"[""A01"", ""A02"", ""A03""]",[],,,A03,260.0,"[""A03"", ""A02"", ""A01""]",260.0,A03,F045,71,T2,1,650.0,2026-08-03 08:54,2026-08-05 10:48,shift,3,2994,2923,0
P1026,F011,LAND,FACILITY,LAND,inbound,0,1,[],"[""A01"", ""A02"", ""A03""]",,,A01,201.0,"[""A01"", ""A02"", ""A03""]",201.0,F011,A01,49,T1,0,502.5,2026-08-07 07:51,2026-08-09 08:46,shift,3,2935,2886,0
P1027,F014,LAND,FACILITY,LAND,inbound,0,1,[],"[""A01"", ""A02"", ""A03""]",,,A01,164.0,"[""A01"", ""A02"", ""A03""]",164.0,F014,A01,40,T1,0,410.0,2026-08-04 08:17,2026-08-07 09:09,shift,3,4372,4332,0
P1028,F047,F049,FACILITY,FACILITY,shuttle,0,0,[],[],,,A02,239.0,"[""A02"", ""A03"", ""A01""]",19.0,F047,F049,5,T1,1,47.5,2026-08-06 17:06,2026-08-09 17:12,shift,3,4326,4321,0
P1029,F001,LAND,FACILITY,LAND,inbound,0,1,[],"[""A01"", ""A02"", ""A03""]",,,A01,219.0,"[""A01"", ""A02"", ""A03""]",219.0,F001,A01,53,T1,0,547.5,2026-08-08 08:03,2026-08-09 23:59,shift,3,2396,2343,0
P1030,F002,F004,FACILITY,FACILITY,shuttle,0,0,[],[],,,A01,197.0,"[""A01"", ""A02"", ""A03""]",33.0,F002,F004,8,T1,1,82.5,2026-08-04 08:15,2026-08-06 08:56,shift,3,2921,2913,0
P1031,LAND,F023,LAND,FACILITY,outbound,1,0,"[""A01"", ""A02"", ""A03""]",[],,,A02,267.0,"[""A02"", ""A01"", ""A03""]",267.0,A02,F023,73,T2,1,667.5,2026-08-04 06:17,2026-08-06 07:30,shift,3,2953,2880,0
P1032,F036,LAND,FACILITY,LAND,inbound,0,1,[],"[""A01"", ""A02"", ""A03""]",,,A02,215.0,"[""A02"", ""A01"", ""A03""]",215.0,F036,A02,52,T1,0,537.5,2026-08-05 11:57,2026-08-08 13:00,shift,3,4383,4331,0
P1033,F026,F033,FACILITY,FACILITY,shuttle,0,0,[],[],,,A01,227.0,"[""A01"", ""A02"", ""A03""]",35.0,F026,F033,9,T1,1,87.5,2026-08-05 07:45,2026-08-07 07:55,shift,3,2890,2881,0
P1034,F005,F017,FACILITY,FACILITY,shuttle,0,0,[],[],,,A01,153.0,"[""A01"", ""A02"", ""A03""]",40.0,F005,F017,10,T1,1,100.0,2026-08-04 08:24,2026-08-07 09:00,shift,3,4356,4346,0
P1035,A03,F052,AIRPORT,FACILITY,outbound,0,0,"[""A03""]",[],A03,,A02,259.0,"[""A02"", ""A03"", ""A01""]",261.0,A03,F052,72,T2,1,652.5,2026-08-08 08:03,2026-08-09 23:59,shift,3,2396,2324,0
P1036,LAND,F001,LAND,FACILITY,outbound,1,0,"[""A01"", ""A02"", ""A03""]",[],,,A01,219.0,"[""A01"", ""A02"", ""A03""]",219.0,A01,F001,53,T1,1,547.5,2026-08-06 10:08,2026-08-07 11:08,shift,3,1500,1447,0
P1037,F038,F039,FACILITY,FACILITY,shuttle,0,0,[],[],,,A03,223.0,"[""A03"", ""A02"", ""A01""]",42.0,F038,F039,11,T1,1,105.0,2026-08-08 10:20,2026-08-09 23:59,shift,3,2259,2248,0
P1038,F036,LAND,FACILITY,LAND,inbound,0,1,[],"[""A01"", ""A02"", ""A03""]",,,A02,215.0,"[""A02"", ""A01"", ""A03""]",215.0,F036,A02,52,T1,0,537.5,2026-08-05 11:57,2026-08-08 13:00,shift,3,4383,4331,0
P1039,F028,F018,FACILITY,FACILITY,shuttle,0,0,[],[],,,A01,196.0,"[""A01"", ""A02"", ""A03""]",65.0,F028,F018,16,T1,1,162.5,2026-08-07 10:44,2026-08-09 11:02,shift,3,2898,2882,0
P1040,F049,LAND,FACILITY,LAND,inbound,0,1,[],"[""A01"", ""A02"", ""A03""]",,,A02,239.0,"[""A02"", ""A03"", ""A01""]",239.0,F049,A02,58,T1,0,597.5,2026-08-07 11:45,2026-08-09 23:59,shift,3,3614,3556,0
P1041,F041,F045,FACILITY,FACILITY,shuttle,0,0,[],[],,,A03,260.0,"[""A03"", ""A02"", ""A01""]",20.0,F041,F045,5,T1,1,50.0,2026-08-04 10:20,2026-08-05 10:27,shift,3,1447,1442,0
P1042,A03,F037,AIRPORT,FACILITY,outbound,0,0,"[""A03""]",[],A03,,A03,359.0,"[""A03"", ""A02"", ""A01""]",359.0,A03,F037,98,T2,1,897.5,2026-08-05 06:53,2026-08-08 08:55,shift,3,4442,4344,0
P1043,F041,F045,FACILITY,FACILITY,shuttle,0,0,[],[],,,A03,260.0,"[""A03"", ""A02"", ""A01""]",20.0,F041,F045,5,T1,1,50.0,2026-08-03 10:20,2026-08-06 10:27,shift,3,4327,4322,0
P1044,F007,LAND,FACILITY,LAND,inbound,0,1,[],"[""A01"", ""A02"", ""A03""]",,,A01,233.0,"[""A01"", ""A02"", ""A03""]",233.0,F007,A01,56,T1,0,582.5,2026-08-07 09:01,2026-08-09 23:59,shift,3,3778,3722,0
P1045,F052,LAND,FACILITY,LAND,inbound,0,1,[],"[""A01"", ""A02"", ""A03""]",,,A02,259.0,"[""A02"", ""A03"", ""A01""]",259.0,F052,A02,71,T2,0,647.5,2026-08-09 09:23,2026-08-09 12:09,production,2,166,95,0
P1046,F011,LAND,FACILITY,LAND,inbound,0,1,[],"[""A01"", ""A02"", ""A03""]",,,A01,201.0,"[""A01"", ""A02"", ""A03""]",201.0,F011,A01,49,T1,0,502.5,2026-08-03 10:58,2026-08-06 11:53,shift,3,4375,4326,0
P1047,F007,A01,FACILITY,AIRPORT,inbound,0,0,[],"[""A01""]",,A01,A01,233.0,"[""A01"", ""A02"", ""A03""]",233.0,F007,A01,56,T1,0,582.5,2026-08-03 08:15,2026-08-04 09:29,shift,3,1514,1458,0
P1048,LAND,F027,LAND,FACILITY,outbound,1,0,"[""A01"", ""A02"", ""A03""]",[],,,A01,191.0,"[""A01"", ""A02"", ""A03""]",191.0,A01,F027,46,T1,1,477.5,2026-08-03 07:53,2026-08-05 08:56,shift,3,2943,2897,0
P1049,LAND,F035,LAND,FACILITY,outbound,1,0,"[""A01"", ""A02"", ""A03""]",[],,,A01,258.0,"[""A01"", ""A02"", ""A03""]",258.0,A01,F035,71,T2,1,645.0,2026-08-05 08:06,2026-08-07 09:33,shift,3,2967,2896,0
P1050,LAND,F043,LAND,FACILITY,outbound,1,0,"[""A01"", ""A02"", ""A03""]",[],,,A03,303.0,"[""A03"", ""A02"", ""A01""]",303.0,A03,F043,83,T2,1,757.5,2026-08-06 07:00,2026-08-08 08:46,shift,3,2986,2903,0
P1051,F009,LAND,FACILITY,LAND,inbound,0,1,[],"[""A01"", ""A02"", ""A03""]",,,A01,166.0,"[""A01"", ""A02"", ""A03""]",166.0,F009,A01,40,T1,0,415.0,2026-08-04 08:43,2026-08-06 10:01,shift,3,2958,2918,0
P1052,LAND,F004,LAND,FACILITY,outbound,1,0,"[""A01"", ""A02"", ""A03""]",[],,,A01,197.0,"[""A01"", ""A02"", ""A03""]",197.0,A01,F004,48,T1,1,492.5,2026-08-03 00:00,2026-08-05 09:12,shift,3,3432,3384,0
P1053,F013,LAND,FACILITY,LAND,inbound,0,1,[],"[""A01"", ""A02"", ""A03""]",,,A01,279.0,"[""A01"", ""A02"", ""A03""]",279.0,F013,A01,77,T2,0,697.5,2026-08-07 09:53,2026-08-09 23:59,shift,3,3726,3649,0
P1054,F027,LAND,FACILITY,LAND,inbound,0,1,[],"[""A01"", ""A02"", ""A03""]",,,A01,191.0,"[""A01"", ""A02"", ""A03""]",191.0,F027,A01,46,T1,0,477.5,2026-08-07 16:20,2026-08-08 17:23,shift,3,1503,1457,0
P1055,F036,F049,FACILITY,FACILITY,shuttle,0,0,[],[],,,A02,239.0,"[""A02"", ""A03"", ""A01""]",57.0,F036,F049,14,T1,1,142.5,2026-08-09 11:11,2026-08-09 13:26,production,2,135,121,0
P1056,LAND,F034,LAND,FACILITY,outbound,1,0,"[""A01"", ""A02"", ""A03""]",[],,,A01,246.0,"[""A01"", ""A02"", ""A03""]",246.0,A01,F034,60,T1,1,615.0,2026-08-04 08:12,2026-08-06 09:54,shift,3,2982,2922,0
P1057,F009,F003,FACILITY,FACILITY,shuttle,0,0,[],[],,,A01,192.0,"[""A01"", ""A02"", ""A03""]",48.0,F009,F003,12,T1,1,120.0,2026-08-05 10:17,2026-08-05 12:26,production,2,129,117,0
P1058,F023,A02,FACILITY,AIRPORT,inbound,0,0,[],"[""A02""]",,A02,A02,267.0,"[""A02"", ""A01"", ""A03""]",267.0,F023,A02,73,T2,0,667.5,2026-08-04 07:40,2026-08-06 09:13,shift,3,2973,2900,0
P1059,F030,LAND,FACILITY,LAND,inbound,0,1,[],"[""A01"", ""A02"", ""A03""]",,,A01,158.0,"[""A01"", ""A02"", ""A03""]",158.0,F030,A01,38,T1,0,395.0,2026-08-07 10:44,2026-08-09 11:34,shift,3,2930,2892,0
P1060,F006,LAND,FACILITY,LAND,inbound,0,1,[],"[""A01"", ""A02"", ""A03""]",,,A01,235.0,"[""A01"", ""A02"", ""A03""]",235.0,F006,A01,57,T1,0,587.5,2026-08-07 08:35,2026-08-09 09:50,shift,3,2955,2898,0
P1061,F001,LAND,FACILITY,LAND,inbound,0,1,[],"[""A01"", ""A02"", ""A03""]",,,A01,219.0,"[""A01"", ""A02"", ""A03""]",219.0,F001,A01,53,T1,0,547.5,2026-08-09 08:03,2026-08-09 23:59,shift,3,956,903,0
P1062,F004,F007,FACILITY,FACILITY,shuttle,0,0,[],[],,,A01,233.0,"[""A01"", ""A02"", ""A03""]",36.0,F004,F007,9,T1,1,90.0,2026-08-04 07:15,2026-08-04 09:21,production,2,126,117,0
P1063,A03,F047,AIRPORT,FACILITY,outbound,0,0,"[""A03""]",[],A03,,A02,241.0,"[""A02"", ""A01"", ""A03""]",248.0,A03,F047,60,T1,1,620.0,2026-08-08 09:57,2026-08-09 11:40,shift,3,1543,1483,0
P1064,F021,LAND,FACILITY,LAND,inbound,0,1,[],"[""A01"", ""A02"", ""A03""]",,,A01,218.0,"[""A01"", ""A02"", ""A03""]",218.0,F021,A01,53,T1,0,545.0,2026-08-09 09:41,2026-08-09 23:59,shift,3,858,805,0
P1065,F017,LAND,FACILITY,LAND,inbound,0,1,[],"[""A01"", ""A02"", ""A03""]",,,A01,153.0,"[""A01"", ""A02"", ""A03""]",153.0,F017,A01,37,T1,0,382.5,2026-08-08 11:03,2026-08-09 23:59,shift,3,2216,2179,0
P1066,F003,F007,FACILITY,FACILITY,shuttle,0,0,[],[],,,A01,233.0,"[""A01"", ""A02"", ""A03""]",48.0,F003,F007,12,T1,1,120.0,2026-08-08 09:19,2026-08-09 23:59,shift,3,2320,2308,0
P1067,F016,F005,FACILITY,FACILITY,shuttle,0,0,[],[],,,A01,190.0,"[""A01"", ""A02"", ""A03""]",25.0,F016,F005,6,T1,1,62.5,2026-08-06 11:22,2026-08-09 11:29,shift,3,4327,4321,0
P1068,LAND,F024,LAND,FACILITY,outbound,1,0,"[""A01"", ""A02"", ""A03""]",[],,,A01,211.0,"[""A01"", ""A02"", ""A03""]",211.0,A01,F024,51,T1,1,527.5,2026-08-04 09:30,2026-08-06 10:30,shift,3,2940,2889,0
P1069,F021,LAND,FACILITY,LAND,inbound,0,1,[],"[""A01"", ""A02"", ""A03""]",,,A01,218.0,"[""A01"", ""A02"", ""A03""]",218.0,F021,A01,53,T1,0,545.0,2026-08-03 08:59,2026-08-04 10:09,shift,3,1510,1457,0
P1070,F024,F027,FACILITY,FACILITY,shuttle,0,0,[],[],,,A01,191.0,"[""A01"", ""A02"", ""A03""]",20.0,F024,F027,5,T1,1,50.0,2026-08-05 16:19,2026-08-06 16:24,shift,3,1445,1440,0
P1071,LAND,F026,LAND,FACILITY,outbound,1,0,"[""A01"", ""A02"", ""A03""]",[],,,A01,204.0,"[""A01"", ""A02"", ""A03""]",204.0,A01,F026,49,T1,1,510.0,2026-08-04 07:14,2026-08-05 08:24,shift,3,1510,1461,0
P1072,F014,F017,FACILITY,FACILITY,shuttle,0,0,[],[],,,A01,153.0,"[""A01"", ""A02"", ""A03""]",38.0,F014,F017,10,T1,1,95.0,2026-08-07 09:23,2026-08-09 10:07,shift,3,2924,2914,0
P1073,LAND,F047,LAND,FACILITY,outbound,1,0,"[""A01"", ""A02"", ""A03""]",[],,,A02,241.0,"[""A02"", ""A01"", ""A03""]",241.0,A02,F047,58,T1,1,602.5,2026-08-04 09:18,2026-08-07 11:01,shift,3,4423,4365,0
P1074,F021,LAND,FACILITY,LAND,inbound,0,1,[],"[""A01"", ""A02"", ""A03""]",,,A01,218.0,"[""A01"", ""A02"", ""A03""]",218.0,F021,A01,53,T1,0,545.0,2026-08-03 00:00,2026-08-05 10:09,shift,3,3489,3436,0
P1075,LAND,F007,LAND,FACILITY,outbound,1,0,"[""A01"", ""A02"", ""A03""]",[],,,A01,233.0,"[""A01"", ""A02"", ""A03""]",233.0,A01,F007,56,T1,1,582.5,2026-08-03 06:51,2026-08-04 08:05,shift,3,1514,1458,0
P1076,LAND,F023,LAND,FACILITY,outbound,1,0,"[""A01"", ""A02"", ""A03""]",[],,,A02,267.0,"[""A02"", ""A01"", ""A03""]",267.0,A02,F023,73,T2,1,667.5,2026-08-06 15:16,2026-08-09 16:41,shift,3,4405,4332,0
P1077,LAND,F029,LAND,FACILITY,outbound,1,0,"[""A01"", ""A02"", ""A03""]",[],,,A01,211.0,"[""A01"", ""A02"", ""A03""]",211.0,A01,F029,51,T1,1,527.5,2026-08-03 09:03,2026-08-07 10:28,temporary,4,5845,5794,0
P1078,LAND,F005,LAND,FACILITY,outbound,1,0,"[""A01"", ""A02"", ""A03""]",[],,,A01,190.0,"[""A01"", ""A02"", ""A03""]",190.0,A01,F005,46,T1,1,475.0,2026-08-03 00:00,2026-08-04 09:40,shift,3,2020,1974,0
P1079,A01,F017,AIRPORT,FACILITY,outbound,0,0,"[""A01""]",[],A01,,A01,153.0,"[""A01"", ""A02"", ""A03""]",153.0,A01,F017,37,T1,1,382.5,2026-08-06 09:39,2026-08-08 10:21,shift,3,2922,2885,0
P1080,LAND,F015,LAND,FACILITY,outbound,1,0,"[""A01"", ""A02"", ""A03""]",[],,,A01,191.0,"[""A01"", ""A02"", ""A03""]",191.0,A01,F015,46,T1,1,477.5,2026-08-09 08:07,2026-08-09 11:20,production,2,193,147,0
P1081,LAND,F051,LAND,FACILITY,outbound,1,0,"[""A01"", ""A02"", ""A03""]",[],,,A03,279.0,"[""A03"", ""A02"", ""A01""]",279.0,A03,F051,77,T2,1,697.5,2026-08-04 08:57,2026-08-07 10:47,shift,3,4430,4353,0
P1082,LAND,F046,LAND,FACILITY,outbound,1,0,"[""A01"", ""A02"", ""A03""]",[],,,A02,227.0,"[""A02"", ""A03"", ""A01""]",227.0,A02,F046,55,T1,1,567.5,2026-08-05 08:48,2026-08-07 10:31,shift,3,2983,2928,0
P1083,F016,F005,FACILITY,FACILITY,shuttle,0,0,[],[],,,A01,190.0,"[""A01"", ""A02"", ""A03""]",25.0,F016,F005,6,T1,1,62.5,2026-08-07 11:22,2026-08-09 11:29,shift,3,2887,2881,0
P1084,F029,LAND,FACILITY,LAND,inbound,0,1,[],"[""A01"", ""A02"", ""A03""]",,,A01,211.0,"[""A01"", ""A02"", ""A03""]",211.0,F029,A01,51,T1,0,527.5,2026-08-08 10:34,2026-08-09 23:59,shift,3,2245,2194,0
P1085,LAND,F009,LAND,FACILITY,outbound,1,0,"[""A01"", ""A02"", ""A03""]",[],,,A01,166.0,"[""A01"", ""A02"", ""A03""]",166.0,A01,F009,40,T1,1,415.0,2026-08-08 08:30,2026-08-08 11:17,production,2,167,127,0
P1086,LAND,F030,LAND,FACILITY,outbound,1,0,"[""A01"", ""A02"", ""A03""]",[],,,A01,158.0,"[""A01"", ""A02"", ""A03""]",158.0,A01,F030,38,T1,1,395.0,2026-08-07 09:44,2026-08-09 10:34,shift,3,2930,2892,0
P1087,A03,F036,AIRPORT,FACILITY,outbound,0,0,"[""A03""]",[],A03,,A02,215.0,"[""A02"", ""A01"", ""A03""]",231.0,A03,F036,56,T1,1,577.5,2026-08-08 15:17,2026-08-09 23:59,shift,3,1962,1906,0
P1088,F005,LAND,FACILITY,LAND,inbound,0,1,[],"[""A01"", ""A02"", ""A03""]",,,A01,190.0,"[""A01"", ""A02"", ""A03""]",190.0,F005,A01,46,T1,0,475.0,2026-08-06 10:12,2026-08-08 11:04,shift,3,2932,2886,0
P1089,F015,LAND,FACILITY,LAND,inbound,0,1,[],"[""A01"", ""A02"", ""A03""]",,,A01,191.0,"[""A01"", ""A02"", ""A03""]",191.0,F015,A01,46,T1,0,477.5,2026-08-08 10:20,2026-08-09 23:59,shift,3,2259,2213,0
P1090,F023,F032,FACILITY,FACILITY,shuttle,0,0,[],[],,,A02,279.0,"[""A02"", ""A01"", ""A03""]",14.0,F023,F032,4,T1,1,35.0,2026-08-04 11:47,2026-08-06 11:51,shift,3,2884,2880,0
P1091,F022,LAND,FACILITY,LAND,inbound,0,1,[],"[""A01"", ""A02"", ""A03""]",,,A01,194.0,"[""A01"", ""A02"", ""A03""]",194.0,F022,A01,47,T1,0,485.0,2026-08-06 09:41,2026-08-08 10:47,shift,3,2946,2899,0
P1092,LAND,F047,LAND,FACILITY,outbound,1,0,"[""A01"", ""A02"", ""A03""]",[],,,A02,241.0,"[""A02"", ""A01"", ""A03""]",241.0,A02,F047,58,T1,1,602.5,2026-08-05 09:18,2026-08-07 11:01,shift,3,2983,2925,0
P1093,F035,A02,FACILITY,AIRPORT,inbound,0,0,[],"[""A02""]",,A02,A01,258.0,"[""A01"", ""A02"", ""A03""]",261.0,F035,A02,72,T2,0,652.5,2026-08-05 09:43,2026-08-08 11:10,shift,3,4407,4335,0
P1094,F048,F039,FACILITY,FACILITY,shuttle,0,0,[],[],,,A03,223.0,"[""A03"", ""A02"", ""A01""]",31.0,F048,F039,8,T1,1,77.5,2026-08-07 10:52,2026-08-08 11:02,shift,3,1450,1442,0
P1095,LAND,F014,LAND,FACILITY,outbound,1,0,"[""A01"", ""A02"", ""A03""]",[],,,A01,164.0,"[""A01"", ""A02"", ""A03""]",164.0,A01,F014,40,T1,1,410.0,2026-08-08 08:19,2026-08-09 23:59,shift,3,2380,2340,0
P1096,F010,F007,FACILITY,FACILITY,shuttle,0,0,[],[],,,A01,233.0,"[""A01"", ""A02"", ""A03""]",37.0,F010,F007,9,T1,1,92.5,2026-08-04 07:53,2026-08-07 08:27,shift,3,4354,4345,0
P1097,F020,LAND,FACILITY,LAND,inbound,0,1,[],"[""A01"", ""A02"", ""A03""]",,,A01,171.0,"[""A01"", ""A02"", ""A03""]",171.0,F020,A01,42,T1,0,427.5,2026-08-03 08:07,2026-08-05 09:06,shift,3,2939,2897,0
P1098,F009,F003,FACILITY,FACILITY,shuttle,0,0,[],[],,,A01,192.0,"[""A01"", ""A02"", ""A03""]",48.0,F009,F003,12,T1,1,120.0,2026-08-04 10:54,2026-08-06 11:38,shift,3,2924,2912,0
P1099,LAND,F019,LAND,FACILITY,outbound,1,0,"[""A01"", ""A02"", ""A03""]",[],,,A01,204.0,"[""A01"", ""A02"", ""A03""]",204.0,A01,F019,49,T1,1,510.0,2026-08-03 00:00,2026-08-04 10:06,shift,3,2046,1997,0
P1100,LAND,F001,LAND,FACILITY,outbound,1,0,"[""A01"", ""A02"", ""A03""]",[],,,A01,219.0,"[""A01"", ""A02"", ""A03""]",219.0,A01,F001,53,T1,1,547.5,2026-08-03 06:14,2026-08-03 08:07,emergency,1,113,60,0
P1101,LAND,F019,LAND,FACILITY,outbound,1,0,"[""A01"", ""A02"", ""A03""]",[],,,A01,204.0,"[""A01"", ""A02"", ""A03""]",204.0,A01,F019,49,T1,1,510.0,2026-08-06 15:14,2026-08-07 16:13,shift,3,1499,1450,0
P1102,F009,F003,FACILITY,FACILITY,shuttle,0,0,[],[],,,A01,192.0,"[""A01"", ""A02"", ""A03""]",48.0,F009,F003,12,T1,1,120.0,2026-08-03 10:54,2026-08-08 11:38,temporary,4,7244,7232,0
P1103,LAND,F044,LAND,FACILITY,outbound,1,0,"[""A01"", ""A02"", ""A03""]",[],,,A03,317.0,"[""A03"", ""A02"", ""A01""]",317.0,A03,F044,87,T2,1,792.5,2026-08-06 06:21,2026-08-08 08:02,shift,3,2981,2894,0
P1104,F011,A01,FACILITY,AIRPORT,inbound,0,0,[],"[""A01""]",,A01,A01,201.0,"[""A01"", ""A02"", ""A03""]",201.0,F011,A01,49,T1,0,502.5,2026-08-07 07:51,2026-08-09 08:46,shift,3,2935,2886,0
P1105,F024,F027,FACILITY,FACILITY,shuttle,0,0,[],[],,,A01,191.0,"[""A01"", ""A02"", ""A03""]",20.0,F024,F027,5,T1,1,50.0,2026-08-04 16:19,2026-08-07 16:24,shift,3,4325,4320,0
P1106,F043,F051,FACILITY,FACILITY,shuttle,0,0,[],[],,,A03,279.0,"[""A03"", ""A02"", ""A01""]",35.0,F043,F051,9,T1,1,87.5,2026-08-05 10:17,2026-08-07 10:29,shift,3,2892,2883,0
P1107,F038,LAND,FACILITY,LAND,inbound,0,1,[],"[""A01"", ""A02"", ""A03""]",,,A03,263.0,"[""A03"", ""A02"", ""A01""]",263.0,F038,A03,72,T2,0,657.5,2026-08-05 09:51,2026-08-07 11:15,shift,3,2964,2892,0
P1108,LAND,F003,LAND,FACILITY,outbound,1,0,"[""A01"", ""A02"", ""A03""]",[],,,A01,192.0,"[""A01"", ""A02"", ""A03""]",192.0,A01,F003,47,T1,1,480.0,2026-08-06 07:12,2026-08-09 07:59,shift,3,4367,4320,0
P1109,LAND,F049,LAND,FACILITY,outbound,1,0,"[""A01"", ""A02"", ""A03""]",[],,,A02,239.0,"[""A02"", ""A03"", ""A01""]",239.0,A02,F049,58,T1,1,597.5,2026-08-05 06:00,2026-08-05 09:42,production,2,222,164,0
P1110,F031,LAND,FACILITY,LAND,inbound,0,1,[],"[""A01"", ""A02"", ""A03""]",,,A02,242.0,"[""A02"", ""A01"", ""A03""]",242.0,F031,A02,59,T1,0,605.0,2026-08-04 11:38,2026-08-06 12:44,shift,3,2946,2887,0
P1111,F030,LAND,FACILITY,LAND,inbound,0,1,[],"[""A01"", ""A02"", ""A03""]",,,A01,158.0,"[""A01"", ""A02"", ""A03""]",158.0,F030,A01,38,T1,0,395.0,2026-08-07 10:44,2026-08-09 23:59,shift,3,3675,3637,0
P1112,LAND,F023,LAND,FACILITY,outbound,1,0,"[""A01"", ""A02"", ""A03""]",[],,,A02,267.0,"[""A02"", ""A01"", ""A03""]",267.0,A02,F023,73,T2,1,667.5,2026-08-07 15:16,2026-08-08 16:41,shift,3,1525,1452,0
P1113,LAND,F028,LAND,FACILITY,outbound,1,0,"[""A01"", ""A02"", ""A03""]",[],,,A01,217.0,"[""A01"", ""A02"", ""A03""]",217.0,A01,F028,53,T1,1,542.5,2026-08-04 06:15,2026-08-06 07:35,shift,3,2960,2907,0
P1114,LAND,F016,LAND,FACILITY,outbound,1,0,"[""A01"", ""A02"", ""A03""]",[],,,A01,181.0,"[""A01"", ""A02"", ""A03""]",181.0,A01,F016,44,T1,1,452.5,2026-08-08 09:32,2026-08-09 23:59,shift,3,2307,2263,0
P1115,F052,F048,FACILITY,FACILITY,shuttle,0,0,[],[],,,A03,254.0,"[""A03"", ""A02"", ""A01""]",23.0,F052,F048,6,T1,1,57.5,2026-08-07 10:34,2026-08-09 10:42,shift,3,2888,2882,0
P1116,F003,F008,FACILITY,FACILITY,shuttle,0,0,[],[],,,A01,221.0,"[""A01"", ""A02"", ""A03""]",38.0,F003,F008,10,T1,1,95.0,2026-08-03 10:06,2026-08-06 10:17,shift,3,4331,4321,0
P1117,F023,F032,FACILITY,FACILITY,shuttle,0,0,[],[],,,A02,279.0,"[""A02"", ""A01"", ""A03""]",14.0,F023,F032,4,T1,1,35.0,2026-08-04 11:47,2026-08-06 11:51,shift,3,2884,2880,0
P1118,LAND,F007,LAND,FACILITY,outbound,1,0,"[""A01"", ""A02"", ""A03""]",[],,,A01,233.0,"[""A01"", ""A02"", ""A03""]",233.0,A01,F007,56,T1,1,582.5,2026-08-03 06:51,2026-08-04 08:05,shift,3,1514,1458,0
P1119,LAND,F020,LAND,FACILITY,outbound,1,0,"[""A01"", ""A02"", ""A03""]",[],,,A01,171.0,"[""A01"", ""A02"", ""A03""]",171.0,A01,F020,42,T1,1,427.5,2026-08-08 07:48,2026-08-09 23:59,shift,3,2411,2369,0
P1120,LAND,F020,LAND,FACILITY,outbound,1,0,"[""A01"", ""A02"", ""A03""]",[],,,A01,171.0,"[""A01"", ""A02"", ""A03""]",171.0,A01,F020,42,T1,1,427.5,2026-08-03 00:00,2026-08-04 07:57,shift,3,1917,1875,0
P1121,F015,F009,FACILITY,FACILITY,shuttle,0,0,[],[],,,A01,166.0,"[""A01"", ""A02"", ""A03""]",38.0,F015,F009,10,T1,1,95.0,2026-08-04 10:47,2026-08-09 23:59,temporary,4,7992,7982,0
P1122,LAND,F036,LAND,FACILITY,outbound,1,0,"[""A01"", ""A02"", ""A03""]",[],,,A02,215.0,"[""A02"", ""A01"", ""A03""]",215.0,A02,F036,52,T1,1,537.5,2026-08-05 10:09,2026-08-07 11:47,shift,3,2978,2926,0
P1123,F001,LAND,FACILITY,LAND,inbound,0,1,[],"[""A01"", ""A02"", ""A03""]",,,A01,219.0,"[""A01"", ""A02"", ""A03""]",219.0,F001,A01,53,T1,0,547.5,2026-08-08 08:03,2026-08-09 23:59,shift,3,2396,2343,0
P1124,LAND,F035,LAND,FACILITY,outbound,1,0,"[""A01"", ""A02"", ""A03""]",[],,,A01,258.0,"[""A01"", ""A02"", ""A03""]",258.0,A01,F035,71,T2,1,645.0,2026-08-08 08:40,2026-08-09 23:59,shift,3,2359,2288,0
P1125,F044,LAND,FACILITY,LAND,inbound,0,1,[],"[""A01"", ""A02"", ""A03""]",,,A03,317.0,"[""A03"", ""A02"", ""A01""]",317.0,F044,A03,87,T2,0,792.5,2026-08-07 07:40,2026-08-07 11:28,production,2,228,141,0
P1126,F050,A03,FACILITY,AIRPORT,inbound,0,0,[],"[""A03""]",,A03,A03,403.0,"[""A03"", ""A02"", ""A01""]",403.0,F050,A03,128,T3,0,1007.5,2026-08-09 12:44,2026-08-09 16:06,emergency,1,202,74,0
P1127,F029,F021,FACILITY,FACILITY,shuttle,0,0,[],[],,,A01,218.0,"[""A01"", ""A02"", ""A03""]",17.0,F029,F021,5,T1,1,42.5,2026-08-07 09:49,2026-08-09 23:59,shift,3,3730,3725,0
P1128,F023,LAND,FACILITY,LAND,inbound,0,1,[],"[""A01"", ""A02"", ""A03""]",,,A02,267.0,"[""A02"", ""A01"", ""A03""]",267.0,F023,A02,73,T2,0,667.5,2026-08-06 16:51,2026-08-08 18:16,shift,3,2965,2892,0
P1129,F007,LAND,FACILITY,LAND,inbound,0,1,[],"[""A01"", ""A02"", ""A03""]",,,A01,233.0,"[""A01"", ""A02"", ""A03""]",233.0,F007,A01,56,T1,0,582.5,2026-08-08 09:01,2026-08-09 23:59,shift,3,2338,2282,0
P1130,F043,F051,FACILITY,FACILITY,shuttle,0,0,[],[],,,A03,279.0,"[""A03"", ""A02"", ""A01""]",35.0,F043,F051,9,T1,1,87.5,2026-08-05 10:17,2026-08-06 10:29,shift,3,1452,1443,0
P1131,LAND,F007,LAND,FACILITY,outbound,1,0,"[""A01"", ""A02"", ""A03""]",[],,,A01,233.0,"[""A01"", ""A02"", ""A03""]",233.0,A01,F007,56,T1,1,582.5,2026-08-07 07:30,2026-08-09 08:51,shift,3,2961,2905,0
P1132,F003,A01,FACILITY,AIRPORT,inbound,0,0,[],"[""A01""]",,A01,A01,192.0,"[""A01"", ""A02"", ""A03""]",192.0,F003,A01,47,T1,0,480.0,2026-08-07 08:09,2026-08-09 09:30,shift,3,2961,2914,0
P1133,LAND,F034,LAND,FACILITY,outbound,1,0,"[""A01"", ""A02"", ""A03""]",[],,,A01,246.0,"[""A01"", ""A02"", ""A03""]",246.0,A01,F034,60,T1,1,615.0,2026-08-07 06:13,2026-08-09 07:55,shift,3,2982,2922,0
P1134,F002,A01,FACILITY,AIRPORT,inbound,0,0,[],"[""A01""]",,A01,A01,217.0,"[""A01"", ""A02"", ""A03""]",217.0,F002,A01,53,T1,0,542.5,2026-08-08 08:44,2026-08-09 23:59,shift,3,2355,2302,0
P1135,LAND,F038,LAND,FACILITY,outbound,1,0,"[""A01"", ""A02"", ""A03""]",[],,,A03,263.0,"[""A03"", ""A02"", ""A01""]",263.0,A03,F038,72,T2,1,657.5,2026-08-06 08:07,2026-08-08 09:31,shift,3,2964,2892,0
P1136,F049,LAND,FACILITY,LAND,inbound,0,1,[],"[""A01"", ""A02"", ""A03""]",,,A02,239.0,"[""A02"", ""A03"", ""A01""]",239.0,F049,A02,58,T1,0,597.5,2026-08-07 11:45,2026-08-09 13:02,shift,3,2957,2899,0
P1137,A03,F041,AIRPORT,FACILITY,outbound,0,0,"[""A03""]",[],A03,,A03,278.0,"[""A03"", ""A02"", ""A01""]",278.0,A03,F041,76,T2,1,695.0,2026-08-06 09:51,2026-08-08 12:00,shift,3,3009,2933,0
P1138,F031,LAND,FACILITY,LAND,inbound,0,1,[],"[""A01"", ""A02"", ""A03""]",,,A02,242.0,"[""A02"", ""A01"", ""A03""]",242.0,F031,A02,59,T1,0,605.0,2026-08-05 11:38,2026-08-07 12:44,shift,3,2946,2887,0
P1139,LAND,F013,LAND,FACILITY,outbound,1,0,"[""A01"", ""A02"", ""A03""]",[],,,A01,279.0,"[""A01"", ""A02"", ""A03""]",279.0,A01,F013,77,T2,1,697.5,2026-08-05 06:47,2026-08-07 08:16,shift,3,2969,2892,0
P1140,F021,F027,FACILITY,FACILITY,shuttle,0,0,[],[],,,A01,191.0,"[""A01"", ""A02"", ""A03""]",37.0,F021,F027,9,T1,1,92.5,2026-08-03 07:31,2026-08-05 08:06,shift,3,2915,2906,0
P1141,LAND,F022,LAND,FACILITY,outbound,1,0,"[""A01"", ""A02"", ""A03""]",[],,,A01,194.0,"[""A01"", ""A02"", ""A03""]",194.0,A01,F022,47,T1,1,485.0,2026-08-03 07:37,2026-08-06 08:57,shift,3,4400,4353,0
P1142,F014,F017,FACILITY,FACILITY,shuttle,0,0,[],[],,,A01,153.0,"[""A01"", ""A02"", ""A03""]",38.0,F014,F017,10,T1,1,95.0,2026-08-06 09:23,2026-08-08 10:07,shift,3,2924,2914,0
P1143,F006,LAND,FACILITY,LAND,inbound,0,1,[],"[""A01"", ""A02"", ""A03""]",,,A01,235.0,"[""A01"", ""A02"", ""A03""]",235.0,F006,A01,57,T1,0,587.5,2026-08-07 08:35,2026-08-09 09:50,shift,3,2955,2898,0
P1144,LAND,F024,LAND,FACILITY,outbound,1,0,"[""A01"", ""A02"", ""A03""]",[],,,A01,211.0,"[""A01"", ""A02"", ""A03""]",211.0,A01,F024,51,T1,1,527.5,2026-08-07 09:04,2026-08-07 12:25,production,2,201,150,0
P1145,F018,F026,FACILITY,FACILITY,shuttle,0,0,[],[],,,A01,204.0,"[""A01"", ""A02"", ""A03""]",14.0,F018,F026,4,T1,1,35.0,2026-08-03 00:00,2026-08-05 08:43,shift,3,3403,3399,0
P1146,F036,F046,FACILITY,FACILITY,shuttle,0,0,[],[],,,A02,227.0,"[""A02"", ""A03"", ""A01""]",41.0,F036,F046,10,T1,1,102.5,2026-08-03 00:00,2026-08-05 08:10,temporary,4,3370,3360,0
P1147,F013,LAND,FACILITY,LAND,inbound,0,1,[],"[""A01"", ""A02"", ""A03""]",,,A01,279.0,"[""A01"", ""A02"", ""A03""]",279.0,F013,A01,77,T2,0,697.5,2026-08-04 08:26,2026-08-07 09:55,shift,3,4409,4332,0
P1148,LAND,F050,LAND,FACILITY,outbound,1,0,"[""A01"", ""A02"", ""A03""]",[],,,A03,403.0,"[""A03"", ""A02"", ""A01""]",403.0,A03,F050,128,T3,1,1007.5,2026-08-05 07:11,2026-08-07 09:24,shift,3,3013,2885,0
P1149,F051,LAND,FACILITY,LAND,inbound,0,1,[],"[""A01"", ""A02"", ""A03""]",,,A03,279.0,"[""A03"", ""A02"", ""A01""]",279.0,F051,A03,77,T2,0,697.5,2026-08-05 10:57,2026-08-07 12:26,shift,3,2969,2892,0
P1150,F016,F005,FACILITY,FACILITY,shuttle,0,0,[],[],,,A01,190.0,"[""A01"", ""A02"", ""A03""]",25.0,F016,F005,6,T1,1,62.5,2026-08-06 11:22,2026-08-08 11:29,shift,3,2887,2881,0
P1151,LAND,F022,LAND,FACILITY,outbound,1,0,"[""A01"", ""A02"", ""A03""]",[],,,A01,194.0,"[""A01"", ""A02"", ""A03""]",194.0,A01,F022,47,T1,1,485.0,2026-08-05 08:25,2026-08-07 09:31,shift,3,2946,2899,0
P1152,F018,LAND,FACILITY,LAND,inbound,0,1,[],"[""A01"", ""A02"", ""A03""]",,,A01,196.0,"[""A01"", ""A02"", ""A03""]",196.0,F018,A01,48,T1,0,490.0,2026-08-06 10:32,2026-08-07 11:31,shift,3,1499,1451,0
P1153,LAND,F013,LAND,FACILITY,outbound,1,0,"[""A01"", ""A02"", ""A03""]",[],,,A01,279.0,"[""A01"", ""A02"", ""A03""]",279.0,A01,F013,77,T2,1,697.5,2026-08-05 06:47,2026-08-07 08:16,shift,3,2969,2892,0
P1154,F032,F025,FACILITY,FACILITY,shuttle,0,0,[],[],,,A01,202.0,"[""A01"", ""A02"", ""A03""]",79.0,F032,F025,19,T1,1,197.5,2026-08-09 08:20,2026-08-09 23:59,shift,3,939,920,0
P1155,F002,LAND,FACILITY,LAND,inbound,0,1,[],"[""A01"", ""A02"", ""A03""]",,,A01,217.0,"[""A01"", ""A02"", ""A03""]",217.0,F002,A01,53,T1,0,542.5,2026-08-08 08:44,2026-08-09 23:59,shift,3,2355,2302,0
P1156,LAND,F034,LAND,FACILITY,outbound,1,0,"[""A01"", ""A02"", ""A03""]",[],,,A01,246.0,"[""A01"", ""A02"", ""A03""]",246.0,A01,F034,60,T1,1,615.0,2026-08-05 08:12,2026-08-07 09:54,shift,3,2982,2922,0
P1157,LAND,F045,LAND,FACILITY,outbound,1,0,"[""A01"", ""A02"", ""A03""]",[],,,A03,260.0,"[""A03"", ""A02"", ""A01""]",260.0,A03,F045,71,T2,1,650.0,2026-08-04 08:54,2026-08-05 10:48,shift,3,1554,1483,0
P1158,F029,LAND,FACILITY,LAND,inbound,0,1,[],"[""A01"", ""A02"", ""A03""]",,,A01,211.0,"[""A01"", ""A02"", ""A03""]",211.0,F029,A01,51,T1,0,527.5,2026-08-08 10:34,2026-08-09 23:59,shift,3,2245,2194,0
P1159,F014,LAND,FACILITY,LAND,inbound,0,1,[],"[""A01"", ""A02"", ""A03""]",,,A01,164.0,"[""A01"", ""A02"", ""A03""]",164.0,F014,A01,40,T1,0,410.0,2026-08-05 07:37,2026-08-05 10:21,production,2,164,124,0
P1160,LAND,F019,LAND,FACILITY,outbound,1,0,"[""A01"", ""A02"", ""A03""]",[],,,A01,204.0,"[""A01"", ""A02"", ""A03""]",204.0,A01,F019,49,T1,1,510.0,2026-08-05 15:14,2026-08-07 16:13,shift,3,2939,2890,0
P1161,F040,LAND,FACILITY,LAND,inbound,0,1,[],"[""A01"", ""A02"", ""A03""]",,,A03,342.0,"[""A03"", ""A02"", ""A01""]",342.0,F040,A03,94,T2,0,855.0,2026-08-03 00:00,2026-08-04 10:13,temporary,4,2053,1959,0
P1162,F049,LAND,FACILITY,LAND,inbound,0,1,[],"[""A01"", ""A02"", ""A03""]",,,A02,239.0,"[""A02"", ""A03"", ""A01""]",239.0,F049,A02,58,T1,0,597.5,2026-08-08 11:45,2026-08-09 13:02,shift,3,1517,1459,0
P1163,LAND,F014,LAND,FACILITY,outbound,1,0,"[""A01"", ""A02"", ""A03""]",[],,,A01,164.0,"[""A01"", ""A02"", ""A03""]",164.0,A01,F014,40,T1,1,410.0,2026-08-05 07:15,2026-08-07 08:07,shift,3,2932,2892,0
P1164,LAND,F019,LAND,FACILITY,outbound,1,0,"[""A01"", ""A02"", ""A03""]",[],,,A01,204.0,"[""A01"", ""A02"", ""A03""]",204.0,A01,F019,49,T1,1,510.0,2026-08-03 09:07,2026-08-04 10:06,shift,3,1499,1450,0
P1165,F027,LAND,FACILITY,LAND,inbound,0,1,[],"[""A01"", ""A02"", ""A03""]",,,A01,191.0,"[""A01"", ""A02"", ""A03""]",191.0,F027,A01,46,T1,0,477.5,2026-08-07 15:23,2026-08-07 18:08,production,2,165,119,0
P1166,F020,A02,FACILITY,AIRPORT,inbound,0,0,[],"[""A02""]",,A02,A01,171.0,"[""A01"", ""A02"", ""A03""]",185.0,F020,A02,45,T1,0,462.5,2026-08-08 08:49,2026-08-09 23:59,shift,3,2350,2305,0
P1167,LAND,F001,LAND,FACILITY,outbound,1,0,"[""A01"", ""A02"", ""A03""]",[],,,A01,219.0,"[""A01"", ""A02"", ""A03""]",219.0,A01,F001,53,T1,1,547.5,2026-08-09 06:16,2026-08-09 08:53,production,2,157,104,0
P1168,F007,F002,FACILITY,FACILITY,shuttle,0,0,[],[],,,A01,217.0,"[""A01"", ""A02"", ""A03""]",30.0,F007,F002,8,T1,1,75.0,2026-08-04 10:22,2026-08-06 10:31,shift,3,2889,2881,0
P1169,F002,LAND,FACILITY,LAND,inbound,0,1,[],"[""A01"", ""A02"", ""A03""]",,,A01,217.0,"[""A01"", ""A02"", ""A03""]",217.0,F002,A01,53,T1,0,542.5,2026-08-09 07:59,2026-08-09 11:15,production,2,196,143,0
P1170,F049,LAND,FACILITY,LAND,inbound,0,1,[],"[""A01"", ""A02"", ""A03""]",,,A02,239.0,"[""A02"", ""A03"", ""A01""]",239.0,F049,A02,58,T1,0,597.5,2026-08-07 11:45,2026-08-09 23:59,shift,3,3614,3556,0
P1171,A03,F043,AIRPORT,FACILITY,outbound,0,0,"[""A03""]",[],A03,,A03,303.0,"[""A03"", ""A02"", ""A01""]",303.0,A03,F043,83,T2,1,757.5,2026-08-06 07:00,2026-08-08 08:46,shift,3,2986,2903,0
P1172,F015,A01,FACILITY,AIRPORT,inbound,0,0,[],"[""A01""]",,A01,A01,191.0,"[""A01"", ""A02"", ""A03""]",191.0,F015,A01,46,T1,0,477.5,2026-08-09 10:20,2026-08-09 23:59,shift,3,819,773,0
P1173,LAND,F047,LAND,FACILITY,outbound,1,0,"[""A01"", ""A02"", ""A03""]",[],,,A02,241.0,"[""A02"", ""A01"", ""A03""]",241.0,A02,F047,58,T1,1,602.5,2026-08-04 09:18,2026-08-07 11:01,shift,3,4423,4365,0
P1174,LAND,F042,LAND,FACILITY,outbound,1,0,"[""A01"", ""A02"", ""A03""]",[],,,A03,368.0,"[""A03"", ""A02"", ""A01""]",368.0,A03,F042,101,T2,1,920.0,2026-08-04 08:03,2026-08-04 12:48,production,2,285,184,0
P1175,F012,A01,FACILITY,AIRPORT,inbound,0,0,[],"[""A01""]",,A01,A01,208.0,"[""A01"", ""A02"", ""A03""]",208.0,F012,A01,50,T1,0,520.0,2026-08-08 07:40,2026-08-08 10:46,production,2,186,136,0
P1176,F008,LAND,FACILITY,LAND,inbound,0,1,[],"[""A01"", ""A02"", ""A03""]",,,A01,221.0,"[""A01"", ""A02"", ""A03""]",221.0,F008,A01,54,T1,0,552.5,2026-08-04 08:37,2026-08-06 09:54,shift,3,2957,2903,0
P1177,F021,LAND,FACILITY,LAND,inbound,0,1,[],"[""A01"", ""A02"", ""A03""]",,,A01,218.0,"[""A01"", ""A02"", ""A03""]",218.0,F021,A01,53,T1,0,545.0,2026-08-06 09:04,2026-08-07 10:14,shift,3,1510,1457,0
P1178,F033,LAND,FACILITY,LAND,inbound,0,1,[],"[""A01"", ""A02"", ""A03""]",,,A01,227.0,"[""A01"", ""A02"", ""A03""]",227.0,F033,A01,55,T1,0,567.5,2026-08-05 08:58,2026-08-06 10:14,shift,3,1516,1461,0
P1179,LAND,F028,LAND,FACILITY,outbound,1,0,"[""A01"", ""A02"", ""A03""]",[],,,A01,217.0,"[""A01"", ""A02"", ""A03""]",217.0,A01,F028,53,T1,1,542.5,2026-08-04 06:15,2026-08-07 07:35,shift,3,4400,4347,0
P1180,F008,F003,FACILITY,FACILITY,shuttle,0,0,[],[],,,A01,192.0,"[""A01"", ""A02"", ""A03""]",38.0,F008,F003,10,T1,1,95.0,2026-08-05 10:59,2026-08-07 11:10,shift,3,2891,2881,0
P1181,F011,F015,FACILITY,FACILITY,shuttle,0,0,[],[],,,A01,191.0,"[""A01"", ""A02"", ""A03""]",31.0,F011,F015,8,T1,1,77.5,2026-08-05 07:33,2026-08-07 07:41,shift,3,2888,2880,0
P1182,F017,LAND,FACILITY,LAND,inbound,0,1,[],"[""A01"", ""A02"", ""A03""]",,,A01,153.0,"[""A01"", ""A02"", ""A03""]",153.0,F017,A01,37,T1,0,382.5,2026-08-08 11:03,2026-08-09 23:59,shift,3,2216,2179,0
P1183,F031,LAND,FACILITY,LAND,inbound,0,1,[],"[""A01"", ""A02"", ""A03""]",,,A02,242.0,"[""A02"", ""A01"", ""A03""]",242.0,F031,A02,59,T1,0,605.0,2026-08-05 11:38,2026-08-06 12:44,shift,3,1506,1447,0
P1184,LAND,F025,LAND,FACILITY,outbound,1,0,"[""A01"", ""A02"", ""A03""]",[],,,A01,202.0,"[""A01"", ""A02"", ""A03""]",202.0,A01,F025,49,T1,1,505.0,2026-08-06 06:43,2026-08-09 08:14,shift,3,4411,4362,0
P1185,F011,F015,FACILITY,FACILITY,shuttle,0,0,[],[],,,A01,191.0,"[""A01"", ""A02"", ""A03""]",31.0,F011,F015,8,T1,1,77.5,2026-08-06 07:33,2026-08-08 07:41,shift,3,2888,2880,0
P1186,F021,LAND,FACILITY,LAND,inbound,0,1,[],"[""A01"", ""A02"", ""A03""]",,,A01,218.0,"[""A01"", ""A02"", ""A03""]",218.0,F021,A01,53,T1,0,545.0,2026-08-08 09:41,2026-08-09 23:59,shift,3,2298,2245,0
P1187,LAND,F012,LAND,FACILITY,outbound,1,0,"[""A01"", ""A02"", ""A03""]",[],,,A01,208.0,"[""A01"", ""A02"", ""A03""]",208.0,A01,F012,50,T1,1,520.0,2026-08-07 07:14,2026-08-09 08:20,shift,3,2946,2896,0
P1188,LAND,F022,LAND,FACILITY,outbound,1,0,"[""A01"", ""A02"", ""A03""]",[],,,A01,194.0,"[""A01"", ""A02"", ""A03""]",194.0,A01,F022,47,T1,1,485.0,2026-08-05 08:25,2026-08-08 09:31,shift,3,4386,4339,0
P1189,F030,LAND,FACILITY,LAND,inbound,0,1,[],"[""A01"", ""A02"", ""A03""]",,,A01,158.0,"[""A01"", ""A02"", ""A03""]",158.0,F030,A01,38,T1,0,395.0,2026-08-04 10:40,2026-08-07 11:30,shift,3,4370,4332,0
P1190,F018,LAND,FACILITY,LAND,inbound,0,1,[],"[""A01"", ""A02"", ""A03""]",,,A01,196.0,"[""A01"", ""A02"", ""A03""]",196.0,F018,A01,48,T1,0,490.0,2026-08-06 10:32,2026-08-07 11:31,shift,3,1499,1451,0
P1191,F039,LAND,FACILITY,LAND,inbound,0,1,[],"[""A01"", ""A02"", ""A03""]",,,A03,223.0,"[""A03"", ""A02"", ""A01""]",223.0,F039,A03,54,T1,0,557.5,2026-08-03 08:40,2026-08-05 09:51,shift,3,2951,2897,0
P1192,F039,A03,FACILITY,AIRPORT,inbound,0,0,[],"[""A03""]",,A03,A03,223.0,"[""A03"", ""A02"", ""A01""]",223.0,F039,A03,54,T1,0,557.5,2026-08-06 10:37,2026-08-08 11:48,shift,3,2951,2897,0
P1193,F039,F052,FACILITY,FACILITY,shuttle,0,0,[],[],,,A02,259.0,"[""A02"", ""A03"", ""A01""]",44.0,F039,F052,11,T1,1,110.0,2026-08-03 10:59,2026-08-06 11:42,shift,3,4363,4352,0
P1194,LAND,F018,LAND,FACILITY,outbound,1,0,"[""A01"", ""A02"", ""A03""]",[],,,A01,196.0,"[""A01"", ""A02"", ""A03""]",196.0,A01,F018,48,T1,1,490.0,2026-08-06 09:13,2026-08-08 10:12,shift,3,2939,2891,0
P1195,A02,F021,AIRPORT,FACILITY,outbound,0,0,"[""A02""]",[],A02,,A01,218.0,"[""A01"", ""A02"", ""A03""]",220.0,A02,F021,53,T1,1,550.0,2026-08-09 08:21,2026-08-09 23:59,shift,3,938,885,0
P1196,LAND,F007,LAND,FACILITY,outbound,1,0,"[""A01"", ""A02"", ""A03""]",[],,,A01,233.0,"[""A01"", ""A02"", ""A03""]",233.0,A01,F007,56,T1,1,582.5,2026-08-08 07:30,2026-08-09 23:59,shift,3,2429,2373,0
P1197,F039,LAND,FACILITY,LAND,inbound,0,1,[],"[""A01"", ""A02"", ""A03""]",,,A03,223.0,"[""A03"", ""A02"", ""A01""]",223.0,F039,A03,54,T1,0,557.5,2026-08-03 00:00,2026-08-05 09:51,temporary,4,3471,3417,0
P1198,A02,F033,AIRPORT,FACILITY,outbound,0,0,"[""A02""]",[],A02,,A01,227.0,"[""A01"", ""A02"", ""A03""]",239.0,A02,F033,58,T1,1,597.5,2026-08-08 06:37,2026-08-08 09:49,production,2,192,134,0
P1199,LAND,F046,LAND,FACILITY,outbound,1,0,"[""A01"", ""A02"", ""A03""]",[],,,A02,227.0,"[""A02"", ""A03"", ""A01""]",227.0,A02,F046,55,T1,1,567.5,2026-08-05 08:48,2026-08-07 10:31,shift,3,2983,2928,0
P1200,LAND,F030,LAND,FACILITY,outbound,1,0,"[""A01"", ""A02"", ""A03""]",[],,,A01,158.0,"[""A01"", ""A02"", ""A03""]",158.0,A01,F030,38,T1,1,395.0,2026-08-08 09:44,2026-08-09 23:59,shift,3,2295,2257,0
P1201,LAND,F052,LAND,FACILITY,outbound,1,0,"[""A01"", ""A02"", ""A03""]",[],,,A02,259.0,"[""A02"", ""A03"", ""A01""]",259.0,A02,F052,71,T2,1,647.5,2026-08-09 08:03,2026-08-09 23:59,shift,3,956,885,0
P1202,F028,LAND,FACILITY,LAND,inbound,0,1,[],"[""A01"", ""A02"", ""A03""]",,,A01,217.0,"[""A01"", ""A02"", ""A03""]",217.0,F028,A01,53,T1,0,542.5,2026-08-05 07:45,2026-08-06 09:05,shift,3,1520,1467,0
P1203,A03,F042,AIRPORT,FACILITY,outbound,0,0,"[""A03""]",[],A03,,A03,368.0,"[""A03"", ""A02"", ""A01""]",368.0,A03,F042,101,T2,1,920.0,2026-08-07 06:07,2026-08-08 08:10,shift,3,1563,1462,0
P1204,F045,LAND,FACILITY,LAND,inbound,0,1,[],"[""A01"", ""A02"", ""A03""]",,,A03,260.0,"[""A03"", ""A02"", ""A01""]",260.0,F045,A03,71,T2,0,650.0,2026-08-03 00:00,2026-08-07 12:21,temporary,4,6501,6430,0
P1205,F013,LAND,FACILITY,LAND,inbound,0,1,[],"[""A01"", ""A02"", ""A03""]",,,A01,279.0,"[""A01"", ""A02"", ""A03""]",279.0,F013,A01,77,T2,0,697.5,2026-08-04 08:26,2026-08-07 09:55,shift,3,4409,4332,0
P1206,LAND,F031,LAND,FACILITY,outbound,1,0,"[""A01"", ""A02"", ""A03""]",[],,,A02,242.0,"[""A02"", ""A01"", ""A03""]",242.0,A02,F031,59,T1,1,605.0,2026-08-08 10:14,2026-08-09 23:59,shift,3,2265,2206,0
P1207,F007,LAND,FACILITY,LAND,inbound,0,1,[],"[""A01"", ""A02"", ""A03""]",,,A01,233.0,"[""A01"", ""A02"", ""A03""]",233.0,F007,A01,56,T1,0,582.5,2026-08-03 08:09,2026-08-03 09:44,emergency,1,95,39,0
P1208,LAND,F001,LAND,FACILITY,outbound,1,0,"[""A01"", ""A02"", ""A03""]",[],,,A01,219.0,"[""A01"", ""A02"", ""A03""]",219.0,A01,F001,53,T1,1,547.5,2026-08-03 06:26,2026-08-05 07:43,shift,3,2957,2904,0
P1209,F030,F026,FACILITY,FACILITY,shuttle,0,0,[],[],,,A01,204.0,"[""A01"", ""A02"", ""A03""]",59.0,F030,F026,15,T1,1,147.5,2026-08-08 16:11,2026-08-09 16:30,shift,3,1459,1444,0
P1210,LAND,F012,LAND,FACILITY,outbound,1,0,"[""A01"", ""A02"", ""A03""]",[],,,A01,208.0,"[""A01"", ""A02"", ""A03""]",208.0,A01,F012,50,T1,1,520.0,2026-08-03 10:25,2026-08-05 11:31,temporary,4,2946,2896,0
P1211,F020,LAND,FACILITY,LAND,inbound,0,1,[],"[""A01"", ""A02"", ""A03""]",,,A01,171.0,"[""A01"", ""A02"", ""A03""]",171.0,F020,A01,42,T1,0,427.5,2026-08-06 08:05,2026-08-08 08:56,shift,3,2931,2889,0
P1212,F044,LAND,FACILITY,LAND,inbound,0,1,[],"[""A01"", ""A02"", ""A03""]",,,A03,317.0,"[""A03"", ""A02"", ""A01""]",317.0,F044,A03,87,T2,0,792.5,2026-08-06 08:22,2026-08-09 10:03,shift,3,4421,4334,0
P1213,LAND,F018,LAND,FACILITY,outbound,1,0,"[""A01"", ""A02"", ""A03""]",[],,,A01,196.0,"[""A01"", ""A02"", ""A03""]",196.0,A01,F018,48,T1,1,490.0,2026-08-06 08:18,2026-08-06 11:38,production,2,200,152,0
P1214,F001,LAND,FACILITY,LAND,inbound,0,1,[],"[""A01"", ""A02"", ""A03""]",,,A01,219.0,"[""A01"", ""A02"", ""A03""]",219.0,F001,A01,53,T1,0,547.5,2026-08-03 00:00,2026-08-04 09:10,shift,3,1990,1937,0
P1215,F016,LAND,FACILITY,LAND,inbound,0,1,[],"[""A01"", ""A02"", ""A03""]",,,A01,181.0,"[""A01"", ""A02"", ""A03""]",181.0,F016,A01,44,T1,0,452.5,2026-08-06 15:21,2026-08-06 18:10,production,2,169,125,0
P1216,LAND,F004,LAND,FACILITY,outbound,1,0,"[""A01"", ""A02"", ""A03""]",[],,,A01,197.0,"[""A01"", ""A02"", ""A03""]",197.0,A01,F004,48,T1,1,492.5,2026-08-03 00:00,2026-08-05 09:12,shift,3,3432,3384,0
P1217,LAND,F048,LAND,FACILITY,outbound,1,0,"[""A01"", ""A02"", ""A03""]",[],,,A03,254.0,"[""A03"", ""A02"", ""A01""]",254.0,A03,F048,70,T2,1,635.0,2026-08-05 09:57,2026-08-07 11:34,shift,3,2977,2907,0
P1218,F023,F032,FACILITY,FACILITY,shuttle,0,0,[],[],,,A02,279.0,"[""A02"", ""A01"", ""A03""]",14.0,F023,F032,4,T1,1,35.0,2026-08-03 11:47,2026-08-06 11:51,shift,3,4324,4320,0
P1219,F039,LAND,FACILITY,LAND,inbound,0,1,[],"[""A01"", ""A02"", ""A03""]",,,A03,223.0,"[""A03"", ""A02"", ""A01""]",223.0,F039,A03,54,T1,0,557.5,2026-08-03 07:52,2026-08-03 11:02,production,2,190,136,0
P1220,F025,LAND,FACILITY,LAND,inbound,0,1,[],"[""A01"", ""A02"", ""A03""]",,,A01,202.0,"[""A01"", ""A02"", ""A03""]",202.0,F025,A01,49,T1,0,505.0,2026-08-07 08:24,2026-08-09 09:20,shift,3,2936,2887,0
P1221,LAND,F037,LAND,FACILITY,outbound,1,0,"[""A01"", ""A02"", ""A03""]",[],,,A03,359.0,"[""A03"", ""A02"", ""A01""]",359.0,A03,F037,98,T2,1,897.5,2026-08-05 06:53,2026-08-07 08:55,shift,3,3002,2904,0
P1222,F015,F009,FACILITY,FACILITY,shuttle,0,0,[],[],,,A01,166.0,"[""A01"", ""A02"", ""A03""]",38.0,F015,F009,10,T1,1,95.0,2026-08-06 10:47,2026-08-08 10:58,shift,3,2891,2881,0
P1223,F032,LAND,FACILITY,LAND,inbound,0,1,[],"[""A01"", ""A02"", ""A03""]",,,A02,279.0,"[""A02"", ""A01"", ""A03""]",279.0,F032,A02,77,T2,0,697.5,2026-08-08 08:45,2026-08-09 23:59,shift,3,2354,2277,0
P1224,F042,F040,FACILITY,FACILITY,shuttle,0,0,[],[],,,A03,342.0,"[""A03"", ""A02"", ""A01""]",28.0,F042,F040,7,T1,1,70.0,2026-08-04 09:55,2026-08-06 10:04,shift,3,2889,2882,0
P1225,F004,LAND,FACILITY,LAND,inbound,0,1,[],"[""A01"", ""A02"", ""A03""]",,,A01,197.0,"[""A01"", ""A02"", ""A03""]",197.0,F004,A01,48,T1,0,492.5,2026-08-07 08:53,2026-08-08 10:20,shift,3,1527,1479,0
P1226,LAND,F029,LAND,FACILITY,outbound,1,0,"[""A01"", ""A02"", ""A03""]",[],,,A01,211.0,"[""A01"", ""A02"", ""A03""]",211.0,A01,F029,51,T1,1,527.5,2026-08-05 09:03,2026-08-07 10:28,shift,3,2965,2914,0
P1227,F029,LAND,FACILITY,LAND,inbound,0,1,[],"[""A01"", ""A02"", ""A03""]",,,A01,211.0,"[""A01"", ""A02"", ""A03""]",211.0,F029,A01,51,T1,0,527.5,2026-08-04 10:38,2026-08-06 11:37,shift,3,2939,2888,0
P1228,F018,LAND,FACILITY,LAND,inbound,0,1,[],"[""A01"", ""A02"", ""A03""]",,,A01,196.0,"[""A01"", ""A02"", ""A03""]",196.0,F018,A01,48,T1,0,490.0,2026-08-06 10:32,2026-08-08 11:31,shift,3,2939,2891,0
P1229,LAND,F001,LAND,FACILITY,outbound,1,0,"[""A01"", ""A02"", ""A03""]",[],,,A01,219.0,"[""A01"", ""A02"", ""A03""]",219.0,A01,F001,53,T1,1,547.5,2026-08-09 06:53,2026-08-09 23:59,shift,3,1026,973,0
P1230,F052,F048,FACILITY,FACILITY,shuttle,0,0,[],[],,,A03,254.0,"[""A03"", ""A02"", ""A01""]",23.0,F052,F048,6,T1,1,57.5,2026-08-08 10:34,2026-08-09 10:42,shift,3,1448,1442,0
P1231,A03,F047,AIRPORT,FACILITY,outbound,0,0,"[""A03""]",[],A03,,A02,241.0,"[""A02"", ""A01"", ""A03""]",248.0,A03,F047,60,T1,1,620.0,2026-08-08 09:57,2026-08-09 23:59,shift,3,2282,2222,0
P1232,F002,F003,FACILITY,FACILITY,shuttle,0,0,[],[],,,A01,192.0,"[""A01"", ""A02"", ""A03""]",53.0,F002,F003,13,T1,1,132.5,2026-08-09 08:28,2026-08-09 10:57,production,2,149,136,0
P1233,LAND,F027,LAND,FACILITY,outbound,1,0,"[""A01"", ""A02"", ""A03""]",[],,,A01,191.0,"[""A01"", ""A02"", ""A03""]",191.0,A01,F027,46,T1,1,477.5,2026-08-04 07:53,2026-08-05 08:56,shift,3,1503,1457,0
P1234,F039,A03,FACILITY,AIRPORT,inbound,0,0,[],"[""A03""]",,A03,A03,223.0,"[""A03"", ""A02"", ""A01""]",223.0,F039,A03,54,T1,0,557.5,2026-08-05 10:37,2026-08-08 11:48,shift,3,4391,4337,0
P1235,LAND,F014,LAND,FACILITY,outbound,1,0,"[""A01"", ""A02"", ""A03""]",[],,,A01,164.0,"[""A01"", ""A02"", ""A03""]",164.0,A01,F014,40,T1,1,410.0,2026-08-05 06:35,2026-08-05 09:29,production,2,174,134,0
P1236,LAND,F039,LAND,FACILITY,outbound,1,0,"[""A01"", ""A02"", ""A03""]",[],,,A03,223.0,"[""A03"", ""A02"", ""A01""]",223.0,A03,F039,54,T1,1,557.5,2026-08-05 09:16,2026-08-08 10:27,shift,3,4391,4337,0
P1237,F050,LAND,FACILITY,LAND,inbound,0,1,[],"[""A01"", ""A02"", ""A03""]",,,A03,403.0,"[""A03"", ""A02"", ""A01""]",403.0,F050,A03,128,T3,0,1007.5,2026-08-04 09:44,2026-08-07 11:57,shift,3,4453,4325,0
P1238,LAND,F052,LAND,FACILITY,outbound,1,0,"[""A01"", ""A02"", ""A03""]",[],,,A02,259.0,"[""A02"", ""A03"", ""A01""]",259.0,A02,F052,71,T2,1,647.5,2026-08-08 08:03,2026-08-09 23:59,shift,3,2396,2325,0
P1239,F041,F045,FACILITY,FACILITY,shuttle,0,0,[],[],,,A03,260.0,"[""A03"", ""A02"", ""A01""]",20.0,F041,F045,5,T1,1,50.0,2026-08-03 10:20,2026-08-05 10:27,shift,3,2887,2882,0
P1240,F032,F025,FACILITY,FACILITY,shuttle,0,0,[],[],,,A01,202.0,"[""A01"", ""A02"", ""A03""]",79.0,F032,F025,19,T1,1,197.5,2026-08-08 08:20,2026-08-09 23:59,shift,3,2379,2360,0
P1241,F035,LAND,FACILITY,LAND,inbound,0,1,[],"[""A01"", ""A02"", ""A03""]",,,A01,258.0,"[""A01"", ""A02"", ""A03""]",258.0,F035,A01,71,T2,0,645.0,2026-08-06 09:43,2026-08-07 11:10,shift,3,1527,1456,0
P1242,F001,LAND,FACILITY,LAND,inbound,0,1,[],"[""A01"", ""A02"", ""A03""]",,,A01,219.0,"[""A01"", ""A02"", ""A03""]",219.0,F001,A01,53,T1,0,547.5,2026-08-06 11:18,2026-08-07 12:42,shift,3,1524,1471,0
P1243,LAND,F007,LAND,FACILITY,outbound,1,0,"[""A01"", ""A02"", ""A03""]",[],,,A01,233.0,"[""A01"", ""A02"", ""A03""]",233.0,A01,F007,56,T1,1,582.5,2026-08-03 00:00,2026-08-05 08:05,shift,3,3365,3309,0
P1244,F029,LAND,FACILITY,LAND,inbound,0,1,[],"[""A01"", ""A02"", ""A03""]",,,A01,211.0,"[""A01"", ""A02"", ""A03""]",211.0,F029,A01,51,T1,0,527.5,2026-08-04 10:38,2026-08-07 11:37,shift,3,4379,4328,0
P1245,F028,LAND,FACILITY,LAND,inbound,0,1,[],"[""A01"", ""A02"", ""A03""]",,,A01,217.0,"[""A01"", ""A02"", ""A03""]",217.0,F028,A01,53,T1,0,542.5,2026-08-05 06:54,2026-08-05 10:07,production,2,193,140,0
P1246,F048,LAND,FACILITY,LAND,inbound,0,1,[],"[""A01"", ""A02"", ""A03""]",,,A03,254.0,"[""A03"", ""A02"", ""A01""]",254.0,F048,A03,70,T2,0,635.0,2026-08-05 11:44,2026-08-07 12:54,shift,3,2950,2880,0
P1247,LAND,F036,LAND,FACILITY,outbound,1,0,"[""A01"", ""A02"", ""A03""]",[],,,A02,215.0,"[""A02"", ""A01"", ""A03""]",215.0,A02,F036,52,T1,1,537.5,2026-08-05 10:09,2026-08-08 11:47,shift,3,4418,4366,0
P1248,F011,LAND,FACILITY,LAND,inbound,0,1,[],"[""A01"", ""A02"", ""A03""]",,,A01,201.0,"[""A01"", ""A02"", ""A03""]",201.0,F011,A01,49,T1,0,502.5,2026-08-08 07:51,2026-08-09 08:46,shift,3,1495,1446,0
P1249,F026,LAND,FACILITY,LAND,inbound,0,1,[],"[""A01"", ""A02"", ""A03""]",,,A01,204.0,"[""A01"", ""A02"", ""A03""]",204.0,F026,A01,49,T1,0,510.0,2026-08-03 08:34,2026-08-05 09:44,shift,3,2950,2901,0
P1250,F011,LAND,FACILITY,LAND,inbound,0,1,[],"[""A01"", ""A02"", ""A03""]",,,A01,201.0,"[""A01"", ""A02"", ""A03""]",201.0,F011,A01,49,T1,0,502.5,2026-08-04 10:58,2026-08-06 11:53,shift,3,2935,2886,0
P1251,F037,LAND,FACILITY,LAND,inbound,0,1,[],"[""A01"", ""A02"", ""A03""]",,,A03,359.0,"[""A03"", ""A02"", ""A01""]",359.0,F037,A03,98,T2,0,897.5,2026-08-03 00:00,2026-08-04 13:42,shift,3,2262,2164,0
P1252,F017,F014,FACILITY,FACILITY,shuttle,0,0,[],[],,,A01,164.0,"[""A01"", ""A02"", ""A03""]",38.0,F017,F014,10,T1,1,95.0,2026-08-06 08:42,2026-08-08 08:54,shift,3,2892,2882,0
P1253,F023,LAND,FACILITY,LAND,inbound,0,1,[],"[""A01"", ""A02"", ""A03""]",,,A02,267.0,"[""A02"", ""A01"", ""A03""]",267.0,F023,A02,73,T2,0,667.5,2026-08-07 16:51,2026-08-08 18:16,shift,3,1525,1452,0
P1254,LAND,F032,LAND,FACILITY,outbound,1,0,"[""A01"", ""A02"", ""A03""]",[],,,A02,279.0,"[""A02"", ""A01"", ""A03""]",279.0,A02,F032,77,T2,1,697.5,2026-08-08 06:58,2026-08-09 08:35,shift,3,1537,1460,0
P1255,F037,F044,FACILITY,FACILITY,shuttle,0,0,[],[],,,A03,317.0,"[""A03"", ""A02"", ""A01""]",54.0,F037,F044,13,T1,1,135.0,2026-08-09 09:04,2026-08-09 23:59,shift,3,895,882,0
P1256,LAND,F035,LAND,FACILITY,outbound,1,0,"[""A01"", ""A02"", ""A03""]",[],,,A01,258.0,"[""A01"", ""A02"", ""A03""]",258.0,A01,F035,71,T2,1,645.0,2026-08-05 08:06,2026-08-07 09:33,shift,3,2967,2896,0
P1257,F012,LAND,FACILITY,LAND,inbound,0,1,[],"[""A01"", ""A02"", ""A03""]",,,A01,208.0,"[""A01"", ""A02"", ""A03""]",208.0,F012,A01,50,T1,0,520.0,2026-08-07 08:30,2026-08-09 23:59,shift,3,3809,3759,0
P1258,F051,F038,FACILITY,FACILITY,shuttle,0,0,[],[],,,A03,263.0,"[""A03"", ""A02"", ""A01""]",17.0,F051,F038,5,T1,1,42.5,2026-08-08 08:33,2026-08-08 10:17,production,2,104,99,0
P1259,F031,LAND,FACILITY,LAND,inbound,0,1,[],"[""A01"", ""A02"", ""A03""]",,,A02,242.0,"[""A02"", ""A01"", ""A03""]",242.0,F031,A02,59,T1,0,605.0,2026-08-08 11:40,2026-08-09 12:46,shift,3,1506,1447,0
P1260,F026,LAND,FACILITY,LAND,inbound,0,1,[],"[""A01"", ""A02"", ""A03""]",,,A01,204.0,"[""A01"", ""A02"", ""A03""]",204.0,F026,A01,49,T1,0,510.0,2026-08-04 07:36,2026-08-04 10:34,production,2,178,129,0
P1261,LAND,F048,LAND,FACILITY,outbound,1,0,"[""A01"", ""A02"", ""A03""]",[],,,A03,254.0,"[""A03"", ""A02"", ""A01""]",254.0,A03,F048,70,T2,1,635.0,2026-08-05 09:57,2026-08-07 11:34,shift,3,2977,2907,0
P1262,F031,LAND,FACILITY,LAND,inbound,0,1,[],"[""A01"", ""A02"", ""A03""]",,,A02,242.0,"[""A02"", ""A01"", ""A03""]",242.0,F031,A02,59,T1,0,605.0,2026-08-07 11:40,2026-08-09 23:59,shift,3,3619,3560,0
P1263,F013,F002,FACILITY,FACILITY,shuttle,0,0,[],[],,,A01,217.0,"[""A01"", ""A02"", ""A03""]",67.0,F013,F002,17,T1,1,167.5,2026-08-05 08:45,2026-08-08 09:07,shift,3,4342,4325,0
P1264,LAND,F004,LAND,FACILITY,outbound,1,0,"[""A01"", ""A02"", ""A03""]",[],,,A01,197.0,"[""A01"", ""A02"", ""A03""]",197.0,A01,F004,48,T1,1,492.5,2026-08-06 07:55,2026-08-09 08:43,shift,3,4368,4320,0
P1265,F035,LAND,FACILITY,LAND,inbound,0,1,[],"[""A01"", ""A02"", ""A03""]",,,A01,258.0,"[""A01"", ""A02"", ""A03""]",258.0,F035,A01,71,T2,0,645.0,2026-08-06 09:43,2026-08-08 11:10,shift,3,2967,2896,0
P1266,LAND,F026,LAND,FACILITY,outbound,1,0,"[""A01"", ""A02"", ""A03""]",[],,,A01,204.0,"[""A01"", ""A02"", ""A03""]",204.0,A01,F026,49,T1,1,510.0,2026-08-03 07:14,2026-08-05 08:24,shift,3,2950,2901,0
P1267,LAND,F036,LAND,FACILITY,outbound,1,0,"[""A01"", ""A02"", ""A03""]",[],,,A02,215.0,"[""A02"", ""A01"", ""A03""]",215.0,A02,F036,52,T1,1,537.5,2026-08-06 10:09,2026-08-07 11:47,shift,3,1538,1486,0
P1268,LAND,F042,LAND,FACILITY,outbound,1,0,"[""A01"", ""A02"", ""A03""]",[],,,A03,368.0,"[""A03"", ""A02"", ""A01""]",368.0,A03,F042,101,T2,1,920.0,2026-08-04 08:09,2026-08-04 13:03,production,2,294,193,0
P1269,LAND,F046,LAND,FACILITY,outbound,1,0,"[""A01"", ""A02"", ""A03""]",[],,,A02,227.0,"[""A02"", ""A03"", ""A01""]",227.0,A02,F046,55,T1,1,567.5,2026-08-08 08:23,2026-08-08 12:09,production,2,226,171,0
P1270,LAND,F008,LAND,FACILITY,outbound,1,0,"[""A01"", ""A02"", ""A03""]",[],,,A01,221.0,"[""A01"", ""A02"", ""A03""]",221.0,A01,F008,54,T1,1,552.5,2026-08-04 06:30,2026-08-04 09:12,production,2,162,108,0
P1271,F009,LAND,FACILITY,LAND,inbound,0,1,[],"[""A01"", ""A02"", ""A03""]",,,A01,166.0,"[""A01"", ""A02"", ""A03""]",166.0,F009,A01,40,T1,0,415.0,2026-08-08 10:24,2026-08-09 23:59,shift,3,2255,2215,0
P1272,F042,F040,FACILITY,FACILITY,shuttle,0,0,[],[],,,A03,342.0,"[""A03"", ""A02"", ""A01""]",28.0,F042,F040,7,T1,1,70.0,2026-08-03 00:00,2026-08-07 10:04,temporary,4,6364,6357,0
P1273,F037,LAND,FACILITY,LAND,inbound,0,1,[],"[""A01"", ""A02"", ""A03""]",,,A03,359.0,"[""A03"", ""A02"", ""A01""]",359.0,F037,A03,98,T2,0,897.5,2026-08-05 09:05,2026-08-08 11:07,shift,3,4442,4344,0
P1274,F050,LAND,FACILITY,LAND,inbound,0,1,[],"[""A01"", ""A02"", ""A03""]",,,A03,403.0,"[""A03"", ""A02"", ""A01""]",403.0,F050,A03,128,T3,0,1007.5,2026-08-03 09:44,2026-08-06 11:57,temporary,4,4453,4325,0
P1275,F021,LAND,FACILITY,LAND,inbound,0,1,[],"[""A01"", ""A02"", ""A03""]",,,A01,218.0,"[""A01"", ""A02"", ""A03""]",218.0,F021,A01,53,T1,0,545.0,2026-08-09 09:41,2026-08-09 23:59,shift,3,858,805,0
P1276,LAND,F029,LAND,FACILITY,outbound,1,0,"[""A01"", ""A02"", ""A03""]",[],,,A01,211.0,"[""A01"", ""A02"", ""A03""]",211.0,A01,F029,51,T1,1,527.5,2026-08-04 09:03,2026-08-07 10:28,shift,3,4405,4354,0
P1277,F037,LAND,FACILITY,LAND,inbound,0,1,[],"[""A01"", ""A02"", ""A03""]",,,A03,359.0,"[""A03"", ""A02"", ""A01""]",359.0,F037,A03,98,T2,0,897.5,2026-08-03 11:40,2026-08-05 13:42,shift,3,3002,2904,0
P1278,LAND,F038,LAND,FACILITY,outbound,1,0,"[""A01"", ""A02"", ""A03""]",[],,,A03,263.0,"[""A03"", ""A02"", ""A01""]",263.0,A03,F038,72,T2,1,657.5,2026-08-03 06:47,2026-08-04 07:59,shift,3,1512,1440,0
P1279,F004,LAND,FACILITY,LAND,inbound,0,1,[],"[""A01"", ""A02"", ""A03""]",,,A01,197.0,"[""A01"", ""A02"", ""A03""]",197.0,F004,A01,48,T1,0,492.5,2026-08-03 00:00,2026-08-04 10:16,shift,3,2056,2008,0
P1280,F005,LAND,FACILITY,LAND,inbound,0,1,[],"[""A01"", ""A02"", ""A03""]",,,A01,190.0,"[""A01"", ""A02"", ""A03""]",190.0,F005,A01,46,T1,0,475.0,2026-08-07 09:32,2026-08-07 11:53,production,2,141,95,0
P1281,F048,LAND,FACILITY,LAND,inbound,0,1,[],"[""A01"", ""A02"", ""A03""]",,,A03,254.0,"[""A03"", ""A02"", ""A01""]",254.0,F048,A03,70,T2,0,635.0,2026-08-07 10:31,2026-08-09 23:59,shift,3,3688,3618,0
P1282,F021,LAND,FACILITY,LAND,inbound,0,1,[],"[""A01"", ""A02"", ""A03""]",,,A01,218.0,"[""A01"", ""A02"", ""A03""]",218.0,F021,A01,53,T1,0,545.0,2026-08-09 09:08,2026-08-09 11:48,production,2,160,107,0
P1283,F028,A02,FACILITY,AIRPORT,inbound,0,0,[],"[""A02""]",,A02,A01,217.0,"[""A01"", ""A02"", ""A03""]",243.0,F028,A02,59,T1,0,607.5,2026-08-05 07:45,2026-08-06 09:05,shift,3,1520,1461,0
P1284,LAND,F019,LAND,FACILITY,outbound,1,0,"[""A01"", ""A02"", ""A03""]",[],,,A01,204.0,"[""A01"", ""A02"", ""A03""]",204.0,A01,F019,49,T1,1,510.0,2026-08-03 09:07,2026-08-05 10:06,shift,3,2939,2890,0
P1285,LAND,F018,LAND,FACILITY,outbound,1,0,"[""A01"", ""A02"", ""A03""]",[],,,A01,196.0,"[""A01"", ""A02"", ""A03""]",196.0,A01,F018,48,T1,1,490.0,2026-08-03 00:00,2026-08-05 08:48,shift,3,3408,3360,0
P1286,F026,LAND,FACILITY,LAND,inbound,0,1,[],"[""A01"", ""A02"", ""A03""]",,,A01,204.0,"[""A01"", ""A02"", ""A03""]",204.0,F026,A01,49,T1,0,510.0,2026-08-06 08:53,2026-08-09 09:54,shift,3,4381,4332,0
P1287,F026,A02,FACILITY,AIRPORT,inbound,0,0,[],"[""A02""]",,A02,A01,204.0,"[""A01"", ""A02"", ""A03""]",221.0,F026,A02,54,T1,0,552.5,2026-08-04 08:34,2026-08-05 09:44,shift,3,1510,1456,0
P1288,F043,F051,FACILITY,FACILITY,shuttle,0,0,[],[],,,A03,279.0,"[""A03"", ""A02"", ""A01""]",35.0,F043,F051,9,T1,1,87.5,2026-08-04 10:17,2026-08-07 10:29,shift,3,4332,4323,0
P1289,F009,F003,FACILITY,FACILITY,shuttle,0,0,[],[],,,A01,192.0,"[""A01"", ""A02"", ""A03""]",48.0,F009,F003,12,T1,1,120.0,2026-08-04 10:54,2026-08-06 11:38,shift,3,2924,2912,0
P1290,F017,LAND,FACILITY,LAND,inbound,0,1,[],"[""A01"", ""A02"", ""A03""]",,,A01,153.0,"[""A01"", ""A02"", ""A03""]",153.0,F017,A01,37,T1,0,382.5,2026-08-06 10:31,2026-08-08 11:13,shift,3,2922,2885,0
P1291,F033,LAND,FACILITY,LAND,inbound,0,1,[],"[""A01"", ""A02"", ""A03""]",,,A01,227.0,"[""A01"", ""A02"", ""A03""]",227.0,F033,A01,55,T1,0,567.5,2026-08-05 08:58,2026-08-07 10:14,shift,3,2956,2901,0
P1292,F037,F044,FACILITY,FACILITY,shuttle,0,0,[],[],,,A03,317.0,"[""A03"", ""A02"", ""A01""]",54.0,F037,F044,13,T1,1,135.0,2026-08-08 09:04,2026-08-09 23:59,shift,3,2335,2322,0
P1293,F030,LAND,FACILITY,LAND,inbound,0,1,[],"[""A01"", ""A02"", ""A03""]",,,A01,158.0,"[""A01"", ""A02"", ""A03""]",158.0,F030,A01,38,T1,0,395.0,2026-08-05 09:59,2026-08-05 12:32,production,2,153,115,0
P1294,LAND,F043,LAND,FACILITY,outbound,1,0,"[""A01"", ""A02"", ""A03""]",[],,,A03,303.0,"[""A03"", ""A02"", ""A01""]",303.0,A03,F043,83,T2,1,757.5,2026-08-04 10:17,2026-08-06 12:03,shift,3,2986,2903,0
P1295,F022,LAND,FACILITY,LAND,inbound,0,1,[],"[""A01"", ""A02"", ""A03""]",,,A01,194.0,"[""A01"", ""A02"", ""A03""]",194.0,F022,A01,47,T1,0,485.0,2026-08-06 09:41,2026-08-08 10:47,shift,3,2946,2899,0
P1296,LAND,F013,LAND,FACILITY,outbound,1,0,"[""A01"", ""A02"", ""A03""]",[],,,A01,279.0,"[""A01"", ""A02"", ""A03""]",279.0,A01,F013,77,T2,1,697.5,2026-08-04 06:47,2026-08-07 08:16,shift,3,4409,4332,0
P1297,F019,LAND,FACILITY,LAND,inbound,0,1,[],"[""A01"", ""A02"", ""A03""]",,,A01,204.0,"[""A01"", ""A02"", ""A03""]",204.0,F019,A01,49,T1,0,510.0,2026-08-09 08:20,2026-08-09 23:59,shift,3,939,890,0
P1298,F048,LAND,FACILITY,LAND,inbound,0,1,[],"[""A01"", ""A02"", ""A03""]",,,A03,254.0,"[""A03"", ""A02"", ""A01""]",254.0,F048,A03,70,T2,0,635.0,2026-08-04 11:44,2026-08-06 12:54,shift,3,2950,2880,0
P1299,F001,A01,FACILITY,AIRPORT,inbound,0,0,[],"[""A01""]",,A01,A01,219.0,"[""A01"", ""A02"", ""A03""]",219.0,F001,A01,53,T1,0,547.5,2026-08-03 07:53,2026-08-05 09:10,shift,3,2957,2904,0
P1300,LAND,F032,LAND,FACILITY,outbound,1,0,"[""A01"", ""A02"", ""A03""]",[],,,A02,279.0,"[""A02"", ""A01"", ""A03""]",279.0,A02,F032,77,T2,1,697.5,2026-08-07 06:58,2026-08-09 23:59,shift,3,3901,3824,0
P1301,F007,A01,FACILITY,AIRPORT,inbound,0,0,[],"[""A01""]",,A01,A01,233.0,"[""A01"", ""A02"", ""A03""]",233.0,F007,A01,56,T1,0,582.5,2026-08-03 08:15,2026-08-04 09:29,shift,3,1514,1458,0
P1302,F034,LAND,FACILITY,LAND,inbound,0,1,[],"[""A01"", ""A02"", ""A03""]",,,A01,246.0,"[""A01"", ""A02"", ""A03""]",246.0,F034,A01,60,T1,0,615.0,2026-08-07 08:05,2026-08-09 09:26,shift,3,2961,2901,0
P1303,LAND,F047,LAND,FACILITY,outbound,1,0,"[""A01"", ""A02"", ""A03""]",[],,,A02,241.0,"[""A02"", ""A01"", ""A03""]",241.0,A02,F047,58,T1,1,602.5,2026-08-05 09:18,2026-08-07 11:01,shift,3,2983,2925,0
P1304,F043,LAND,FACILITY,LAND,inbound,0,1,[],"[""A01"", ""A02"", ""A03""]",,,A03,303.0,"[""A03"", ""A02"", ""A01""]",303.0,F043,A03,83,T2,0,757.5,2026-08-04 11:20,2026-08-04 14:35,production,2,195,112,0
P1305,F030,LAND,FACILITY,LAND,inbound,0,1,[],"[""A01"", ""A02"", ""A03""]",,,A01,158.0,"[""A01"", ""A02"", ""A03""]",158.0,F030,A01,38,T1,0,395.0,2026-08-08 10:03,2026-08-08 12:44,production,2,161,123,0
P1306,F009,F003,FACILITY,FACILITY,shuttle,0,0,[],[],,,A01,192.0,"[""A01"", ""A02"", ""A03""]",48.0,F009,F003,12,T1,1,120.0,2026-08-04 10:54,2026-08-06 11:38,shift,3,2924,2912,0
P1307,LAND,F005,LAND,FACILITY,outbound,1,0,"[""A01"", ""A02"", ""A03""]",[],,,A01,190.0,"[""A01"", ""A02"", ""A03""]",190.0,A01,F005,46,T1,1,475.0,2026-08-03 08:48,2026-08-05 09:40,shift,3,2932,2886,0
P1308,LAND,F036,LAND,FACILITY,outbound,1,0,"[""A01"", ""A02"", ""A03""]",[],,,A02,215.0,"[""A02"", ""A01"", ""A03""]",215.0,A02,F036,52,T1,1,537.5,2026-08-05 10:09,2026-08-07 11:47,shift,3,2978,2926,0
P1309,F042,LAND,FACILITY,LAND,inbound,0,1,[],"[""A01"", ""A02"", ""A03""]",,,A03,368.0,"[""A03"", ""A02"", ""A01""]",368.0,F042,A03,101,T2,0,920.0,2026-08-04 12:01,2026-08-05 14:50,shift,3,1609,1508,0
P1310,A01,F008,AIRPORT,FACILITY,outbound,0,0,"[""A01""]",[],A01,,A01,221.0,"[""A01"", ""A02"", ""A03""]",221.0,A01,F008,54,T1,1,552.5,2026-08-03 07:10,2026-08-05 08:27,shift,3,2957,2903,0
P1311,F024,LAND,FACILITY,LAND,inbound,0,1,[],"[""A01"", ""A02"", ""A03""]",,,A01,211.0,"[""A01"", ""A02"", ""A03""]",211.0,F024,A01,51,T1,0,527.5,2026-08-04 10:50,2026-08-05 11:50,shift,3,1500,1449,0
P1312,F046,F047,FACILITY,FACILITY,shuttle,0,0,[],[],,,A02,241.0,"[""A02"", ""A01"", ""A03""]",15.0,F046,F047,4,T1,1,37.5,2026-08-05 10:00,2026-08-07 10:05,shift,3,2885,2881,0
P1313,F048,F039,FACILITY,FACILITY,shuttle,0,0,[],[],,,A03,223.0,"[""A03"", ""A02"", ""A01""]",31.0,F048,F039,8,T1,1,77.5,2026-08-07 09:54,2026-08-07 11:54,production,2,120,112,0
P1314,F037,LAND,FACILITY,LAND,inbound,0,1,[],"[""A01"", ""A02"", ""A03""]",,,A03,359.0,"[""A03"", ""A02"", ""A01""]",359.0,F037,A03,98,T2,0,897.5,2026-08-05 09:05,2026-08-07 11:07,shift,3,3002,2904,0
P1315,LAND,F020,LAND,FACILITY,outbound,1,0,"[""A01"", ""A02"", ""A03""]",[],,,A01,171.0,"[""A01"", ""A02"", ""A03""]",171.0,A01,F020,42,T1,1,427.5,2026-08-06 07:04,2026-08-08 07:55,shift,3,2931,2889,0
P1316,LAND,F043,LAND,FACILITY,outbound,1,0,"[""A01"", ""A02"", ""A03""]",[],,,A03,303.0,"[""A03"", ""A02"", ""A01""]",303.0,A03,F043,83,T2,1,757.5,2026-08-06 07:00,2026-08-09 08:46,shift,3,4426,4343,0
P1317,F010,F007,FACILITY,FACILITY,shuttle,0,0,[],[],,,A01,233.0,"[""A01"", ""A02"", ""A03""]",37.0,F010,F007,9,T1,1,92.5,2026-08-05 07:53,2026-08-07 08:27,shift,3,2914,2905,0
P1318,F004,F007,FACILITY,FACILITY,shuttle,0,0,[],[],,,A01,233.0,"[""A01"", ""A02"", ""A03""]",36.0,F004,F007,9,T1,1,90.0,2026-08-04 08:10,2026-08-05 08:22,shift,3,1452,1443,0
P1319,LAND,F012,LAND,FACILITY,outbound,1,0,"[""A01"", ""A02"", ""A03""]",[],,,A01,208.0,"[""A01"", ""A02"", ""A03""]",208.0,A01,F012,50,T1,1,520.0,2026-08-04 10:25,2026-08-05 11:31,shift,3,1506,1456,0
P1320,F001,F016,FACILITY,FACILITY,shuttle,0,0,[],[],,,A01,181.0,"[""A01"", ""A02"", ""A03""]",41.0,F001,F016,10,T1,1,102.5,2026-08-03 11:03,2026-08-03 12:56,production,2,113,103,0
P1321,F024,LAND,FACILITY,LAND,inbound,0,1,[],"[""A01"", ""A02"", ""A03""]",,,A01,211.0,"[""A01"", ""A02"", ""A03""]",211.0,F024,A01,51,T1,0,527.5,2026-08-04 10:50,2026-08-05 11:50,shift,3,1500,1449,0
P1322,LAND,F036,LAND,FACILITY,outbound,1,0,"[""A01"", ""A02"", ""A03""]",[],,,A02,215.0,"[""A02"", ""A01"", ""A03""]",215.0,A02,F036,52,T1,1,537.5,2026-08-09 15:17,2026-08-09 23:59,shift,3,522,470,0
P1323,F039,LAND,FACILITY,LAND,inbound,0,1,[],"[""A01"", ""A02"", ""A03""]",,,A03,223.0,"[""A03"", ""A02"", ""A01""]",223.0,F039,A03,54,T1,0,557.5,2026-08-03 08:40,2026-08-04 09:51,shift,3,1511,1457,0
P1324,LAND,F030,LAND,FACILITY,outbound,1,0,"[""A01"", ""A02"", ""A03""]",[],,,A01,158.0,"[""A01"", ""A02"", ""A03""]",158.0,A01,F030,38,T1,1,395.0,2026-08-08 09:44,2026-08-09 23:59,shift,3,2295,2257,0
P1325,F028,F018,FACILITY,FACILITY,shuttle,0,0,[],[],,,A01,196.0,"[""A01"", ""A02"", ""A03""]",65.0,F028,F018,16,T1,1,162.5,2026-08-07 10:44,2026-08-09 11:02,shift,3,2898,2882,0
P1326,F020,F019,FACILITY,FACILITY,shuttle,0,0,[],[],,,A01,204.0,"[""A01"", ""A02"", ""A03""]",36.0,F020,F019,9,T1,1,90.0,2026-08-03 00:00,2026-08-05 10:58,shift,3,3538,3529,0
P1327,LAND,F043,LAND,FACILITY,outbound,1,0,"[""A01"", ""A02"", ""A03""]",[],,,A03,303.0,"[""A03"", ""A02"", ""A01""]",303.0,A03,F043,83,T2,1,757.5,2026-08-03 10:17,2026-08-05 12:03,shift,3,2986,2903,0
P1328,F044,LAND,FACILITY,LAND,inbound,0,1,[],"[""A01"", ""A02"", ""A03""]",,,A03,317.0,"[""A03"", ""A02"", ""A01""]",317.0,F044,A03,87,T2,0,792.5,2026-08-03 09:32,2026-08-06 11:13,shift,3,4421,4334,0
P1329,LAND,F020,LAND,FACILITY,outbound,1,0,"[""A01"", ""A02"", ""A03""]",[],,,A01,171.0,"[""A01"", ""A02"", ""A03""]",171.0,A01,F020,42,T1,1,427.5,2026-08-09 07:48,2026-08-09 23:59,shift,3,971,929,0
P1330,F033,LAND,FACILITY,LAND,inbound,0,1,[],"[""A01"", ""A02"", ""A03""]",,,A01,227.0,"[""A01"", ""A02"", ""A03""]",227.0,F033,A01,55,T1,0,567.5,2026-08-04 08:58,2026-08-06 10:14,shift,3,2956,2901,0
P1331,F046,F047,FACILITY,FACILITY,shuttle,0,0,[],[],,,A02,241.0,"[""A02"", ""A01"", ""A03""]",15.0,F046,F047,4,T1,1,37.5,2026-08-06 10:00,2026-08-08 10:05,shift,3,2885,2881,0
P1332,F011,LAND,FACILITY,LAND,inbound,0,1,[],"[""A01"", ""A02"", ""A03""]",,,A01,201.0,"[""A01"", ""A02"", ""A03""]",201.0,F011,A01,49,T1,0,502.5,2026-08-03 10:58,2026-08-05 11:53,shift,3,2935,2886,0
P1333,LAND,F020,LAND,FACILITY,outbound,1,0,"[""A01"", ""A02"", ""A03""]",[],,,A01,171.0,"[""A01"", ""A02"", ""A03""]",171.0,A01,F020,42,T1,1,427.5,2026-08-03 00:00,2026-08-05 07:57,shift,3,3357,3315,0
P1334,A01,F008,AIRPORT,FACILITY,outbound,0,0,"[""A01""]",[],A01,,A01,221.0,"[""A01"", ""A02"", ""A03""]",221.0,A01,F008,54,T1,1,552.5,2026-08-07 08:05,2026-08-09 23:59,shift,3,3834,3780,0
P1335,LAND,F023,LAND,FACILITY,outbound,1,0,"[""A01"", ""A02"", ""A03""]",[],,,A02,267.0,"[""A02"", ""A01"", ""A03""]",267.0,A02,F023,73,T2,1,667.5,2026-08-04 06:17,2026-08-06 07:30,shift,3,2953,2880,0
P1336,F034,LAND,FACILITY,LAND,inbound,0,1,[],"[""A01"", ""A02"", ""A03""]",,,A01,246.0,"[""A01"", ""A02"", ""A03""]",246.0,F034,A01,60,T1,0,615.0,2026-08-07 08:05,2026-08-09 23:59,shift,3,3834,3774,0
P1337,F012,LAND,FACILITY,LAND,inbound,0,1,[],"[""A01"", ""A02"", ""A03""]",,,A01,208.0,"[""A01"", ""A02"", ""A03""]",208.0,F012,A01,50,T1,0,520.0,2026-08-07 08:30,2026-08-09 23:59,shift,3,3809,3759,0
P1338,LAND,F033,LAND,FACILITY,outbound,1,0,"[""A01"", ""A02"", ""A03""]",[],,,A01,227.0,"[""A01"", ""A02"", ""A03""]",227.0,A01,F033,55,T1,1,567.5,2026-08-04 07:32,2026-08-07 08:48,shift,3,4396,4341,0
P1339,LAND,F021,LAND,FACILITY,outbound,1,0,"[""A01"", ""A02"", ""A03""]",[],,,A01,218.0,"[""A01"", ""A02"", ""A03""]",218.0,A01,F021,53,T1,1,545.0,2026-08-09 08:21,2026-08-09 23:59,shift,3,938,885,0
P1340,F017,LAND,FACILITY,LAND,inbound,0,1,[],"[""A01"", ""A02"", ""A03""]",,,A01,153.0,"[""A01"", ""A02"", ""A03""]",153.0,F017,A01,37,T1,0,382.5,2026-08-06 10:31,2026-08-07 11:13,shift,3,1482,1445,0
P1341,F026,LAND,FACILITY,LAND,inbound,0,1,[],"[""A01"", ""A02"", ""A03""]",,,A01,204.0,"[""A01"", ""A02"", ""A03""]",204.0,F026,A01,49,T1,0,510.0,2026-08-03 08:34,2026-08-06 09:44,shift,3,4390,4341,0
P1342,LAND,F028,LAND,FACILITY,outbound,1,0,"[""A01"", ""A02"", ""A03""]",[],,,A01,217.0,"[""A01"", ""A02"", ""A03""]",217.0,A01,F028,53,T1,1,542.5,2026-08-06 06:10,2026-08-09 07:49,shift,3,4419,4366,0
P1343,LAND,F020,LAND,FACILITY,outbound,1,0,"[""A01"", ""A02"", ""A03""]",[],,,A01,171.0,"[""A01"", ""A02"", ""A03""]",171.0,A01,F020,42,T1,1,427.5,2026-08-09 07:48,2026-08-09 23:59,shift,3,971,929,0
P1344,F046,LAND,FACILITY,LAND,inbound,0,1,[],"[""A01"", ""A02"", ""A03""]",,,A02,227.0,"[""A02"", ""A03"", ""A01""]",227.0,F046,A02,55,T1,0,567.5,2026-08-05 10:41,2026-08-06 12:24,shift,3,1543,1488,0
P1345,LAND,F019,LAND,FACILITY,outbound,1,0,"[""A01"", ""A02"", ""A03""]",[],,,A01,204.0,"[""A01"", ""A02"", ""A03""]",204.0,A01,F019,49,T1,1,510.0,2026-08-09 07:11,2026-08-09 23:59,shift,3,1008,959,0
P1346,F038,LAND,FACILITY,LAND,inbound,0,1,[],"[""A01"", ""A02"", ""A03""]",,,A03,263.0,"[""A03"", ""A02"", ""A01""]",263.0,F038,A03,72,T2,0,657.5,2026-08-05 09:51,2026-08-07 11:15,shift,3,2964,2892,0
P1347,LAND,F016,LAND,FACILITY,outbound,1,0,"[""A01"", ""A02"", ""A03""]",[],,,A01,181.0,"[""A01"", ""A02"", ""A03""]",181.0,A01,F016,44,T1,1,452.5,2026-08-06 15:06,2026-08-08 15:50,shift,3,2924,2880,0
P1348,F003,F008,FACILITY,FACILITY,shuttle,0,0,[],[],,,A01,221.0,"[""A01"", ""A02"", ""A03""]",38.0,F003,F008,10,T1,1,95.0,2026-08-03 10:06,2026-08-06 10:17,shift,3,4331,4321,0
P1349,F044,F037,FACILITY,FACILITY,shuttle,0,0,[],[],,,A03,359.0,"[""A03"", ""A02"", ""A01""]",54.0,F044,F037,13,T1,1,135.0,2026-08-05 12:07,2026-08-08 12:20,shift,3,4333,4320,0
P1350,LAND,F001,LAND,FACILITY,outbound,1,0,"[""A01"", ""A02"", ""A03""]",[],,,A01,219.0,"[""A01"", ""A02"", ""A03""]",219.0,A01,F001,53,T1,1,547.5,2026-08-03 06:26,2026-08-04 07:43,shift,3,1517,1464,0
P1351,F010,A01,FACILITY,AIRPORT,inbound,0,0,[],"[""A01""]",,A01,A01,216.0,"[""A01"", ""A02"", ""A03""]",216.0,F010,A01,52,T1,0,540.0,2026-08-08 11:07,2026-08-09 12:35,shift,3,1528,1476,0
P1352,F019,LAND,FACILITY,LAND,inbound,0,1,[],"[""A01"", ""A02"", ""A03""]",,,A01,204.0,"[""A01"", ""A02"", ""A03""]",204.0,F019,A01,49,T1,0,510.0,2026-08-08 08:20,2026-08-09 23:59,shift,3,2379,2330,0
P1353,F028,LAND,FACILITY,LAND,inbound,0,1,[],"[""A01"", ""A02"", ""A03""]",,,A01,217.0,"[""A01"", ""A02"", ""A03""]",217.0,F028,A01,53,T1,0,542.5,2026-08-06 07:59,2026-08-08 09:16,shift,3,2957,2904,0
P1354,F020,F019,FACILITY,FACILITY,shuttle,0,0,[],[],,,A01,204.0,"[""A01"", ""A02"", ""A03""]",36.0,F020,F019,9,T1,1,90.0,2026-08-03 00:00,2026-08-05 10:58,shift,3,3538,3529,0
P1355,F051,LAND,FACILITY,LAND,inbound,0,1,[],"[""A01"", ""A02"", ""A03""]",,,A03,279.0,"[""A03"", ""A02"", ""A01""]",279.0,F051,A03,77,T2,0,697.5,2026-08-08 09:13,2026-08-09 23:59,shift,3,2326,2249,0
P1356,F032,F025,FACILITY,FACILITY,shuttle,0,0,[],[],,,A01,202.0,"[""A01"", ""A02"", ""A03""]",79.0,F032,F025,19,T1,1,197.5,2026-08-08 08:20,2026-08-09 23:59,shift,3,2379,2360,0
P1357,LAND,F047,LAND,FACILITY,outbound,1,0,"[""A01"", ""A02"", ""A03""]",[],,,A02,241.0,"[""A02"", ""A01"", ""A03""]",241.0,A02,F047,58,T1,1,602.5,2026-08-07 09:57,2026-08-09 23:59,shift,3,3722,3664,0
P1358,LAND,F020,LAND,FACILITY,outbound,1,0,"[""A01"", ""A02"", ""A03""]",[],,,A01,171.0,"[""A01"", ""A02"", ""A03""]",171.0,A01,F020,42,T1,1,427.5,2026-08-06 07:04,2026-08-08 07:55,shift,3,2931,2889,0
P1359,F050,F043,FACILITY,FACILITY,shuttle,0,0,[],[],,,A03,303.0,"[""A03"", ""A02"", ""A01""]",115.0,F050,F043,28,T1,1,287.5,2026-08-06 09:47,2026-08-09 23:59,temporary,4,5172,5144,0
P1360,F015,F009,FACILITY,FACILITY,shuttle,0,0,[],[],,,A01,166.0,"[""A01"", ""A02"", ""A03""]",38.0,F015,F009,10,T1,1,95.0,2026-08-06 10:47,2026-08-08 10:58,shift,3,2891,2881,0
P1361,F041,A03,FACILITY,AIRPORT,inbound,0,0,[],"[""A03""]",,A03,A03,278.0,"[""A03"", ""A02"", ""A01""]",278.0,F041,A03,76,T2,0,695.0,2026-08-07 12:10,2026-08-09 14:55,shift,3,3045,2969,0
P1362,F036,LAND,FACILITY,LAND,inbound,0,1,[],"[""A01"", ""A02"", ""A03""]",,,A02,215.0,"[""A02"", ""A01"", ""A03""]",215.0,F036,A02,52,T1,0,537.5,2026-08-09 16:40,2026-08-09 23:59,shift,3,439,387,0
P1363,F037,F044,FACILITY,FACILITY,shuttle,0,0,[],[],,,A03,317.0,"[""A03"", ""A02"", ""A01""]",54.0,F037,F044,13,T1,1,135.0,2026-08-09 09:04,2026-08-09 23:59,shift,3,895,882,0
P1364,LAND,F015,LAND,FACILITY,outbound,1,0,"[""A01"", ""A02"", ""A03""]",[],,,A01,191.0,"[""A01"", ""A02"", ""A03""]",191.0,A01,F015,46,T1,1,477.5,2026-08-09 08:41,2026-08-09 10:20,emergency,1,99,53,0
P1365,LAND,F020,LAND,FACILITY,outbound,1,0,"[""A01"", ""A02"", ""A03""]",[],,,A01,171.0,"[""A01"", ""A02"", ""A03""]",171.0,A01,F020,42,T1,1,427.5,2026-08-03 06:58,2026-08-05 07:57,shift,3,2939,2897,0
P1366,LAND,F035,LAND,FACILITY,outbound,1,0,"[""A01"", ""A02"", ""A03""]",[],,,A01,258.0,"[""A01"", ""A02"", ""A03""]",258.0,A01,F035,71,T2,1,645.0,2026-08-06 08:06,2026-08-08 09:33,shift,3,2967,2896,0
P1367,LAND,F021,LAND,FACILITY,outbound,1,0,"[""A01"", ""A02"", ""A03""]",[],,,A01,218.0,"[""A01"", ""A02"", ""A03""]",218.0,A01,F021,53,T1,1,545.0,2026-08-08 08:21,2026-08-09 23:59,shift,3,2378,2325,0
P1368,A02,F034,AIRPORT,FACILITY,outbound,0,0,"[""A02""]",[],A02,,A01,246.0,"[""A01"", ""A02"", ""A03""]",255.0,A02,F034,70,T2,1,637.5,2026-08-05 08:12,2026-08-07 09:54,shift,3,2982,2912,0
P1369,LAND,F028,LAND,FACILITY,outbound,1,0,"[""A01"", ""A02"", ""A03""]",[],,,A01,217.0,"[""A01"", ""A02"", ""A03""]",217.0,A01,F028,53,T1,1,542.5,2026-08-05 06:15,2026-08-07 07:35,shift,3,2960,2907,0
P1370,F010,LAND,FACILITY,LAND,inbound,0,1,[],"[""A01"", ""A02"", ""A03""]",,,A01,216.0,"[""A01"", ""A02"", ""A03""]",216.0,F010,A01,52,T1,0,540.0,2026-08-03 09:41,2026-08-05 11:09,shift,3,2968,2916,0
P1371,F039,F052,FACILITY,FACILITY,shuttle,0,0,[],[],,,A02,259.0,"[""A02"", ""A03"", ""A01""]",44.0,F039,F052,11,T1,1,110.0,2026-08-04 10:59,2026-08-06 11:42,shift,3,2923,2912,0
P1372,F028,F018,FACILITY,FACILITY,shuttle,0,0,[],[],,,A01,196.0,"[""A01"", ""A02"", ""A03""]",65.0,F028,F018,16,T1,1,162.5,2026-08-06 10:44,2026-08-08 11:02,shift,3,2898,2882,0
P1373,F027,LAND,FACILITY,LAND,inbound,0,1,[],"[""A01"", ""A02"", ""A03""]",,,A01,191.0,"[""A01"", ""A02"", ""A03""]",191.0,F027,A01,46,T1,0,477.5,2026-08-04 09:06,2026-08-05 10:09,shift,3,1503,1457,0
P1374,F009,LAND,FACILITY,LAND,inbound,0,1,[],"[""A01"", ""A02"", ""A03""]",,,A01,166.0,"[""A01"", ""A02"", ""A03""]",166.0,F009,A01,40,T1,0,415.0,2026-08-08 09:47,2026-08-08 12:09,production,2,142,102,0
P1375,F050,F043,FACILITY,FACILITY,shuttle,0,0,[],[],,,A03,303.0,"[""A03"", ""A02"", ""A01""]",115.0,F050,F043,28,T1,1,287.5,2026-08-08 09:47,2026-08-09 23:59,shift,3,2292,2264,0
P1376,LAND,F030,LAND,FACILITY,outbound,1,0,"[""A01"", ""A02"", ""A03""]",[],,,A01,158.0,"[""A01"", ""A02"", ""A03""]",158.0,A01,F030,38,T1,1,395.0,2026-08-08 09:44,2026-08-09 23:59,shift,3,2295,2257,0
P1377,F013,LAND,FACILITY,LAND,inbound,0,1,[],"[""A01"", ""A02"", ""A03""]",,,A01,279.0,"[""A01"", ""A02"", ""A03""]",279.0,F013,A01,77,T2,0,697.5,2026-08-03 08:26,2026-08-07 09:55,temporary,4,5849,5772,0
P1378,F012,LAND,FACILITY,LAND,inbound,0,1,[],"[""A01"", ""A02"", ""A03""]",,,A01,208.0,"[""A01"", ""A02"", ""A03""]",208.0,F012,A01,50,T1,0,520.0,2026-08-03 11:41,2026-08-05 12:47,shift,3,2946,2896,0
P1379,F028,LAND,FACILITY,LAND,inbound,0,1,[],"[""A01"", ""A02"", ""A03""]",,,A01,217.0,"[""A01"", ""A02"", ""A03""]",217.0,F028,A01,53,T1,0,542.5,2026-08-04 07:45,2026-08-07 09:05,shift,3,4400,4347,0
P1380,LAND,F017,LAND,FACILITY,outbound,1,0,"[""A01"", ""A02"", ""A03""]",[],,,A01,153.0,"[""A01"", ""A02"", ""A03""]",153.0,A01,F017,37,T1,1,382.5,2026-08-05 09:39,2026-08-08 10:21,temporary,4,4362,4325,0
P1381,LAND,F036,LAND,FACILITY,outbound,1,0,"[""A01"", ""A02"", ""A03""]",[],,,A02,215.0,"[""A02"", ""A01"", ""A03""]",215.0,A02,F036,52,T1,1,537.5,2026-08-03 15:06,2026-08-04 16:39,shift,3,1533,1481,0
P1382,LAND,F044,LAND,FACILITY,outbound,1,0,"[""A01"", ""A02"", ""A03""]",[],,,A03,317.0,"[""A03"", ""A02"", ""A01""]",317.0,A03,F044,87,T2,1,792.5,2026-08-06 06:21,2026-08-08 08:02,shift,3,2981,2894,0
P1383,F014,A01,FACILITY,AIRPORT,inbound,0,0,[],"[""A01""]",,A01,A01,164.0,"[""A01"", ""A02"", ""A03""]",164.0,F014,A01,40,T1,0,410.0,2026-08-04 08:17,2026-08-06 09:09,shift,3,2932,2892,0
P1384,F005,A01,FACILITY,AIRPORT,inbound,0,0,[],"[""A01""]",,A01,A01,190.0,"[""A01"", ""A02"", ""A03""]",190.0,F005,A01,46,T1,0,475.0,2026-08-07 10:12,2026-08-08 11:04,shift,3,1492,1446,0
P1385,LAND,F049,LAND,FACILITY,outbound,1,0,"[""A01"", ""A02"", ""A03""]",[],,,A02,239.0,"[""A02"", ""A03"", ""A01""]",239.0,A02,F049,58,T1,1,597.5,2026-08-07 09:40,2026-08-09 23:59,shift,3,3739,3681,0
P1386,F047,F049,FACILITY,FACILITY,shuttle,0,0,[],[],,,A02,239.0,"[""A02"", ""A03"", ""A01""]",19.0,F047,F049,5,T1,1,47.5,2026-08-07 16:21,2026-08-07 18:35,production,2,134,129,0
P1387,F001,A01,FACILITY,AIRPORT,inbound,0,0,[],"[""A01""]",,A01,A01,219.0,"[""A01"", ""A02"", ""A03""]",219.0,F001,A01,53,T1,0,547.5,2026-08-08 08:03,2026-08-09 23:59,shift,3,2396,2343,0
P1388,F028,LAND,FACILITY,LAND,inbound,0,1,[],"[""A01"", ""A02"", ""A03""]",,,A01,217.0,"[""A01"", ""A02"", ""A03""]",217.0,F028,A01,53,T1,0,542.5,2026-08-05 07:45,2026-08-06 09:05,shift,3,1520,1467,0
P1389,F011,F015,FACILITY,FACILITY,shuttle,0,0,[],[],,,A01,191.0,"[""A01"", ""A02"", ""A03""]",31.0,F011,F015,8,T1,1,77.5,2026-08-06 07:33,2026-08-07 07:41,shift,3,1448,1440,0
P1390,F017,LAND,FACILITY,LAND,inbound,0,1,[],"[""A01"", ""A02"", ""A03""]",,,A01,153.0,"[""A01"", ""A02"", ""A03""]",153.0,F017,A01,37,T1,0,382.5,2026-08-06 10:31,2026-08-07 11:13,shift,3,1482,1445,0
P1391,F045,F048,FACILITY,FACILITY,shuttle,0,0,[],[],,,A03,254.0,"[""A03"", ""A02"", ""A01""]",45.0,F045,F048,11,T1,1,112.5,2026-08-05 08:40,2026-08-08 09:14,shift,3,4354,4343,0
P1392,LAND,F034,LAND,FACILITY,outbound,1,0,"[""A01"", ""A02"", ""A03""]",[],,,A01,246.0,"[""A01"", ""A02"", ""A03""]",246.0,A01,F034,60,T1,1,615.0,2026-08-05 08:12,2026-08-06 09:54,shift,3,1542,1482,0
P1393,F007,LAND,FACILITY,LAND,inbound,0,1,[],"[""A01"", ""A02"", ""A03""]",,,A01,233.0,"[""A01"", ""A02"", ""A03""]",233.0,F007,A01,56,T1,0,582.5,2026-08-08 08:27,2026-08-08 10:51,production,2,144,88,0
P1394,LAND,F006,LAND,FACILITY,outbound,1,0,"[""A01"", ""A02"", ""A03""]",[],,,A01,235.0,"[""A01"", ""A02"", ""A03""]",235.0,A01,F006,57,T1,1,587.5,2026-08-06 07:00,2026-08-08 08:15,shift,3,2955,2898,0
P1395,LAND,F002,LAND,FACILITY,outbound,1,0,"[""A01"", ""A02"", ""A03""]",[],,,A01,217.0,"[""A01"", ""A02"", ""A03""]",217.0,A01,F002,53,T1,1,542.5,2026-08-03 00:00,2026-08-04 08:26,shift,3,1946,1893,0
P1396,F044,LAND,FACILITY,LAND,inbound,0,1,[],"[""A01"", ""A02"", ""A03""]",,,A03,317.0,"[""A03"", ""A02"", ""A01""]",317.0,F044,A03,87,T2,0,792.5,2026-08-07 08:22,2026-08-09 10:03,shift,3,2981,2894,0
P1397,LAND,F006,LAND,FACILITY,outbound,1,0,"[""A01"", ""A02"", ""A03""]",[],,,A01,235.0,"[""A01"", ""A02"", ""A03""]",235.0,A01,F006,57,T1,1,587.5,2026-08-06 07:00,2026-08-08 08:15,shift,3,2955,2898,0
P1398,F038,LAND,FACILITY,LAND,inbound,0,1,[],"[""A01"", ""A02"", ""A03""]",,,A03,263.0,"[""A03"", ""A02"", ""A01""]",263.0,F038,A03,72,T2,0,657.5,2026-08-05 09:51,2026-08-08 11:15,shift,3,4404,4332,0
P1399,LAND,F006,LAND,FACILITY,outbound,1,0,"[""A01"", ""A02"", ""A03""]",[],,,A01,235.0,"[""A01"", ""A02"", ""A03""]",235.0,A01,F006,57,T1,1,587.5,2026-08-06 07:00,2026-08-09 08:15,shift,3,4395,4338,0
P1400,F023,F032,FACILITY,FACILITY,shuttle,0,0,[],[],,,A02,279.0,"[""A02"", ""A01"", ""A03""]",14.0,F023,F032,4,T1,1,35.0,2026-08-04 11:47,2026-08-05 11:51,shift,3,1444,1440,0
P1401,F029,LAND,FACILITY,LAND,inbound,0,1,[],"[""A01"", ""A02"", ""A03""]",,,A01,211.0,"[""A01"", ""A02"", ""A03""]",211.0,F029,A01,51,T1,0,527.5,2026-08-07 10:34,2026-08-09 11:26,shift,3,2932,2881,0
P1402,A01,F015,AIRPORT,FACILITY,outbound,0,0,"[""A01""]",[],A01,,A01,191.0,"[""A01"", ""A02"", ""A03""]",191.0,A01,F015,46,T1,1,477.5,2026-08-06 08:53,2026-08-09 23:59,temporary,4,5226,5180,0
P1403,F050,F043,FACILITY,FACILITY,shuttle,0,0,[],[],,,A03,303.0,"[""A03"", ""A02"", ""A01""]",115.0,F050,F043,28,T1,1,287.5,2026-08-06 09:47,2026-08-09 10:39,temporary,4,4372,4344,0
P1404,LAND,F047,LAND,FACILITY,outbound,1,0,"[""A01"", ""A02"", ""A03""]",[],,,A02,241.0,"[""A02"", ""A01"", ""A03""]",241.0,A02,F047,58,T1,1,602.5,2026-08-04 09:18,2026-08-07 11:01,shift,3,4423,4365,0
P1405,F021,F027,FACILITY,FACILITY,shuttle,0,0,[],[],,,A01,191.0,"[""A01"", ""A02"", ""A03""]",37.0,F021,F027,9,T1,1,92.5,2026-08-03 07:21,2026-08-03 08:22,emergency,1,61,52,0
P1406,F045,F048,FACILITY,FACILITY,shuttle,0,0,[],[],,,A03,254.0,"[""A03"", ""A02"", ""A01""]",45.0,F045,F048,11,T1,1,112.5,2026-08-06 08:40,2026-08-07 09:14,shift,3,1474,1463,0
P1407,LAND,F039,LAND,FACILITY,outbound,1,0,"[""A01"", ""A02"", ""A03""]",[],,,A03,223.0,"[""A03"", ""A02"", ""A01""]",223.0,A03,F039,54,T1,1,557.5,2026-08-05 09:16,2026-08-07 10:27,shift,3,2951,2897,0
P1408,F003,LAND,FACILITY,LAND,inbound,0,1,[],"[""A01"", ""A02"", ""A03""]",,,A01,192.0,"[""A01"", ""A02"", ""A03""]",192.0,F003,A01,47,T1,0,480.0,2026-08-03 07:38,2026-08-03 10:46,production,2,188,141,0
P1409,F003,F007,FACILITY,FACILITY,shuttle,0,0,[],[],,,A01,233.0,"[""A01"", ""A02"", ""A03""]",48.0,F003,F007,12,T1,1,120.0,2026-08-09 09:19,2026-08-09 23:59,shift,3,880,868,0
P1410,F008,F003,FACILITY,FACILITY,shuttle,0,0,[],[],,,A01,192.0,"[""A01"", ""A02"", ""A03""]",38.0,F008,F003,10,T1,1,95.0,2026-08-05 10:59,2026-08-07 11:10,shift,3,2891,2881,0
P1411,F009,F003,FACILITY,FACILITY,shuttle,0,0,[],[],,,A01,192.0,"[""A01"", ""A02"", ""A03""]",48.0,F009,F003,12,T1,1,120.0,2026-08-05 10:54,2026-08-07 11:38,shift,3,2924,2912,0
P1412,F011,LAND,FACILITY,LAND,inbound,0,1,[],"[""A01"", ""A02"", ""A03""]",,,A01,201.0,"[""A01"", ""A02"", ""A03""]",201.0,F011,A01,49,T1,0,502.5,2026-08-08 07:51,2026-08-09 08:46,shift,3,1495,1446,0
P1413,LAND,F024,LAND,FACILITY,outbound,1,0,"[""A01"", ""A02"", ""A03""]",[],,,A01,211.0,"[""A01"", ""A02"", ""A03""]",211.0,A01,F024,51,T1,1,527.5,2026-08-07 10:01,2026-08-08 11:01,shift,3,1500,1449,0
P1414,F001,LAND,FACILITY,LAND,inbound,0,1,[],"[""A01"", ""A02"", ""A03""]",,,A01,219.0,"[""A01"", ""A02"", ""A03""]",219.0,F001,A01,53,T1,0,547.5,2026-08-03 00:00,2026-08-05 09:10,temporary,4,3430,3377,0
P1415,F051,F038,FACILITY,FACILITY,shuttle,0,0,[],[],,,A03,263.0,"[""A03"", ""A02"", ""A01""]",17.0,F051,F038,5,T1,1,42.5,2026-08-07 09:23,2026-08-09 09:28,shift,3,2885,2880,0
P1416,F048,LAND,FACILITY,LAND,inbound,0,1,[],"[""A01"", ""A02"", ""A03""]",,,A03,254.0,"[""A03"", ""A02"", ""A01""]",254.0,F048,A03,70,T2,0,635.0,2026-08-04 11:44,2026-08-07 12:54,shift,3,4390,4320,0
P1417,F016,A01,FACILITY,AIRPORT,inbound,0,0,[],"[""A01""]",,A01,A01,181.0,"[""A01"", ""A02"", ""A03""]",181.0,F016,A01,44,T1,0,452.5,2026-08-09 10:32,2026-08-09 23:59,shift,3,807,763,0
P1418,F030,F026,FACILITY,FACILITY,shuttle,0,0,[],[],,,A01,204.0,"[""A01"", ""A02"", ""A03""]",59.0,F030,F026,15,T1,1,147.5,2026-08-07 16:11,2026-08-09 23:59,shift,3,3348,3333,0
P1419,F020,F019,FACILITY,FACILITY,shuttle,0,0,[],[],,,A01,204.0,"[""A01"", ""A02"", ""A03""]",36.0,F020,F019,9,T1,1,90.0,2026-08-03 00:00,2026-08-05 10:58,shift,3,3538,3529,0
P1420,F006,A01,FACILITY,AIRPORT,inbound,0,0,[],"[""A01""]",,A01,A01,235.0,"[""A01"", ""A02"", ""A03""]",235.0,F006,A01,57,T1,0,587.5,2026-08-07 08:35,2026-08-08 09:50,shift,3,1515,1458,0
P1421,F037,LAND,FACILITY,LAND,inbound,0,1,[],"[""A01"", ""A02"", ""A03""]",,,A03,359.0,"[""A03"", ""A02"", ""A01""]",359.0,F037,A03,98,T2,0,897.5,2026-08-03 11:40,2026-08-04 13:42,shift,3,1562,1464,0
P1422,LAND,F025,LAND,FACILITY,outbound,1,0,"[""A01"", ""A02"", ""A03""]",[],,,A01,202.0,"[""A01"", ""A02"", ""A03""]",202.0,A01,F025,49,T1,1,505.0,2026-08-07 06:43,2026-08-08 08:14,shift,3,1531,1482,0
P1423,LAND,F034,LAND,FACILITY,outbound,1,0,"[""A01"", ""A02"", ""A03""]",[],,,A01,246.0,"[""A01"", ""A02"", ""A03""]",246.0,A01,F034,60,T1,1,615.0,2026-08-07 06:13,2026-08-09 23:59,shift,3,3946,3886,0
P1424,F028,LAND,FACILITY,LAND,inbound,0,1,[],"[""A01"", ""A02"", ""A03""]",,,A01,217.0,"[""A01"", ""A02"", ""A03""]",217.0,F028,A01,53,T1,0,542.5,2026-08-06 07:59,2026-08-09 09:16,shift,3,4397,4344,0
P1425,F009,LAND,FACILITY,LAND,inbound,0,1,[],"[""A01"", ""A02"", ""A03""]",,,A01,166.0,"[""A01"", ""A02"", ""A03""]",166.0,F009,A01,40,T1,0,415.0,2026-08-08 10:24,2026-08-09 23:59,shift,3,2255,2215,0
P1426,F005,LAND,FACILITY,LAND,inbound,0,1,[],"[""A01"", ""A02"", ""A03""]",,,A01,190.0,"[""A01"", ""A02"", ""A03""]",190.0,F005,A01,46,T1,0,475.0,2026-08-03 09:50,2026-08-04 10:42,shift,3,1492,1446,0
P1427,F037,LAND,FACILITY,LAND,inbound,0,1,[],"[""A01"", ""A02"", ""A03""]",,,A03,359.0,"[""A03"", ""A02"", ""A01""]",359.0,F037,A03,98,T2,0,897.5,2026-08-03 00:00,2026-08-05 13:42,shift,3,3702,3604,0
P1428,F025,A02,FACILITY,AIRPORT,inbound,0,0,[],"[""A02""]",,A02,A01,202.0,"[""A01"", ""A02"", ""A03""]",203.0,F025,A02,49,T1,0,507.5,2026-08-07 08:24,2026-08-09 09:20,shift,3,2936,2887,0
P1429,LAND,F012,LAND,FACILITY,outbound,1,0,"[""A01"", ""A02"", ""A03""]",[],,,A01,208.0,"[""A01"", ""A02"", ""A03""]",208.0,A01,F012,50,T1,1,520.0,2026-08-08 06:29,2026-08-08 09:09,production,2,160,110,0
P1430,F052,F048,FACILITY,FACILITY,shuttle,0,0,[],[],,,A03,254.0,"[""A03"", ""A02"", ""A01""]",23.0,F052,F048,6,T1,1,57.5,2026-08-07 10:34,2026-08-09 10:42,shift,3,2888,2882,0
P1431,LAND,F002,LAND,FACILITY,outbound,1,0,"[""A01"", ""A02"", ""A03""]",[],,,A01,217.0,"[""A01"", ""A02"", ""A03""]",217.0,A01,F002,53,T1,1,542.5,2026-08-08 07:25,2026-08-09 23:59,shift,3,2434,2381,0
P1432,F021,LAND,FACILITY,LAND,inbound,0,1,[],"[""A01"", ""A02"", ""A03""]",,,A01,218.0,"[""A01"", ""A02"", ""A03""]",218.0,F021,A01,53,T1,0,545.0,2026-08-03 00:00,2026-08-05 10:09,shift,3,3489,3436,0
P1433,F041,F045,FACILITY,FACILITY,shuttle,0,0,[],[],,,A03,260.0,"[""A03"", ""A02"", ""A01""]",20.0,F041,F045,5,T1,1,50.0,2026-08-04 10:20,2026-08-05 10:27,shift,3,1447,1442,0
P1434,F019,LAND,FACILITY,LAND,inbound,0,1,[],"[""A01"", ""A02"", ""A03""]",,,A01,204.0,"[""A01"", ""A02"", ""A03""]",204.0,F019,A01,49,T1,0,510.0,2026-08-09 07:48,2026-08-09 11:09,production,2,201,152,0
P1435,LAND,F042,LAND,FACILITY,outbound,1,0,"[""A01"", ""A02"", ""A03""]",[],,,A03,368.0,"[""A03"", ""A02"", ""A01""]",368.0,A03,F042,101,T2,1,920.0,2026-08-06 06:07,2026-08-08 08:10,shift,3,3003,2902,0
P1436,F039,F048,FACILITY,FACILITY,shuttle,0,0,[],[],,,A03,254.0,"[""A03"", ""A02"", ""A01""]",31.0,F039,F048,8,T1,1,77.5,2026-08-08 07:36,2026-08-09 23:59,shift,3,2423,2415,0
P1437,F049,F048,FACILITY,FACILITY,shuttle,0,0,[],[],,,A03,254.0,"[""A03"", ""A02"", ""A01""]",34.0,F049,F048,9,T1,1,85.0,2026-08-08 07:52,2026-08-09 23:59,shift,3,2407,2398,0
P1438,F022,F033,FACILITY,FACILITY,shuttle,0,0,[],[],,,A01,227.0,"[""A01"", ""A02"", ""A03""]",33.0,F022,F033,8,T1,1,82.5,2026-08-04 09:04,2026-08-04 11:24,production,2,140,132,0
P1439,F023,LAND,FACILITY,LAND,inbound,0,1,[],"[""A01"", ""A02"", ""A03""]",,,A02,267.0,"[""A02"", ""A01"", ""A03""]",267.0,F023,A02,73,T2,0,667.5,2026-08-04 07:02,2026-08-04 10:03,production,2,181,108,0
P1440,F038,A03,FACILITY,AIRPORT,inbound,0,0,[],"[""A03""]",,A03,A03,263.0,"[""A03"", ""A02"", ""A01""]",263.0,F038,A03,72,T2,0,657.5,2026-08-03 00:00,2026-08-04 09:31,shift,3,2011,1939,0
P1441,F043,LAND,FACILITY,LAND,inbound,0,1,[],"[""A01"", ""A02"", ""A03""]",,,A03,303.0,"[""A03"", ""A02"", ""A01""]",303.0,F043,A03,83,T2,0,757.5,2026-08-07 08:56,2026-08-09 10:19,shift,3,2963,2880,0
P1442,F038,LAND,FACILITY,LAND,inbound,0,1,[],"[""A01"", ""A02"", ""A03""]",,,A03,263.0,"[""A03"", ""A02"", ""A01""]",263.0,F038,A03,72,T2,0,657.5,2026-08-03 08:19,2026-08-05 09:31,shift,3,2952,2880,0
P1443,LAND,F031,LAND,FACILITY,outbound,1,0,"[""A01"", ""A02"", ""A03""]",[],,,A02,242.0,"[""A02"", ""A01"", ""A03""]",242.0,A02,F031,59,T1,1,605.0,2026-08-04 10:12,2026-08-07 11:18,shift,3,4386,4327,0
P1444,F012,LAND,FACILITY,LAND,inbound,0,1,[],"[""A01"", ""A02"", ""A03""]",,,A01,208.0,"[""A01"", ""A02"", ""A03""]",208.0,F012,A01,50,T1,0,520.0,2026-08-03 11:41,2026-08-05 12:47,shift,3,2946,2896,0
P1445,LAND,F028,LAND,FACILITY,outbound,1,0,"[""A01"", ""A02"", ""A03""]",[],,,A01,217.0,"[""A01"", ""A02"", ""A03""]",217.0,A01,F028,53,T1,1,542.5,2026-08-06 06:10,2026-08-08 07:49,shift,3,2979,2926,0
P1446,F048,LAND,FACILITY,LAND,inbound,0,1,[],"[""A01"", ""A02"", ""A03""]",,,A03,254.0,"[""A03"", ""A02"", ""A01""]",254.0,F048,A03,70,T2,0,635.0,2026-08-05 11:44,2026-08-06 12:54,shift,3,1510,1440,0
P1447,LAND,F024,LAND,FACILITY,outbound,1,0,"[""A01"", ""A02"", ""A03""]",[],,,A01,211.0,"[""A01"", ""A02"", ""A03""]",211.0,A01,F024,51,T1,1,527.5,2026-08-06 10:01,2026-08-08 11:01,shift,3,2940,2889,0
P1448,F018,LAND,FACILITY,LAND,inbound,0,1,[],"[""A01"", ""A02"", ""A03""]",,,A01,196.0,"[""A01"", ""A02"", ""A03""]",196.0,F018,A01,48,T1,0,490.0,2026-08-09 10:23,2026-08-09 23:59,shift,3,816,768,0
P1449,F042,F040,FACILITY,FACILITY,shuttle,0,0,[],[],,,A03,342.0,"[""A03"", ""A02"", ""A01""]",28.0,F042,F040,7,T1,1,70.0,2026-08-05 09:55,2026-08-07 10:04,shift,3,2889,2882,0
P1450,LAND,F043,LAND,FACILITY,outbound,1,0,"[""A01"", ""A02"", ""A03""]",[],,,A03,303.0,"[""A03"", ""A02"", ""A01""]",303.0,A03,F043,83,T2,1,757.5,2026-08-07 07:00,2026-08-09 08:46,shift,3,2986,2903,0
P1451,LAND,F023,LAND,FACILITY,outbound,1,0,"[""A01"", ""A02"", ""A03""]",[],,,A02,267.0,"[""A02"", ""A01"", ""A03""]",267.0,A02,F023,73,T2,1,667.5,2026-08-06 15:16,2026-08-09 16:41,shift,3,4405,4332,0
P1452,LAND,F050,LAND,FACILITY,outbound,1,0,"[""A01"", ""A02"", ""A03""]",[],,,A03,403.0,"[""A03"", ""A02"", ""A01""]",403.0,A03,F050,128,T3,1,1007.5,2026-08-09 09:33,2026-08-09 23:59,shift,3,866,738,0
P1453,LAND,F020,LAND,FACILITY,outbound,1,0,"[""A01"", ""A02"", ""A03""]",[],,,A01,171.0,"[""A01"", ""A02"", ""A03""]",171.0,A01,F020,42,T1,1,427.5,2026-08-03 00:00,2026-08-05 07:57,shift,3,3357,3315,0
P1454,F015,LAND,FACILITY,LAND,inbound,0,1,[],"[""A01"", ""A02"", ""A03""]",,,A01,191.0,"[""A01"", ""A02"", ""A03""]",191.0,F015,A01,46,T1,0,477.5,2026-08-09 10:20,2026-08-09 23:59,shift,3,819,773,0
P1455,F010,LAND,FACILITY,LAND,inbound,0,1,[],"[""A01"", ""A02"", ""A03""]",,,A01,216.0,"[""A01"", ""A02"", ""A03""]",216.0,F010,A01,52,T1,0,540.0,2026-08-03 09:41,2026-08-05 11:09,shift,3,2968,2916,0
P1456,F020,F019,FACILITY,FACILITY,shuttle,0,0,[],[],,,A01,204.0,"[""A01"", ""A02"", ""A03""]",36.0,F020,F019,9,T1,1,90.0,2026-08-03 00:00,2026-08-04 10:58,shift,3,2098,2089,0
P1457,F036,LAND,FACILITY,LAND,inbound,0,1,[],"[""A01"", ""A02"", ""A03""]",,,A02,215.0,"[""A02"", ""A01"", ""A03""]",215.0,F036,A02,52,T1,0,537.5,2026-08-09 16:40,2026-08-09 23:59,shift,3,439,387,0
P1458,LAND,F002,LAND,FACILITY,outbound,1,0,"[""A01"", ""A02"", ""A03""]",[],,,A01,217.0,"[""A01"", ""A02"", ""A03""]",217.0,A01,F002,53,T1,1,542.5,2026-08-08 07:25,2026-08-09 23:59,shift,3,2434,2381,0
P1459,F044,LAND,FACILITY,LAND,inbound,0,1,[],"[""A01"", ""A02"", ""A03""]",,,A03,317.0,"[""A03"", ""A02"", ""A01""]",317.0,F044,A03,87,T2,0,792.5,2026-08-03 09:32,2026-08-05 11:13,shift,3,2981,2894,0
P1460,F026,F033,FACILITY,FACILITY,shuttle,0,0,[],[],,,A01,227.0,"[""A01"", ""A02"", ""A03""]",35.0,F026,F033,9,T1,1,87.5,2026-08-05 07:45,2026-08-07 07:55,shift,3,2890,2881,0
P1461,LAND,F008,LAND,FACILITY,outbound,1,0,"[""A01"", ""A02"", ""A03""]",[],,,A01,221.0,"[""A01"", ""A02"", ""A03""]",221.0,A01,F008,54,T1,1,552.5,2026-08-03 07:10,2026-08-05 08:27,shift,3,2957,2903,0
P1462,A02,F033,AIRPORT,FACILITY,outbound,0,0,"[""A02""]",[],A02,,A01,227.0,"[""A01"", ""A02"", ""A03""]",239.0,A02,F033,58,T1,1,597.5,2026-08-05 07:32,2026-08-07 08:48,shift,3,2956,2898,0
P1463,LAND,F022,LAND,FACILITY,outbound,1,0,"[""A01"", ""A02"", ""A03""]",[],,,A01,194.0,"[""A01"", ""A02"", ""A03""]",194.0,A01,F022,47,T1,1,485.0,2026-08-06 07:51,2026-08-06 10:38,production,2,167,120,0
P1464,LAND,F047,LAND,FACILITY,outbound,1,0,"[""A01"", ""A02"", ""A03""]",[],,,A02,241.0,"[""A02"", ""A01"", ""A03""]",241.0,A02,F047,58,T1,1,602.5,2026-08-04 09:18,2026-08-06 11:01,shift,3,2983,2925,0
P1465,F002,LAND,FACILITY,LAND,inbound,0,1,[],"[""A01"", ""A02"", ""A03""]",,,A01,217.0,"[""A01"", ""A02"", ""A03""]",217.0,F002,A01,53,T1,0,542.5,2026-08-08 08:44,2026-08-09 23:59,shift,3,2355,2302,0
P1466,F034,LAND,FACILITY,LAND,inbound,0,1,[],"[""A01"", ""A02"", ""A03""]",,,A01,246.0,"[""A01"", ""A02"", ""A03""]",246.0,F034,A01,60,T1,0,615.0,2026-08-05 10:04,2026-08-06 11:25,shift,3,1521,1461,0
P1467,LAND,F031,LAND,FACILITY,outbound,1,0,"[""A01"", ""A02"", ""A03""]",[],,,A02,242.0,"[""A02"", ""A01"", ""A03""]",242.0,A02,F031,59,T1,1,605.0,2026-08-08 10:14,2026-08-09 11:20,shift,3,1506,1447,0
P1468,F042,LAND,FACILITY,LAND,inbound,0,1,[],"[""A01"", ""A02"", ""A03""]",,,A03,368.0,"[""A03"", ""A02"", ""A01""]",368.0,F042,A03,101,T2,0,920.0,2026-08-07 08:20,2026-08-09 10:23,shift,3,3003,2902,0
P1469,F004,LAND,FACILITY,LAND,inbound,0,1,[],"[""A01"", ""A02"", ""A03""]",,,A01,197.0,"[""A01"", ""A02"", ""A03""]",197.0,F004,A01,48,T1,0,492.5,2026-08-03 09:22,2026-08-05 10:16,shift,3,2934,2886,0
P1470,LAND,F018,LAND,FACILITY,outbound,1,0,"[""A01"", ""A02"", ""A03""]",[],,,A01,196.0,"[""A01"", ""A02"", ""A03""]",196.0,A01,F018,48,T1,1,490.0,2026-08-06 09:13,2026-08-08 10:12,shift,3,2939,2891,0
P1471,LAND,F050,LAND,FACILITY,outbound,1,0,"[""A01"", ""A02"", ""A03""]",[],,,A03,403.0,"[""A03"", ""A02"", ""A01""]",403.0,A03,F050,128,T3,1,1007.5,2026-08-04 07:11,2026-08-07 09:24,shift,3,4453,4325,0
P1472,F001,LAND,FACILITY,LAND,inbound,0,1,[],"[""A01"", ""A02"", ""A03""]",,,A01,219.0,"[""A01"", ""A02"", ""A03""]",219.0,F001,A01,53,T1,0,547.5,2026-08-08 08:03,2026-08-09 23:59,shift,3,2396,2343,0
P1473,F049,LAND,FACILITY,LAND,inbound,0,1,[],"[""A01"", ""A02"", ""A03""]",,,A02,239.0,"[""A02"", ""A03"", ""A01""]",239.0,F049,A02,58,T1,0,597.5,2026-08-04 08:33,2026-08-08 09:40,temporary,4,5827,5769,0
P1474,LAND,F039,LAND,FACILITY,outbound,1,0,"[""A01"", ""A02"", ""A03""]",[],,,A03,223.0,"[""A03"", ""A02"", ""A01""]",223.0,A03,F039,54,T1,1,557.5,2026-08-03 07:19,2026-08-04 08:30,shift,3,1511,1457,0
P1475,LAND,F033,LAND,FACILITY,outbound,1,0,"[""A01"", ""A02"", ""A03""]",[],,,A01,227.0,"[""A01"", ""A02"", ""A03""]",227.0,A01,F033,55,T1,1,567.5,2026-08-05 06:51,2026-08-05 09:39,production,2,168,113,0
P1476,LAND,F022,LAND,FACILITY,outbound,1,0,"[""A01"", ""A02"", ""A03""]",[],,,A01,194.0,"[""A01"", ""A02"", ""A03""]",194.0,A01,F022,47,T1,1,485.0,2026-08-04 07:37,2026-08-06 08:57,shift,3,2960,2913,0
P1477,LAND,F037,LAND,FACILITY,outbound,1,0,"[""A01"", ""A02"", ""A03""]",[],,,A03,359.0,"[""A03"", ""A02"", ""A01""]",359.0,A03,F037,98,T2,1,897.5,2026-08-03 00:00,2026-08-04 11:30,shift,3,2130,2032,0
P1478,F005,A01,FACILITY,AIRPORT,inbound,0,0,[],"[""A01""]",,A01,A01,190.0,"[""A01"", ""A02"", ""A03""]",190.0,F005,A01,46,T1,0,475.0,2026-08-03 09:50,2026-08-05 10:42,shift,3,2932,2886,0
P1479,LAND,F041,LAND,FACILITY,outbound,1,0,"[""A01"", ""A02"", ""A03""]",[],,,A03,278.0,"[""A03"", ""A02"", ""A01""]",278.0,A03,F041,76,T2,1,695.0,2026-08-04 08:33,2026-08-05 10:42,shift,3,1569,1493,0
P1480,F021,LAND,FACILITY,LAND,inbound,0,1,[],"[""A01"", ""A02"", ""A03""]",,,A01,218.0,"[""A01"", ""A02"", ""A03""]",218.0,F021,A01,53,T1,0,545.0,2026-08-09 09:41,2026-08-09 23:59,shift,3,858,805,0
P1481,LAND,F022,LAND,FACILITY,outbound,1,0,"[""A01"", ""A02"", ""A03""]",[],,,A01,194.0,"[""A01"", ""A02"", ""A03""]",194.0,A01,F022,47,T1,1,485.0,2026-08-05 08:25,2026-08-07 09:31,shift,3,2946,2899,0
P1482,A02,F023,AIRPORT,FACILITY,outbound,0,0,"[""A02""]",[],A02,,A02,267.0,"[""A02"", ""A01"", ""A03""]",267.0,A02,F023,73,T2,1,667.5,2026-08-04 06:00,2026-08-04 08:18,production,2,138,65,0
P1483,F035,LAND,FACILITY,LAND,inbound,0,1,[],"[""A01"", ""A02"", ""A03""]",,,A01,258.0,"[""A01"", ""A02"", ""A03""]",258.0,F035,A01,71,T2,0,645.0,2026-08-08 10:17,2026-08-09 23:59,shift,3,2262,2191,0
P1484,LAND,F037,LAND,FACILITY,outbound,1,0,"[""A01"", ""A02"", ""A03""]",[],,,A03,359.0,"[""A03"", ""A02"", ""A01""]",359.0,A03,F037,98,T2,1,897.5,2026-08-06 06:53,2026-08-07 08:55,shift,3,1562,1464,0
P1485,F039,LAND,FACILITY,LAND,inbound,0,1,[],"[""A01"", ""A02"", ""A03""]",,,A03,223.0,"[""A03"", ""A02"", ""A01""]",223.0,F039,A03,54,T1,0,557.5,2026-08-03 08:40,2026-08-04 09:51,shift,3,1511,1457,0
P1486,F025,LAND,FACILITY,LAND,inbound,0,1,[],"[""A01"", ""A02"", ""A03""]",,,A01,202.0,"[""A01"", ""A02"", ""A03""]",202.0,F025,A01,49,T1,0,505.0,2026-08-03 16:56,2026-08-05 17:52,shift,3,2936,2887,0
P1487,F013,F002,FACILITY,FACILITY,shuttle,0,0,[],[],,,A01,217.0,"[""A01"", ""A02"", ""A03""]",67.0,F013,F002,17,T1,1,167.5,2026-08-06 08:45,2026-08-07 09:07,shift,3,1462,1445,0
P1488,LAND,F039,LAND,FACILITY,outbound,1,0,"[""A01"", ""A02"", ""A03""]",[],,,A03,223.0,"[""A03"", ""A02"", ""A01""]",223.0,A03,F039,54,T1,1,557.5,2026-08-03 00:00,2026-08-05 08:30,shift,3,3390,3336,0
P1489,F031,LAND,FACILITY,LAND,inbound,0,1,[],"[""A01"", ""A02"", ""A03""]",,,A02,242.0,"[""A02"", ""A01"", ""A03""]",242.0,F031,A02,59,T1,0,605.0,2026-08-03 00:00,2026-08-06 12:44,temporary,4,5084,5025,0
P1490,F028,LAND,FACILITY,LAND,inbound,0,1,[],"[""A01"", ""A02"", ""A03""]",,,A01,217.0,"[""A01"", ""A02"", ""A03""]",217.0,F028,A01,53,T1,0,542.5,2026-08-04 07:45,2026-08-06 09:05,shift,3,2960,2907,0
P1491,F041,LAND,FACILITY,LAND,inbound,0,1,[],"[""A01"", ""A02"", ""A03""]",,,A03,278.0,"[""A03"", ""A02"", ""A01""]",278.0,F041,A03,76,T2,0,695.0,2026-08-06 12:10,2026-08-08 14:55,shift,3,3045,2969,0
P1492,F011,LAND,FACILITY,LAND,inbound,0,1,[],"[""A01"", ""A02"", ""A03""]",,,A01,201.0,"[""A01"", ""A02"", ""A03""]",201.0,F011,A01,49,T1,0,502.5,2026-08-03 10:58,2026-08-05 11:53,shift,3,2935,2886,0
P1493,LAND,F017,LAND,FACILITY,outbound,1,0,"[""A01"", ""A02"", ""A03""]",[],,,A01,153.0,"[""A01"", ""A02"", ""A03""]",153.0,A01,F017,37,T1,1,382.5,2026-08-06 09:39,2026-08-07 10:21,shift,3,1482,1445,0
P1494,F051,LAND,FACILITY,LAND,inbound,0,1,[],"[""A01"", ""A02"", ""A03""]",,,A03,279.0,"[""A03"", ""A02"", ""A01""]",279.0,F051,A03,77,T2,0,697.5,2026-08-04 10:57,2026-08-06 12:26,shift,3,2969,2892,0
P1495,F048,LAND,FACILITY,LAND,inbound,0,1,[],"[""A01"", ""A02"", ""A03""]",,,A03,254.0,"[""A03"", ""A02"", ""A01""]",254.0,F048,A03,70,T2,0,635.0,2026-08-07 10:31,2026-08-09 23:59,shift,3,3688,3618,0
P1496,F036,F049,FACILITY,FACILITY,shuttle,0,0,[],[],,,A02,239.0,"[""A02"", ""A03"", ""A01""]",57.0,F036,F049,14,T1,1,142.5,2026-08-08 11:56,2026-08-09 23:59,shift,3,2163,2149,0
P1497,LAND,F049,LAND,FACILITY,outbound,1,0,"[""A01"", ""A02"", ""A03""]",[],,,A02,239.0,"[""A02"", ""A03"", ""A01""]",239.0,A02,F049,58,T1,1,597.5,2026-08-05 06:41,2026-08-06 08:23,shift,3,1542,1484,0
P1498,F003,F007,FACILITY,FACILITY,shuttle,0,0,[],[],,,A01,233.0,"[""A01"", ""A02"", ""A03""]",48.0,F003,F007,12,T1,1,120.0,2026-08-08 09:19,2026-08-09 23:59,shift,3,2320,2308,0
P1499,F015,LAND,FACILITY,LAND,inbound,0,1,[],"[""A01"", ""A02"", ""A03""]",,,A01,191.0,"[""A01"", ""A02"", ""A03""]",191.0,F015,A01,46,T1,0,477.5,2026-08-08 10:20,2026-08-09 23:59,shift,3,2259,2213,0
P1500,LAND,F019,LAND,FACILITY,outbound,1,0,"[""A01"", ""A02"", ""A03""]",[],,,A01,204.0,"[""A01"", ""A02"", ""A03""]",204.0,A01,F019,49,T1,1,510.0,2026-08-05 15:14,2026-08-07 16:13,shift,3,2939,2890,0
P1501,F038,LAND,FACILITY,LAND,inbound,0,1,[],"[""A01"", ""A02"", ""A03""]",,,A03,263.0,"[""A03"", ""A02"", ""A01""]",263.0,F038,A03,72,T2,0,657.5,2026-08-03 00:00,2026-08-06 09:31,temporary,4,4891,4819,0
P1502,F037,F040,FACILITY,FACILITY,shuttle,0,0,[],[],,,A03,342.0,"[""A03"", ""A02"", ""A01""]",27.0,F037,F040,7,T1,1,67.5,2026-08-03 00:00,2026-08-04 12:23,shift,3,2183,2176,0
P1503,F042,LAND,FACILITY,LAND,inbound,0,1,[],"[""A01"", ""A02"", ""A03""]",,,A03,368.0,"[""A03"", ""A02"", ""A01""]",368.0,F042,A03,101,T2,0,920.0,2026-08-04 12:01,2026-08-05 14:50,shift,3,1609,1508,0
P1504,LAND,F018,LAND,FACILITY,outbound,1,0,"[""A01"", ""A02"", ""A03""]",[],,,A01,196.0,"[""A01"", ""A02"", ""A03""]",196.0,A01,F018,48,T1,1,490.0,2026-08-06 09:13,2026-08-07 10:12,shift,3,1499,1451,0
P1505,F039,F052,FACILITY,FACILITY,shuttle,0,0,[],[],,,A02,259.0,"[""A02"", ""A03"", ""A01""]",44.0,F039,F052,11,T1,1,110.0,2026-08-03 10:59,2026-08-05 11:42,shift,3,2923,2912,0
P1506,LAND,F015,LAND,FACILITY,outbound,1,0,"[""A01"", ""A02"", ""A03""]",[],,,A01,191.0,"[""A01"", ""A02"", ""A03""]",191.0,A01,F015,46,T1,1,477.5,2026-08-05 07:02,2026-08-08 08:19,shift,3,4397,4351,0
P1507,F020,F019,FACILITY,FACILITY,shuttle,0,0,[],[],,,A01,204.0,"[""A01"", ""A02"", ""A03""]",36.0,F020,F019,9,T1,1,90.0,2026-08-03 10:48,2026-08-04 10:58,shift,3,1450,1441,0
P1508,F045,LAND,FACILITY,LAND,inbound,0,1,[],"[""A01"", ""A02"", ""A03""]",,,A03,260.0,"[""A03"", ""A02"", ""A01""]",260.0,F045,A03,71,T2,0,650.0,2026-08-07 17:15,2026-08-08 18:38,shift,3,1523,1452,0
P1509,LAND,F002,LAND,FACILITY,outbound,1,0,"[""A01"", ""A02"", ""A03""]",[],,,A01,217.0,"[""A01"", ""A02"", ""A03""]",217.0,A01,F002,53,T1,1,542.5,2026-08-09 07:25,2026-08-09 23:59,shift,3,994,941,0
P1510,F015,F009,FACILITY,FACILITY,shuttle,0,0,[],[],,,A01,166.0,"[""A01"", ""A02"", ""A03""]",38.0,F015,F009,10,T1,1,95.0,2026-08-07 10:47,2026-08-09 10:58,shift,3,2891,2881,0
P1511,F045,LAND,FACILITY,LAND,inbound,0,1,[],"[""A01"", ""A02"", ""A03""]",,,A03,260.0,"[""A03"", ""A02"", ""A01""]",260.0,F045,A03,71,T2,0,650.0,2026-08-06 17:15,2026-08-09 18:38,shift,3,4403,4332,0
P1512,LAND,F031,LAND,FACILITY,outbound,1,0,"[""A01"", ""A02"", ""A03""]",[],,,A02,242.0,"[""A02"", ""A01"", ""A03""]",242.0,A02,F031,59,T1,1,605.0,2026-08-08 10:14,2026-08-09 11:20,shift,3,1506,1447,0
P1513,F002,F003,FACILITY,FACILITY,shuttle,0,0,[],[],,,A01,192.0,"[""A01"", ""A02"", ""A03""]",53.0,F002,F003,13,T1,1,132.5,2026-08-09 09:21,2026-08-09 23:59,shift,3,878,865,0
P1514,F044,F037,FACILITY,FACILITY,shuttle,0,0,[],[],,,A03,359.0,"[""A03"", ""A02"", ""A01""]",54.0,F044,F037,13,T1,1,135.0,2026-08-05 12:07,2026-08-08 12:20,shift,3,4333,4320,0
P1515,LAND,F024,LAND,FACILITY,outbound,1,0,"[""A01"", ""A02"", ""A03""]",[],,,A01,211.0,"[""A01"", ""A02"", ""A03""]",211.0,A01,F024,51,T1,1,527.5,2026-08-07 10:01,2026-08-08 11:01,shift,3,1500,1449,0
P1516,F019,LAND,FACILITY,LAND,inbound,0,1,[],"[""A01"", ""A02"", ""A03""]",,,A01,204.0,"[""A01"", ""A02"", ""A03""]",204.0,F019,A01,49,T1,0,510.0,2026-08-03 10:16,2026-08-05 11:45,shift,3,2969,2920,0
P1517,LAND,F036,LAND,FACILITY,outbound,1,0,"[""A01"", ""A02"", ""A03""]",[],,,A02,215.0,"[""A02"", ""A01"", ""A03""]",215.0,A02,F036,52,T1,1,537.5,2026-08-08 15:17,2026-08-09 23:59,shift,3,1962,1910,0
P1518,LAND,F010,LAND,FACILITY,outbound,1,0,"[""A01"", ""A02"", ""A03""]",[],,,A01,216.0,"[""A01"", ""A02"", ""A03""]",216.0,A01,F010,52,T1,1,540.0,2026-08-07 09:58,2026-08-09 10:57,shift,3,2939,2887,0
P1519,F004,LAND,FACILITY,LAND,inbound,0,1,[],"[""A01"", ""A02"", ""A03""]",,,A01,197.0,"[""A01"", ""A02"", ""A03""]",197.0,F004,A01,48,T1,0,492.5,2026-08-03 00:00,2026-08-04 10:16,shift,3,2056,2008,0
P1520,A03,F049,AIRPORT,FACILITY,outbound,0,0,"[""A03""]",[],A03,,A02,239.0,"[""A02"", ""A03"", ""A01""]",243.0,A03,F049,59,T1,1,607.5,2026-08-07 09:40,2026-08-09 23:59,shift,3,3739,3680,0
P1521,LAND,F017,LAND,FACILITY,outbound,1,0,"[""A01"", ""A02"", ""A03""]",[],,,A01,153.0,"[""A01"", ""A02"", ""A03""]",153.0,A01,F017,37,T1,1,382.5,2026-08-05 09:39,2026-08-07 10:21,shift,3,2922,2885,0
P1522,F039,LAND,FACILITY,LAND,inbound,0,1,[],"[""A01"", ""A02"", ""A03""]",,,A03,223.0,"[""A03"", ""A02"", ""A01""]",223.0,F039,A03,54,T1,0,557.5,2026-08-03 00:00,2026-08-05 09:51,shift,3,3471,3417,0
P1523,LAND,F007,LAND,FACILITY,outbound,1,0,"[""A01"", ""A02"", ""A03""]",[],,,A01,233.0,"[""A01"", ""A02"", ""A03""]",233.0,A01,F007,56,T1,1,582.5,2026-08-03 06:51,2026-08-04 08:05,shift,3,1514,1458,0
P1524,F009,LAND,FACILITY,LAND,inbound,0,1,[],"[""A01"", ""A02"", ""A03""]",,,A01,166.0,"[""A01"", ""A02"", ""A03""]",166.0,F009,A01,40,T1,0,415.0,2026-08-08 10:24,2026-08-09 11:10,shift,3,1486,1446,0
P1525,F051,F038,FACILITY,FACILITY,shuttle,0,0,[],[],,,A03,263.0,"[""A03"", ""A02"", ""A01""]",17.0,F051,F038,5,T1,1,42.5,2026-08-08 09:23,2026-08-09 23:59,shift,3,2316,2311,0
P1526,F007,F002,FACILITY,FACILITY,shuttle,0,0,[],[],,,A01,217.0,"[""A01"", ""A02"", ""A03""]",30.0,F007,F002,8,T1,1,75.0,2026-08-05 09:22,2026-08-05 11:47,production,2,145,137,0
P1527,F038,F039,FACILITY,FACILITY,shuttle,0,0,[],[],,,A03,223.0,"[""A03"", ""A02"", ""A01""]",42.0,F038,F039,11,T1,1,105.0,2026-08-09 10:20,2026-08-09 23:59,shift,3,819,808,0
P1528,LAND,F027,LAND,FACILITY,outbound,1,0,"[""A01"", ""A02"", ""A03""]",[],,,A01,191.0,"[""A01"", ""A02"", ""A03""]",191.0,A01,F027,46,T1,1,477.5,2026-08-07 15:07,2026-08-09 16:10,shift,3,2943,2897,0
P1529,LAND,F011,LAND,FACILITY,outbound,1,0,"[""A01"", ""A02"", ""A03""]",[],,,A01,201.0,"[""A01"", ""A02"", ""A03""]",201.0,A01,F011,49,T1,1,502.5,2026-08-07 06:36,2026-08-09 07:31,shift,3,2935,2886,0
P1530,F016,F005,FACILITY,FACILITY,shuttle,0,0,[],[],,,A01,190.0,"[""A01"", ""A02"", ""A03""]",25.0,F016,F005,6,T1,1,62.5,2026-08-06 11:22,2026-08-09 11:29,shift,3,4327,4321,0
P1531,F008,F003,FACILITY,FACILITY,shuttle,0,0,[],[],,,A01,192.0,"[""A01"", ""A02"", ""A03""]",38.0,F008,F003,10,T1,1,95.0,2026-08-04 10:59,2026-08-06 11:10,shift,3,2891,2881,0
P1532,F019,LAND,FACILITY,LAND,inbound,0,1,[],"[""A01"", ""A02"", ""A03""]",,,A01,204.0,"[""A01"", ""A02"", ""A03""]",204.0,F019,A01,49,T1,0,510.0,2026-08-05 16:23,2026-08-08 17:52,shift,3,4409,4360,0
P1533,F047,LAND,FACILITY,LAND,inbound,0,1,[],"[""A01"", ""A02"", ""A03""]",,,A02,241.0,"[""A02"", ""A01"", ""A03""]",241.0,F047,A02,58,T1,0,602.5,2026-08-04 11:11,2026-08-06 12:54,shift,3,2983,2925,0
P1534,LAND,F031,LAND,FACILITY,outbound,1,0,"[""A01"", ""A02"", ""A03""]",[],,,A02,242.0,"[""A02"", ""A01"", ""A03""]",242.0,A02,F031,59,T1,1,605.0,2026-08-05 10:12,2026-08-07 11:18,shift,3,2946,2887,0
P1535,F027,LAND,FACILITY,LAND,inbound,0,1,[],"[""A01"", ""A02"", ""A03""]",,,A01,191.0,"[""A01"", ""A02"", ""A03""]",191.0,F027,A01,46,T1,0,477.5,2026-08-04 09:06,2026-08-06 10:09,shift,3,2943,2897,0
P1536,F004,LAND,FACILITY,LAND,inbound,0,1,[],"[""A01"", ""A02"", ""A03""]",,,A01,197.0,"[""A01"", ""A02"", ""A03""]",197.0,F004,A01,48,T1,0,492.5,2026-08-03 00:00,2026-08-05 10:16,shift,3,3496,3448,0
P1537,LAND,F016,LAND,FACILITY,outbound,1,0,"[""A01"", ""A02"", ""A03""]",[],,,A01,181.0,"[""A01"", ""A02"", ""A03""]",181.0,A01,F016,44,T1,1,452.5,2026-08-05 15:06,2026-08-07 15:50,shift,3,2924,2880,0
P1538,F022,LAND,FACILITY,LAND,inbound,0,1,[],"[""A01"", ""A02"", ""A03""]",,,A01,194.0,"[""A01"", ""A02"", ""A03""]",194.0,F022,A01,47,T1,0,485.0,2026-08-09 10:15,2026-08-09 23:59,shift,3,824,777,0
P1539,F012,F015,FACILITY,FACILITY,shuttle,0,0,[],[],,,A01,191.0,"[""A01"", ""A02"", ""A03""]",33.0,F012,F015,8,T1,1,82.5,2026-08-06 10:21,2026-08-08 10:30,shift,3,2889,2881,0
P1540,F037,F044,FACILITY,FACILITY,shuttle,0,0,[],[],,,A03,317.0,"[""A03"", ""A02"", ""A01""]",54.0,F037,F044,13,T1,1,135.0,2026-08-08 09:04,2026-08-09 23:59,shift,3,2335,2322,0
P1541,LAND,F033,LAND,FACILITY,outbound,1,0,"[""A01"", ""A02"", ""A03""]",[],,,A01,227.0,"[""A01"", ""A02"", ""A03""]",227.0,A01,F033,55,T1,1,567.5,2026-08-04 07:32,2026-08-07 08:48,shift,3,4396,4341,0
P1542,F041,LAND,FACILITY,LAND,inbound,0,1,[],"[""A01"", ""A02"", ""A03""]",,,A03,278.0,"[""A03"", ""A02"", ""A01""]",278.0,F041,A03,76,T2,0,695.0,2026-08-07 12:10,2026-08-09 14:55,shift,3,3045,2969,0
P1543,F030,LAND,FACILITY,LAND,inbound,0,1,[],"[""A01"", ""A02"", ""A03""]",,,A01,158.0,"[""A01"", ""A02"", ""A03""]",158.0,F030,A01,38,T1,0,395.0,2026-08-05 10:40,2026-08-07 11:30,shift,3,2930,2892,0
P1544,LAND,F022,LAND,FACILITY,outbound,1,0,"[""A01"", ""A02"", ""A03""]",[],,,A01,194.0,"[""A01"", ""A02"", ""A03""]",194.0,A01,F022,47,T1,1,485.0,2026-08-08 08:59,2026-08-09 23:59,shift,3,2340,2293,0
P1545,F006,A01,FACILITY,AIRPORT,inbound,0,0,[],"[""A01""]",,A01,A01,235.0,"[""A01"", ""A02"", ""A03""]",235.0,F006,A01,57,T1,0,587.5,2026-08-07 08:35,2026-08-09 09:50,shift,3,2955,2898,0
P1546,F008,LAND,FACILITY,LAND,inbound,0,1,[],"[""A01"", ""A02"", ""A03""]",,,A01,221.0,"[""A01"", ""A02"", ""A03""]",221.0,F008,A01,54,T1,0,552.5,2026-08-08 09:32,2026-08-09 10:49,shift,3,1517,1463,0
P1547,F031,LAND,FACILITY,LAND,inbound,0,1,[],"[""A01"", ""A02"", ""A03""]",,,A02,242.0,"[""A02"", ""A01"", ""A03""]",242.0,F031,A02,59,T1,0,605.0,2026-08-04 11:38,2026-08-07 12:44,shift,3,4386,4327,0
P1548,F031,F021,FACILITY,FACILITY,shuttle,0,0,[],[],,,A01,218.0,"[""A01"", ""A02"", ""A03""]",44.0,F031,F021,11,T1,1,110.0,2026-08-07 11:14,2026-08-09 23:59,temporary,4,3645,3634,0
P1549,LAND,F010,LAND,FACILITY,outbound,1,0,"[""A01"", ""A02"", ""A03""]",[],,,A01,216.0,"[""A01"", ""A02"", ""A03""]",216.0,A01,F010,52,T1,1,540.0,2026-08-08 09:58,2026-08-09 23:59,shift,3,2281,2229,0
P1550,F001,F016,FACILITY,FACILITY,shuttle,0,0,[],[],,,A01,181.0,"[""A01"", ""A02"", ""A03""]",41.0,F001,F016,10,T1,1,102.5,2026-08-03 10:53,2026-08-03 12:50,production,2,117,107,0
P1551,F035,LAND,FACILITY,LAND,inbound,0,1,[],"[""A01"", ""A02"", ""A03""]",,,A01,258.0,"[""A01"", ""A02"", ""A03""]",258.0,F035,A01,71,T2,0,645.0,2026-08-06 09:43,2026-08-08 11:10,shift,3,2967,2896,0
P1552,LAND,F046,LAND,FACILITY,outbound,1,0,"[""A01"", ""A02"", ""A03""]",[],,,A02,227.0,"[""A02"", ""A03"", ""A01""]",227.0,A02,F046,55,T1,1,567.5,2026-08-04 08:48,2026-08-06 10:31,shift,3,2983,2928,0
P1553,LAND,F004,LAND,FACILITY,outbound,1,0,"[""A01"", ""A02"", ""A03""]",[],,,A01,197.0,"[""A01"", ""A02"", ""A03""]",197.0,A01,F004,48,T1,1,492.5,2026-08-03 00:00,2026-08-04 09:12,shift,3,1992,1944,0
P1554,F005,F017,FACILITY,FACILITY,shuttle,0,0,[],[],,,A01,153.0,"[""A01"", ""A02"", ""A03""]",40.0,F005,F017,10,T1,1,100.0,2026-08-05 08:24,2026-08-07 09:00,shift,3,2916,2906,0
P1555,F035,LAND,FACILITY,LAND,inbound,0,1,[],"[""A01"", ""A02"", ""A03""]",,,A01,258.0,"[""A01"", ""A02"", ""A03""]",258.0,F035,A01,71,T2,0,645.0,2026-08-09 10:17,2026-08-09 23:59,shift,3,822,751,0
P1556,LAND,F041,LAND,FACILITY,outbound,1,0,"[""A01"", ""A02"", ""A03""]",[],,,A03,278.0,"[""A03"", ""A02"", ""A01""]",278.0,A03,F041,76,T2,1,695.0,2026-08-06 09:51,2026-08-09 12:00,shift,3,4449,4373,0
P1557,F034,LAND,FACILITY,LAND,inbound,0,1,[],"[""A01"", ""A02"", ""A03""]",,,A01,246.0,"[""A01"", ""A02"", ""A03""]",246.0,F034,A01,60,T1,0,615.0,2026-08-05 09:59,2026-08-05 11:49,emergency,1,110,50,0
P1558,F006,LAND,FACILITY,LAND,inbound,0,1,[],"[""A01"", ""A02"", ""A03""]",,,A01,235.0,"[""A01"", ""A02"", ""A03""]",235.0,F006,A01,57,T1,0,587.5,2026-08-07 08:35,2026-08-09 09:50,shift,3,2955,2898,0
P1559,LAND,F039,LAND,FACILITY,outbound,1,0,"[""A01"", ""A02"", ""A03""]",[],,,A03,223.0,"[""A03"", ""A02"", ""A01""]",223.0,A03,F039,54,T1,1,557.5,2026-08-05 09:16,2026-08-07 10:27,shift,3,2951,2897,0
P1560,F034,LAND,FACILITY,LAND,inbound,0,1,[],"[""A01"", ""A02"", ""A03""]",,,A01,246.0,"[""A01"", ""A02"", ""A03""]",246.0,F034,A01,60,T1,0,615.0,2026-08-07 08:05,2026-08-09 23:59,shift,3,3834,3774,0
P1561,F002,LAND,FACILITY,LAND,inbound,0,1,[],"[""A01"", ""A02"", ""A03""]",,,A01,217.0,"[""A01"", ""A02"", ""A03""]",217.0,F002,A01,53,T1,0,542.5,2026-08-03 00:00,2026-08-05 10:04,shift,3,3484,3431,0
P1562,LAND,F038,LAND,FACILITY,outbound,1,0,"[""A01"", ""A02"", ""A03""]",[],,,A03,263.0,"[""A03"", ""A02"", ""A01""]",263.0,A03,F038,72,T2,1,657.5,2026-08-05 08:07,2026-08-08 09:31,shift,3,4404,4332,0
P1563,F013,LAND,FACILITY,LAND,inbound,0,1,[],"[""A01"", ""A02"", ""A03""]",,,A01,279.0,"[""A01"", ""A02"", ""A03""]",279.0,F013,A01,77,T2,0,697.5,2026-08-05 07:33,2026-08-05 10:43,production,2,190,113,0
P1564,LAND,F021,LAND,FACILITY,outbound,1,0,"[""A01"", ""A02"", ""A03""]",[],,,A01,218.0,"[""A01"", ""A02"", ""A03""]",218.0,A01,F021,53,T1,1,545.0,2026-08-09 08:21,2026-08-09 23:59,shift,3,938,885,0
P1565,F050,LAND,FACILITY,LAND,inbound,0,1,[],"[""A01"", ""A02"", ""A03""]",,,A03,403.0,"[""A03"", ""A02"", ""A01""]",403.0,F050,A03,128,T3,0,1007.5,2026-08-05 09:44,2026-08-06 11:57,shift,3,1573,1445,0
P1566,LAND,F018,LAND,FACILITY,outbound,1,0,"[""A01"", ""A02"", ""A03""]",[],,,A01,196.0,"[""A01"", ""A02"", ""A03""]",196.0,A01,F018,48,T1,1,490.0,2026-08-05 09:13,2026-08-08 10:12,shift,3,4379,4331,0
P1567,LAND,F040,LAND,FACILITY,outbound,1,0,"[""A01"", ""A02"", ""A03""]",[],,,A03,342.0,"[""A03"", ""A02"", ""A01""]",342.0,A03,F040,94,T2,1,855.0,2026-08-03 00:00,2026-08-04 07:53,shift,3,1913,1819,0
P1568,F002,F004,FACILITY,FACILITY,shuttle,0,0,[],[],,,A01,197.0,"[""A01"", ""A02"", ""A03""]",33.0,F002,F004,8,T1,1,82.5,2026-08-04 08:15,2026-08-06 08:56,shift,3,2921,2913,0
P1569,LAND,F048,LAND,FACILITY,outbound,1,0,"[""A01"", ""A02"", ""A03""]",[],,,A03,254.0,"[""A03"", ""A02"", ""A01""]",254.0,A03,F048,70,T2,1,635.0,2026-08-07 08:31,2026-08-09 23:59,shift,3,3808,3738,0
P1570,LAND,F049,LAND,FACILITY,outbound,1,0,"[""A01"", ""A02"", ""A03""]",[],,,A02,239.0,"[""A02"", ""A03"", ""A01""]",239.0,A02,F049,58,T1,1,597.5,2026-08-05 06:41,2026-08-07 08:23,shift,3,2982,2924,0
P1571,A01,F011,AIRPORT,FACILITY,outbound,0,0,"[""A01""]",[],A01,,A01,201.0,"[""A01"", ""A02"", ""A03""]",201.0,A01,F011,49,T1,1,502.5,2026-08-04 09:43,2026-08-05 10:38,shift,3,1495,1446,0
P1572,F042,F040,FACILITY,FACILITY,shuttle,0,0,[],[],,,A03,342.0,"[""A03"", ""A02"", ""A01""]",28.0,F042,F040,7,T1,1,70.0,2026-08-05 08:57,2026-08-05 11:21,production,2,144,137,0
P1573,F049,LAND,FACILITY,LAND,inbound,0,1,[],"[""A01"", ""A02"", ""A03""]",,,A02,239.0,"[""A02"", ""A03"", ""A01""]",239.0,F049,A02,58,T1,0,597.5,2026-08-05 11:45,2026-08-09 23:59,temporary,4,6494,6436,0
P1574,LAND,F027,LAND,FACILITY,outbound,1,0,"[""A01"", ""A02"", ""A03""]",[],,,A01,191.0,"[""A01"", ""A02"", ""A03""]",191.0,A01,F027,46,T1,1,477.5,2026-08-03 07:53,2026-08-06 08:56,shift,3,4383,4337,0
P1575,LAND,F035,LAND,FACILITY,outbound,1,0,"[""A01"", ""A02"", ""A03""]",[],,,A01,258.0,"[""A01"", ""A02"", ""A03""]",258.0,A01,F035,71,T2,1,645.0,2026-08-09 08:40,2026-08-09 23:59,shift,3,919,848,0
P1576,LAND,F036,LAND,FACILITY,outbound,1,0,"[""A01"", ""A02"", ""A03""]",[],,,A02,215.0,"[""A02"", ""A01"", ""A03""]",215.0,A02,F036,52,T1,1,537.5,2026-08-03 00:00,2026-08-05 16:39,shift,3,3879,3827,0
P1577,LAND,F022,LAND,FACILITY,outbound,1,0,"[""A01"", ""A02"", ""A03""]",[],,,A01,194.0,"[""A01"", ""A02"", ""A03""]",194.0,A01,F022,47,T1,1,485.0,2026-08-03 07:37,2026-08-05 08:57,shift,3,2960,2913,0
P1578,F028,F018,FACILITY,FACILITY,shuttle,0,0,[],[],,,A01,196.0,"[""A01"", ""A02"", ""A03""]",65.0,F028,F018,16,T1,1,162.5,2026-08-06 10:44,2026-08-08 11:02,shift,3,2898,2882,0
P1579,LAND,F016,LAND,FACILITY,outbound,1,0,"[""A01"", ""A02"", ""A03""]",[],,,A01,181.0,"[""A01"", ""A02"", ""A03""]",181.0,A01,F016,44,T1,1,452.5,2026-08-09 09:32,2026-08-09 23:59,shift,3,867,823,0
P1580,LAND,F021,LAND,FACILITY,outbound,1,0,"[""A01"", ""A02"", ""A03""]",[],,,A01,218.0,"[""A01"", ""A02"", ""A03""]",218.0,A01,F021,53,T1,1,545.0,2026-08-09 08:21,2026-08-09 23:59,shift,3,938,885,0
P1581,F022,F033,FACILITY,FACILITY,shuttle,0,0,[],[],,,A01,227.0,"[""A01"", ""A02"", ""A03""]",33.0,F022,F033,8,T1,1,82.5,2026-08-04 09:47,2026-08-06 09:55,shift,3,2888,2880,0
P1582,LAND,F016,LAND,FACILITY,outbound,1,0,"[""A01"", ""A02"", ""A03""]",[],,,A01,181.0,"[""A01"", ""A02"", ""A03""]",181.0,A01,F016,44,T1,1,452.5,2026-08-06 14:34,2026-08-06 17:05,production,2,151,107,0
P1583,F015,LAND,FACILITY,LAND,inbound,0,1,[],"[""A01"", ""A02"", ""A03""]",,,A01,191.0,"[""A01"", ""A02"", ""A03""]",191.0,F015,A01,46,T1,0,477.5,2026-08-05 08:29,2026-08-08 09:15,shift,3,4366,4320,0
P1584,F039,F048,FACILITY,FACILITY,shuttle,0,0,[],[],,,A03,254.0,"[""A03"", ""A02"", ""A01""]",31.0,F039,F048,8,T1,1,77.5,2026-08-09 07:36,2026-08-09 23:59,shift,3,983,975,0
P1585,F051,F038,FACILITY,FACILITY,shuttle,0,0,[],[],,,A03,263.0,"[""A03"", ""A02"", ""A01""]",17.0,F051,F038,5,T1,1,42.5,2026-08-08 09:23,2026-08-09 09:28,shift,3,1445,1440,0
P1586,F029,F021,FACILITY,FACILITY,shuttle,0,0,[],[],,,A01,218.0,"[""A01"", ""A02"", ""A03""]",17.0,F029,F021,5,T1,1,42.5,2026-08-08 09:49,2026-08-09 09:54,shift,3,1445,1440,0
P1587,F050,F043,FACILITY,FACILITY,shuttle,0,0,[],[],,,A03,303.0,"[""A03"", ""A02"", ""A01""]",115.0,F050,F043,28,T1,1,287.5,2026-08-08 09:16,2026-08-08 11:25,production,2,129,101,0
P1588,F019,F033,FACILITY,FACILITY,shuttle,0,0,[],[],,,A01,227.0,"[""A01"", ""A02"", ""A03""]",24.0,F019,F033,6,T1,1,60.0,2026-08-03 09:47,2026-08-04 09:54,shift,3,1447,1441,0
P1589,F032,LAND,FACILITY,LAND,inbound,0,1,[],"[""A01"", ""A02"", ""A03""]",,,A02,279.0,"[""A02"", ""A01"", ""A03""]",279.0,F032,A02,77,T2,0,697.5,2026-08-08 08:45,2026-08-09 23:59,shift,3,2354,2277,0
P1590,F049,F048,FACILITY,FACILITY,shuttle,0,0,[],[],,,A03,254.0,"[""A03"", ""A02"", ""A01""]",34.0,F049,F048,9,T1,1,85.0,2026-08-07 07:52,2026-08-09 23:59,shift,3,3847,3838,0
P1591,F029,LAND,FACILITY,LAND,inbound,0,1,[],"[""A01"", ""A02"", ""A03""]",,,A01,211.0,"[""A01"", ""A02"", ""A03""]",211.0,F029,A01,51,T1,0,527.5,2026-08-07 10:34,2026-08-09 11:26,shift,3,2932,2881,0
P1592,F006,F007,FACILITY,FACILITY,shuttle,0,0,[],[],,,A01,233.0,"[""A01"", ""A02"", ""A03""]",14.0,F006,F007,4,T1,1,35.0,2026-08-04 09:19,2026-08-06 09:23,shift,3,2884,2880,0
P1593,F005,A01,FACILITY,AIRPORT,inbound,0,0,[],"[""A01""]",,A01,A01,190.0,"[""A01"", ""A02"", ""A03""]",190.0,F005,A01,46,T1,0,475.0,2026-08-03 09:50,2026-08-05 10:42,shift,3,2932,2886,0
P1594,F048,A03,FACILITY,AIRPORT,inbound,0,0,[],"[""A03""]",,A03,A03,254.0,"[""A03"", ""A02"", ""A01""]",254.0,F048,A03,70,T2,0,635.0,2026-08-08 09:35,2026-08-08 12:41,production,2,186,116,0
P1595,F033,LAND,FACILITY,LAND,inbound,0,1,[],"[""A01"", ""A02"", ""A03""]",,,A01,227.0,"[""A01"", ""A02"", ""A03""]",227.0,F033,A01,55,T1,0,567.5,2026-08-08 09:07,2026-08-09 23:59,shift,3,2332,2277,0
P1596,F028,LAND,FACILITY,LAND,inbound,0,1,[],"[""A01"", ""A02"", ""A03""]",,,A01,217.0,"[""A01"", ""A02"", ""A03""]",217.0,F028,A01,53,T1,0,542.5,2026-08-06 07:59,2026-08-09 09:16,shift,3,4397,4344,0
P1597,F026,LAND,FACILITY,LAND,inbound,0,1,[],"[""A01"", ""A02"", ""A03""]",,,A01,204.0,"[""A01"", ""A02"", ""A03""]",204.0,F026,A01,49,T1,0,510.0,2026-08-06 08:53,2026-08-08 09:54,shift,3,2941,2892,0
P1598,LAND,F040,LAND,FACILITY,outbound,1,0,"[""A01"", ""A02"", ""A03""]",[],,,A03,342.0,"[""A03"", ""A02"", ""A01""]",342.0,A03,F040,94,T2,1,855.0,2026-08-03 06:05,2026-08-05 07:53,shift,3,2988,2894,0
P1599,F009,F003,FACILITY,FACILITY,shuttle,0,0,[],[],,,A01,192.0,"[""A01"", ""A02"", ""A03""]",48.0,F009,F003,12,T1,1,120.0,2026-08-04 10:54,2026-08-06 11:38,shift,3,2924,2912,0
P1600,F001,A01,FACILITY,AIRPORT,inbound,0,0,[],"[""A01""]",,A01,A01,219.0,"[""A01"", ""A02"", ""A03""]",219.0,F001,A01,53,T1,0,547.5,2026-08-06 11:18,2026-08-08 12:42,shift,3,2964,2911,0
P1601,LAND,F001,LAND,FACILITY,outbound,1,0,"[""A01"", ""A02"", ""A03""]",[],,,A01,219.0,"[""A01"", ""A02"", ""A03""]",219.0,A01,F001,53,T1,1,547.5,2026-08-05 10:08,2026-08-07 11:08,shift,3,2940,2887,0
P1602,F010,LAND,FACILITY,LAND,inbound,0,1,[],"[""A01"", ""A02"", ""A03""]",,,A01,216.0,"[""A01"", ""A02"", ""A03""]",216.0,F010,A01,52,T1,0,540.0,2026-08-08 11:07,2026-08-09 12:35,shift,3,1528,1476,0
P1603,F016,LAND,FACILITY,LAND,inbound,0,1,[],"[""A01"", ""A02"", ""A03""]",,,A01,181.0,"[""A01"", ""A02"", ""A03""]",181.0,F016,A01,44,T1,0,452.5,2026-08-09 09:45,2026-08-09 12:30,production,2,165,121,0
P1604,LAND,F048,LAND,FACILITY,outbound,1,0,"[""A01"", ""A02"", ""A03""]",[],,,A03,254.0,"[""A03"", ""A02"", ""A01""]",254.0,A03,F048,70,T2,1,635.0,2026-08-05 09:57,2026-08-07 11:34,shift,3,2977,2907,0
P1605,LAND,F011,LAND,FACILITY,outbound,1,0,"[""A01"", ""A02"", ""A03""]",[],,,A01,201.0,"[""A01"", ""A02"", ""A03""]",201.0,A01,F011,49,T1,1,502.5,2026-08-04 09:43,2026-08-05 10:38,shift,3,1495,1446,0
P1606,F048,F039,FACILITY,FACILITY,shuttle,0,0,[],[],,,A03,223.0,"[""A03"", ""A02"", ""A01""]",31.0,F048,F039,8,T1,1,77.5,2026-08-04 10:52,2026-08-08 11:02,temporary,4,5770,5762,0
P1607,LAND,F018,LAND,FACILITY,outbound,1,0,"[""A01"", ""A02"", ""A03""]",[],,,A01,196.0,"[""A01"", ""A02"", ""A03""]",196.0,A01,F018,48,T1,1,490.0,2026-08-03 07:01,2026-08-03 10:03,production,2,182,134,0
P1608,LAND,F021,LAND,FACILITY,outbound,1,0,"[""A01"", ""A02"", ""A03""]",[],,,A01,218.0,"[""A01"", ""A02"", ""A03""]",218.0,A01,F021,53,T1,1,545.0,2026-08-05 07:44,2026-08-08 08:54,shift,3,4390,4337,0
P1609,LAND,F001,LAND,FACILITY,outbound,1,0,"[""A01"", ""A02"", ""A03""]",[],,,A01,219.0,"[""A01"", ""A02"", ""A03""]",219.0,A01,F001,53,T1,1,547.5,2026-08-06 09:09,2026-08-06 12:28,production,2,199,146,0
P1610,LAND,F009,LAND,FACILITY,outbound,1,0,"[""A01"", ""A02"", ""A03""]",[],,,A01,166.0,"[""A01"", ""A02"", ""A03""]",166.0,A01,F009,40,T1,1,415.0,2026-08-03 07:53,2026-08-06 08:33,shift,3,4360,4320,0
P1611,A01,F006,AIRPORT,FACILITY,outbound,0,0,"[""A01""]",[],A01,,A01,235.0,"[""A01"", ""A02"", ""A03""]",235.0,A01,F006,57,T1,1,587.5,2026-08-06 07:00,2026-08-09 08:15,shift,3,4395,4338,0
P1612,LAND,F038,LAND,FACILITY,outbound,1,0,"[""A01"", ""A02"", ""A03""]",[],,,A03,263.0,"[""A03"", ""A02"", ""A01""]",263.0,A03,F038,72,T2,1,657.5,2026-08-03 00:00,2026-08-04 07:59,shift,3,1919,1847,0
P1613,LAND,F047,LAND,FACILITY,outbound,1,0,"[""A01"", ""A02"", ""A03""]",[],,,A02,241.0,"[""A02"", ""A01"", ""A03""]",241.0,A02,F047,58,T1,1,602.5,2026-08-08 09:57,2026-08-09 23:59,shift,3,2282,2224,0
P1614,F047,LAND,FACILITY,LAND,inbound,0,1,[],"[""A01"", ""A02"", ""A03""]",,,A02,241.0,"[""A02"", ""A01"", ""A03""]",241.0,F047,A02,58,T1,0,602.5,2026-08-05 10:34,2026-08-05 13:47,production,2,193,135,0
P1615,LAND,F043,LAND,FACILITY,outbound,1,0,"[""A01"", ""A02"", ""A03""]",[],,,A03,303.0,"[""A03"", ""A02"", ""A01""]",303.0,A03,F043,83,T2,1,757.5,2026-08-04 10:17,2026-08-06 12:03,shift,3,2986,2903,0
P1616,LAND,F047,LAND,FACILITY,outbound,1,0,"[""A01"", ""A02"", ""A03""]",[],,,A02,241.0,"[""A02"", ""A01"", ""A03""]",241.0,A02,F047,58,T1,1,602.5,2026-08-05 09:18,2026-08-06 11:01,shift,3,1543,1485,0
P1617,F036,LAND,FACILITY,LAND,inbound,0,1,[],"[""A01"", ""A02"", ""A03""]",,,A02,215.0,"[""A02"", ""A01"", ""A03""]",215.0,F036,A02,52,T1,0,537.5,2026-08-03 16:49,2026-08-05 18:22,shift,3,2973,2921,0
P1618,F001,F005,FACILITY,FACILITY,shuttle,0,0,[],[],,,A01,190.0,"[""A01"", ""A02"", ""A03""]",50.0,F001,F005,12,T1,1,125.0,2026-08-08 10:14,2026-08-09 23:59,shift,3,2265,2253,0
P1619,F036,LAND,FACILITY,LAND,inbound,0,1,[],"[""A01"", ""A02"", ""A03""]",,,A02,215.0,"[""A02"", ""A01"", ""A03""]",215.0,F036,A02,52,T1,0,537.5,2026-08-03 00:00,2026-08-04 18:22,shift,3,2542,2490,0
P1620,F003,LAND,FACILITY,LAND,inbound,0,1,[],"[""A01"", ""A02"", ""A03""]",,,A01,192.0,"[""A01"", ""A02"", ""A03""]",192.0,F003,A01,47,T1,0,480.0,2026-08-06 08:09,2026-08-09 09:30,shift,3,4401,4354,0
P1621,F022,LAND,FACILITY,LAND,inbound,0,1,[],"[""A01"", ""A02"", ""A03""]",,,A01,194.0,"[""A01"", ""A02"", ""A03""]",194.0,F022,A01,47,T1,0,485.0,2026-08-05 09:41,2026-08-08 10:47,shift,3,4386,4339,0
P1622,F010,A01,FACILITY,AIRPORT,inbound,0,0,[],"[""A01""]",,A01,A01,216.0,"[""A01"", ""A02"", ""A03""]",216.0,F010,A01,52,T1,0,540.0,2026-08-07 11:07,2026-08-09 12:35,shift,3,2968,2916,0
P1623,F013,LAND,FACILITY,LAND,inbound,0,1,[],"[""A01"", ""A02"", ""A03""]",,,A01,279.0,"[""A01"", ""A02"", ""A03""]",279.0,F013,A01,77,T2,0,697.5,2026-08-07 09:53,2026-08-09 11:22,shift,3,2969,2892,0
P1624,F014,LAND,FACILITY,LAND,inbound,0,1,[],"[""A01"", ""A02"", ""A03""]",,,A01,164.0,"[""A01"", ""A02"", ""A03""]",164.0,F014,A01,40,T1,0,410.0,2026-08-08 09:49,2026-08-09 23:59,shift,3,2290,2250,0
P1625,LAND,F006,LAND,FACILITY,outbound,1,0,"[""A01"", ""A02"", ""A03""]",[],,,A01,235.0,"[""A01"", ""A02"", ""A03""]",235.0,A01,F006,57,T1,1,587.5,2026-08-03 09:32,2026-08-04 10:37,shift,3,1505,1448,0
P1626,F051,A03,FACILITY,AIRPORT,inbound,0,0,[],"[""A03""]",,A03,A03,279.0,"[""A03"", ""A02"", ""A01""]",279.0,F051,A03,77,T2,0,697.5,2026-08-05 10:57,2026-08-06 12:26,shift,3,1529,1452,0
P1627,LAND,F022,LAND,FACILITY,outbound,1,0,"[""A01"", ""A02"", ""A03""]",[],,,A01,194.0,"[""A01"", ""A02"", ""A03""]",194.0,A01,F022,47,T1,1,485.0,2026-08-05 08:25,2026-08-08 09:31,shift,3,4386,4339,0
P1628,F022,F033,FACILITY,FACILITY,shuttle,0,0,[],[],,,A01,227.0,"[""A01"", ""A02"", ""A03""]",33.0,F022,F033,8,T1,1,82.5,2026-08-04 09:47,2026-08-05 09:55,shift,3,1448,1440,0
P1629,F038,F045,FACILITY,FACILITY,shuttle,0,0,[],[],,,A03,260.0,"[""A03"", ""A02"", ""A01""]",31.0,F038,F045,8,T1,1,77.5,2026-08-03 16:49,2026-08-05 16:59,shift,3,2890,2882,0
P1630,F037,F040,FACILITY,FACILITY,shuttle,0,0,[],[],,,A03,342.0,"[""A03"", ""A02"", ""A01""]",27.0,F037,F040,7,T1,1,67.5,2026-08-03 00:00,2026-08-04 12:23,shift,3,2183,2176,0
P1631,F001,F005,FACILITY,FACILITY,shuttle,0,0,[],[],,,A01,190.0,"[""A01"", ""A02"", ""A03""]",50.0,F001,F005,12,T1,1,125.0,2026-08-07 10:14,2026-08-09 23:59,shift,3,3705,3693,0
P1632,F051,LAND,FACILITY,LAND,inbound,0,1,[],"[""A01"", ""A02"", ""A03""]",,,A03,279.0,"[""A03"", ""A02"", ""A01""]",279.0,F051,A03,77,T2,0,697.5,2026-08-04 10:57,2026-08-06 12:26,shift,3,2969,2892,0
P1633,F002,F003,FACILITY,FACILITY,shuttle,0,0,[],[],,,A01,192.0,"[""A01"", ""A02"", ""A03""]",53.0,F002,F003,13,T1,1,132.5,2026-08-09 09:21,2026-08-09 23:59,shift,3,878,865,0
P1634,F003,LAND,FACILITY,LAND,inbound,0,1,[],"[""A01"", ""A02"", ""A03""]",,,A01,192.0,"[""A01"", ""A02"", ""A03""]",192.0,F003,A01,47,T1,0,480.0,2026-08-03 08:36,2026-08-04 09:57,shift,3,1521,1474,0
P1635,F029,LAND,FACILITY,LAND,inbound,0,1,[],"[""A01"", ""A02"", ""A03""]",,,A01,211.0,"[""A01"", ""A02"", ""A03""]",211.0,F029,A01,51,T1,0,527.5,2026-08-05 10:38,2026-08-06 11:37,shift,3,1499,1448,0
P1636,F036,LAND,FACILITY,LAND,inbound,0,1,[],"[""A01"", ""A02"", ""A03""]",,,A02,215.0,"[""A02"", ""A01"", ""A03""]",215.0,F036,A02,52,T1,0,537.5,2026-08-05 11:57,2026-08-08 13:00,shift,3,4383,4331,0
P1637,F036,LAND,FACILITY,LAND,inbound,0,1,[],"[""A01"", ""A02"", ""A03""]",,,A02,215.0,"[""A02"", ""A01"", ""A03""]",215.0,F036,A02,52,T1,0,537.5,2026-08-09 16:40,2026-08-09 23:59,shift,3,439,387,0
P1638,F042,A03,FACILITY,AIRPORT,inbound,0,0,[],"[""A03""]",,A03,A03,368.0,"[""A03"", ""A02"", ""A01""]",368.0,F042,A03,101,T2,0,920.0,2026-08-07 08:20,2026-08-09 10:23,shift,3,3003,2902,0
P1639,F011,LAND,FACILITY,LAND,inbound,0,1,[],"[""A01"", ""A02"", ""A03""]",,,A01,201.0,"[""A01"", ""A02"", ""A03""]",201.0,F011,A01,49,T1,0,502.5,2026-08-08 07:51,2026-08-09 23:59,shift,3,2408,2359,0
P1640,A03,F045,AIRPORT,FACILITY,outbound,0,0,"[""A03""]",[],A03,,A03,260.0,"[""A03"", ""A02"", ""A01""]",260.0,A03,F045,71,T2,1,650.0,2026-08-04 08:54,2026-08-05 10:48,shift,3,1554,1483,0
P1641,F043,F051,FACILITY,FACILITY,shuttle,0,0,[],[],,,A03,279.0,"[""A03"", ""A02"", ""A01""]",35.0,F043,F051,9,T1,1,87.5,2026-08-04 10:17,2026-08-07 10:29,shift,3,4332,4323,0
P1642,F020,LAND,FACILITY,LAND,inbound,0,1,[],"[""A01"", ""A02"", ""A03""]",,,A01,171.0,"[""A01"", ""A02"", ""A03""]",171.0,F020,A01,42,T1,0,427.5,2026-08-09 08:49,2026-08-09 23:59,shift,3,910,868,0
P1643,F048,F039,FACILITY,FACILITY,shuttle,0,0,[],[],,,A03,223.0,"[""A03"", ""A02"", ""A01""]",31.0,F048,F039,8,T1,1,77.5,2026-08-06 10:52,2026-08-09 11:02,shift,3,4330,4322,0
P1644,F009,A01,FACILITY,AIRPORT,inbound,0,0,[],"[""A01""]",,A01,A01,166.0,"[""A01"", ""A02"", ""A03""]",166.0,F009,A01,40,T1,0,415.0,2026-08-04 08:43,2026-08-06 10:01,shift,3,2958,2918,0
P1645,LAND,F019,LAND,FACILITY,outbound,1,0,"[""A01"", ""A02"", ""A03""]",[],,,A01,204.0,"[""A01"", ""A02"", ""A03""]",204.0,A01,F019,49,T1,1,510.0,2026-08-03 00:00,2026-08-05 10:06,shift,3,3486,3437,0
P1646,F037,LAND,FACILITY,LAND,inbound,0,1,[],"[""A01"", ""A02"", ""A03""]",,,A03,359.0,"[""A03"", ""A02"", ""A01""]",359.0,F037,A03,98,T2,0,897.5,2026-08-03 11:40,2026-08-05 13:42,shift,3,3002,2904,0
P1647,F038,F045,FACILITY,FACILITY,shuttle,0,0,[],[],,,A03,260.0,"[""A03"", ""A02"", ""A01""]",31.0,F038,F045,8,T1,1,77.5,2026-08-03 16:49,2026-08-05 16:59,shift,3,2890,2882,0
P1648,F017,A01,FACILITY,AIRPORT,inbound,0,0,[],"[""A01""]",,A01,A01,153.0,"[""A01"", ""A02"", ""A03""]",153.0,F017,A01,37,T1,0,382.5,2026-08-08 11:03,2026-08-09 23:59,shift,3,2216,2179,0
P1649,F052,A03,FACILITY,AIRPORT,inbound,0,0,[],"[""A03""]",,A03,A02,259.0,"[""A02"", ""A03"", ""A01""]",261.0,F052,A03,72,T2,0,652.5,2026-08-06 10:24,2026-08-06 14:06,production,2,222,150,0
P1650,A03,F036,AIRPORT,FACILITY,outbound,0,0,"[""A03""]",[],A03,,A02,215.0,"[""A02"", ""A01"", ""A03""]",231.0,A03,F036,56,T1,1,577.5,2026-08-06 10:09,2026-08-08 11:47,shift,3,2978,2922,0
P1651,F023,F032,FACILITY,FACILITY,shuttle,0,0,[],[],,,A02,279.0,"[""A02"", ""A01"", ""A03""]",14.0,F023,F032,4,T1,1,35.0,2026-08-03 00:00,2026-08-05 11:51,temporary,4,3591,3587,0
P1652,F007,F002,FACILITY,FACILITY,shuttle,0,0,[],[],,,A01,217.0,"[""A01"", ""A02"", ""A03""]",30.0,F007,F002,8,T1,1,75.0,2026-08-04 10:22,2026-08-06 10:31,shift,3,2889,2881,0
P1653,LAND,F008,LAND,FACILITY,outbound,1,0,"[""A01"", ""A02"", ""A03""]",[],,,A01,221.0,"[""A01"", ""A02"", ""A03""]",221.0,A01,F008,54,T1,1,552.5,2026-08-08 08:05,2026-08-09 09:22,shift,3,1517,1463,0
P1654,LAND,F024,LAND,FACILITY,outbound,1,0,"[""A01"", ""A02"", ""A03""]",[],,,A01,211.0,"[""A01"", ""A02"", ""A03""]",211.0,A01,F024,51,T1,1,527.5,2026-08-07 09:04,2026-08-07 11:47,production,2,163,112,0
P1655,LAND,F012,LAND,FACILITY,outbound,1,0,"[""A01"", ""A02"", ""A03""]",[],,,A01,208.0,"[""A01"", ""A02"", ""A03""]",208.0,A01,F012,50,T1,1,520.0,2026-08-08 07:14,2026-08-09 08:20,shift,3,1506,1456,0
P1656,F020,LAND,FACILITY,LAND,inbound,0,1,[],"[""A01"", ""A02"", ""A03""]",,,A01,171.0,"[""A01"", ""A02"", ""A03""]",171.0,F020,A01,42,T1,0,427.5,2026-08-03 00:00,2026-08-05 09:06,shift,3,3426,3384,0
P1657,F021,LAND,FACILITY,LAND,inbound,0,1,[],"[""A01"", ""A02"", ""A03""]",,,A01,218.0,"[""A01"", ""A02"", ""A03""]",218.0,F021,A01,53,T1,0,545.0,2026-08-05 09:04,2026-08-07 10:14,shift,3,2950,2897,0
P1658,F045,LAND,FACILITY,LAND,inbound,0,1,[],"[""A01"", ""A02"", ""A03""]",,,A03,260.0,"[""A03"", ""A02"", ""A01""]",260.0,F045,A03,71,T2,0,650.0,2026-08-06 17:15,2026-08-09 18:38,shift,3,4403,4332,0
P1659,F049,F048,FACILITY,FACILITY,shuttle,0,0,[],[],,,A03,254.0,"[""A03"", ""A02"", ""A01""]",34.0,F049,F048,9,T1,1,85.0,2026-08-07 07:52,2026-08-09 08:02,shift,3,2890,2881,0
P1660,F050,A03,FACILITY,AIRPORT,inbound,0,0,[],"[""A03""]",,A03,A03,403.0,"[""A03"", ""A02"", ""A01""]",403.0,F050,A03,128,T3,0,1007.5,2026-08-09 12:50,2026-08-09 23:59,shift,3,669,541,0
P1661,LAND,F019,LAND,FACILITY,outbound,1,0,"[""A01"", ""A02"", ""A03""]",[],,,A01,204.0,"[""A01"", ""A02"", ""A03""]",204.0,A01,F019,49,T1,1,510.0,2026-08-09 07:11,2026-08-09 23:59,shift,3,1008,959,0
P1662,F011,A01,FACILITY,AIRPORT,inbound,0,0,[],"[""A01""]",,A01,A01,201.0,"[""A01"", ""A02"", ""A03""]",201.0,F011,A01,49,T1,0,502.5,2026-08-08 07:51,2026-08-09 08:46,shift,3,1495,1446,0
P1663,F027,LAND,FACILITY,LAND,inbound,0,1,[],"[""A01"", ""A02"", ""A03""]",,,A01,191.0,"[""A01"", ""A02"", ""A03""]",191.0,F027,A01,46,T1,0,477.5,2026-08-07 16:20,2026-08-08 17:23,shift,3,1503,1457,0
P1664,LAND,F019,LAND,FACILITY,outbound,1,0,"[""A01"", ""A02"", ""A03""]",[],,,A01,204.0,"[""A01"", ""A02"", ""A03""]",204.0,A01,F019,49,T1,1,510.0,2026-08-03 08:20,2026-08-03 10:55,production,2,155,106,0
P1665,F029,A02,FACILITY,AIRPORT,inbound,0,0,[],"[""A02""]",,A02,A01,211.0,"[""A01"", ""A02"", ""A03""]",216.0,F029,A02,52,T1,0,540.0,2026-08-08 09:40,2026-08-08 12:46,production,2,186,134,0
P1666,F031,F021,FACILITY,FACILITY,shuttle,0,0,[],[],,,A01,218.0,"[""A01"", ""A02"", ""A03""]",44.0,F031,F021,11,T1,1,110.0,2026-08-08 11:14,2026-08-09 23:59,shift,3,2205,2194,0
P1667,LAND,F011,LAND,FACILITY,outbound,1,0,"[""A01"", ""A02"", ""A03""]",[],,,A01,201.0,"[""A01"", ""A02"", ""A03""]",201.0,A01,F011,49,T1,1,502.5,2026-08-07 06:36,2026-08-09 23:59,shift,3,3923,3874,0
P1668,LAND,F027,LAND,FACILITY,outbound,1,0,"[""A01"", ""A02"", ""A03""]",[],,,A01,191.0,"[""A01"", ""A02"", ""A03""]",191.0,A01,F027,46,T1,1,477.5,2026-08-03 07:53,2026-08-06 08:56,shift,3,4383,4337,0
P1669,F002,F004,FACILITY,FACILITY,shuttle,0,0,[],[],,,A01,197.0,"[""A01"", ""A02"", ""A03""]",33.0,F002,F004,8,T1,1,82.5,2026-08-04 08:15,2026-08-06 08:56,shift,3,2921,2913,0
P1670,F020,F019,FACILITY,FACILITY,shuttle,0,0,[],[],,,A01,204.0,"[""A01"", ""A02"", ""A03""]",36.0,F020,F019,9,T1,1,90.0,2026-08-03 09:48,2026-08-03 11:56,production,2,128,119,0
P1671,LAND,F020,LAND,FACILITY,outbound,1,0,"[""A01"", ""A02"", ""A03""]",[],,,A01,171.0,"[""A01"", ""A02"", ""A03""]",171.0,A01,F020,42,T1,1,427.5,2026-08-03 00:00,2026-08-05 07:57,shift,3,3357,3315,0
P1672,F028,LAND,FACILITY,LAND,inbound,0,1,[],"[""A01"", ""A02"", ""A03""]",,,A01,217.0,"[""A01"", ""A02"", ""A03""]",217.0,F028,A01,53,T1,0,542.5,2026-08-05 07:45,2026-08-06 09:05,shift,3,1520,1467,0
P1673,F048,F039,FACILITY,FACILITY,shuttle,0,0,[],[],,,A03,223.0,"[""A03"", ""A02"", ""A01""]",31.0,F048,F039,8,T1,1,77.5,2026-08-06 10:52,2026-08-08 11:02,shift,3,2890,2882,0
P1674,F021,LAND,FACILITY,LAND,inbound,0,1,[],"[""A01"", ""A02"", ""A03""]",,,A01,218.0,"[""A01"", ""A02"", ""A03""]",218.0,F021,A01,53,T1,0,545.0,2026-08-05 09:04,2026-08-07 10:14,shift,3,2950,2897,0
P1675,F028,A02,FACILITY,AIRPORT,inbound,0,0,[],"[""A02""]",,A02,A01,217.0,"[""A01"", ""A02"", ""A03""]",243.0,F028,A02,59,T1,0,607.5,2026-08-04 07:45,2026-08-06 09:05,temporary,4,2960,2901,0
P1676,F006,LAND,FACILITY,LAND,inbound,0,1,[],"[""A01"", ""A02"", ""A03""]",,,A01,235.0,"[""A01"", ""A02"", ""A03""]",235.0,F006,A01,57,T1,0,587.5,2026-08-07 08:35,2026-08-08 09:50,shift,3,1515,1458,0
P1677,A02,F019,AIRPORT,FACILITY,outbound,0,0,"[""A02""]",[],A02,,A01,204.0,"[""A01"", ""A02"", ""A03""]",216.0,A02,F019,52,T1,1,540.0,2026-08-06 15:14,2026-08-08 16:13,shift,3,2939,2887,0
P1678,F028,LAND,FACILITY,LAND,inbound,0,1,[],"[""A01"", ""A02"", ""A03""]",,,A01,217.0,"[""A01"", ""A02"", ""A03""]",217.0,F028,A01,53,T1,0,542.5,2026-08-05 07:45,2026-08-07 09:05,shift,3,2960,2907,0
P1679,F029,LAND,FACILITY,LAND,inbound,0,1,[],"[""A01"", ""A02"", ""A03""]",,,A01,211.0,"[""A01"", ""A02"", ""A03""]",211.0,F029,A01,51,T1,0,527.5,2026-08-08 09:35,2026-08-08 12:47,production,2,192,141,0
P1680,LAND,F016,LAND,FACILITY,outbound,1,0,"[""A01"", ""A02"", ""A03""]",[],,,A01,181.0,"[""A01"", ""A02"", ""A03""]",181.0,A01,F016,44,T1,1,452.5,2026-08-09 09:32,2026-08-09 23:59,shift,3,867,823,0
P1681,LAND,F032,LAND,FACILITY,outbound,1,0,"[""A01"", ""A02"", ""A03""]",[],,,A02,279.0,"[""A02"", ""A01"", ""A03""]",279.0,A02,F032,77,T2,1,697.5,2026-08-07 06:58,2026-08-09 08:35,shift,3,2977,2900,0
P1682,LAND,F025,LAND,FACILITY,outbound,1,0,"[""A01"", ""A02"", ""A03""]",[],,,A01,202.0,"[""A01"", ""A02"", ""A03""]",202.0,A01,F025,49,T1,1,505.0,2026-08-04 14:29,2026-08-04 17:33,production,2,184,135,0
P1683,LAND,F042,LAND,FACILITY,outbound,1,0,"[""A01"", ""A02"", ""A03""]",[],,,A03,368.0,"[""A03"", ""A02"", ""A01""]",368.0,A03,F042,101,T2,1,920.0,2026-08-04 09:02,2026-08-06 11:51,shift,3,3049,2948,0
P1684,LAND,F051,LAND,FACILITY,outbound,1,0,"[""A01"", ""A02"", ""A03""]",[],,,A03,279.0,"[""A03"", ""A02"", ""A01""]",279.0,A03,F051,77,T2,1,697.5,2026-08-09 07:26,2026-08-09 23:59,shift,3,993,916,0
P1685,LAND,F002,LAND,FACILITY,outbound,1,0,"[""A01"", ""A02"", ""A03""]",[],,,A01,217.0,"[""A01"", ""A02"", ""A03""]",217.0,A01,F002,53,T1,1,542.5,2026-08-05 07:29,2026-08-08 08:38,shift,3,4389,4336,0
P1686,LAND,F034,LAND,FACILITY,outbound,1,0,"[""A01"", ""A02"", ""A03""]",[],,,A01,246.0,"[""A01"", ""A02"", ""A03""]",246.0,A01,F034,60,T1,1,615.0,2026-08-04 08:12,2026-08-07 09:54,temporary,4,4422,4362,0
P1687,F024,LAND,FACILITY,LAND,inbound,0,1,[],"[""A01"", ""A02"", ""A03""]",,,A01,211.0,"[""A01"", ""A02"", ""A03""]",211.0,F024,A01,51,T1,0,527.5,2026-08-07 11:21,2026-08-08 12:21,shift,3,1500,1449,0
P1688,LAND,F011,LAND,FACILITY,outbound,1,0,"[""A01"", ""A02"", ""A03""]",[],,,A01,201.0,"[""A01"", ""A02"", ""A03""]",201.0,A01,F011,49,T1,1,502.5,2026-08-03 09:43,2026-08-06 10:38,shift,3,4375,4326,0
P1689,F005,LAND,FACILITY,LAND,inbound,0,1,[],"[""A01"", ""A02"", ""A03""]",,,A01,190.0,"[""A01"", ""A02"", ""A03""]",190.0,F005,A01,46,T1,0,475.0,2026-08-03 00:00,2026-08-04 10:42,shift,3,2082,2036,0
P1690,LAND,F021,LAND,FACILITY,outbound,1,0,"[""A01"", ""A02"", ""A03""]",[],,,A01,218.0,"[""A01"", ""A02"", ""A03""]",218.0,A01,F021,53,T1,1,545.0,2026-08-05 07:44,2026-08-08 08:54,shift,3,4390,4337,0
P1691,F032,F025,FACILITY,FACILITY,shuttle,0,0,[],[],,,A01,202.0,"[""A01"", ""A02"", ""A03""]",79.0,F032,F025,19,T1,1,197.5,2026-08-08 08:20,2026-08-09 23:59,shift,3,2379,2360,0
P1692,F031,LAND,FACILITY,LAND,inbound,0,1,[],"[""A01"", ""A02"", ""A03""]",,,A02,242.0,"[""A02"", ""A01"", ""A03""]",242.0,F031,A02,59,T1,0,605.0,2026-08-05 11:38,2026-08-07 12:44,shift,3,2946,2887,0
P1693,F008,LAND,FACILITY,LAND,inbound,0,1,[],"[""A01"", ""A02"", ""A03""]",,,A01,221.0,"[""A01"", ""A02"", ""A03""]",221.0,F008,A01,54,T1,0,552.5,2026-08-07 09:32,2026-08-09 23:59,shift,3,3747,3693,0
P1694,LAND,F008,LAND,FACILITY,outbound,1,0,"[""A01"", ""A02"", ""A03""]",[],,,A01,221.0,"[""A01"", ""A02"", ""A03""]",221.0,A01,F008,54,T1,1,552.5,2026-08-08 08:05,2026-08-09 09:22,shift,3,1517,1463,0
P1695,F004,F007,FACILITY,FACILITY,shuttle,0,0,[],[],,,A01,233.0,"[""A01"", ""A02"", ""A03""]",36.0,F004,F007,9,T1,1,90.0,2026-08-03 08:10,2026-08-06 08:22,shift,3,4332,4323,0
P1696,F028,LAND,FACILITY,LAND,inbound,0,1,[],"[""A01"", ""A02"", ""A03""]",,,A01,217.0,"[""A01"", ""A02"", ""A03""]",217.0,F028,A01,53,T1,0,542.5,2026-08-06 07:59,2026-08-09 09:16,shift,3,4397,4344,0
P1697,LAND,F016,LAND,FACILITY,outbound,1,0,"[""A01"", ""A02"", ""A03""]",[],,,A01,181.0,"[""A01"", ""A02"", ""A03""]",181.0,A01,F016,44,T1,1,452.5,2026-08-06 15:06,2026-08-08 15:50,shift,3,2924,2880,0
P1698,F023,F032,FACILITY,FACILITY,shuttle,0,0,[],[],,,A02,279.0,"[""A02"", ""A01"", ""A03""]",14.0,F023,F032,4,T1,1,35.0,2026-08-03 11:47,2026-08-05 11:51,shift,3,2884,2880,0
P1699,LAND,F020,LAND,FACILITY,outbound,1,0,"[""A01"", ""A02"", ""A03""]",[],,,A01,171.0,"[""A01"", ""A02"", ""A03""]",171.0,A01,F020,42,T1,1,427.5,2026-08-09 07:48,2026-08-09 23:59,shift,3,971,929,0
P1700,F038,LAND,FACILITY,LAND,inbound,0,1,[],"[""A01"", ""A02"", ""A03""]",,,A03,263.0,"[""A03"", ""A02"", ""A01""]",263.0,F038,A03,72,T2,0,657.5,2026-08-03 00:00,2026-08-04 09:31,shift,3,2011,1939,0
P1701,LAND,F035,LAND,FACILITY,outbound,1,0,"[""A01"", ""A02"", ""A03""]",[],,,A01,258.0,"[""A01"", ""A02"", ""A03""]",258.0,A01,F035,71,T2,1,645.0,2026-08-09 08:40,2026-08-09 23:59,shift,3,919,848,0
P1702,F011,LAND,FACILITY,LAND,inbound,0,1,[],"[""A01"", ""A02"", ""A03""]",,,A01,201.0,"[""A01"", ""A02"", ""A03""]",201.0,F011,A01,49,T1,0,502.5,2026-08-03 10:58,2026-08-06 11:53,shift,3,4375,4326,0
P1703,A01,F007,AIRPORT,FACILITY,outbound,0,0,"[""A01""]",[],A01,,A01,233.0,"[""A01"", ""A02"", ""A03""]",233.0,A01,F007,56,T1,1,582.5,2026-08-07 07:30,2026-08-09 08:51,shift,3,2961,2905,0
P1704,F038,F045,FACILITY,FACILITY,shuttle,0,0,[],[],,,A03,260.0,"[""A03"", ""A02"", ""A01""]",31.0,F038,F045,8,T1,1,77.5,2026-08-03 00:00,2026-08-05 16:59,shift,3,3899,3891,0
P1705,LAND,F040,LAND,FACILITY,outbound,1,0,"[""A01"", ""A02"", ""A03""]",[],,,A03,342.0,"[""A03"", ""A02"", ""A01""]",342.0,A03,F040,94,T2,1,855.0,2026-08-03 06:05,2026-08-04 07:53,shift,3,1548,1454,0
P1706,F034,LAND,FACILITY,LAND,inbound,0,1,[],"[""A01"", ""A02"", ""A03""]",,,A01,246.0,"[""A01"", ""A02"", ""A03""]",246.0,F034,A01,60,T1,0,615.0,2026-08-08 08:05,2026-08-09 09:26,shift,3,1521,1461,0
P1707,F045,LAND,FACILITY,LAND,inbound,0,1,[],"[""A01"", ""A02"", ""A03""]",,,A03,260.0,"[""A03"", ""A02"", ""A01""]",260.0,F045,A03,71,T2,0,650.0,2026-08-03 10:58,2026-08-06 12:21,shift,3,4403,4332,0
P1708,LAND,F023,LAND,FACILITY,outbound,1,0,"[""A01"", ""A02"", ""A03""]",[],,,A02,267.0,"[""A02"", ""A01"", ""A03""]",267.0,A02,F023,73,T2,1,667.5,2026-08-07 14:46,2026-08-07 17:53,production,2,187,114,0
P1709,F042,LAND,FACILITY,LAND,inbound,0,1,[],"[""A01"", ""A02"", ""A03""]",,,A03,368.0,"[""A03"", ""A02"", ""A01""]",368.0,F042,A03,101,T2,0,920.0,2026-08-07 08:20,2026-08-09 10:23,shift,3,3003,2902,0
P1710,LAND,F005,LAND,FACILITY,outbound,1,0,"[""A01"", ""A02"", ""A03""]",[],,,A01,190.0,"[""A01"", ""A02"", ""A03""]",190.0,A01,F005,46,T1,1,475.0,2026-08-03 00:00,2026-08-05 09:40,shift,3,3460,3414,0
P1711,F006,F007,FACILITY,FACILITY,shuttle,0,0,[],[],,,A01,233.0,"[""A01"", ""A02"", ""A03""]",14.0,F006,F007,4,T1,1,35.0,2026-08-04 09:19,2026-08-06 09:23,shift,3,2884,2880,0
P1712,F010,F007,FACILITY,FACILITY,shuttle,0,0,[],[],,,A01,233.0,"[""A01"", ""A02"", ""A03""]",37.0,F010,F007,9,T1,1,92.5,2026-08-05 07:53,2026-08-07 08:27,shift,3,2914,2905,0
P1713,LAND,F020,LAND,FACILITY,outbound,1,0,"[""A01"", ""A02"", ""A03""]",[],,,A01,171.0,"[""A01"", ""A02"", ""A03""]",171.0,A01,F020,42,T1,1,427.5,2026-08-06 07:48,2026-08-09 23:59,temporary,4,5291,5249,0
P1714,LAND,F035,LAND,FACILITY,outbound,1,0,"[""A01"", ""A02"", ""A03""]",[],,,A01,258.0,"[""A01"", ""A02"", ""A03""]",258.0,A01,F035,71,T2,1,645.0,2026-08-05 08:06,2026-08-07 09:33,shift,3,2967,2896,0
P1715,A03,F040,AIRPORT,FACILITY,outbound,0,0,"[""A03""]",[],A03,,A03,342.0,"[""A03"", ""A02"", ""A01""]",342.0,A03,F040,94,T2,1,855.0,2026-08-06 09:13,2026-08-09 11:55,shift,3,4482,4388,0
P1716,F027,LAND,FACILITY,LAND,inbound,0,1,[],"[""A01"", ""A02"", ""A03""]",,,A01,191.0,"[""A01"", ""A02"", ""A03""]",191.0,F027,A01,46,T1,0,477.5,2026-08-06 16:20,2026-08-08 17:23,shift,3,2943,2897,0
P1717,F030,F026,FACILITY,FACILITY,shuttle,0,0,[],[],,,A01,204.0,"[""A01"", ""A02"", ""A03""]",59.0,F030,F026,15,T1,1,147.5,2026-08-07 16:11,2026-08-09 16:30,shift,3,2899,2884,0
P1718,A01,F011,AIRPORT,FACILITY,outbound,0,0,"[""A01""]",[],A01,,A01,201.0,"[""A01"", ""A02"", ""A03""]",201.0,A01,F011,49,T1,1,502.5,2026-08-07 06:36,2026-08-09 23:59,shift,3,3923,3874,0
P1719,F043,F051,FACILITY,FACILITY,shuttle,0,0,[],[],,,A03,279.0,"[""A03"", ""A02"", ""A01""]",35.0,F043,F051,9,T1,1,87.5,2026-08-05 10:17,2026-08-06 10:29,shift,3,1452,1443,0
P1720,F048,LAND,FACILITY,LAND,inbound,0,1,[],"[""A01"", ""A02"", ""A03""]",,,A03,254.0,"[""A03"", ""A02"", ""A01""]",254.0,F048,A03,70,T2,0,635.0,2026-08-07 10:31,2026-08-09 23:59,shift,3,3688,3618,0
P1721,LAND,F036,LAND,FACILITY,outbound,1,0,"[""A01"", ""A02"", ""A03""]",[],,,A02,215.0,"[""A02"", ""A01"", ""A03""]",215.0,A02,F036,52,T1,1,537.5,2026-08-09 15:17,2026-08-09 23:59,shift,3,522,470,0
P1722,F029,LAND,FACILITY,LAND,inbound,0,1,[],"[""A01"", ""A02"", ""A03""]",,,A01,211.0,"[""A01"", ""A02"", ""A03""]",211.0,F029,A01,51,T1,0,527.5,2026-08-07 10:34,2026-08-09 11:26,shift,3,2932,2881,0
P1723,LAND,F051,LAND,FACILITY,outbound,1,0,"[""A01"", ""A02"", ""A03""]",[],,,A03,279.0,"[""A03"", ""A02"", ""A01""]",279.0,A03,F051,77,T2,1,697.5,2026-08-09 07:26,2026-08-09 23:59,shift,3,993,916,0
P1724,LAND,F026,LAND,FACILITY,outbound,1,0,"[""A01"", ""A02"", ""A03""]",[],,,A01,204.0,"[""A01"", ""A02"", ""A03""]",204.0,A01,F026,49,T1,1,510.0,2026-08-03 07:14,2026-08-06 08:24,shift,3,4390,4341,0
P1725,LAND,F039,LAND,FACILITY,outbound,1,0,"[""A01"", ""A02"", ""A03""]",[],,,A03,223.0,"[""A03"", ""A02"", ""A01""]",223.0,A03,F039,54,T1,1,557.5,2026-08-03 07:19,2026-08-04 08:30,shift,3,1511,1457,0
P1726,F023,F032,FACILITY,FACILITY,shuttle,0,0,[],[],,,A02,279.0,"[""A02"", ""A01"", ""A03""]",14.0,F023,F032,4,T1,1,35.0,2026-08-03 11:47,2026-08-06 11:51,shift,3,4324,4320,0
P1727,F008,LAND,FACILITY,LAND,inbound,0,1,[],"[""A01"", ""A02"", ""A03""]",,,A01,221.0,"[""A01"", ""A02"", ""A03""]",221.0,F008,A01,54,T1,0,552.5,2026-08-08 09:32,2026-08-09 10:49,shift,3,1517,1463,0
P1728,F040,LAND,FACILITY,LAND,inbound,0,1,[],"[""A01"", ""A02"", ""A03""]",,,A03,342.0,"[""A03"", ""A02"", ""A01""]",342.0,F040,A03,94,T2,0,855.0,2026-08-03 00:00,2026-08-04 10:13,shift,3,2053,1959,0
P1729,A02,F028,AIRPORT,FACILITY,outbound,0,0,"[""A02""]",[],A02,,A01,217.0,"[""A01"", ""A02"", ""A03""]",243.0,A02,F028,59,T1,1,607.5,2026-08-07 06:10,2026-08-09 07:49,shift,3,2979,2920,0
P1730,F037,LAND,FACILITY,LAND,inbound,0,1,[],"[""A01"", ""A02"", ""A03""]",,,A03,359.0,"[""A03"", ""A02"", ""A01""]",359.0,F037,A03,98,T2,0,897.5,2026-08-05 09:05,2026-08-08 11:07,shift,3,4442,4344,0
P1731,F045,LAND,FACILITY,LAND,inbound,0,1,[],"[""A01"", ""A02"", ""A03""]",,,A03,260.0,"[""A03"", ""A02"", ""A01""]",260.0,F045,A03,71,T2,0,650.0,2026-08-03 10:58,2026-08-06 12:21,shift,3,4403,4332,0
P1732,F048,F039,FACILITY,FACILITY,shuttle,0,0,[],[],,,A03,223.0,"[""A03"", ""A02"", ""A01""]",31.0,F048,F039,8,T1,1,77.5,2026-08-07 10:15,2026-08-07 12:11,production,2,116,108,0
P1733,F012,LAND,FACILITY,LAND,inbound,0,1,[],"[""A01"", ""A02"", ""A03""]",,,A01,208.0,"[""A01"", ""A02"", ""A03""]",208.0,F012,A01,50,T1,0,520.0,2026-08-03 11:41,2026-08-06 12:47,shift,3,4386,4336,0
P1734,LAND,F002,LAND,FACILITY,outbound,1,0,"[""A01"", ""A02"", ""A03""]",[],,,A01,217.0,"[""A01"", ""A02"", ""A03""]",217.0,A01,F002,53,T1,1,542.5,2026-08-03 06:02,2026-08-03 09:42,production,2,220,167,0
P1735,F038,F039,FACILITY,FACILITY,shuttle,0,0,[],[],,,A03,223.0,"[""A03"", ""A02"", ""A01""]",42.0,F038,F039,11,T1,1,105.0,2026-08-09 09:38,2026-08-09 11:58,production,2,140,129,0
P1736,F052,LAND,FACILITY,LAND,inbound,0,1,[],"[""A01"", ""A02"", ""A03""]",,,A02,259.0,"[""A02"", ""A03"", ""A01""]",259.0,F052,A02,71,T2,0,647.5,2026-08-06 10:44,2026-08-06 14:25,production,2,221,150,0
P1737,F037,F044,FACILITY,FACILITY,shuttle,0,0,[],[],,,A03,317.0,"[""A03"", ""A02"", ""A01""]",54.0,F037,F044,13,T1,1,135.0,2026-08-08 09:04,2026-08-09 23:59,shift,3,2335,2322,0
P1738,LAND,F029,LAND,FACILITY,outbound,1,0,"[""A01"", ""A02"", ""A03""]",[],,,A01,211.0,"[""A01"", ""A02"", ""A03""]",211.0,A01,F029,51,T1,1,527.5,2026-08-08 09:07,2026-08-09 10:24,shift,3,1517,1466,0
P1739,LAND,F030,LAND,FACILITY,outbound,1,0,"[""A01"", ""A02"", ""A03""]",[],,,A01,158.0,"[""A01"", ""A02"", ""A03""]",158.0,A01,F030,38,T1,1,395.0,2026-08-08 09:04,2026-08-08 11:57,production,2,173,135,0
P1740,F010,LAND,FACILITY,LAND,inbound,0,1,[],"[""A01"", ""A02"", ""A03""]",,,A01,216.0,"[""A01"", ""A02"", ""A03""]",216.0,F010,A01,52,T1,0,540.0,2026-08-07 11:07,2026-08-09 12:35,shift,3,2968,2916,0
P1741,F036,LAND,FACILITY,LAND,inbound,0,1,[],"[""A01"", ""A02"", ""A03""]",,,A02,215.0,"[""A02"", ""A01"", ""A03""]",215.0,F036,A02,52,T1,0,537.5,2026-08-05 11:57,2026-08-07 13:00,shift,3,2943,2891,0
P1742,LAND,F041,LAND,FACILITY,outbound,1,0,"[""A01"", ""A02"", ""A03""]",[],,,A03,278.0,"[""A03"", ""A02"", ""A01""]",278.0,A03,F041,76,T2,1,695.0,2026-08-07 09:10,2026-08-07 13:14,production,2,244,168,0
P1743,LAND,F009,LAND,FACILITY,outbound,1,0,"[""A01"", ""A02"", ""A03""]",[],,,A01,166.0,"[""A01"", ""A02"", ""A03""]",166.0,A01,F009,40,T1,1,415.0,2026-08-08 09:28,2026-08-09 10:14,shift,3,1486,1446,0
P1744,F007,F002,FACILITY,FACILITY,shuttle,0,0,[],[],,,A01,217.0,"[""A01"", ""A02"", ""A03""]",30.0,F007,F002,8,T1,1,75.0,2026-08-04 10:22,2026-08-07 10:31,shift,3,4329,4321,0
P1745,LAND,F017,LAND,FACILITY,outbound,1,0,"[""A01"", ""A02"", ""A03""]",[],,,A01,153.0,"[""A01"", ""A02"", ""A03""]",153.0,A01,F017,37,T1,1,382.5,2026-08-08 10:11,2026-08-09 23:59,shift,3,2268,2231,0
P1746,F027,LAND,FACILITY,LAND,inbound,0,1,[],"[""A01"", ""A02"", ""A03""]",,,A01,191.0,"[""A01"", ""A02"", ""A03""]",191.0,F027,A01,46,T1,0,477.5,2026-08-03 09:06,2026-08-06 10:09,shift,3,4383,4337,0
P1747,F037,LAND,FACILITY,LAND,inbound,0,1,[],"[""A01"", ""A02"", ""A03""]",,,A03,359.0,"[""A03"", ""A02"", ""A01""]",359.0,F037,A03,98,T2,0,897.5,2026-08-06 09:05,2026-08-08 11:07,shift,3,3002,2904,0
P1748,LAND,F006,LAND,FACILITY,outbound,1,0,"[""A01"", ""A02"", ""A03""]",[],,,A01,235.0,"[""A01"", ""A02"", ""A03""]",235.0,A01,F006,57,T1,1,587.5,2026-08-03 09:32,2026-08-05 10:37,shift,3,2945,2888,0
P1749,F016,LAND,FACILITY,LAND,inbound,0,1,[],"[""A01"", ""A02"", ""A03""]",,,A01,181.0,"[""A01"", ""A02"", ""A03""]",181.0,F016,A01,44,T1,0,452.5,2026-08-08 10:32,2026-08-09 23:59,shift,3,2247,2203,0
P1750,A03,F040,AIRPORT,FACILITY,outbound,0,0,"[""A03""]",[],A03,,A03,342.0,"[""A03"", ""A02"", ""A01""]",342.0,A03,F040,94,T2,1,855.0,2026-08-03 00:00,2026-08-04 07:53,shift,3,1913,1819,0
P1751,F040,LAND,FACILITY,LAND,inbound,0,1,[],"[""A01"", ""A02"", ""A03""]",,,A03,342.0,"[""A03"", ""A02"", ""A01""]",342.0,F040,A03,94,T2,0,855.0,2026-08-07 12:05,2026-08-09 14:47,shift,3,3042,2948,0
P1752,LAND,F018,LAND,FACILITY,outbound,1,0,"[""A01"", ""A02"", ""A03""]",[],,,A01,196.0,"[""A01"", ""A02"", ""A03""]",196.0,A01,F018,48,T1,1,490.0,2026-08-09 09:11,2026-08-09 23:59,shift,3,888,840,0
P1753,LAND,F045,LAND,FACILITY,outbound,1,0,"[""A01"", ""A02"", ""A03""]",[],,,A03,260.0,"[""A03"", ""A02"", ""A01""]",260.0,A03,F045,71,T2,1,650.0,2026-08-03 08:54,2026-08-06 10:48,shift,3,4434,4363,0
P1754,A01,F002,AIRPORT,FACILITY,outbound,0,0,"[""A01""]",[],A01,,A01,217.0,"[""A01"", ""A02"", ""A03""]",217.0,A01,F002,53,T1,1,542.5,2026-08-05 07:29,2026-08-08 08:38,shift,3,4389,4336,0
P1755,F036,LAND,FACILITY,LAND,inbound,0,1,[],"[""A01"", ""A02"", ""A03""]",,,A02,215.0,"[""A02"", ""A01"", ""A03""]",215.0,F036,A02,52,T1,0,537.5,2026-08-08 16:40,2026-08-09 23:59,shift,3,1879,1827,0
P1756,F032,LAND,FACILITY,LAND,inbound,0,1,[],"[""A01"", ""A02"", ""A03""]",,,A02,279.0,"[""A02"", ""A01"", ""A03""]",279.0,F032,A02,77,T2,0,697.5,2026-08-05 08:41,2026-08-06 09:58,shift,3,1517,1440,0
P1757,LAND,F001,LAND,FACILITY,outbound,1,0,"[""A01"", ""A02"", ""A03""]",[],,,A01,219.0,"[""A01"", ""A02"", ""A03""]",219.0,A01,F001,53,T1,1,547.5,2026-08-05 10:08,2026-08-07 11:08,shift,3,2940,2887,0
P1758,LAND,F001,LAND,FACILITY,outbound,1,0,"[""A01"", ""A02"", ""A03""]",[],,,A01,219.0,"[""A01"", ""A02"", ""A03""]",219.0,A01,F001,53,T1,1,547.5,2026-08-08 06:53,2026-08-09 23:59,shift,3,2466,2413,0
P1759,LAND,F001,LAND,FACILITY,outbound,1,0,"[""A01"", ""A02"", ""A03""]",[],,,A01,219.0,"[""A01"", ""A02"", ""A03""]",219.0,A01,F001,53,T1,1,547.5,2026-08-08 06:53,2026-08-09 23:59,shift,3,2466,2413,0
P1760,LAND,F044,LAND,FACILITY,outbound,1,0,"[""A01"", ""A02"", ""A03""]",[],,,A03,317.0,"[""A03"", ""A02"", ""A01""]",317.0,A03,F044,87,T2,1,792.5,2026-08-04 07:31,2026-08-06 09:12,shift,3,2981,2894,0
P1761,LAND,F048,LAND,FACILITY,outbound,1,0,"[""A01"", ""A02"", ""A03""]",[],,,A03,254.0,"[""A03"", ""A02"", ""A01""]",254.0,A03,F048,70,T2,1,635.0,2026-08-07 08:31,2026-08-09 23:59,shift,3,3808,3738,0
P1762,F035,LAND,FACILITY,LAND,inbound,0,1,[],"[""A01"", ""A02"", ""A03""]",,,A01,258.0,"[""A01"", ""A02"", ""A03""]",258.0,F035,A01,71,T2,0,645.0,2026-08-08 10:17,2026-08-09 23:59,shift,3,2262,2191,0
P1763,LAND,F009,LAND,FACILITY,outbound,1,0,"[""A01"", ""A02"", ""A03""]",[],,,A01,166.0,"[""A01"", ""A02"", ""A03""]",166.0,A01,F009,40,T1,1,415.0,2026-08-04 07:53,2026-08-05 08:33,shift,3,1480,1440,0
P1764,F028,F018,FACILITY,FACILITY,shuttle,0,0,[],[],,,A01,196.0,"[""A01"", ""A02"", ""A03""]",65.0,F028,F018,16,T1,1,162.5,2026-08-06 10:44,2026-08-09 11:02,shift,3,4338,4322,0
P1765,F045,F048,FACILITY,FACILITY,shuttle,0,0,[],[],,,A03,254.0,"[""A03"", ""A02"", ""A01""]",45.0,F045,F048,11,T1,1,112.5,2026-08-05 08:40,2026-08-08 09:14,shift,3,4354,4343,0
P1766,LAND,F038,LAND,FACILITY,outbound,1,0,"[""A01"", ""A02"", ""A03""]",[],,,A03,263.0,"[""A03"", ""A02"", ""A01""]",263.0,A03,F038,72,T2,1,657.5,2026-08-03 00:00,2026-08-05 07:59,shift,3,3359,3287,0
P1767,A03,F042,AIRPORT,FACILITY,outbound,0,0,"[""A03""]",[],A03,,A03,368.0,"[""A03"", ""A02"", ""A01""]",368.0,A03,F042,101,T2,1,920.0,2026-08-04 08:08,2026-08-04 13:00,production,2,292,191,0
P1768,F040,LAND,FACILITY,LAND,inbound,0,1,[],"[""A01"", ""A02"", ""A03""]",,,A03,342.0,"[""A03"", ""A02"", ""A01""]",342.0,F040,A03,94,T2,0,855.0,2026-08-03 00:00,2026-08-05 10:13,shift,3,3493,3399,0
P1769,F026,LAND,FACILITY,LAND,inbound,0,1,[],"[""A01"", ""A02"", ""A03""]",,,A01,204.0,"[""A01"", ""A02"", ""A03""]",204.0,F026,A01,49,T1,0,510.0,2026-08-03 08:34,2026-08-06 09:44,temporary,4,4390,4341,0
P1770,F018,LAND,FACILITY,LAND,inbound,0,1,[],"[""A01"", ""A02"", ""A03""]",,,A01,196.0,"[""A01"", ""A02"", ""A03""]",196.0,F018,A01,48,T1,0,490.0,2026-08-06 10:32,2026-08-08 11:31,shift,3,2939,2891,0
P1771,A01,F002,AIRPORT,FACILITY,outbound,0,0,"[""A01""]",[],A01,,A01,217.0,"[""A01"", ""A02"", ""A03""]",217.0,A01,F002,53,T1,1,542.5,2026-08-03 00:00,2026-08-04 08:26,shift,3,1946,1893,0
P1772,LAND,F031,LAND,FACILITY,outbound,1,0,"[""A01"", ""A02"", ""A03""]",[],,,A02,242.0,"[""A02"", ""A01"", ""A03""]",242.0,A02,F031,59,T1,1,605.0,2026-08-08 10:14,2026-08-09 11:20,shift,3,1506,1447,0
P1773,LAND,F028,LAND,FACILITY,outbound,1,0,"[""A01"", ""A02"", ""A03""]",[],,,A01,217.0,"[""A01"", ""A02"", ""A03""]",217.0,A01,F028,53,T1,1,542.5,2026-08-07 06:10,2026-08-09 07:49,shift,3,2979,2926,0
P1774,LAND,F015,LAND,FACILITY,outbound,1,0,"[""A01"", ""A02"", ""A03""]",[],,,A01,191.0,"[""A01"", ""A02"", ""A03""]",191.0,A01,F015,46,T1,1,477.5,2026-08-06 07:02,2026-08-07 08:19,shift,3,1517,1471,0
P1775,F026,LAND,FACILITY,LAND,inbound,0,1,[],"[""A01"", ""A02"", ""A03""]",,,A01,204.0,"[""A01"", ""A02"", ""A03""]",204.0,F026,A01,49,T1,0,510.0,2026-08-04 08:34,2026-08-05 09:44,shift,3,1510,1461,0
P1776,F025,LAND,FACILITY,LAND,inbound,0,1,[],"[""A01"", ""A02"", ""A03""]",,,A01,202.0,"[""A01"", ""A02"", ""A03""]",202.0,F025,A01,49,T1,0,505.0,2026-08-04 16:26,2026-08-04 19:14,production,2,168,119,0
P1777,F001,F005,FACILITY,FACILITY,shuttle,0,0,[],[],,,A01,190.0,"[""A01"", ""A02"", ""A03""]",50.0,F001,F005,12,T1,1,125.0,2026-08-08 10:14,2026-08-09 23:59,shift,3,2265,2253,0
P1778,LAND,F046,LAND,FACILITY,outbound,1,0,"[""A01"", ""A02"", ""A03""]",[],,,A02,227.0,"[""A02"", ""A03"", ""A01""]",227.0,A02,F046,55,T1,1,567.5,2026-08-05 08:48,2026-08-06 10:31,shift,3,1543,1488,0
P1779,F020,LAND,FACILITY,LAND,inbound,0,1,[],"[""A01"", ""A02"", ""A03""]",,,A01,171.0,"[""A01"", ""A02"", ""A03""]",171.0,F020,A01,42,T1,0,427.5,2026-08-03 08:07,2026-08-05 09:06,shift,3,2939,2897,0
P1780,F040,LAND,FACILITY,LAND,inbound,0,1,[],"[""A01"", ""A02"", ""A03""]",,,A03,342.0,"[""A03"", ""A02"", ""A01""]",342.0,F040,A03,94,T2,0,855.0,2026-08-03 00:00,2026-08-04 10:13,shift,3,2053,1959,0
P1781,F014,LAND,FACILITY,LAND,inbound,0,1,[],"[""A01"", ""A02"", ""A03""]",,,A01,164.0,"[""A01"", ""A02"", ""A03""]",164.0,F014,A01,40,T1,0,410.0,2026-08-05 08:17,2026-08-07 09:09,shift,3,2932,2892,0
P1782,LAND,F015,LAND,FACILITY,outbound,1,0,"[""A01"", ""A02"", ""A03""]",[],,,A01,191.0,"[""A01"", ""A02"", ""A03""]",191.0,A01,F015,46,T1,1,477.5,2026-08-05 07:02,2026-08-08 08:19,shift,3,4397,4351,0
P1783,F045,LAND,FACILITY,LAND,inbound,0,1,[],"[""A01"", ""A02"", ""A03""]",,,A03,260.0,"[""A03"", ""A02"", ""A01""]",260.0,F045,A03,71,T2,0,650.0,2026-08-06 17:15,2026-08-09 18:38,temporary,4,4403,4332,0
P1784,F015,A01,FACILITY,AIRPORT,inbound,0,0,[],"[""A01""]",,A01,A01,191.0,"[""A01"", ""A02"", ""A03""]",191.0,F015,A01,46,T1,0,477.5,2026-08-06 08:29,2026-08-08 09:15,shift,3,2926,2880,0
P1785,A03,F045,AIRPORT,FACILITY,outbound,0,0,"[""A03""]",[],A03,,A03,260.0,"[""A03"", ""A02"", ""A01""]",260.0,A03,F045,71,T2,1,650.0,2026-08-07 15:11,2026-08-08 17:05,shift,3,1554,1483,0
P1786,F046,F047,FACILITY,FACILITY,shuttle,0,0,[],[],,,A02,241.0,"[""A02"", ""A01"", ""A03""]",15.0,F046,F047,4,T1,1,37.5,2026-08-06 10:00,2026-08-08 10:05,shift,3,2885,2881,0
P1787,F003,F007,FACILITY,FACILITY,shuttle,0,0,[],[],,,A01,233.0,"[""A01"", ""A02"", ""A03""]",48.0,F003,F007,12,T1,1,120.0,2026-08-08 09:19,2026-08-09 23:59,shift,3,2320,2308,0
P1788,F030,F026,FACILITY,FACILITY,shuttle,0,0,[],[],,,A01,204.0,"[""A01"", ""A02"", ""A03""]",59.0,F030,F026,15,T1,1,147.5,2026-08-08 16:11,2026-08-09 23:59,shift,3,1908,1893,0
P1789,F038,F045,FACILITY,FACILITY,shuttle,0,0,[],[],,,A03,260.0,"[""A03"", ""A02"", ""A01""]",31.0,F038,F045,8,T1,1,77.5,2026-08-03 16:14,2026-08-03 17:48,production,2,94,86,0
P1790,LAND,F020,LAND,FACILITY,outbound,1,0,"[""A01"", ""A02"", ""A03""]",[],,,A01,171.0,"[""A01"", ""A02"", ""A03""]",171.0,A01,F020,42,T1,1,427.5,2026-08-03 06:58,2026-08-05 07:57,shift,3,2939,2897,0
P1791,F043,LAND,FACILITY,LAND,inbound,0,1,[],"[""A01"", ""A02"", ""A03""]",,,A03,303.0,"[""A03"", ""A02"", ""A01""]",303.0,F043,A03,83,T2,0,757.5,2026-08-04 12:13,2026-08-05 13:36,shift,3,1523,1440,0
P1792,F022,LAND,FACILITY,LAND,inbound,0,1,[],"[""A01"", ""A02"", ""A03""]",,,A01,194.0,"[""A01"", ""A02"", ""A03""]",194.0,F022,A01,47,T1,0,485.0,2026-08-06 09:41,2026-08-07 10:47,shift,3,1506,1459,0
P1793,LAND,F026,LAND,FACILITY,outbound,1,0,"[""A01"", ""A02"", ""A03""]",[],,,A01,204.0,"[""A01"", ""A02"", ""A03""]",204.0,A01,F026,49,T1,1,510.0,2026-08-06 07:20,2026-08-08 08:43,shift,3,2963,2914,0
P1794,LAND,F020,LAND,FACILITY,outbound,1,0,"[""A01"", ""A02"", ""A03""]",[],,,A01,171.0,"[""A01"", ""A02"", ""A03""]",171.0,A01,F020,42,T1,1,427.5,2026-08-05 07:04,2026-08-07 07:55,shift,3,2931,2889,0
P1795,F030,LAND,FACILITY,LAND,inbound,0,1,[],"[""A01"", ""A02"", ""A03""]",,,A01,158.0,"[""A01"", ""A02"", ""A03""]",158.0,F030,A01,38,T1,0,395.0,2026-08-08 10:44,2026-08-09 11:34,shift,3,1490,1452,0
P1796,F020,LAND,FACILITY,LAND,inbound,0,1,[],"[""A01"", ""A02"", ""A03""]",,,A01,171.0,"[""A01"", ""A02"", ""A03""]",171.0,F020,A01,42,T1,0,427.5,2026-08-08 08:49,2026-08-09 23:59,shift,3,2350,2308,0
P1797,LAND,F007,LAND,FACILITY,outbound,1,0,"[""A01"", ""A02"", ""A03""]",[],,,A01,233.0,"[""A01"", ""A02"", ""A03""]",233.0,A01,F007,56,T1,1,582.5,2026-08-08 07:30,2026-08-09 23:59,shift,3,2429,2373,0
P1798,F027,F021,FACILITY,FACILITY,shuttle,0,0,[],[],,,A01,218.0,"[""A01"", ""A02"", ""A03""]",37.0,F027,F021,9,T1,1,92.5,2026-08-07 06:25,2026-08-07 08:44,production,2,139,130,0
P1799,F045,LAND,FACILITY,LAND,inbound,0,1,[],"[""A01"", ""A02"", ""A03""]",,,A03,260.0,"[""A03"", ""A02"", ""A01""]",260.0,F045,A03,71,T2,0,650.0,2026-08-07 17:15,2026-08-08 18:38,shift,3,1523,1452,0
P1800,F051,LAND,FACILITY,LAND,inbound,0,1,[],"[""A01"", ""A02"", ""A03""]",,,A03,279.0,"[""A03"", ""A02"", ""A01""]",279.0,F051,A03,77,T2,0,697.5,2026-08-07 09:13,2026-08-09 23:59,temporary,4,3766,3689,0
P1801,LAND,F021,LAND,FACILITY,outbound,1,0,"[""A01"", ""A02"", ""A03""]",[],,,A01,218.0,"[""A01"", ""A02"", ""A03""]",218.0,A01,F021,53,T1,1,545.0,2026-08-03 00:00,2026-08-04 08:49,shift,3,1969,1916,0
P1802,F001,F005,FACILITY,FACILITY,shuttle,0,0,[],[],,,A01,190.0,"[""A01"", ""A02"", ""A03""]",50.0,F001,F005,12,T1,1,125.0,2026-08-08 10:14,2026-08-09 10:48,shift,3,1474,1462,0
P1803,A03,F045,AIRPORT,FACILITY,outbound,0,0,"[""A03""]",[],A03,,A03,260.0,"[""A03"", ""A02"", ""A01""]",260.0,A03,F045,71,T2,1,650.0,2026-08-06 15:11,2026-08-09 17:05,shift,3,4434,4363,0
P1804,LAND,F030,LAND,FACILITY,outbound,1,0,"[""A01"", ""A02"", ""A03""]",[],,,A01,158.0,"[""A01"", ""A02"", ""A03""]",158.0,A01,F030,38,T1,1,395.0,2026-08-04 09:40,2026-08-07 10:30,shift,3,4370,4332,0
P1805,LAND,F014,LAND,FACILITY,outbound,1,0,"[""A01"", ""A02"", ""A03""]",[],,,A01,164.0,"[""A01"", ""A02"", ""A03""]",164.0,A01,F014,40,T1,1,410.0,2026-08-05 07:15,2026-08-07 08:07,shift,3,2932,2892,0
P1806,LAND,F031,LAND,FACILITY,outbound,1,0,"[""A01"", ""A02"", ""A03""]",[],,,A02,242.0,"[""A02"", ""A01"", ""A03""]",242.0,A02,F031,59,T1,1,605.0,2026-08-04 10:12,2026-08-07 11:18,shift,3,4386,4327,0
P1807,LAND,F018,LAND,FACILITY,outbound,1,0,"[""A01"", ""A02"", ""A03""]",[],,,A01,196.0,"[""A01"", ""A02"", ""A03""]",196.0,A01,F018,48,T1,1,490.0,2026-08-06 08:26,2026-08-06 11:22,production,2,176,128,0
P1808,F037,LAND,FACILITY,LAND,inbound,0,1,[],"[""A01"", ""A02"", ""A03""]",,,A03,359.0,"[""A03"", ""A02"", ""A01""]",359.0,F037,A03,98,T2,0,897.5,2026-08-03 11:09,2026-08-03 14:51,production,2,222,124,0
P1809,F032,F025,FACILITY,FACILITY,shuttle,0,0,[],[],,,A01,202.0,"[""A01"", ""A02"", ""A03""]",79.0,F032,F025,19,T1,1,197.5,2026-08-08 08:20,2026-08-09 23:59,shift,3,2379,2360,0
P1810,F015,LAND,FACILITY,LAND,inbound,0,1,[],"[""A01"", ""A02"", ""A03""]",,,A01,191.0,"[""A01"", ""A02"", ""A03""]",191.0,F015,A01,46,T1,0,477.5,2026-08-08 10:20,2026-08-09 23:59,shift,3,2259,2213,0
P1811,LAND,F032,LAND,FACILITY,outbound,1,0,"[""A01"", ""A02"", ""A03""]",[],,,A02,279.0,"[""A02"", ""A01"", ""A03""]",279.0,A02,F032,77,T2,1,697.5,2026-08-07 06:58,2026-08-09 08:35,shift,3,2977,2900,0
P1812,F019,LAND,FACILITY,LAND,inbound,0,1,[],"[""A01"", ""A02"", ""A03""]",,,A01,204.0,"[""A01"", ""A02"", ""A03""]",204.0,F019,A01,49,T1,0,510.0,2026-08-08 08:20,2026-08-09 23:59,shift,3,2379,2330,0
P1813,F036,F049,FACILITY,FACILITY,shuttle,0,0,[],[],,,A02,239.0,"[""A02"", ""A03"", ""A01""]",57.0,F036,F049,14,T1,1,142.5,2026-08-08 11:56,2026-08-09 23:59,shift,3,2163,2149,0
P1814,LAND,F028,LAND,FACILITY,outbound,1,0,"[""A01"", ""A02"", ""A03""]",[],,,A01,217.0,"[""A01"", ""A02"", ""A03""]",217.0,A01,F028,53,T1,1,542.5,2026-08-06 06:10,2026-08-08 07:49,shift,3,2979,2926,0
P1815,F039,LAND,FACILITY,LAND,inbound,0,1,[],"[""A01"", ""A02"", ""A03""]",,,A03,223.0,"[""A03"", ""A02"", ""A01""]",223.0,F039,A03,54,T1,0,557.5,2026-08-06 09:42,2026-08-06 12:53,production,2,191,137,0
P1816,F025,LAND,FACILITY,LAND,inbound,0,1,[],"[""A01"", ""A02"", ""A03""]",,,A01,202.0,"[""A01"", ""A02"", ""A03""]",202.0,F025,A01,49,T1,0,505.0,2026-08-03 16:56,2026-08-06 17:52,shift,3,4376,4327,0
P1817,A03,F036,AIRPORT,FACILITY,outbound,0,0,"[""A03""]",[],A03,,A02,215.0,"[""A02"", ""A01"", ""A03""]",231.0,A03,F036,56,T1,1,577.5,2026-08-05 10:09,2026-08-07 11:47,shift,3,2978,2922,0
P1818,F002,LAND,FACILITY,LAND,inbound,0,1,[],"[""A01"", ""A02"", ""A03""]",,,A01,217.0,"[""A01"", ""A02"", ""A03""]",217.0,F002,A01,53,T1,0,542.5,2026-08-03 08:36,2026-08-04 10:04,shift,3,1528,1475,0
P1819,F036,LAND,FACILITY,LAND,inbound,0,1,[],"[""A01"", ""A02"", ""A03""]",,,A02,215.0,"[""A02"", ""A01"", ""A03""]",215.0,F036,A02,52,T1,0,537.5,2026-08-09 16:40,2026-08-09 23:59,shift,3,439,387,0
P1820,F016,LAND,FACILITY,LAND,inbound,0,1,[],"[""A01"", ""A02"", ""A03""]",,,A01,181.0,"[""A01"", ""A02"", ""A03""]",181.0,F016,A01,44,T1,0,452.5,2026-08-09 10:32,2026-08-09 23:59,shift,3,807,763,0
P1821,F052,F048,FACILITY,FACILITY,shuttle,0,0,[],[],,,A03,254.0,"[""A03"", ""A02"", ""A01""]",23.0,F052,F048,6,T1,1,57.5,2026-08-07 10:34,2026-08-09 10:42,shift,3,2888,2882,0
P1822,F040,LAND,FACILITY,LAND,inbound,0,1,[],"[""A01"", ""A02"", ""A03""]",,,A03,342.0,"[""A03"", ""A02"", ""A01""]",342.0,F040,A03,94,T2,0,855.0,2026-08-03 00:00,2026-08-05 10:13,shift,3,3493,3399,0
P1823,F039,F052,FACILITY,FACILITY,shuttle,0,0,[],[],,,A02,259.0,"[""A02"", ""A03"", ""A01""]",44.0,F039,F052,11,T1,1,110.0,2026-08-04 10:59,2026-08-06 11:42,shift,3,2923,2912,0
P1824,F039,LAND,FACILITY,LAND,inbound,0,1,[],"[""A01"", ""A02"", ""A03""]",,,A03,223.0,"[""A03"", ""A02"", ""A01""]",223.0,F039,A03,54,T1,0,557.5,2026-08-06 09:44,2026-08-06 12:56,production,2,192,138,0
P1825,F033,LAND,FACILITY,LAND,inbound,0,1,[],"[""A01"", ""A02"", ""A03""]",,,A01,227.0,"[""A01"", ""A02"", ""A03""]",227.0,F033,A01,55,T1,0,567.5,2026-08-05 08:58,2026-08-06 10:14,shift,3,1516,1461,0
P1826,F052,LAND,FACILITY,LAND,inbound,0,1,[],"[""A01"", ""A02"", ""A03""]",,,A02,259.0,"[""A02"", ""A03"", ""A01""]",259.0,F052,A02,71,T2,0,647.5,2026-08-08 09:56,2026-08-09 23:59,shift,3,2283,2212,0
P1827,A02,F029,AIRPORT,FACILITY,outbound,0,0,"[""A02""]",[],A02,,A01,211.0,"[""A01"", ""A02"", ""A03""]",216.0,A02,F029,52,T1,1,540.0,2026-08-07 09:07,2026-08-09 10:24,shift,3,2957,2905,0
P1828,LAND,F025,LAND,FACILITY,outbound,1,0,"[""A01"", ""A02"", ""A03""]",[],,,A01,202.0,"[""A01"", ""A02"", ""A03""]",202.0,A01,F025,49,T1,1,505.0,2026-08-06 06:43,2026-08-08 08:14,shift,3,2971,2922,0
P1829,F052,F048,FACILITY,FACILITY,shuttle,0,0,[],[],,,A03,254.0,"[""A03"", ""A02"", ""A01""]",23.0,F052,F048,6,T1,1,57.5,2026-08-07 10:34,2026-08-09 10:42,shift,3,2888,2882,0
P1830,F036,LAND,FACILITY,LAND,inbound,0,1,[],"[""A01"", ""A02"", ""A03""]",,,A02,215.0,"[""A02"", ""A01"", ""A03""]",215.0,F036,A02,52,T1,0,537.5,2026-08-09 16:40,2026-08-09 23:59,shift,3,439,387,0
P1831,F052,F048,FACILITY,FACILITY,shuttle,0,0,[],[],,,A03,254.0,"[""A03"", ""A02"", ""A01""]",23.0,F052,F048,6,T1,1,57.5,2026-08-07 10:34,2026-08-09 10:42,shift,3,2888,2882,0
P1832,LAND,F049,LAND,FACILITY,outbound,1,0,"[""A01"", ""A02"", ""A03""]",[],,,A02,239.0,"[""A02"", ""A03"", ""A01""]",239.0,A02,F049,58,T1,1,597.5,2026-08-07 09:40,2026-08-09 23:59,shift,3,3739,3681,0
P1833,F008,LAND,FACILITY,LAND,inbound,0,1,[],"[""A01"", ""A02"", ""A03""]",,,A01,221.0,"[""A01"", ""A02"", ""A03""]",221.0,F008,A01,54,T1,0,552.5,2026-08-07 09:32,2026-08-09 10:49,shift,3,2957,2903,0
P1834,F048,LAND,FACILITY,LAND,inbound,0,1,[],"[""A01"", ""A02"", ""A03""]",,,A03,254.0,"[""A03"", ""A02"", ""A01""]",254.0,F048,A03,70,T2,0,635.0,2026-08-07 10:31,2026-08-09 23:59,shift,3,3688,3618,0
P1835,F022,LAND,FACILITY,LAND,inbound,0,1,[],"[""A01"", ""A02"", ""A03""]",,,A01,194.0,"[""A01"", ""A02"", ""A03""]",194.0,F022,A01,47,T1,0,485.0,2026-08-09 10:15,2026-08-09 23:59,shift,3,824,777,0
P1836,F010,F007,FACILITY,FACILITY,shuttle,0,0,[],[],,,A01,233.0,"[""A01"", ""A02"", ""A03""]",37.0,F010,F007,9,T1,1,92.5,2026-08-04 07:53,2026-08-07 08:27,shift,3,4354,4345,0
P1837,F033,LAND,FACILITY,LAND,inbound,0,1,[],"[""A01"", ""A02"", ""A03""]",,,A01,227.0,"[""A01"", ""A02"", ""A03""]",227.0,F033,A01,55,T1,0,567.5,2026-08-07 09:07,2026-08-09 23:59,shift,3,3772,3717,0
P1838,A01,F007,AIRPORT,FACILITY,outbound,0,0,"[""A01""]",[],A01,,A01,233.0,"[""A01"", ""A02"", ""A03""]",233.0,A01,F007,56,T1,1,582.5,2026-08-03 06:51,2026-08-04 08:05,shift,3,1514,1458,0
P1839,LAND,F047,LAND,FACILITY,outbound,1,0,"[""A01"", ""A02"", ""A03""]",[],,,A02,241.0,"[""A02"", ""A01"", ""A03""]",241.0,A02,F047,58,T1,1,602.5,2026-08-07 09:57,2026-08-09 23:59,shift,3,3722,3664,0
P1840,F038,LAND,FACILITY,LAND,inbound,0,1,[],"[""A01"", ""A02"", ""A03""]",,,A03,263.0,"[""A03"", ""A02"", ""A01""]",263.0,F038,A03,72,T2,0,657.5,2026-08-03 00:00,2026-08-04 09:31,shift,3,2011,1939,0
P1841,LAND,F028,LAND,FACILITY,outbound,1,0,"[""A01"", ""A02"", ""A03""]",[],,,A01,217.0,"[""A01"", ""A02"", ""A03""]",217.0,A01,F028,53,T1,1,542.5,2026-08-07 06:10,2026-08-09 07:49,shift,3,2979,2926,0
P1842,F028,LAND,FACILITY,LAND,inbound,0,1,[],"[""A01"", ""A02"", ""A03""]",,,A01,217.0,"[""A01"", ""A02"", ""A03""]",217.0,F028,A01,53,T1,0,542.5,2026-08-06 07:59,2026-08-09 09:16,shift,3,4397,4344,0
P1843,F036,F049,FACILITY,FACILITY,shuttle,0,0,[],[],,,A02,239.0,"[""A02"", ""A03"", ""A01""]",57.0,F036,F049,14,T1,1,142.5,2026-08-08 11:56,2026-08-09 23:59,temporary,4,2163,2149,0
P1844,F016,LAND,FACILITY,LAND,inbound,0,1,[],"[""A01"", ""A02"", ""A03""]",,,A01,181.0,"[""A01"", ""A02"", ""A03""]",181.0,F016,A01,44,T1,0,452.5,2026-08-05 16:00,2026-08-08 17:13,shift,3,4393,4349,0
P1845,F002,LAND,FACILITY,LAND,inbound,0,1,[],"[""A01"", ""A02"", ""A03""]",,,A01,217.0,"[""A01"", ""A02"", ""A03""]",217.0,F002,A01,53,T1,0,542.5,2026-08-05 08:48,2026-08-07 09:57,shift,3,2949,2896,0
P1846,LAND,F006,LAND,FACILITY,outbound,1,0,"[""A01"", ""A02"", ""A03""]",[],,,A01,235.0,"[""A01"", ""A02"", ""A03""]",235.0,A01,F006,57,T1,1,587.5,2026-08-07 07:00,2026-08-09 08:15,shift,3,2955,2898,0
P1847,LAND,F036,LAND,FACILITY,outbound,1,0,"[""A01"", ""A02"", ""A03""]",[],,,A02,215.0,"[""A02"", ""A01"", ""A03""]",215.0,A02,F036,52,T1,1,537.5,2026-08-09 15:02,2026-08-09 16:44,emergency,1,102,50,0
P1848,LAND,F001,LAND,FACILITY,outbound,1,0,"[""A01"", ""A02"", ""A03""]",[],,,A01,219.0,"[""A01"", ""A02"", ""A03""]",219.0,A01,F001,53,T1,1,547.5,2026-08-06 10:08,2026-08-08 11:08,shift,3,2940,2887,0
P1849,F042,LAND,FACILITY,LAND,inbound,0,1,[],"[""A01"", ""A02"", ""A03""]",,,A03,368.0,"[""A03"", ""A02"", ""A01""]",368.0,F042,A03,101,T2,0,920.0,2026-08-06 08:20,2026-08-08 10:23,shift,3,3003,2902,0
P1850,LAND,F041,LAND,FACILITY,outbound,1,0,"[""A01"", ""A02"", ""A03""]",[],,,A03,278.0,"[""A03"", ""A02"", ""A01""]",278.0,A03,F041,76,T2,1,695.0,2026-08-07 09:10,2026-08-07 13:08,production,2,238,162,0
P1851,F033,LAND,FACILITY,LAND,inbound,0,1,[],"[""A01"", ""A02"", ""A03""]",,,A01,227.0,"[""A01"", ""A02"", ""A03""]",227.0,F033,A01,55,T1,0,567.5,2026-08-05 08:19,2026-08-05 11:31,production,2,192,137,0
P1852,F018,LAND,FACILITY,LAND,inbound,0,1,[],"[""A01"", ""A02"", ""A03""]",,,A01,196.0,"[""A01"", ""A02"", ""A03""]",196.0,F018,A01,48,T1,0,490.0,2026-08-03 00:00,2026-08-04 10:00,shift,3,2040,1992,0
P1853,LAND,F014,LAND,FACILITY,outbound,1,0,"[""A01"", ""A02"", ""A03""]",[],,,A01,164.0,"[""A01"", ""A02"", ""A03""]",164.0,A01,F014,40,T1,1,410.0,2026-08-05 07:15,2026-08-07 08:07,shift,3,2932,2892,0
P1854,A02,F027,AIRPORT,FACILITY,outbound,0,0,"[""A02""]",[],A02,,A01,191.0,"[""A01"", ""A02"", ""A03""]",198.0,A02,F027,48,T1,1,495.0,2026-08-06 15:07,2026-08-09 16:10,shift,3,4383,4335,0
P1855,LAND,F043,LAND,FACILITY,outbound,1,0,"[""A01"", ""A02"", ""A03""]",[],,,A03,303.0,"[""A03"", ""A02"", ""A01""]",303.0,A03,F043,83,T2,1,757.5,2026-08-07 07:00,2026-08-08 08:46,shift,3,1546,1463,0
P1856,LAND,F025,LAND,FACILITY,outbound,1,0,"[""A01"", ""A02"", ""A03""]",[],,,A01,202.0,"[""A01"", ""A02"", ""A03""]",202.0,A01,F025,49,T1,1,505.0,2026-08-07 06:43,2026-08-08 08:14,shift,3,1531,1482,0
P1857,LAND,F020,LAND,FACILITY,outbound,1,0,"[""A01"", ""A02"", ""A03""]",[],,,A01,171.0,"[""A01"", ""A02"", ""A03""]",171.0,A01,F020,42,T1,1,427.5,2026-08-05 07:04,2026-08-08 07:55,shift,3,4371,4329,0
P1858,LAND,F038,LAND,FACILITY,outbound,1,0,"[""A01"", ""A02"", ""A03""]",[],,,A03,263.0,"[""A03"", ""A02"", ""A01""]",263.0,A03,F038,72,T2,1,657.5,2026-08-03 06:47,2026-08-05 07:59,shift,3,2952,2880,0
P1859,A02,F031,AIRPORT,FACILITY,outbound,0,0,"[""A02""]",[],A02,,A02,242.0,"[""A02"", ""A01"", ""A03""]",242.0,A02,F031,59,T1,1,605.0,2026-08-04 10:12,2026-08-06 11:18,shift,3,2946,2887,0
P1860,F043,LAND,FACILITY,LAND,inbound,0,1,[],"[""A01"", ""A02"", ""A03""]",,,A03,303.0,"[""A03"", ""A02"", ""A01""]",303.0,F043,A03,83,T2,0,757.5,2026-08-04 12:13,2026-08-05 13:36,shift,3,1523,1440,0
P1861,F037,F040,FACILITY,FACILITY,shuttle,0,0,[],[],,,A03,342.0,"[""A03"", ""A02"", ""A01""]",27.0,F037,F040,7,T1,1,67.5,2026-08-03 11:44,2026-08-03 13:24,production,2,100,93,0
P1862,F050,LAND,FACILITY,LAND,inbound,0,1,[],"[""A01"", ""A02"", ""A03""]",,,A03,403.0,"[""A03"", ""A02"", ""A01""]",403.0,F050,A03,128,T3,0,1007.5,2026-08-08 12:50,2026-08-09 23:59,shift,3,2109,1981,0
P1863,F004,LAND,FACILITY,LAND,inbound,0,1,[],"[""A01"", ""A02"", ""A03""]",,,A01,197.0,"[""A01"", ""A02"", ""A03""]",197.0,F004,A01,48,T1,0,492.5,2026-08-06 08:53,2026-08-09 10:20,shift,3,4407,4359,0
P1864,LAND,F010,LAND,FACILITY,outbound,1,0,"[""A01"", ""A02"", ""A03""]",[],,,A01,216.0,"[""A01"", ""A02"", ""A03""]",216.0,A01,F010,52,T1,1,540.0,2026-08-03 08:32,2026-08-06 09:31,shift,3,4379,4327,0
P1865,F017,LAND,FACILITY,LAND,inbound,0,1,[],"[""A01"", ""A02"", ""A03""]",,,A01,153.0,"[""A01"", ""A02"", ""A03""]",153.0,F017,A01,37,T1,0,382.5,2026-08-09 11:03,2026-08-09 23:59,shift,3,776,739,0
P1866,LAND,F018,LAND,FACILITY,outbound,1,0,"[""A01"", ""A02"", ""A03""]",[],,,A01,196.0,"[""A01"", ""A02"", ""A03""]",196.0,A01,F018,48,T1,1,490.0,2026-08-09 09:11,2026-08-09 23:59,shift,3,888,840,0
P1867,LAND,F025,LAND,FACILITY,outbound,1,0,"[""A01"", ""A02"", ""A03""]",[],,,A01,202.0,"[""A01"", ""A02"", ""A03""]",202.0,A01,F025,49,T1,1,505.0,2026-08-06 06:43,2026-08-09 08:14,shift,3,4411,4362,0
P1868,F049,LAND,FACILITY,LAND,inbound,0,1,[],"[""A01"", ""A02"", ""A03""]",,,A02,239.0,"[""A02"", ""A03"", ""A01""]",239.0,F049,A02,58,T1,0,597.5,2026-08-08 10:51,2026-08-08 14:21,production,2,210,152,0
P1869,F040,LAND,FACILITY,LAND,inbound,0,1,[],"[""A01"", ""A02"", ""A03""]",,,A03,342.0,"[""A03"", ""A02"", ""A01""]",342.0,F040,A03,94,T2,0,855.0,2026-08-03 00:00,2026-08-05 10:13,shift,3,3493,3399,0
P1870,LAND,F048,LAND,FACILITY,outbound,1,0,"[""A01"", ""A02"", ""A03""]",[],,,A03,254.0,"[""A03"", ""A02"", ""A01""]",254.0,A03,F048,70,T2,1,635.0,2026-08-05 09:57,2026-08-06 11:34,shift,3,1537,1467,0
P1871,F022,A02,FACILITY,AIRPORT,inbound,0,0,[],"[""A02""]",,A02,A01,194.0,"[""A01"", ""A02"", ""A03""]",208.0,F022,A02,50,T1,0,520.0,2026-08-06 09:05,2026-08-06 11:56,production,2,171,121,0
P1872,LAND,F001,LAND,FACILITY,outbound,1,0,"[""A01"", ""A02"", ""A03""]",[],,,A01,219.0,"[""A01"", ""A02"", ""A03""]",219.0,A01,F001,53,T1,1,547.5,2026-08-03 06:26,2026-08-04 07:43,shift,3,1517,1464,0
P1873,F043,A03,FACILITY,AIRPORT,inbound,0,0,[],"[""A03""]",,A03,A03,303.0,"[""A03"", ""A02"", ""A01""]",303.0,F043,A03,83,T2,0,757.5,2026-08-07 08:56,2026-08-09 10:19,shift,3,2963,2880,0
P1874,F022,LAND,FACILITY,LAND,inbound,0,1,[],"[""A01"", ""A02"", ""A03""]",,,A01,194.0,"[""A01"", ""A02"", ""A03""]",194.0,F022,A01,47,T1,0,485.0,2026-08-08 10:15,2026-08-09 23:59,shift,3,2264,2217,0
P1875,F001,LAND,FACILITY,LAND,inbound,0,1,[],"[""A01"", ""A02"", ""A03""]",,,A01,219.0,"[""A01"", ""A02"", ""A03""]",219.0,F001,A01,53,T1,0,547.5,2026-08-03 07:53,2026-08-05 09:10,shift,3,2957,2904,0
P1876,F038,F045,FACILITY,FACILITY,shuttle,0,0,[],[],,,A03,260.0,"[""A03"", ""A02"", ""A01""]",31.0,F038,F045,8,T1,1,77.5,2026-08-03 16:49,2026-08-05 16:59,shift,3,2890,2882,0
P1877,F020,F019,FACILITY,FACILITY,shuttle,0,0,[],[],,,A01,204.0,"[""A01"", ""A02"", ""A03""]",36.0,F020,F019,9,T1,1,90.0,2026-08-03 10:48,2026-08-05 10:58,shift,3,2890,2881,0
P1878,LAND,F029,LAND,FACILITY,outbound,1,0,"[""A01"", ""A02"", ""A03""]",[],,,A01,211.0,"[""A01"", ""A02"", ""A03""]",211.0,A01,F029,51,T1,1,527.5,2026-08-04 09:03,2026-08-06 10:28,shift,3,2965,2914,0
P1879,F048,LAND,FACILITY,LAND,inbound,0,1,[],"[""A01"", ""A02"", ""A03""]",,,A03,254.0,"[""A03"", ""A02"", ""A01""]",254.0,F048,A03,70,T2,0,635.0,2026-08-05 11:07,2026-08-05 14:12,production,2,185,115,0
P1880,F021,LAND,FACILITY,LAND,inbound,0,1,[],"[""A01"", ""A02"", ""A03""]",,,A01,218.0,"[""A01"", ""A02"", ""A03""]",218.0,F021,A01,53,T1,0,545.0,2026-08-05 09:04,2026-08-07 10:14,shift,3,2950,2897,0
P1881,F018,F026,FACILITY,FACILITY,shuttle,0,0,[],[],,,A01,204.0,"[""A01"", ""A02"", ""A03""]",14.0,F018,F026,4,T1,1,35.0,2026-08-03 00:00,2026-08-05 08:43,shift,3,3403,3399,0
P1882,F027,LAND,FACILITY,LAND,inbound,0,1,[],"[""A01"", ""A02"", ""A03""]",,,A01,191.0,"[""A01"", ""A02"", ""A03""]",191.0,F027,A01,46,T1,0,477.5,2026-08-04 09:06,2026-08-06 10:09,shift,3,2943,2897,0
P1883,LAND,F025,LAND,FACILITY,outbound,1,0,"[""A01"", ""A02"", ""A03""]",[],,,A01,202.0,"[""A01"", ""A02"", ""A03""]",202.0,A01,F025,49,T1,1,505.0,2026-08-03 15:15,2026-08-06 16:46,shift,3,4411,4362,0
P1884,LAND,F045,LAND,FACILITY,outbound,1,0,"[""A01"", ""A02"", ""A03""]",[],,,A03,260.0,"[""A03"", ""A02"", ""A01""]",260.0,A03,F045,71,T2,1,650.0,2026-08-04 08:54,2026-08-06 10:48,shift,3,2994,2923,0
P1885,F038,LAND,FACILITY,LAND,inbound,0,1,[],"[""A01"", ""A02"", ""A03""]",,,A03,263.0,"[""A03"", ""A02"", ""A01""]",263.0,F038,A03,72,T2,0,657.5,2026-08-05 09:51,2026-08-08 11:15,shift,3,4404,4332,0
P1886,A02,F025,AIRPORT,FACILITY,outbound,0,0,"[""A02""]",[],A02,,A01,202.0,"[""A01"", ""A02"", ""A03""]",203.0,A02,F025,49,T1,1,507.5,2026-08-06 06:43,2026-08-09 08:14,shift,3,4411,4362,0
P1887,F002,A01,FACILITY,AIRPORT,inbound,0,0,[],"[""A01""]",,A01,A01,217.0,"[""A01"", ""A02"", ""A03""]",217.0,F002,A01,53,T1,0,542.5,2026-08-09 08:44,2026-08-09 23:59,shift,3,915,862,0
P1888,F043,F051,FACILITY,FACILITY,shuttle,0,0,[],[],,,A03,279.0,"[""A03"", ""A02"", ""A01""]",35.0,F043,F051,9,T1,1,87.5,2026-08-04 10:17,2026-08-07 10:29,shift,3,4332,4323,0
P1889,F020,LAND,FACILITY,LAND,inbound,0,1,[],"[""A01"", ""A02"", ""A03""]",,,A01,171.0,"[""A01"", ""A02"", ""A03""]",171.0,F020,A01,42,T1,0,427.5,2026-08-03 07:17,2026-08-03 10:03,production,2,166,124,0
P1890,LAND,F046,LAND,FACILITY,outbound,1,0,"[""A01"", ""A02"", ""A03""]",[],,,A02,227.0,"[""A02"", ""A03"", ""A01""]",227.0,A02,F046,55,T1,1,567.5,2026-08-07 09:19,2026-08-09 23:59,shift,3,3760,3705,0
P1891,LAND,F010,LAND,FACILITY,outbound,1,0,"[""A01"", ""A02"", ""A03""]",[],,,A01,216.0,"[""A01"", ""A02"", ""A03""]",216.0,A01,F010,52,T1,1,540.0,2026-08-06 09:58,2026-08-09 23:59,temporary,4,5161,5109,0
P1892,F049,LAND,FACILITY,LAND,inbound,0,1,[],"[""A01"", ""A02"", ""A03""]",,,A02,239.0,"[""A02"", ""A03"", ""A01""]",239.0,F049,A02,58,T1,0,597.5,2026-08-07 11:45,2026-08-09 13:02,shift,3,2957,2899,0
P1893,F017,F014,FACILITY,FACILITY,shuttle,0,0,[],[],,,A01,164.0,"[""A01"", ""A02"", ""A03""]",38.0,F017,F014,10,T1,1,95.0,2026-08-06 08:42,2026-08-09 08:54,shift,3,4332,4322,0
P1894,F036,F046,FACILITY,FACILITY,shuttle,0,0,[],[],,,A02,227.0,"[""A02"", ""A03"", ""A01""]",41.0,F036,F046,10,T1,1,102.5,2026-08-03 00:00,2026-08-04 08:10,shift,3,1930,1920,0
P1895,LAND,F019,LAND,FACILITY,outbound,1,0,"[""A01"", ""A02"", ""A03""]",[],,,A01,204.0,"[""A01"", ""A02"", ""A03""]",204.0,A01,F019,49,T1,1,510.0,2026-08-03 00:00,2026-08-05 10:06,shift,3,3486,3437,0
P1896,F009,F003,FACILITY,FACILITY,shuttle,0,0,[],[],,,A01,192.0,"[""A01"", ""A02"", ""A03""]",48.0,F009,F003,12,T1,1,120.0,2026-08-05 10:54,2026-08-07 11:38,shift,3,2924,2912,0
P1897,LAND,F013,LAND,FACILITY,outbound,1,0,"[""A01"", ""A02"", ""A03""]",[],,,A01,279.0,"[""A01"", ""A02"", ""A03""]",279.0,A01,F013,77,T2,1,697.5,2026-08-07 07:53,2026-08-09 09:43,shift,3,2990,2913,0
P1898,F024,A02,FACILITY,AIRPORT,inbound,0,0,[],"[""A02""]",,A02,A01,211.0,"[""A01"", ""A02"", ""A03""]",219.0,F024,A02,53,T1,0,547.5,2026-08-07 11:21,2026-08-09 12:21,shift,3,2940,2887,0
P1899,F006,A01,FACILITY,AIRPORT,inbound,0,0,[],"[""A01""]",,A01,A01,235.0,"[""A01"", ""A02"", ""A03""]",235.0,F006,A01,57,T1,0,587.5,2026-08-03 00:00,2026-08-05 12:02,temporary,4,3602,3545,0
P1900,LAND,F022,LAND,FACILITY,outbound,1,0,"[""A01"", ""A02"", ""A03""]",[],,,A01,194.0,"[""A01"", ""A02"", ""A03""]",194.0,A01,F022,47,T1,1,485.0,2026-08-08 08:59,2026-08-09 23:59,shift,3,2340,2293,0
P1901,F004,F007,FACILITY,FACILITY,shuttle,0,0,[],[],,,A01,233.0,"[""A01"", ""A02"", ""A03""]",36.0,F004,F007,9,T1,1,90.0,2026-08-04 08:10,2026-08-05 08:22,shift,3,1452,1443,0
P1902,LAND,F014,LAND,FACILITY,outbound,1,0,"[""A01"", ""A02"", ""A03""]",[],,,A01,164.0,"[""A01"", ""A02"", ""A03""]",164.0,A01,F014,40,T1,1,410.0,2026-08-08 08:19,2026-08-09 23:59,shift,3,2380,2340,0
P1903,F019,F033,FACILITY,FACILITY,shuttle,0,0,[],[],,,A01,227.0,"[""A01"", ""A02"", ""A03""]",24.0,F019,F033,6,T1,1,60.0,2026-08-03 00:00,2026-08-04 09:54,shift,3,2034,2028,0
P1904,LAND,F027,LAND,FACILITY,outbound,1,0,"[""A01"", ""A02"", ""A03""]",[],,,A01,191.0,"[""A01"", ""A02"", ""A03""]",191.0,A01,F027,46,T1,1,477.5,2026-08-04 07:53,2026-08-05 08:56,shift,3,1503,1457,0
P1905,A02,F024,AIRPORT,FACILITY,outbound,0,0,"[""A02""]",[],A02,,A01,211.0,"[""A01"", ""A02"", ""A03""]",219.0,A02,F024,53,T1,1,547.5,2026-08-07 10:01,2026-08-09 11:01,shift,3,2940,2887,0
P1906,LAND,F023,LAND,FACILITY,outbound,1,0,"[""A01"", ""A02"", ""A03""]",[],,,A02,267.0,"[""A02"", ""A01"", ""A03""]",267.0,A02,F023,73,T2,1,667.5,2026-08-04 06:17,2026-08-05 07:30,shift,3,1513,1440,0
P1907,A01,F010,AIRPORT,FACILITY,outbound,0,0,"[""A01""]",[],A01,,A01,216.0,"[""A01"", ""A02"", ""A03""]",216.0,A01,F010,52,T1,1,540.0,2026-08-04 08:32,2026-08-06 09:31,shift,3,2939,2887,0
P1908,LAND,F040,LAND,FACILITY,outbound,1,0,"[""A01"", ""A02"", ""A03""]",[],,,A03,342.0,"[""A03"", ""A02"", ""A01""]",342.0,A03,F040,94,T2,1,855.0,2026-08-03 00:00,2026-08-05 07:53,shift,3,3353,3259,0
P1909,F039,F048,FACILITY,FACILITY,shuttle,0,0,[],[],,,A03,254.0,"[""A03"", ""A02"", ""A01""]",31.0,F039,F048,8,T1,1,77.5,2026-08-09 07:36,2026-08-09 23:59,shift,3,983,975,0
P1910,LAND,F005,LAND,FACILITY,outbound,1,0,"[""A01"", ""A02"", ""A03""]",[],,,A01,190.0,"[""A01"", ""A02"", ""A03""]",190.0,A01,F005,46,T1,1,475.0,2026-08-07 09:10,2026-08-09 10:02,shift,3,2932,2886,0
P1911,F040,F041,FACILITY,FACILITY,shuttle,0,0,[],[],,,A03,278.0,"[""A03"", ""A02"", ""A01""]",66.0,F040,F041,16,T1,1,165.0,2026-08-03 08:40,2026-08-05 09:19,shift,3,2919,2903,0
P1912,F049,F048,FACILITY,FACILITY,shuttle,0,0,[],[],,,A03,254.0,"[""A03"", ""A02"", ""A01""]",34.0,F049,F048,9,T1,1,85.0,2026-08-07 07:52,2026-08-09 23:59,shift,3,3847,3838,0
P1913,A03,F038,AIRPORT,FACILITY,outbound,0,0,"[""A03""]",[],A03,,A03,263.0,"[""A03"", ""A02"", ""A01""]",263.0,A03,F038,72,T2,1,657.5,2026-08-06 08:07,2026-08-07 09:31,shift,3,1524,1452,0
P1914,F052,LAND,FACILITY,LAND,inbound,0,1,[],"[""A01"", ""A02"", ""A03""]",,,A02,259.0,"[""A02"", ""A03"", ""A01""]",259.0,F052,A02,71,T2,0,647.5,2026-08-09 09:56,2026-08-09 23:59,shift,3,843,772,0
P1915,F027,LAND,FACILITY,LAND,inbound,0,1,[],"[""A01"", ""A02"", ""A03""]",,,A01,191.0,"[""A01"", ""A02"", ""A03""]",191.0,F027,A01,46,T1,0,477.5,2026-08-04 09:06,2026-08-06 10:09,shift,3,2943,2897,0
P1916,LAND,F034,LAND,FACILITY,outbound,1,0,"[""A01"", ""A02"", ""A03""]",[],,,A01,246.0,"[""A01"", ""A02"", ""A03""]",246.0,A01,F034,60,T1,1,615.0,2026-08-05 08:12,2026-08-07 09:54,shift,3,2982,2922,0
P1917,F001,F016,FACILITY,FACILITY,shuttle,0,0,[],[],,,A01,181.0,"[""A01"", ""A02"", ""A03""]",41.0,F001,F016,10,T1,1,102.5,2026-08-03 00:00,2026-08-04 11:46,shift,3,2146,2136,0
P1918,F046,F047,FACILITY,FACILITY,shuttle,0,0,[],[],,,A02,241.0,"[""A02"", ""A01"", ""A03""]",15.0,F046,F047,4,T1,1,37.5,2026-08-05 10:00,2026-08-08 10:05,shift,3,4325,4321,0
P1919,LAND,F029,LAND,FACILITY,outbound,1,0,"[""A01"", ""A02"", ""A03""]",[],,,A01,211.0,"[""A01"", ""A02"", ""A03""]",211.0,A01,F029,51,T1,1,527.5,2026-08-05 08:17,2026-08-05 11:17,production,2,180,129,0
P1920,F011,F015,FACILITY,FACILITY,shuttle,0,0,[],[],,,A01,191.0,"[""A01"", ""A02"", ""A03""]",31.0,F011,F015,8,T1,1,77.5,2026-08-06 07:33,2026-08-07 07:41,shift,3,1448,1440,0
P1921,LAND,F019,LAND,FACILITY,outbound,1,0,"[""A01"", ""A02"", ""A03""]",[],,,A01,204.0,"[""A01"", ""A02"", ""A03""]",204.0,A01,F019,49,T1,1,510.0,2026-08-03 09:07,2026-08-04 10:06,shift,3,1499,1450,0
P1922,F047,F049,FACILITY,FACILITY,shuttle,0,0,[],[],,,A02,239.0,"[""A02"", ""A03"", ""A01""]",19.0,F047,F049,5,T1,1,47.5,2026-08-07 17:06,2026-08-09 17:12,shift,3,2886,2881,0
P1923,F033,LAND,FACILITY,LAND,inbound,0,1,[],"[""A01"", ""A02"", ""A03""]",,,A01,227.0,"[""A01"", ""A02"", ""A03""]",227.0,F033,A01,55,T1,0,567.5,2026-08-05 08:58,2026-08-06 10:14,shift,3,1516,1461,0
P1924,F024,F027,FACILITY,FACILITY,shuttle,0,0,[],[],,,A01,191.0,"[""A01"", ""A02"", ""A03""]",20.0,F024,F027,5,T1,1,50.0,2026-08-04 16:19,2026-08-06 16:24,shift,3,2885,2880,0
P1925,F037,LAND,FACILITY,LAND,inbound,0,1,[],"[""A01"", ""A02"", ""A03""]",,,A03,359.0,"[""A03"", ""A02"", ""A01""]",359.0,F037,A03,98,T2,0,897.5,2026-08-06 09:05,2026-08-07 11:07,shift,3,1562,1464,0
P1926,LAND,F051,LAND,FACILITY,outbound,1,0,"[""A01"", ""A02"", ""A03""]",[],,,A03,279.0,"[""A03"", ""A02"", ""A01""]",279.0,A03,F051,77,T2,1,697.5,2026-08-05 08:57,2026-08-06 10:47,shift,3,1550,1473,0
P1927,F025,LAND,FACILITY,LAND,inbound,0,1,[],"[""A01"", ""A02"", ""A03""]",,,A01,202.0,"[""A01"", ""A02"", ""A03""]",202.0,F025,A01,49,T1,0,505.0,2026-08-03 16:56,2026-08-05 17:52,shift,3,2936,2887,0
P1928,F036,F049,FACILITY,FACILITY,shuttle,0,0,[],[],,,A02,239.0,"[""A02"", ""A03"", ""A01""]",57.0,F036,F049,14,T1,1,142.5,2026-08-09 11:56,2026-08-09 23:59,shift,3,723,709,0
P1929,F002,LAND,FACILITY,LAND,inbound,0,1,[],"[""A01"", ""A02"", ""A03""]",,,A01,217.0,"[""A01"", ""A02"", ""A03""]",217.0,F002,A01,53,T1,0,542.5,2026-08-08 08:44,2026-08-09 23:59,shift,3,2355,2302,0
P1930,F011,A01,FACILITY,AIRPORT,inbound,0,0,[],"[""A01""]",,A01,A01,201.0,"[""A01"", ""A02"", ""A03""]",201.0,F011,A01,49,T1,0,502.5,2026-08-04 10:58,2026-08-06 11:53,shift,3,2935,2886,0
P1931,F038,F045,FACILITY,FACILITY,shuttle,0,0,[],[],,,A03,260.0,"[""A03"", ""A02"", ""A01""]",31.0,F038,F045,8,T1,1,77.5,2026-08-03 00:00,2026-08-05 16:59,shift,3,3899,3891,0
P1932,F038,F039,FACILITY,FACILITY,shuttle,0,0,[],[],,,A03,223.0,"[""A03"", ""A02"", ""A01""]",42.0,F038,F039,11,T1,1,105.0,2026-08-07 10:20,2026-08-09 23:59,temporary,4,3699,3688,0
P1933,LAND,F005,LAND,FACILITY,outbound,1,0,"[""A01"", ""A02"", ""A03""]",[],,,A01,190.0,"[""A01"", ""A02"", ""A03""]",190.0,A01,F005,46,T1,1,475.0,2026-08-03 00:00,2026-08-04 09:40,shift,3,2020,1974,0
P1934,F040,F041,FACILITY,FACILITY,shuttle,0,0,[],[],,,A03,278.0,"[""A03"", ""A02"", ""A01""]",66.0,F040,F041,16,T1,1,165.0,2026-08-04 08:10,2026-08-04 10:17,production,2,127,111,0
P1935,F026,LAND,FACILITY,LAND,inbound,0,1,[],"[""A01"", ""A02"", ""A03""]",,,A01,204.0,"[""A01"", ""A02"", ""A03""]",204.0,F026,A01,49,T1,0,510.0,2026-08-03 08:34,2026-08-05 09:44,shift,3,2950,2901,0
P1936,LAND,F039,LAND,FACILITY,outbound,1,0,"[""A01"", ""A02"", ""A03""]",[],,,A03,223.0,"[""A03"", ""A02"", ""A01""]",223.0,A03,F039,54,T1,1,557.5,2026-08-03 07:19,2026-08-04 08:30,shift,3,1511,1457,0
P1937,F012,LAND,FACILITY,LAND,inbound,0,1,[],"[""A01"", ""A02"", ""A03""]",,,A01,208.0,"[""A01"", ""A02"", ""A03""]",208.0,F012,A01,50,T1,0,520.0,2026-08-04 11:41,2026-08-06 12:47,shift,3,2946,2896,0
P1938,F025,F027,FACILITY,FACILITY,shuttle,0,0,[],[],,,A01,191.0,"[""A01"", ""A02"", ""A03""]",34.0,F025,F027,9,T1,1,85.0,2026-08-05 09:36,2026-08-08 10:11,shift,3,4355,4346,0
P1939,F012,LAND,FACILITY,LAND,inbound,0,1,[],"[""A01"", ""A02"", ""A03""]",,,A01,208.0,"[""A01"", ""A02"", ""A03""]",208.0,F012,A01,50,T1,0,520.0,2026-08-03 11:41,2026-08-06 12:47,shift,3,4386,4336,0
P1940,LAND,F032,LAND,FACILITY,outbound,1,0,"[""A01"", ""A02"", ""A03""]",[],,,A02,279.0,"[""A02"", ""A01"", ""A03""]",279.0,A02,F032,77,T2,1,697.5,2026-08-04 06:54,2026-08-07 08:31,shift,3,4417,4340,0
P1941,F036,LAND,FACILITY,LAND,inbound,0,1,[],"[""A01"", ""A02"", ""A03""]",,,A02,215.0,"[""A02"", ""A01"", ""A03""]",215.0,F036,A02,52,T1,0,537.5,2026-08-08 16:40,2026-08-09 23:59,shift,3,1879,1827,0
P1942,F039,LAND,FACILITY,LAND,inbound,0,1,[],"[""A01"", ""A02"", ""A03""]",,,A03,223.0,"[""A03"", ""A02"", ""A01""]",223.0,F039,A03,54,T1,0,557.5,2026-08-03 00:00,2026-08-05 09:51,shift,3,3471,3417,0
P1943,F016,LAND,FACILITY,LAND,inbound,0,1,[],"[""A01"", ""A02"", ""A03""]",,,A01,181.0,"[""A01"", ""A02"", ""A03""]",181.0,F016,A01,44,T1,0,452.5,2026-08-05 16:00,2026-08-07 17:13,shift,3,2953,2909,0
P1944,LAND,F052,LAND,FACILITY,outbound,1,0,"[""A01"", ""A02"", ""A03""]",[],,,A02,259.0,"[""A02"", ""A03"", ""A01""]",259.0,A02,F052,71,T2,1,647.5,2026-08-05 08:58,2026-08-08 11:09,shift,3,4451,4380,0
P1945,LAND,F033,LAND,FACILITY,outbound,1,0,"[""A01"", ""A02"", ""A03""]",[],,,A01,227.0,"[""A01"", ""A02"", ""A03""]",227.0,A01,F033,55,T1,1,567.5,2026-08-05 07:32,2026-08-07 08:48,shift,3,2956,2901,0
P1946,F014,A01,FACILITY,AIRPORT,inbound,0,0,[],"[""A01""]",,A01,A01,164.0,"[""A01"", ""A02"", ""A03""]",164.0,F014,A01,40,T1,0,410.0,2026-08-05 08:17,2026-08-07 09:09,shift,3,2932,2892,0
P1947,F045,LAND,FACILITY,LAND,inbound,0,1,[],"[""A01"", ""A02"", ""A03""]",,,A03,260.0,"[""A03"", ""A02"", ""A01""]",260.0,F045,A03,71,T2,0,650.0,2026-08-07 17:15,2026-08-09 18:38,shift,3,2963,2892,0
P1948,LAND,F043,LAND,FACILITY,outbound,1,0,"[""A01"", ""A02"", ""A03""]",[],,,A03,303.0,"[""A03"", ""A02"", ""A01""]",303.0,A03,F043,83,T2,1,757.5,2026-08-07 07:00,2026-08-09 08:46,shift,3,2986,2903,0
P1949,LAND,F009,LAND,FACILITY,outbound,1,0,"[""A01"", ""A02"", ""A03""]",[],,,A01,166.0,"[""A01"", ""A02"", ""A03""]",166.0,A01,F009,40,T1,1,415.0,2026-08-04 07:53,2026-08-06 08:33,shift,3,2920,2880,0
P1950,F048,LAND,FACILITY,LAND,inbound,0,1,[],"[""A01"", ""A02"", ""A03""]",,,A03,254.0,"[""A03"", ""A02"", ""A01""]",254.0,F048,A03,70,T2,0,635.0,2026-08-08 10:31,2026-08-09 11:52,shift,3,1521,1451,0
P1951,F003,F008,FACILITY,FACILITY,shuttle,0,0,[],[],,,A01,221.0,"[""A01"", ""A02"", ""A03""]",38.0,F003,F008,10,T1,1,95.0,2026-08-03 10:06,2026-08-05 10:17,shift,3,2891,2881,0
P1952,F037,LAND,FACILITY,LAND,inbound,0,1,[],"[""A01"", ""A02"", ""A03""]",,,A03,359.0,"[""A03"", ""A02"", ""A01""]",359.0,F037,A03,98,T2,0,897.5,2026-08-03 00:00,2026-08-05 13:42,temporary,4,3702,3604,0
P1953,F048,F039,FACILITY,FACILITY,shuttle,0,0,[],[],,,A03,223.0,"[""A03"", ""A02"", ""A01""]",31.0,F048,F039,8,T1,1,77.5,2026-08-07 10:52,2026-08-08 11:02,shift,3,1450,1442,0
P1954,LAND,F002,LAND,FACILITY,outbound,1,0,"[""A01"", ""A02"", ""A03""]",[],,,A01,217.0,"[""A01"", ""A02"", ""A03""]",217.0,A01,F002,53,T1,1,542.5,2026-08-06 06:42,2026-08-06 09:58,production,2,196,143,0
P1955,F028,F018,FACILITY,FACILITY,shuttle,0,0,[],[],,,A01,196.0,"[""A01"", ""A02"", ""A03""]",65.0,F028,F018,16,T1,1,162.5,2026-08-07 10:44,2026-08-08 11:02,shift,3,1458,1442,0
P1956,LAND,F029,LAND,FACILITY,outbound,1,0,"[""A01"", ""A02"", ""A03""]",[],,,A01,211.0,"[""A01"", ""A02"", ""A03""]",211.0,A01,F029,51,T1,1,527.5,2026-08-07 09:07,2026-08-09 10:24,shift,3,2957,2906,0
P1957,F033,LAND,FACILITY,LAND,inbound,0,1,[],"[""A01"", ""A02"", ""A03""]",,,A01,227.0,"[""A01"", ""A02"", ""A03""]",227.0,F033,A01,55,T1,0,567.5,2026-08-05 08:58,2026-08-06 10:14,shift,3,1516,1461,0
P1958,F021,A02,FACILITY,AIRPORT,inbound,0,0,[],"[""A02""]",,A02,A01,218.0,"[""A01"", ""A02"", ""A03""]",220.0,F021,A02,53,T1,0,550.0,2026-08-09 09:41,2026-08-09 23:59,shift,3,858,805,0
P1959,LAND,F049,LAND,FACILITY,outbound,1,0,"[""A01"", ""A02"", ""A03""]",[],,,A02,239.0,"[""A02"", ""A03"", ""A01""]",239.0,A02,F049,58,T1,1,597.5,2026-08-05 06:41,2026-08-07 08:23,shift,3,2982,2924,0
P1960,LAND,F044,LAND,FACILITY,outbound,1,0,"[""A01"", ""A02"", ""A03""]",[],,,A03,317.0,"[""A03"", ""A02"", ""A01""]",317.0,A03,F044,87,T2,1,792.5,2026-08-07 06:21,2026-08-09 08:02,shift,3,2981,2894,0
P1961,F006,LAND,FACILITY,LAND,inbound,0,1,[],"[""A01"", ""A02"", ""A03""]",,,A01,235.0,"[""A01"", ""A02"", ""A03""]",235.0,F006,A01,57,T1,0,587.5,2026-08-03 00:00,2026-08-04 12:02,shift,3,2162,2105,0
P1962,LAND,F051,LAND,FACILITY,outbound,1,0,"[""A01"", ""A02"", ""A03""]",[],,,A03,279.0,"[""A03"", ""A02"", ""A01""]",279.0,A03,F051,77,T2,1,697.5,2026-08-09 06:40,2026-08-09 10:10,production,2,210,133,0
P1963,F038,F045,FACILITY,FACILITY,shuttle,0,0,[],[],,,A03,260.0,"[""A03"", ""A02"", ""A01""]",31.0,F038,F045,8,T1,1,77.5,2026-08-03 16:49,2026-08-05 16:59,shift,3,2890,2882,0
P1964,F018,LAND,FACILITY,LAND,inbound,0,1,[],"[""A01"", ""A02"", ""A03""]",,,A01,196.0,"[""A01"", ""A02"", ""A03""]",196.0,F018,A01,48,T1,0,490.0,2026-08-08 10:23,2026-08-09 23:59,shift,3,2256,2208,0
P1965,F042,LAND,FACILITY,LAND,inbound,0,1,[],"[""A01"", ""A02"", ""A03""]",,,A03,368.0,"[""A03"", ""A02"", ""A01""]",368.0,F042,A03,101,T2,0,920.0,2026-08-06 08:20,2026-08-09 10:23,shift,3,4443,4342,0
P1966,F028,LAND,FACILITY,LAND,inbound,0,1,[],"[""A01"", ""A02"", ""A03""]",,,A01,217.0,"[""A01"", ""A02"", ""A03""]",217.0,F028,A01,53,T1,0,542.5,2026-08-07 07:59,2026-08-08 09:16,shift,3,1517,1464,0
P1967,F041,LAND,FACILITY,LAND,inbound,0,1,[],"[""A01"", ""A02"", ""A03""]",,,A03,278.0,"[""A03"", ""A02"", ""A01""]",278.0,F041,A03,76,T2,0,695.0,2026-08-04 10:52,2026-08-06 13:37,shift,3,3045,2969,0
P1968,LAND,F011,LAND,FACILITY,outbound,1,0,"[""A01"", ""A02"", ""A03""]",[],,,A01,201.0,"[""A01"", ""A02"", ""A03""]",201.0,A01,F011,49,T1,1,502.5,2026-08-04 09:43,2026-08-05 10:38,shift,3,1495,1446,0
P1969,LAND,F039,LAND,FACILITY,outbound,1,0,"[""A01"", ""A02"", ""A03""]",[],,,A03,223.0,"[""A03"", ""A02"", ""A01""]",223.0,A03,F039,54,T1,1,557.5,2026-08-03 00:00,2026-08-04 08:30,shift,3,1950,1896,0
P1970,F014,A01,FACILITY,AIRPORT,inbound,0,0,[],"[""A01""]",,A01,A01,164.0,"[""A01"", ""A02"", ""A03""]",164.0,F014,A01,40,T1,0,410.0,2026-08-08 09:49,2026-08-09 23:59,shift,3,2290,2250,0
P1971,F012,F015,FACILITY,FACILITY,shuttle,0,0,[],[],,,A01,191.0,"[""A01"", ""A02"", ""A03""]",33.0,F012,F015,8,T1,1,82.5,2026-08-06 10:21,2026-08-08 10:30,shift,3,2889,2881,0
P1972,F015,LAND,FACILITY,LAND,inbound,0,1,[],"[""A01"", ""A02"", ""A03""]",,,A01,191.0,"[""A01"", ""A02"", ""A03""]",191.0,F015,A01,46,T1,0,477.5,2026-08-05 08:29,2026-08-07 09:15,shift,3,2926,2880,0
P1973,F031,LAND,FACILITY,LAND,inbound,0,1,[],"[""A01"", ""A02"", ""A03""]",,,A02,242.0,"[""A02"", ""A01"", ""A03""]",242.0,F031,A02,59,T1,0,605.0,2026-08-08 11:40,2026-08-09 12:46,shift,3,1506,1447,0
P1974,F011,LAND,FACILITY,LAND,inbound,0,1,[],"[""A01"", ""A02"", ""A03""]",,,A01,201.0,"[""A01"", ""A02"", ""A03""]",201.0,F011,A01,49,T1,0,502.5,2026-08-07 07:51,2026-08-09 08:46,shift,3,2935,2886,0
P1975,F044,F037,FACILITY,FACILITY,shuttle,0,0,[],[],,,A03,359.0,"[""A03"", ""A02"", ""A01""]",54.0,F044,F037,13,T1,1,135.0,2026-08-06 12:07,2026-08-08 12:20,shift,3,2893,2880,0
P1976,F041,A03,FACILITY,AIRPORT,inbound,0,0,[],"[""A03""]",,A03,A03,278.0,"[""A03"", ""A02"", ""A01""]",278.0,F041,A03,76,T2,0,695.0,2026-08-03 10:52,2026-08-05 13:37,shift,3,3045,2969,0
P1977,F041,F045,FACILITY,FACILITY,shuttle,0,0,[],[],,,A03,260.0,"[""A03"", ""A02"", ""A01""]",20.0,F041,F045,5,T1,1,50.0,2026-08-04 10:20,2026-08-06 10:27,shift,3,2887,2882,0
P1978,LAND,F041,LAND,FACILITY,outbound,1,0,"[""A01"", ""A02"", ""A03""]",[],,,A03,278.0,"[""A03"", ""A02"", ""A01""]",278.0,A03,F041,76,T2,1,695.0,2026-08-03 08:33,2026-08-06 10:42,shift,3,4449,4373,0
P1979,F034,LAND,FACILITY,LAND,inbound,0,1,[],"[""A01"", ""A02"", ""A03""]",,,A01,246.0,"[""A01"", ""A02"", ""A03""]",246.0,F034,A01,60,T1,0,615.0,2026-08-08 08:05,2026-08-09 09:26,shift,3,1521,1461,0
P1980,F040,LAND,FACILITY,LAND,inbound,0,1,[],"[""A01"", ""A02"", ""A03""]",,,A03,342.0,"[""A03"", ""A02"", ""A01""]",342.0,F040,A03,94,T2,0,855.0,2026-08-04 12:05,2026-08-08 14:47,temporary,4,5922,5828,0
P1981,LAND,F047,LAND,FACILITY,outbound,1,0,"[""A01"", ""A02"", ""A03""]",[],,,A02,241.0,"[""A02"", ""A01"", ""A03""]",241.0,A02,F047,58,T1,1,602.5,2026-08-05 09:10,2026-08-05 11:21,emergency,1,131,73,0
P1982,LAND,F019,LAND,FACILITY,outbound,1,0,"[""A01"", ""A02"", ""A03""]",[],,,A01,204.0,"[""A01"", ""A02"", ""A03""]",204.0,A01,F019,49,T1,1,510.0,2026-08-03 00:00,2026-08-06 10:06,temporary,4,4926,4877,0
P1983,F007,A01,FACILITY,AIRPORT,inbound,0,0,[],"[""A01""]",,A01,A01,233.0,"[""A01"", ""A02"", ""A03""]",233.0,F007,A01,56,T1,0,582.5,2026-08-03 00:00,2026-08-05 09:29,shift,3,3449,3393,0
P1984,LAND,F022,LAND,FACILITY,outbound,1,0,"[""A01"", ""A02"", ""A03""]",[],,,A01,194.0,"[""A01"", ""A02"", ""A03""]",194.0,A01,F022,47,T1,1,485.0,2026-08-03 07:37,2026-08-05 08:57,shift,3,2960,2913,0
P1985,F035,LAND,FACILITY,LAND,inbound,0,1,[],"[""A01"", ""A02"", ""A03""]",,,A01,258.0,"[""A01"", ""A02"", ""A03""]",258.0,F035,A01,71,T2,0,645.0,2026-08-09 10:17,2026-08-09 23:59,shift,3,822,751,0
P1986,F048,LAND,FACILITY,LAND,inbound,0,1,[],"[""A01"", ""A02"", ""A03""]",,,A03,254.0,"[""A03"", ""A02"", ""A01""]",254.0,F048,A03,70,T2,0,635.0,2026-08-04 11:44,2026-08-07 12:54,shift,3,4390,4320,0
P1987,LAND,F021,LAND,FACILITY,outbound,1,0,"[""A01"", ""A02"", ""A03""]",[],,,A01,218.0,"[""A01"", ""A02"", ""A03""]",218.0,A01,F021,53,T1,1,545.0,2026-08-08 08:21,2026-08-09 23:59,shift,3,2378,2325,0
P1988,LAND,F023,LAND,FACILITY,outbound,1,0,"[""A01"", ""A02"", ""A03""]",[],,,A02,267.0,"[""A02"", ""A01"", ""A03""]",267.0,A02,F023,73,T2,1,667.5,2026-08-06 15:16,2026-08-08 16:41,shift,3,2965,2892,0
P1989,F043,LAND,FACILITY,LAND,inbound,0,1,[],"[""A01"", ""A02"", ""A03""]",,,A03,303.0,"[""A03"", ""A02"", ""A01""]",303.0,F043,A03,83,T2,0,757.5,2026-08-07 08:10,2026-08-07 11:17,production,2,187,104,0
P1990,F023,LAND,FACILITY,LAND,inbound,0,1,[],"[""A01"", ""A02"", ""A03""]",,,A02,267.0,"[""A02"", ""A01"", ""A03""]",267.0,F023,A02,73,T2,0,667.5,2026-08-04 07:05,2026-08-04 10:10,production,2,185,112,0
P1991,LAND,F027,LAND,FACILITY,outbound,1,0,"[""A01"", ""A02"", ""A03""]",[],,,A01,191.0,"[""A01"", ""A02"", ""A03""]",191.0,A01,F027,46,T1,1,477.5,2026-08-06 15:07,2026-08-08 16:10,shift,3,2943,2897,0
P1992,LAND,F013,LAND,FACILITY,outbound,1,0,"[""A01"", ""A02"", ""A03""]",[],,,A01,279.0,"[""A01"", ""A02"", ""A03""]",279.0,A01,F013,77,T2,1,697.5,2026-08-04 06:47,2026-08-07 08:16,shift,3,4409,4332,0
P1993,F010,F007,FACILITY,FACILITY,shuttle,0,0,[],[],,,A01,233.0,"[""A01"", ""A02"", ""A03""]",37.0,F010,F007,9,T1,1,92.5,2026-08-04 07:53,2026-08-07 08:27,shift,3,4354,4345,0
P1994,LAND,F034,LAND,FACILITY,outbound,1,0,"[""A01"", ""A02"", ""A03""]",[],,,A01,246.0,"[""A01"", ""A02"", ""A03""]",246.0,A01,F034,60,T1,1,615.0,2026-08-04 08:12,2026-08-06 09:54,shift,3,2982,2922,0
P1995,F041,LAND,FACILITY,LAND,inbound,0,1,[],"[""A01"", ""A02"", ""A03""]",,,A03,278.0,"[""A03"", ""A02"", ""A01""]",278.0,F041,A03,76,T2,0,695.0,2026-08-07 12:10,2026-08-08 14:55,shift,3,1605,1529,0
P1996,F022,LAND,FACILITY,LAND,inbound,0,1,[],"[""A01"", ""A02"", ""A03""]",,,A01,194.0,"[""A01"", ""A02"", ""A03""]",194.0,F022,A01,47,T1,0,485.0,2026-08-07 10:15,2026-08-09 23:59,temporary,4,3704,3657,0
P1997,F004,LAND,FACILITY,LAND,inbound,0,1,[],"[""A01"", ""A02"", ""A03""]",,,A01,197.0,"[""A01"", ""A02"", ""A03""]",197.0,F004,A01,48,T1,0,492.5,2026-08-03 09:22,2026-08-04 10:16,shift,3,1494,1446,0
P1998,F032,LAND,FACILITY,LAND,inbound,0,1,[],"[""A01"", ""A02"", ""A03""]",,,A02,279.0,"[""A02"", ""A01"", ""A03""]",279.0,F032,A02,77,T2,0,697.5,2026-08-08 07:56,2026-08-08 11:16,production,2,200,123,0
P1999,F002,LAND,FACILITY,LAND,inbound,0,1,[],"[""A01"", ""A02"", ""A03""]",,,A01,217.0,"[""A01"", ""A02"", ""A03""]",217.0,F002,A01,53,T1,0,542.5,2026-08-03 08:36,2026-08-04 10:04,shift,3,1528,1475,0
P2000,F022,LAND,FACILITY,LAND,inbound,0,1,[],"[""A01"", ""A02"", ""A03""]",,,A01,194.0,"[""A01"", ""A02"", ""A03""]",194.0,F022,A01,47,T1,0,485.0,2026-08-06 09:41,2026-08-07 10:47,shift,3,1506,1459,0
P2001,F017,A01,FACILITY,AIRPORT,inbound,0,0,[],"[""A01""]",,A01,A01,153.0,"[""A01"", ""A02"", ""A03""]",153.0,F017,A01,37,T1,0,382.5,2026-08-08 11:03,2026-08-09 23:59,temporary,4,2216,2179,0
P2002,F038,F039,FACILITY,FACILITY,shuttle,0,0,[],[],,,A03,223.0,"[""A03"", ""A02"", ""A01""]",42.0,F038,F039,11,T1,1,105.0,2026-08-08 10:20,2026-08-09 23:59,shift,3,2259,2248,0
P2003,F002,F003,FACILITY,FACILITY,shuttle,0,0,[],[],,,A01,192.0,"[""A01"", ""A02"", ""A03""]",53.0,F002,F003,13,T1,1,132.5,2026-08-09 08:36,2026-08-09 11:23,production,2,167,154,0
P2004,F048,LAND,FACILITY,LAND,inbound,0,1,[],"[""A01"", ""A02"", ""A03""]",,,A03,254.0,"[""A03"", ""A02"", ""A01""]",254.0,F048,A03,70,T2,0,635.0,2026-08-07 10:31,2026-08-09 23:59,shift,3,3688,3618,0
P2005,F017,F014,FACILITY,FACILITY,shuttle,0,0,[],[],,,A01,164.0,"[""A01"", ""A02"", ""A03""]",38.0,F017,F014,10,T1,1,95.0,2026-08-07 08:42,2026-08-08 08:54,shift,3,1452,1442,0
P2006,F012,A01,FACILITY,AIRPORT,inbound,0,0,[],"[""A01""]",,A01,A01,208.0,"[""A01"", ""A02"", ""A03""]",208.0,F012,A01,50,T1,0,520.0,2026-08-08 08:30,2026-08-09 23:59,shift,3,2369,2319,0
P2007,F032,LAND,FACILITY,LAND,inbound,0,1,[],"[""A01"", ""A02"", ""A03""]",,,A02,279.0,"[""A02"", ""A01"", ""A03""]",279.0,F032,A02,77,T2,0,697.5,2026-08-08 08:45,2026-08-09 10:02,shift,3,1517,1440,0
P2008,F020,LAND,FACILITY,LAND,inbound,0,1,[],"[""A01"", ""A02"", ""A03""]",,,A01,171.0,"[""A01"", ""A02"", ""A03""]",171.0,F020,A01,42,T1,0,427.5,2026-08-09 08:49,2026-08-09 23:59,shift,3,910,868,0
P2009,F022,LAND,FACILITY,LAND,inbound,0,1,[],"[""A01"", ""A02"", ""A03""]",,,A01,194.0,"[""A01"", ""A02"", ""A03""]",194.0,F022,A01,47,T1,0,485.0,2026-08-08 10:15,2026-08-09 23:59,shift,3,2264,2217,0
P2010,F026,A02,FACILITY,AIRPORT,inbound,0,0,[],"[""A02""]",,A02,A01,204.0,"[""A01"", ""A02"", ""A03""]",221.0,F026,A02,54,T1,0,552.5,2026-08-06 08:53,2026-08-08 09:54,shift,3,2941,2887,0
P2011,F012,LAND,FACILITY,LAND,inbound,0,1,[],"[""A01"", ""A02"", ""A03""]",,,A01,208.0,"[""A01"", ""A02"", ""A03""]",208.0,F012,A01,50,T1,0,520.0,2026-08-08 08:16,2026-08-08 09:58,emergency,1,102,52,0
P2012,F051,F038,FACILITY,FACILITY,shuttle,0,0,[],[],,,A03,263.0,"[""A03"", ""A02"", ""A01""]",17.0,F051,F038,5,T1,1,42.5,2026-08-07 09:23,2026-08-09 09:28,shift,3,2885,2880,0
P2013,F021,F027,FACILITY,FACILITY,shuttle,0,0,[],[],,,A01,191.0,"[""A01"", ""A02"", ""A03""]",37.0,F021,F027,9,T1,1,92.5,2026-08-03 07:31,2026-08-04 08:06,shift,3,1475,1466,0
P2014,F012,LAND,FACILITY,LAND,inbound,0,1,[],"[""A01"", ""A02"", ""A03""]",,,A01,208.0,"[""A01"", ""A02"", ""A03""]",208.0,F012,A01,50,T1,0,520.0,2026-08-07 08:30,2026-08-09 09:36,shift,3,2946,2896,0
P2015,F019,LAND,FACILITY,LAND,inbound,0,1,[],"[""A01"", ""A02"", ""A03""]",,,A01,204.0,"[""A01"", ""A02"", ""A03""]",204.0,F019,A01,49,T1,0,510.0,2026-08-08 08:20,2026-08-09 23:59,shift,3,2379,2330,0
P2016,F030,A02,FACILITY,AIRPORT,inbound,0,0,[],"[""A02""]",,A02,A01,158.0,"[""A01"", ""A02"", ""A03""]",180.0,F030,A02,44,T1,0,450.0,2026-08-04 10:40,2026-08-06 11:30,shift,3,2930,2886,0
P2017,LAND,F052,LAND,FACILITY,outbound,1,0,"[""A01"", ""A02"", ""A03""]",[],,,A02,259.0,"[""A02"", ""A03"", ""A01""]",259.0,A02,F052,71,T2,1,647.5,2026-08-05 08:58,2026-08-08 11:09,shift,3,4451,4380,0
P2018,LAND,F034,LAND,FACILITY,outbound,1,0,"[""A01"", ""A02"", ""A03""]",[],,,A01,246.0,"[""A01"", ""A02"", ""A03""]",246.0,A01,F034,60,T1,1,615.0,2026-08-04 08:12,2026-08-07 09:54,shift,3,4422,4362,0
P2019,F045,LAND,FACILITY,LAND,inbound,0,1,[],"[""A01"", ""A02"", ""A03""]",,,A03,260.0,"[""A03"", ""A02"", ""A01""]",260.0,F045,A03,71,T2,0,650.0,2026-08-07 17:15,2026-08-09 18:38,shift,3,2963,2892,0
P2020,F042,LAND,FACILITY,LAND,inbound,0,1,[],"[""A01"", ""A02"", ""A03""]",,,A03,368.0,"[""A03"", ""A02"", ""A01""]",368.0,F042,A03,101,T2,0,920.0,2026-08-04 11:30,2026-08-04 15:59,production,2,269,168,0
P2021,F005,LAND,FACILITY,LAND,inbound,0,1,[],"[""A01"", ""A02"", ""A03""]",,,A01,190.0,"[""A01"", ""A02"", ""A03""]",190.0,F005,A01,46,T1,0,475.0,2026-08-06 10:12,2026-08-09 11:04,shift,3,4372,4326,0
P2022,LAND,F048,LAND,FACILITY,outbound,1,0,"[""A01"", ""A02"", ""A03""]",[],,,A03,254.0,"[""A03"", ""A02"", ""A01""]",254.0,A03,F048,70,T2,1,635.0,2026-08-07 08:31,2026-08-09 10:21,shift,3,2990,2920,0
P2023,LAND,F045,LAND,FACILITY,outbound,1,0,"[""A01"", ""A02"", ""A03""]",[],,,A03,260.0,"[""A03"", ""A02"", ""A01""]",260.0,A03,F045,71,T2,1,650.0,2026-08-03 08:54,2026-08-06 10:48,temporary,4,4434,4363,0
P2024,LAND,F002,LAND,FACILITY,outbound,1,0,"[""A01"", ""A02"", ""A03""]",[],,,A01,217.0,"[""A01"", ""A02"", ""A03""]",217.0,A01,F002,53,T1,1,542.5,2026-08-03 06:58,2026-08-05 08:26,shift,3,2968,2915,0
P2025,F042,F040,FACILITY,FACILITY,shuttle,0,0,[],[],,,A03,342.0,"[""A03"", ""A02"", ""A01""]",28.0,F042,F040,7,T1,1,70.0,2026-08-04 09:55,2026-08-07 10:04,shift,3,4329,4322,0
P2026,LAND,F030,LAND,FACILITY,outbound,1,0,"[""A01"", ""A02"", ""A03""]",[],,,A01,158.0,"[""A01"", ""A02"", ""A03""]",158.0,A01,F030,38,T1,1,395.0,2026-08-05 09:40,2026-08-07 10:30,shift,3,2930,2892,0
P2027,LAND,F005,LAND,FACILITY,outbound,1,0,"[""A01"", ""A02"", ""A03""]",[],,,A01,190.0,"[""A01"", ""A02"", ""A03""]",190.0,A01,F005,46,T1,1,475.0,2026-08-03 08:09,2026-08-03 11:06,production,2,177,131,0
P2028,LAND,F002,LAND,FACILITY,outbound,1,0,"[""A01"", ""A02"", ""A03""]",[],,,A01,217.0,"[""A01"", ""A02"", ""A03""]",217.0,A01,F002,53,T1,1,542.5,2026-08-03 06:58,2026-08-05 08:26,shift,3,2968,2915,0
P2029,F043,A03,FACILITY,AIRPORT,inbound,0,0,[],"[""A03""]",,A03,A03,303.0,"[""A03"", ""A02"", ""A01""]",303.0,F043,A03,83,T2,0,757.5,2026-08-06 08:56,2026-08-09 10:19,shift,3,4403,4320,0
P2030,LAND,F002,LAND,FACILITY,outbound,1,0,"[""A01"", ""A02"", ""A03""]",[],,,A01,217.0,"[""A01"", ""A02"", ""A03""]",217.0,A01,F002,53,T1,1,542.5,2026-08-03 06:58,2026-08-05 08:26,shift,3,2968,2915,0
P2031,LAND,F042,LAND,FACILITY,outbound,1,0,"[""A01"", ""A02"", ""A03""]",[],,,A03,368.0,"[""A03"", ""A02"", ""A01""]",368.0,A03,F042,101,T2,1,920.0,2026-08-07 06:07,2026-08-08 08:10,shift,3,1563,1462,0
P2032,LAND,F021,LAND,FACILITY,outbound,1,0,"[""A01"", ""A02"", ""A03""]",[],,,A01,218.0,"[""A01"", ""A02"", ""A03""]",218.0,A01,F021,53,T1,1,545.0,2026-08-08 08:21,2026-08-09 23:59,shift,3,2378,2325,0
P2033,F030,LAND,FACILITY,LAND,inbound,0,1,[],"[""A01"", ""A02"", ""A03""]",,,A01,158.0,"[""A01"", ""A02"", ""A03""]",158.0,F030,A01,38,T1,0,395.0,2026-08-04 10:40,2026-08-07 11:30,shift,3,4370,4332,0
P2034,LAND,F020,LAND,FACILITY,outbound,1,0,"[""A01"", ""A02"", ""A03""]",[],,,A01,171.0,"[""A01"", ""A02"", ""A03""]",171.0,A01,F020,42,T1,1,427.5,2026-08-08 07:48,2026-08-09 23:59,shift,3,2411,2369,0
P2035,F008,LAND,FACILITY,LAND,inbound,0,1,[],"[""A01"", ""A02"", ""A03""]",,,A01,221.0,"[""A01"", ""A02"", ""A03""]",221.0,F008,A01,54,T1,0,552.5,2026-08-04 08:37,2026-08-06 09:54,shift,3,2957,2903,0
P2036,LAND,F044,LAND,FACILITY,outbound,1,0,"[""A01"", ""A02"", ""A03""]",[],,,A03,317.0,"[""A03"", ""A02"", ""A01""]",317.0,A03,F044,87,T2,1,792.5,2026-08-03 07:31,2026-08-05 09:12,shift,3,2981,2894,0
P2037,LAND,F052,LAND,FACILITY,outbound,1,0,"[""A01"", ""A02"", ""A03""]",[],,,A02,259.0,"[""A02"", ""A03"", ""A01""]",259.0,A02,F052,71,T2,1,647.5,2026-08-05 08:58,2026-08-07 11:09,temporary,4,3011,2940,0
P2038,LAND,F021,LAND,FACILITY,outbound,1,0,"[""A01"", ""A02"", ""A03""]",[],,,A01,218.0,"[""A01"", ""A02"", ""A03""]",218.0,A01,F021,53,T1,1,545.0,2026-08-08 08:21,2026-08-09 23:59,shift,3,2378,2325,0
P2039,LAND,F001,LAND,FACILITY,outbound,1,0,"[""A01"", ""A02"", ""A03""]",[],,,A01,219.0,"[""A01"", ""A02"", ""A03""]",219.0,A01,F001,53,T1,1,547.5,2026-08-09 06:53,2026-08-09 23:59,shift,3,1026,973,0
P2040,F003,LAND,FACILITY,LAND,inbound,0,1,[],"[""A01"", ""A02"", ""A03""]",,,A01,192.0,"[""A01"", ""A02"", ""A03""]",192.0,F003,A01,47,T1,0,480.0,2026-08-03 00:00,2026-08-04 09:57,shift,3,2037,1990,0
P2041,LAND,F011,LAND,FACILITY,outbound,1,0,"[""A01"", ""A02"", ""A03""]",[],,,A01,201.0,"[""A01"", ""A02"", ""A03""]",201.0,A01,F011,49,T1,1,502.5,2026-08-07 06:36,2026-08-09 23:59,shift,3,3923,3874,0
P2042,LAND,F034,LAND,FACILITY,outbound,1,0,"[""A01"", ""A02"", ""A03""]",[],,,A01,246.0,"[""A01"", ""A02"", ""A03""]",246.0,A01,F034,60,T1,1,615.0,2026-08-08 06:00,2026-08-08 09:02,production,2,182,122,0
P2043,LAND,F017,LAND,FACILITY,outbound,1,0,"[""A01"", ""A02"", ""A03""]",[],,,A01,153.0,"[""A01"", ""A02"", ""A03""]",153.0,A01,F017,37,T1,1,382.5,2026-08-03 09:39,2026-08-09 10:21,temporary,4,8682,8645,0
P2044,LAND,F013,LAND,FACILITY,outbound,1,0,"[""A01"", ""A02"", ""A03""]",[],,,A01,279.0,"[""A01"", ""A02"", ""A03""]",279.0,A01,F013,77,T2,1,697.5,2026-08-07 07:53,2026-08-09 23:59,shift,3,3846,3769,0
P2045,LAND,F037,LAND,FACILITY,outbound,1,0,"[""A01"", ""A02"", ""A03""]",[],,,A03,359.0,"[""A03"", ""A02"", ""A01""]",359.0,A03,F037,98,T2,1,897.5,2026-08-03 00:00,2026-08-06 11:30,temporary,4,5010,4912,0
P2046,F043,LAND,FACILITY,LAND,inbound,0,1,[],"[""A01"", ""A02"", ""A03""]",,,A03,303.0,"[""A03"", ""A02"", ""A01""]",303.0,F043,A03,83,T2,0,757.5,2026-08-03 12:13,2026-08-06 13:36,shift,3,4403,4320,0
P2047,A03,F038,AIRPORT,FACILITY,outbound,0,0,"[""A03""]",[],A03,,A03,263.0,"[""A03"", ""A02"", ""A01""]",263.0,A03,F038,72,T2,1,657.5,2026-08-03 00:00,2026-08-05 07:59,shift,3,3359,3287,0
P2048,A03,F037,AIRPORT,FACILITY,outbound,0,0,"[""A03""]",[],A03,,A03,359.0,"[""A03"", ""A02"", ""A01""]",359.0,A03,F037,98,T2,1,897.5,2026-08-03 09:28,2026-08-05 11:30,shift,3,3002,2904,0
P2049,F006,A01,FACILITY,AIRPORT,inbound,0,0,[],"[""A01""]",,A01,A01,235.0,"[""A01"", ""A02"", ""A03""]",235.0,F006,A01,57,T1,0,587.5,2026-08-06 08:35,2026-08-09 09:50,shift,3,4395,4338,0
P2050,F047,F049,FACILITY,FACILITY,shuttle,0,0,[],[],,,A02,239.0,"[""A02"", ""A03"", ""A01""]",19.0,F047,F049,5,T1,1,47.5,2026-08-07 17:06,2026-08-09 17:12,shift,3,2886,2881,0
P2051,LAND,F022,LAND,FACILITY,outbound,1,0,"[""A01"", ""A02"", ""A03""]",[],,,A01,194.0,"[""A01"", ""A02"", ""A03""]",194.0,A01,F022,47,T1,1,485.0,2026-08-09 08:59,2026-08-09 23:59,shift,3,900,853,0
P2052,F028,LAND,FACILITY,LAND,inbound,0,1,[],"[""A01"", ""A02"", ""A03""]",,,A01,217.0,"[""A01"", ""A02"", ""A03""]",217.0,F028,A01,53,T1,0,542.5,2026-08-06 07:59,2026-08-08 09:16,shift,3,2957,2904,0
P2053,F023,LAND,FACILITY,LAND,inbound,0,1,[],"[""A01"", ""A02"", ""A03""]",,,A02,267.0,"[""A02"", ""A01"", ""A03""]",267.0,F023,A02,73,T2,0,667.5,2026-08-04 07:26,2026-08-04 09:35,emergency,1,129,56,0
P2054,F009,LAND,FACILITY,LAND,inbound,0,1,[],"[""A01"", ""A02"", ""A03""]",,,A01,166.0,"[""A01"", ""A02"", ""A03""]",166.0,F009,A01,40,T1,0,415.0,2026-08-03 08:43,2026-08-05 10:01,shift,3,2958,2918,0
P2055,LAND,F025,LAND,FACILITY,outbound,1,0,"[""A01"", ""A02"", ""A03""]",[],,,A01,202.0,"[""A01"", ""A02"", ""A03""]",202.0,A01,F025,49,T1,1,505.0,2026-08-04 15:15,2026-08-05 16:46,shift,3,1531,1482,0
P2056,LAND,F032,LAND,FACILITY,outbound,1,0,"[""A01"", ""A02"", ""A03""]",[],,,A02,279.0,"[""A02"", ""A01"", ""A03""]",279.0,A02,F032,77,T2,1,697.5,2026-08-08 06:58,2026-08-09 08:35,shift,3,1537,1460,0
P2057,LAND,F020,LAND,FACILITY,outbound,1,0,"[""A01"", ""A02"", ""A03""]",[],,,A01,171.0,"[""A01"", ""A02"", ""A03""]",171.0,A01,F020,42,T1,1,427.5,2026-08-08 07:48,2026-08-09 23:59,shift,3,2411,2369,0
P2058,LAND,F037,LAND,FACILITY,outbound,1,0,"[""A01"", ""A02"", ""A03""]",[],,,A03,359.0,"[""A03"", ""A02"", ""A01""]",359.0,A03,F037,98,T2,1,897.5,2026-08-03 00:00,2026-08-04 11:30,shift,3,2130,2032,0
P2059,LAND,F051,LAND,FACILITY,outbound,1,0,"[""A01"", ""A02"", ""A03""]",[],,,A03,279.0,"[""A03"", ""A02"", ""A01""]",279.0,A03,F051,77,T2,1,697.5,2026-08-09 07:26,2026-08-09 23:59,shift,3,993,916,0
P2060,F001,F005,FACILITY,FACILITY,shuttle,0,0,[],[],,,A01,190.0,"[""A01"", ""A02"", ""A03""]",50.0,F001,F005,12,T1,1,125.0,2026-08-08 10:14,2026-08-09 23:59,shift,3,2265,2253,0
P2061,LAND,F013,LAND,FACILITY,outbound,1,0,"[""A01"", ""A02"", ""A03""]",[],,,A01,279.0,"[""A01"", ""A02"", ""A03""]",279.0,A01,F013,77,T2,1,697.5,2026-08-08 07:53,2026-08-09 23:59,shift,3,2406,2329,0
P2062,LAND,F005,LAND,FACILITY,outbound,1,0,"[""A01"", ""A02"", ""A03""]",[],,,A01,190.0,"[""A01"", ""A02"", ""A03""]",190.0,A01,F005,46,T1,1,475.0,2026-08-03 00:00,2026-08-05 09:40,shift,3,3460,3414,0
P2063,F037,F040,FACILITY,FACILITY,shuttle,0,0,[],[],,,A03,342.0,"[""A03"", ""A02"", ""A01""]",27.0,F037,F040,7,T1,1,67.5,2026-08-03 00:00,2026-08-04 12:23,shift,3,2183,2176,0
P2064,LAND,F045,LAND,FACILITY,outbound,1,0,"[""A01"", ""A02"", ""A03""]",[],,,A03,260.0,"[""A03"", ""A02"", ""A01""]",260.0,A03,F045,71,T2,1,650.0,2026-08-04 08:54,2026-08-05 10:48,shift,3,1554,1483,0
P2065,LAND,F026,LAND,FACILITY,outbound,1,0,"[""A01"", ""A02"", ""A03""]",[],,,A01,204.0,"[""A01"", ""A02"", ""A03""]",204.0,A01,F026,49,T1,1,510.0,2026-08-07 07:20,2026-08-08 08:43,shift,3,1523,1474,0
P2066,F002,F004,FACILITY,FACILITY,shuttle,0,0,[],[],,,A01,197.0,"[""A01"", ""A02"", ""A03""]",33.0,F002,F004,8,T1,1,82.5,2026-08-04 08:15,2026-08-05 08:56,shift,3,1481,1473,0
P2067,F008,F003,FACILITY,FACILITY,shuttle,0,0,[],[],,,A01,192.0,"[""A01"", ""A02"", ""A03""]",38.0,F008,F003,10,T1,1,95.0,2026-08-05 10:59,2026-08-06 11:10,shift,3,1451,1441,0
P2068,F022,LAND,FACILITY,LAND,inbound,0,1,[],"[""A01"", ""A02"", ""A03""]",,,A01,194.0,"[""A01"", ""A02"", ""A03""]",194.0,F022,A01,47,T1,0,485.0,2026-08-04 09:07,2026-08-05 09:57,shift,3,1490,1443,0
P2069,F030,F026,FACILITY,FACILITY,shuttle,0,0,[],[],,,A01,204.0,"[""A01"", ""A02"", ""A03""]",59.0,F030,F026,15,T1,1,147.5,2026-08-08 16:11,2026-08-09 23:59,shift,3,1908,1893,0
P2070,F036,LAND,FACILITY,LAND,inbound,0,1,[],"[""A01"", ""A02"", ""A03""]",,,A02,215.0,"[""A02"", ""A01"", ""A03""]",215.0,F036,A02,52,T1,0,537.5,2026-08-03 00:00,2026-08-05 18:22,shift,3,3982,3930,0
P2071,F014,F017,FACILITY,FACILITY,shuttle,0,0,[],[],,,A01,153.0,"[""A01"", ""A02"", ""A03""]",38.0,F014,F017,10,T1,1,95.0,2026-08-07 09:23,2026-08-08 10:07,shift,3,1484,1474,0
P2072,F030,F026,FACILITY,FACILITY,shuttle,0,0,[],[],,,A01,204.0,"[""A01"", ""A02"", ""A03""]",59.0,F030,F026,15,T1,1,147.5,2026-08-08 16:11,2026-08-09 16:30,shift,3,1459,1444,0
P2073,F026,A02,FACILITY,AIRPORT,inbound,0,0,[],"[""A02""]",,A02,A01,204.0,"[""A01"", ""A02"", ""A03""]",221.0,F026,A02,54,T1,0,552.5,2026-08-06 08:53,2026-08-08 09:54,shift,3,2941,2887,0
P2074,F016,LAND,FACILITY,LAND,inbound,0,1,[],"[""A01"", ""A02"", ""A03""]",,,A01,181.0,"[""A01"", ""A02"", ""A03""]",181.0,F016,A01,44,T1,0,452.5,2026-08-09 10:32,2026-08-09 23:59,shift,3,807,763,0
P2075,F022,LAND,FACILITY,LAND,inbound,0,1,[],"[""A01"", ""A02"", ""A03""]",,,A01,194.0,"[""A01"", ""A02"", ""A03""]",194.0,F022,A01,47,T1,0,485.0,2026-08-03 09:07,2026-08-06 09:57,shift,3,4370,4323,0
P2076,LAND,F023,LAND,FACILITY,outbound,1,0,"[""A01"", ""A02"", ""A03""]",[],,,A02,267.0,"[""A02"", ""A01"", ""A03""]",267.0,A02,F023,73,T2,1,667.5,2026-08-04 06:17,2026-08-06 07:30,shift,3,2953,2880,0
P2077,LAND,F010,LAND,FACILITY,outbound,1,0,"[""A01"", ""A02"", ""A03""]",[],,,A01,216.0,"[""A01"", ""A02"", ""A03""]",216.0,A01,F010,52,T1,1,540.0,2026-08-04 07:54,2026-08-04 10:50,production,2,176,124,0
P2078,A02,F018,AIRPORT,FACILITY,outbound,0,0,"[""A02""]",[],A02,,A01,196.0,"[""A01"", ""A02"", ""A03""]",214.0,A02,F018,52,T1,1,535.0,2026-08-08 09:11,2026-08-09 23:59,shift,3,2328,2276,0
P2079,LAND,F035,LAND,FACILITY,outbound,1,0,"[""A01"", ""A02"", ""A03""]",[],,,A01,258.0,"[""A01"", ""A02"", ""A03""]",258.0,A01,F035,71,T2,1,645.0,2026-08-09 08:00,2026-08-09 11:34,production,2,214,143,0
P2080,F015,LAND,FACILITY,LAND,inbound,0,1,[],"[""A01"", ""A02"", ""A03""]",,,A01,191.0,"[""A01"", ""A02"", ""A03""]",191.0,F015,A01,46,T1,0,477.5,2026-08-08 10:20,2026-08-09 23:59,shift,3,2259,2213,0
P2081,F001,F005,FACILITY,FACILITY,shuttle,0,0,[],[],,,A01,190.0,"[""A01"", ""A02"", ""A03""]",50.0,F001,F005,12,T1,1,125.0,2026-08-08 10:14,2026-08-09 10:48,shift,3,1474,1462,0
P2082,F003,LAND,FACILITY,LAND,inbound,0,1,[],"[""A01"", ""A02"", ""A03""]",,,A01,192.0,"[""A01"", ""A02"", ""A03""]",192.0,F003,A01,47,T1,0,480.0,2026-08-07 08:09,2026-08-08 09:30,shift,3,1521,1474,0
P2083,F012,A01,FACILITY,AIRPORT,inbound,0,0,[],"[""A01""]",,A01,A01,208.0,"[""A01"", ""A02"", ""A03""]",208.0,F012,A01,50,T1,0,520.0,2026-08-03 11:41,2026-08-06 12:47,shift,3,4386,4336,0
P2084,F018,F026,FACILITY,FACILITY,shuttle,0,0,[],[],,,A01,204.0,"[""A01"", ""A02"", ""A03""]",14.0,F018,F026,4,T1,1,35.0,2026-08-03 08:39,2026-08-04 08:43,shift,3,1444,1440,0
P2085,F019,LAND,FACILITY,LAND,inbound,0,1,[],"[""A01"", ""A02"", ""A03""]",,,A01,204.0,"[""A01"", ""A02"", ""A03""]",204.0,F019,A01,49,T1,0,510.0,2026-08-09 08:20,2026-08-09 23:59,shift,3,939,890,0
P2086,LAND,F030,LAND,FACILITY,outbound,1,0,"[""A01"", ""A02"", ""A03""]",[],,,A01,158.0,"[""A01"", ""A02"", ""A03""]",158.0,A01,F030,38,T1,1,395.0,2026-08-04 09:40,2026-08-06 10:30,shift,3,2930,2892,0
P2087,F037,LAND,FACILITY,LAND,inbound,0,1,[],"[""A01"", ""A02"", ""A03""]",,,A03,359.0,"[""A03"", ""A02"", ""A01""]",359.0,F037,A03,98,T2,0,897.5,2026-08-06 09:05,2026-08-07 11:07,shift,3,1562,1464,0
P2088,LAND,F018,LAND,FACILITY,outbound,1,0,"[""A01"", ""A02"", ""A03""]",[],,,A01,196.0,"[""A01"", ""A02"", ""A03""]",196.0,A01,F018,48,T1,1,490.0,2026-08-09 08:39,2026-08-09 11:22,production,2,163,115,0
P2089,F031,LAND,FACILITY,LAND,inbound,0,1,[],"[""A01"", ""A02"", ""A03""]",,,A02,242.0,"[""A02"", ""A01"", ""A03""]",242.0,F031,A02,59,T1,0,605.0,2026-08-08 11:40,2026-08-09 12:46,shift,3,1506,1447,0
P2090,F006,F007,FACILITY,FACILITY,shuttle,0,0,[],[],,,A01,233.0,"[""A01"", ""A02"", ""A03""]",14.0,F006,F007,4,T1,1,35.0,2026-08-05 09:19,2026-08-06 09:23,shift,3,1444,1440,0
P2091,LAND,F015,LAND,FACILITY,outbound,1,0,"[""A01"", ""A02"", ""A03""]",[],,,A01,191.0,"[""A01"", ""A02"", ""A03""]",191.0,A01,F015,46,T1,1,477.5,2026-08-09 08:53,2026-08-09 23:59,shift,3,906,860,0
P2092,F009,LAND,FACILITY,LAND,inbound,0,1,[],"[""A01"", ""A02"", ""A03""]",,,A01,166.0,"[""A01"", ""A02"", ""A03""]",166.0,F009,A01,40,T1,0,415.0,2026-08-08 10:24,2026-08-09 11:10,shift,3,1486,1446,0
P2093,A03,F042,AIRPORT,FACILITY,outbound,0,0,"[""A03""]",[],A03,,A03,368.0,"[""A03"", ""A02"", ""A01""]",368.0,A03,F042,101,T2,1,920.0,2026-08-07 06:07,2026-08-08 08:10,shift,3,1563,1462,0
P2094,LAND,F040,LAND,FACILITY,outbound,1,0,"[""A01"", ""A02"", ""A03""]",[],,,A03,342.0,"[""A03"", ""A02"", ""A01""]",342.0,A03,F040,94,T2,1,855.0,2026-08-03 06:05,2026-08-05 07:53,shift,3,2988,2894,0
P2095,F052,LAND,FACILITY,LAND,inbound,0,1,[],"[""A01"", ""A02"", ""A03""]",,,A02,259.0,"[""A02"", ""A03"", ""A01""]",259.0,F052,A02,71,T2,0,647.5,2026-08-08 09:56,2026-08-09 23:59,temporary,4,2283,2212,0
P2096,LAND,F005,LAND,FACILITY,outbound,1,0,"[""A01"", ""A02"", ""A03""]",[],,,A01,190.0,"[""A01"", ""A02"", ""A03""]",190.0,A01,F005,46,T1,1,475.0,2026-08-07 09:10,2026-08-08 10:02,shift,3,1492,1446,0
P2097,A02,F032,AIRPORT,FACILITY,outbound,0,0,"[""A02""]",[],A02,,A02,279.0,"[""A02"", ""A01"", ""A03""]",279.0,A02,F032,77,T2,1,697.5,2026-08-07 06:58,2026-08-09 08:35,shift,3,2977,2900,0
P2098,LAND,F030,LAND,FACILITY,outbound,1,0,"[""A01"", ""A02"", ""A03""]",[],,,A01,158.0,"[""A01"", ""A02"", ""A03""]",158.0,A01,F030,38,T1,1,395.0,2026-08-04 09:40,2026-08-06 10:30,shift,3,2930,2892,0
P2099,F023,F032,FACILITY,FACILITY,shuttle,0,0,[],[],,,A02,279.0,"[""A02"", ""A01"", ""A03""]",14.0,F023,F032,4,T1,1,35.0,2026-08-03 11:47,2026-08-06 11:51,shift,3,4324,4320,0
P2100,F010,F007,FACILITY,FACILITY,shuttle,0,0,[],[],,,A01,233.0,"[""A01"", ""A02"", ""A03""]",37.0,F010,F007,9,T1,1,92.5,2026-08-04 07:53,2026-08-06 08:27,shift,3,2914,2905,0
P2101,A02,F029,AIRPORT,FACILITY,outbound,0,0,"[""A02""]",[],A02,,A01,211.0,"[""A01"", ""A02"", ""A03""]",216.0,A02,F029,52,T1,1,540.0,2026-08-05 09:03,2026-08-06 10:28,shift,3,1525,1473,0
P2102,LAND,F006,LAND,FACILITY,outbound,1,0,"[""A01"", ""A02"", ""A03""]",[],,,A01,235.0,"[""A01"", ""A02"", ""A03""]",235.0,A01,F006,57,T1,1,587.5,2026-08-03 09:32,2026-08-05 10:37,shift,3,2945,2888,0
P2103,A02,F018,AIRPORT,FACILITY,outbound,0,0,"[""A02""]",[],A02,,A01,196.0,"[""A01"", ""A02"", ""A03""]",214.0,A02,F018,52,T1,1,535.0,2026-08-03 07:56,2026-08-04 08:48,shift,3,1492,1440,0
P2104,LAND,F032,LAND,FACILITY,outbound,1,0,"[""A01"", ""A02"", ""A03""]",[],,,A02,279.0,"[""A02"", ""A01"", ""A03""]",279.0,A02,F032,77,T2,1,697.5,2026-08-04 06:54,2026-08-07 08:31,temporary,4,4417,4340,0
P2105,LAND,F048,LAND,FACILITY,outbound,1,0,"[""A01"", ""A02"", ""A03""]",[],,,A03,254.0,"[""A03"", ""A02"", ""A01""]",254.0,A03,F048,70,T2,1,635.0,2026-08-07 08:31,2026-08-09 10:21,shift,3,2990,2920,0
P2106,LAND,F010,LAND,FACILITY,outbound,1,0,"[""A01"", ""A02"", ""A03""]",[],,,A01,216.0,"[""A01"", ""A02"", ""A03""]",216.0,A01,F010,52,T1,1,540.0,2026-08-04 07:40,2026-08-04 10:59,production,2,199,147,0
P2107,F016,F005,FACILITY,FACILITY,shuttle,0,0,[],[],,,A01,190.0,"[""A01"", ""A02"", ""A03""]",25.0,F016,F005,6,T1,1,62.5,2026-08-07 11:22,2026-08-09 11:29,shift,3,2887,2881,0
P2108,F047,LAND,FACILITY,LAND,inbound,0,1,[],"[""A01"", ""A02"", ""A03""]",,,A02,241.0,"[""A02"", ""A01"", ""A03""]",241.0,F047,A02,58,T1,0,602.5,2026-08-05 11:11,2026-08-07 12:54,shift,3,2983,2925,0
P2109,F020,LAND,FACILITY,LAND,inbound,0,1,[],"[""A01"", ""A02"", ""A03""]",,,A01,171.0,"[""A01"", ""A02"", ""A03""]",171.0,F020,A01,42,T1,0,427.5,2026-08-03 08:07,2026-08-04 09:06,shift,3,1499,1457,0
P2110,LAND,F047,LAND,FACILITY,outbound,1,0,"[""A01"", ""A02"", ""A03""]",[],,,A02,241.0,"[""A02"", ""A01"", ""A03""]",241.0,A02,F047,58,T1,1,602.5,2026-08-05 09:18,2026-08-06 11:01,shift,3,1543,1485,0
P2111,LAND,F052,LAND,FACILITY,outbound,1,0,"[""A01"", ""A02"", ""A03""]",[],,,A02,259.0,"[""A02"", ""A03"", ""A01""]",259.0,A02,F052,71,T2,1,647.5,2026-08-09 08:03,2026-08-09 23:59,shift,3,956,885,0
P2112,F015,F009,FACILITY,FACILITY,shuttle,0,0,[],[],,,A01,166.0,"[""A01"", ""A02"", ""A03""]",38.0,F015,F009,10,T1,1,95.0,2026-08-06 10:47,2026-08-08 10:58,shift,3,2891,2881,0
P2113,F025,LAND,FACILITY,LAND,inbound,0,1,[],"[""A01"", ""A02"", ""A03""]",,,A01,202.0,"[""A01"", ""A02"", ""A03""]",202.0,F025,A01,49,T1,0,505.0,2026-08-03 16:56,2026-08-05 17:52,temporary,4,2936,2887,0
P2114,F031,LAND,FACILITY,LAND,inbound,0,1,[],"[""A01"", ""A02"", ""A03""]",,,A02,242.0,"[""A02"", ""A01"", ""A03""]",242.0,F031,A02,59,T1,0,605.0,2026-08-05 11:38,2026-08-07 12:44,shift,3,2946,2887,0
P2115,F043,LAND,FACILITY,LAND,inbound,0,1,[],"[""A01"", ""A02"", ""A03""]",,,A03,303.0,"[""A03"", ""A02"", ""A01""]",303.0,F043,A03,83,T2,0,757.5,2026-08-04 12:13,2026-08-06 13:36,shift,3,2963,2880,0
P2116,LAND,F035,LAND,FACILITY,outbound,1,0,"[""A01"", ""A02"", ""A03""]",[],,,A01,258.0,"[""A01"", ""A02"", ""A03""]",258.0,A01,F035,71,T2,1,645.0,2026-08-09 08:40,2026-08-09 23:59,shift,3,919,848,0
P2117,F038,LAND,FACILITY,LAND,inbound,0,1,[],"[""A01"", ""A02"", ""A03""]",,,A03,263.0,"[""A03"", ""A02"", ""A01""]",263.0,F038,A03,72,T2,0,657.5,2026-08-03 08:19,2026-08-04 09:31,shift,3,1512,1440,0
P2118,F038,F039,FACILITY,FACILITY,shuttle,0,0,[],[],,,A03,223.0,"[""A03"", ""A02"", ""A01""]",42.0,F038,F039,11,T1,1,105.0,2026-08-09 10:20,2026-08-09 23:59,shift,3,819,808,0
P2119,LAND,F002,LAND,FACILITY,outbound,1,0,"[""A01"", ""A02"", ""A03""]",[],,,A01,217.0,"[""A01"", ""A02"", ""A03""]",217.0,A01,F002,53,T1,1,542.5,2026-08-09 07:25,2026-08-09 23:59,shift,3,994,941,0
P2120,LAND,F014,LAND,FACILITY,outbound,1,0,"[""A01"", ""A02"", ""A03""]",[],,,A01,164.0,"[""A01"", ""A02"", ""A03""]",164.0,A01,F014,40,T1,1,410.0,2026-08-08 08:19,2026-08-09 23:59,shift,3,2380,2340,0
P2121,F044,F037,FACILITY,FACILITY,shuttle,0,0,[],[],,,A03,359.0,"[""A03"", ""A02"", ""A01""]",54.0,F044,F037,13,T1,1,135.0,2026-08-05 12:07,2026-08-07 12:20,shift,3,2893,2880,0
P2122,LAND,F049,LAND,FACILITY,outbound,1,0,"[""A01"", ""A02"", ""A03""]",[],,,A02,239.0,"[""A02"", ""A03"", ""A01""]",239.0,A02,F049,58,T1,1,597.5,2026-08-05 09:40,2026-08-09 23:59,temporary,4,6619,6561,0
P2123,F024,F027,FACILITY,FACILITY,shuttle,0,0,[],[],,,A01,191.0,"[""A01"", ""A02"", ""A03""]",20.0,F024,F027,5,T1,1,50.0,2026-08-04 16:19,2026-08-06 16:24,shift,3,2885,2880,0
P2124,F022,LAND,FACILITY,LAND,inbound,0,1,[],"[""A01"", ""A02"", ""A03""]",,,A01,194.0,"[""A01"", ""A02"", ""A03""]",194.0,F022,A01,47,T1,0,485.0,2026-08-08 10:15,2026-08-09 23:59,shift,3,2264,2217,0
P2125,F031,F021,FACILITY,FACILITY,shuttle,0,0,[],[],,,A01,218.0,"[""A01"", ""A02"", ""A03""]",44.0,F031,F021,11,T1,1,110.0,2026-08-09 11:14,2026-08-09 23:59,shift,3,765,754,0
P2126,F029,LAND,FACILITY,LAND,inbound,0,1,[],"[""A01"", ""A02"", ""A03""]",,,A01,211.0,"[""A01"", ""A02"", ""A03""]",211.0,F029,A01,51,T1,0,527.5,2026-08-07 10:34,2026-08-09 11:26,shift,3,2932,2881,0
P2127,LAND,F014,LAND,FACILITY,outbound,1,0,"[""A01"", ""A02"", ""A03""]",[],,,A01,164.0,"[""A01"", ""A02"", ""A03""]",164.0,A01,F014,40,T1,1,410.0,2026-08-08 08:19,2026-08-09 23:59,shift,3,2380,2340,0
P2128,F050,F043,FACILITY,FACILITY,shuttle,0,0,[],[],,,A03,303.0,"[""A03"", ""A02"", ""A01""]",115.0,F050,F043,28,T1,1,287.5,2026-08-07 09:47,2026-08-09 23:59,shift,3,3732,3704,0
P2129,LAND,F036,LAND,FACILITY,outbound,1,0,"[""A01"", ""A02"", ""A03""]",[],,,A02,215.0,"[""A02"", ""A01"", ""A03""]",215.0,A02,F036,52,T1,1,537.5,2026-08-05 10:09,2026-08-08 11:47,shift,3,4418,4366,0
P2130,F028,F018,FACILITY,FACILITY,shuttle,0,0,[],[],,,A01,196.0,"[""A01"", ""A02"", ""A03""]",65.0,F028,F018,16,T1,1,162.5,2026-08-07 10:01,2026-08-07 12:28,production,2,147,131,0
P2131,A01,F012,AIRPORT,FACILITY,outbound,0,0,"[""A01""]",[],A01,,A01,208.0,"[""A01"", ""A02"", ""A03""]",208.0,A01,F012,50,T1,1,520.0,2026-08-04 10:25,2026-08-05 11:31,shift,3,1506,1456,0
P2132,F030,LAND,FACILITY,LAND,inbound,0,1,[],"[""A01"", ""A02"", ""A03""]",,,A01,158.0,"[""A01"", ""A02"", ""A03""]",158.0,F030,A01,38,T1,0,395.0,2026-08-04 10:40,2026-08-07 11:30,shift,3,4370,4332,0
P2133,F017,LAND,FACILITY,LAND,inbound,0,1,[],"[""A01"", ""A02"", ""A03""]",,,A01,153.0,"[""A01"", ""A02"", ""A03""]",153.0,F017,A01,37,T1,0,382.5,2026-08-05 10:31,2026-08-08 11:13,shift,3,4362,4325,0
P2134,F021,LAND,FACILITY,LAND,inbound,0,1,[],"[""A01"", ""A02"", ""A03""]",,,A01,218.0,"[""A01"", ""A02"", ""A03""]",218.0,F021,A01,53,T1,0,545.0,2026-08-03 08:59,2026-08-05 10:09,shift,3,2950,2897,0
P2135,F036,LAND,FACILITY,LAND,inbound,0,1,[],"[""A01"", ""A02"", ""A03""]",,,A02,215.0,"[""A02"", ""A01"", ""A03""]",215.0,F036,A02,52,T1,0,537.5,2026-08-09 16:40,2026-08-09 23:59,shift,3,439,387,0
P2136,F040,F041,FACILITY,FACILITY,shuttle,0,0,[],[],,,A03,278.0,"[""A03"", ""A02"", ""A01""]",66.0,F040,F041,16,T1,1,165.0,2026-08-04 08:40,2026-08-05 09:19,shift,3,1479,1463,0
P2137,LAND,F017,LAND,FACILITY,outbound,1,0,"[""A01"", ""A02"", ""A03""]",[],,,A01,153.0,"[""A01"", ""A02"", ""A03""]",153.0,A01,F017,37,T1,1,382.5,2026-08-09 10:11,2026-08-09 23:59,shift,3,828,791,0
P2138,A03,F052,AIRPORT,FACILITY,outbound,0,0,"[""A03""]",[],A03,,A02,259.0,"[""A02"", ""A03"", ""A01""]",261.0,A03,F052,72,T2,1,652.5,2026-08-09 08:03,2026-08-09 23:59,shift,3,956,884,0
P2139,LAND,F017,LAND,FACILITY,outbound,1,0,"[""A01"", ""A02"", ""A03""]",[],,,A01,153.0,"[""A01"", ""A02"", ""A03""]",153.0,A01,F017,37,T1,1,382.5,2026-08-08 10:11,2026-08-09 23:59,shift,3,2268,2231,0
P2140,F023,A02,FACILITY,AIRPORT,inbound,0,0,[],"[""A02""]",,A02,A02,267.0,"[""A02"", ""A01"", ""A03""]",267.0,F023,A02,73,T2,0,667.5,2026-08-06 16:51,2026-08-08 18:16,shift,3,2965,2892,0
P2141,F043,LAND,FACILITY,LAND,inbound,0,1,[],"[""A01"", ""A02"", ""A03""]",,,A03,303.0,"[""A03"", ""A02"", ""A01""]",303.0,F043,A03,83,T2,0,757.5,2026-08-07 08:56,2026-08-08 10:19,shift,3,1523,1440,0
P2142,F036,LAND,FACILITY,LAND,inbound,0,1,[],"[""A01"", ""A02"", ""A03""]",,,A02,215.0,"[""A02"", ""A01"", ""A03""]",215.0,F036,A02,52,T1,0,537.5,2026-08-08 16:40,2026-08-09 23:59,shift,3,1879,1827,0
P2143,LAND,F019,LAND,FACILITY,outbound,1,0,"[""A01"", ""A02"", ""A03""]",[],,,A01,204.0,"[""A01"", ""A02"", ""A03""]",204.0,A01,F019,49,T1,1,510.0,2026-08-09 07:11,2026-08-09 23:59,shift,3,1008,959,0
P2144,F042,F040,FACILITY,FACILITY,shuttle,0,0,[],[],,,A03,342.0,"[""A03"", ""A02"", ""A01""]",28.0,F042,F040,7,T1,1,70.0,2026-08-05 09:05,2026-08-05 11:15,production,2,130,123,0
P2145,LAND,F052,LAND,FACILITY,outbound,1,0,"[""A01"", ""A02"", ""A03""]",[],,,A02,259.0,"[""A02"", ""A03"", ""A01""]",259.0,A02,F052,71,T2,1,647.5,2026-08-09 07:08,2026-08-09 10:37,production,2,209,138,0
P2146,F031,A02,FACILITY,AIRPORT,inbound,0,0,[],"[""A02""]",,A02,A02,242.0,"[""A02"", ""A01"", ""A03""]",242.0,F031,A02,59,T1,0,605.0,2026-08-07 11:40,2026-08-09 12:46,shift,3,2946,2887,0
P2147,F047,LAND,FACILITY,LAND,inbound,0,1,[],"[""A01"", ""A02"", ""A03""]",,,A02,241.0,"[""A02"", ""A01"", ""A03""]",241.0,F047,A02,58,T1,0,602.5,2026-08-04 11:11,2026-08-07 12:54,shift,3,4423,4365,0
P2148,F030,F026,FACILITY,FACILITY,shuttle,0,0,[],[],,,A01,204.0,"[""A01"", ""A02"", ""A03""]",59.0,F030,F026,15,T1,1,147.5,2026-08-08 15:38,2026-08-08 17:21,production,2,103,88,0
P2149,F004,LAND,FACILITY,LAND,inbound,0,1,[],"[""A01"", ""A02"", ""A03""]",,,A01,197.0,"[""A01"", ""A02"", ""A03""]",197.0,F004,A01,48,T1,0,492.5,2026-08-03 00:00,2026-08-05 10:16,shift,3,3496,3448,0
P2150,F011,LAND,FACILITY,LAND,inbound,0,1,[],"[""A01"", ""A02"", ""A03""]",,,A01,201.0,"[""A01"", ""A02"", ""A03""]",201.0,F011,A01,49,T1,0,502.5,2026-08-03 10:58,2026-08-05 11:53,shift,3,2935,2886,0
P2151,F044,LAND,FACILITY,LAND,inbound,0,1,[],"[""A01"", ""A02"", ""A03""]",,,A03,317.0,"[""A03"", ""A02"", ""A01""]",317.0,F044,A03,87,T2,0,792.5,2026-08-04 08:33,2026-08-04 12:29,production,2,236,149,0
P2152,LAND,F017,LAND,FACILITY,outbound,1,0,"[""A01"", ""A02"", ""A03""]",[],,,A01,153.0,"[""A01"", ""A02"", ""A03""]",153.0,A01,F017,37,T1,1,382.5,2026-08-06 08:50,2026-08-06 11:17,production,2,147,110,0
P2153,F024,A02,FACILITY,AIRPORT,inbound,0,0,[],"[""A02""]",,A02,A01,211.0,"[""A01"", ""A02"", ""A03""]",219.0,F024,A02,53,T1,0,547.5,2026-08-04 10:15,2026-08-04 13:09,production,2,174,121,0
P2154,A03,F038,AIRPORT,FACILITY,outbound,0,0,"[""A03""]",[],A03,,A03,263.0,"[""A03"", ""A02"", ""A01""]",263.0,A03,F038,72,T2,1,657.5,2026-08-05 08:07,2026-08-07 09:31,shift,3,2964,2892,0
P2155,F028,F018,FACILITY,FACILITY,shuttle,0,0,[],[],,,A01,196.0,"[""A01"", ""A02"", ""A03""]",65.0,F028,F018,16,T1,1,162.5,2026-08-06 10:44,2026-08-08 11:02,shift,3,2898,2882,0
P2156,LAND,F048,LAND,FACILITY,outbound,1,0,"[""A01"", ""A02"", ""A03""]",[],,,A03,254.0,"[""A03"", ""A02"", ""A01""]",254.0,A03,F048,70,T2,1,635.0,2026-08-08 08:31,2026-08-09 10:21,shift,3,1550,1480,0
P2157,LAND,F032,LAND,FACILITY,outbound,1,0,"[""A01"", ""A02"", ""A03""]",[],,,A02,279.0,"[""A02"", ""A01"", ""A03""]",279.0,A02,F032,77,T2,1,697.5,2026-08-05 06:54,2026-08-06 08:31,shift,3,1537,1460,0
P2158,F036,LAND,FACILITY,LAND,inbound,0,1,[],"[""A01"", ""A02"", ""A03""]",,,A02,215.0,"[""A02"", ""A01"", ""A03""]",215.0,F036,A02,52,T1,0,537.5,2026-08-08 16:40,2026-08-09 23:59,shift,3,1879,1827,0
P2159,A03,F039,AIRPORT,FACILITY,outbound,0,0,"[""A03""]",[],A03,,A03,223.0,"[""A03"", ""A02"", ""A01""]",223.0,A03,F039,54,T1,1,557.5,2026-08-03 07:19,2026-08-04 08:30,shift,3,1511,1457,0
P2160,F020,LAND,FACILITY,LAND,inbound,0,1,[],"[""A01"", ""A02"", ""A03""]",,,A01,171.0,"[""A01"", ""A02"", ""A03""]",171.0,F020,A01,42,T1,0,427.5,2026-08-03 00:00,2026-08-05 09:06,shift,3,3426,3384,0
P2161,F050,F043,FACILITY,FACILITY,shuttle,0,0,[],[],,,A03,303.0,"[""A03"", ""A02"", ""A01""]",115.0,F050,F043,28,T1,1,287.5,2026-08-08 09:47,2026-08-09 23:59,shift,3,2292,2264,0
P2162,F027,LAND,FACILITY,LAND,inbound,0,1,[],"[""A01"", ""A02"", ""A03""]",,,A01,191.0,"[""A01"", ""A02"", ""A03""]",191.0,F027,A01,46,T1,0,477.5,2026-08-07 16:20,2026-08-08 17:23,shift,3,1503,1457,0
P2163,LAND,F009,LAND,FACILITY,outbound,1,0,"[""A01"", ""A02"", ""A03""]",[],,,A01,166.0,"[""A01"", ""A02"", ""A03""]",166.0,A01,F009,40,T1,1,415.0,2026-08-04 07:53,2026-08-06 08:33,shift,3,2920,2880,0
P2164,F006,F007,FACILITY,FACILITY,shuttle,0,0,[],[],,,A01,233.0,"[""A01"", ""A02"", ""A03""]",14.0,F006,F007,4,T1,1,35.0,2026-08-05 08:42,2026-08-05 10:42,production,2,120,116,0
P2165,LAND,F005,LAND,FACILITY,outbound,1,0,"[""A01"", ""A02"", ""A03""]",[],,,A01,190.0,"[""A01"", ""A02"", ""A03""]",190.0,A01,F005,46,T1,1,475.0,2026-08-03 08:48,2026-08-05 09:40,shift,3,2932,2886,0
P2166,LAND,F039,LAND,FACILITY,outbound,1,0,"[""A01"", ""A02"", ""A03""]",[],,,A03,223.0,"[""A03"", ""A02"", ""A01""]",223.0,A03,F039,54,T1,1,557.5,2026-08-06 09:16,2026-08-07 10:27,shift,3,1511,1457,0
P2167,F042,F040,FACILITY,FACILITY,shuttle,0,0,[],[],,,A03,342.0,"[""A03"", ""A02"", ""A01""]",28.0,F042,F040,7,T1,1,70.0,2026-08-05 09:55,2026-08-06 10:04,shift,3,1449,1442,0
P2168,F012,F015,FACILITY,FACILITY,shuttle,0,0,[],[],,,A01,191.0,"[""A01"", ""A02"", ""A03""]",33.0,F012,F015,8,T1,1,82.5,2026-08-05 10:21,2026-08-08 10:30,shift,3,4329,4321,0
P2169,F044,LAND,FACILITY,LAND,inbound,0,1,[],"[""A01"", ""A02"", ""A03""]",,,A03,317.0,"[""A03"", ""A02"", ""A01""]",317.0,F044,A03,87,T2,0,792.5,2026-08-07 08:22,2026-08-08 10:03,shift,3,1541,1454,0
P2170,F035,LAND,FACILITY,LAND,inbound,0,1,[],"[""A01"", ""A02"", ""A03""]",,,A01,258.0,"[""A01"", ""A02"", ""A03""]",258.0,F035,A01,71,T2,0,645.0,2026-08-06 09:43,2026-08-07 11:10,shift,3,1527,1456,0
P2171,LAND,F025,LAND,FACILITY,outbound,1,0,"[""A01"", ""A02"", ""A03""]",[],,,A01,202.0,"[""A01"", ""A02"", ""A03""]",202.0,A01,F025,49,T1,1,505.0,2026-08-04 15:15,2026-08-06 16:46,shift,3,2971,2922,0
P2172,LAND,F031,LAND,FACILITY,outbound,1,0,"[""A01"", ""A02"", ""A03""]",[],,,A02,242.0,"[""A02"", ""A01"", ""A03""]",242.0,A02,F031,59,T1,1,605.0,2026-08-08 10:14,2026-08-09 23:59,shift,3,2265,2206,0
P2173,A01,F004,AIRPORT,FACILITY,outbound,0,0,"[""A01""]",[],A01,,A01,197.0,"[""A01"", ""A02"", ""A03""]",197.0,A01,F004,48,T1,1,492.5,2026-08-06 07:55,2026-08-09 08:43,shift,3,4368,4320,0
P2174,F050,LAND,FACILITY,LAND,inbound,0,1,[],"[""A01"", ""A02"", ""A03""]",,,A03,403.0,"[""A03"", ""A02"", ""A01""]",403.0,F050,A03,128,T3,0,1007.5,2026-08-05 09:44,2026-08-07 11:57,shift,3,3013,2885,0
P2175,F046,LAND,FACILITY,LAND,inbound,0,1,[],"[""A01"", ""A02"", ""A03""]",,,A02,227.0,"[""A02"", ""A03"", ""A01""]",227.0,F046,A02,55,T1,0,567.5,2026-08-03 10:41,2026-08-06 12:24,temporary,4,4423,4368,0
P2176,F040,LAND,FACILITY,LAND,inbound,0,1,[],"[""A01"", ""A02"", ""A03""]",,,A03,342.0,"[""A03"", ""A02"", ""A01""]",342.0,F040,A03,94,T2,0,855.0,2026-08-03 08:03,2026-08-04 10:13,shift,3,1570,1476,0
P2177,F012,F015,FACILITY,FACILITY,shuttle,0,0,[],[],,,A01,191.0,"[""A01"", ""A02"", ""A03""]",33.0,F012,F015,8,T1,1,82.5,2026-08-05 10:21,2026-08-07 10:30,shift,3,2889,2881,0
P2178,LAND,F041,LAND,FACILITY,outbound,1,0,"[""A01"", ""A02"", ""A03""]",[],,,A03,278.0,"[""A03"", ""A02"", ""A01""]",278.0,A03,F041,76,T2,1,695.0,2026-08-07 09:51,2026-08-08 12:00,shift,3,1569,1493,0
P2179,F019,LAND,FACILITY,LAND,inbound,0,1,[],"[""A01"", ""A02"", ""A03""]",,,A01,204.0,"[""A01"", ""A02"", ""A03""]",204.0,F019,A01,49,T1,0,510.0,2026-08-09 08:20,2026-08-09 23:59,shift,3,939,890,0
P2180,F032,LAND,FACILITY,LAND,inbound,0,1,[],"[""A01"", ""A02"", ""A03""]",,,A02,279.0,"[""A02"", ""A01"", ""A03""]",279.0,F032,A02,77,T2,0,697.5,2026-08-05 08:41,2026-08-06 09:58,shift,3,1517,1440,0
P2181,F027,F021,FACILITY,FACILITY,shuttle,0,0,[],[],,,A01,218.0,"[""A01"", ""A02"", ""A03""]",37.0,F027,F021,9,T1,1,92.5,2026-08-06 07:19,2026-08-08 07:52,shift,3,2913,2904,0
P2182,F034,LAND,FACILITY,LAND,inbound,0,1,[],"[""A01"", ""A02"", ""A03""]",,,A01,246.0,"[""A01"", ""A02"", ""A03""]",246.0,F034,A01,60,T1,0,615.0,2026-08-05 10:04,2026-08-07 11:25,shift,3,2961,2901,0
P2183,LAND,F004,LAND,FACILITY,outbound,1,0,"[""A01"", ""A02"", ""A03""]",[],,,A01,197.0,"[""A01"", ""A02"", ""A03""]",197.0,A01,F004,48,T1,1,492.5,2026-08-03 00:00,2026-08-05 09:12,shift,3,3432,3384,0
P2184,F029,F021,FACILITY,FACILITY,shuttle,0,0,[],[],,,A01,218.0,"[""A01"", ""A02"", ""A03""]",17.0,F029,F021,5,T1,1,42.5,2026-08-08 09:49,2026-08-09 09:54,shift,3,1445,1440,0
P2185,LAND,F016,LAND,FACILITY,outbound,1,0,"[""A01"", ""A02"", ""A03""]",[],,,A01,181.0,"[""A01"", ""A02"", ""A03""]",181.0,A01,F016,44,T1,1,452.5,2026-08-09 09:32,2026-08-09 23:59,shift,3,867,823,0
P2186,LAND,F046,LAND,FACILITY,outbound,1,0,"[""A01"", ""A02"", ""A03""]",[],,,A02,227.0,"[""A02"", ""A03"", ""A01""]",227.0,A02,F046,55,T1,1,567.5,2026-08-05 08:48,2026-08-07 10:31,shift,3,2983,2928,0
P2187,F036,F046,FACILITY,FACILITY,shuttle,0,0,[],[],,,A02,227.0,"[""A02"", ""A03"", ""A01""]",41.0,F036,F046,10,T1,1,102.5,2026-08-03 07:50,2026-08-03 08:31,emergency,1,41,31,0
P2188,F002,F004,FACILITY,FACILITY,shuttle,0,0,[],[],,,A01,197.0,"[""A01"", ""A02"", ""A03""]",33.0,F002,F004,8,T1,1,82.5,2026-08-03 08:15,2026-08-05 08:56,shift,3,2921,2913,0
P2189,F014,LAND,FACILITY,LAND,inbound,0,1,[],"[""A01"", ""A02"", ""A03""]",,,A01,164.0,"[""A01"", ""A02"", ""A03""]",164.0,F014,A01,40,T1,0,410.0,2026-08-04 08:17,2026-08-06 09:09,shift,3,2932,2892,0
P2190,F026,F033,FACILITY,FACILITY,shuttle,0,0,[],[],,,A01,227.0,"[""A01"", ""A02"", ""A03""]",35.0,F026,F033,9,T1,1,87.5,2026-08-06 06:56,2026-08-06 09:19,production,2,143,134,0
P2191,F010,LAND,FACILITY,LAND,inbound,0,1,[],"[""A01"", ""A02"", ""A03""]",,,A01,216.0,"[""A01"", ""A02"", ""A03""]",216.0,F010,A01,52,T1,0,540.0,2026-08-04 09:41,2026-08-06 11:09,shift,3,2968,2916,0
P2192,LAND,F016,LAND,FACILITY,outbound,1,0,"[""A01"", ""A02"", ""A03""]",[],,,A01,181.0,"[""A01"", ""A02"", ""A03""]",181.0,A01,F016,44,T1,1,452.5,2026-08-09 09:32,2026-08-09 23:59,shift,3,867,823,0
P2193,F007,F002,FACILITY,FACILITY,shuttle,0,0,[],[],,,A01,217.0,"[""A01"", ""A02"", ""A03""]",30.0,F007,F002,8,T1,1,75.0,2026-08-04 10:22,2026-08-07 10:31,shift,3,4329,4321,0
P2194,LAND,F050,LAND,FACILITY,outbound,1,0,"[""A01"", ""A02"", ""A03""]",[],,,A03,403.0,"[""A03"", ""A02"", ""A01""]",403.0,A03,F050,128,T3,1,1007.5,2026-08-05 07:11,2026-08-07 09:24,shift,3,3013,2885,0
P2195,A02,F024,AIRPORT,FACILITY,outbound,0,0,"[""A02""]",[],A02,,A01,211.0,"[""A01"", ""A02"", ""A03""]",219.0,A02,F024,53,T1,1,547.5,2026-08-07 10:01,2026-08-08 11:01,shift,3,1500,1447,0
P2196,F018,F026,FACILITY,FACILITY,shuttle,0,0,[],[],,,A01,204.0,"[""A01"", ""A02"", ""A03""]",14.0,F018,F026,4,T1,1,35.0,2026-08-03 08:39,2026-08-05 08:43,shift,3,2884,2880,0
P2197,F010,LAND,FACILITY,LAND,inbound,0,1,[],"[""A01"", ""A02"", ""A03""]",,,A01,216.0,"[""A01"", ""A02"", ""A03""]",216.0,F010,A01,52,T1,0,540.0,2026-08-04 09:41,2026-08-05 11:09,shift,3,1528,1476,0
P2198,A03,F049,AIRPORT,FACILITY,outbound,0,0,"[""A03""]",[],A03,,A02,239.0,"[""A02"", ""A03"", ""A01""]",243.0,A03,F049,59,T1,1,607.5,2026-08-05 06:00,2026-08-05 09:25,production,2,205,146,0
P2199,F048,F039,FACILITY,FACILITY,shuttle,0,0,[],[],,,A03,223.0,"[""A03"", ""A02"", ""A01""]",31.0,F048,F039,8,T1,1,77.5,2026-08-06 10:52,2026-08-09 11:02,shift,3,4330,4322,0
P2200,F038,F045,FACILITY,FACILITY,shuttle,0,0,[],[],,,A03,260.0,"[""A03"", ""A02"", ""A01""]",31.0,F038,F045,8,T1,1,77.5,2026-08-03 16:49,2026-08-05 16:59,shift,3,2890,2882,0
P2201,F019,LAND,FACILITY,LAND,inbound,0,1,[],"[""A01"", ""A02"", ""A03""]",,,A01,204.0,"[""A01"", ""A02"", ""A03""]",204.0,F019,A01,49,T1,0,510.0,2026-08-06 16:23,2026-08-07 17:52,shift,3,1529,1480,0
P2202,LAND,F005,LAND,FACILITY,outbound,1,0,"[""A01"", ""A02"", ""A03""]",[],,,A01,190.0,"[""A01"", ""A02"", ""A03""]",190.0,A01,F005,46,T1,1,475.0,2026-08-03 00:00,2026-08-04 09:40,shift,3,2020,1974,0
P2203,F033,LAND,FACILITY,LAND,inbound,0,1,[],"[""A01"", ""A02"", ""A03""]",,,A01,227.0,"[""A01"", ""A02"", ""A03""]",227.0,F033,A01,55,T1,0,567.5,2026-08-04 08:58,2026-08-06 10:14,shift,3,2956,2901,0
P2204,F034,LAND,FACILITY,LAND,inbound,0,1,[],"[""A01"", ""A02"", ""A03""]",,,A01,246.0,"[""A01"", ""A02"", ""A03""]",246.0,F034,A01,60,T1,0,615.0,2026-08-08 08:05,2026-08-09 09:26,shift,3,1521,1461,0
P2205,F029,LAND,FACILITY,LAND,inbound,0,1,[],"[""A01"", ""A02"", ""A03""]",,,A01,211.0,"[""A01"", ""A02"", ""A03""]",211.0,F029,A01,51,T1,0,527.5,2026-08-04 10:38,2026-08-07 11:37,shift,3,4379,4328,0
P2206,LAND,F043,LAND,FACILITY,outbound,1,0,"[""A01"", ""A02"", ""A03""]",[],,,A03,303.0,"[""A03"", ""A02"", ""A01""]",303.0,A03,F043,83,T2,1,757.5,2026-08-03 10:17,2026-08-06 12:03,shift,3,4426,4343,0
P2207,A01,F017,AIRPORT,FACILITY,outbound,0,0,"[""A01""]",[],A01,,A01,153.0,"[""A01"", ""A02"", ""A03""]",153.0,A01,F017,37,T1,1,382.5,2026-08-06 08:44,2026-08-06 11:30,production,2,166,129,0
P2208,A01,F003,AIRPORT,FACILITY,outbound,0,0,"[""A01""]",[],A01,,A01,192.0,"[""A01"", ""A02"", ""A03""]",192.0,A01,F003,47,T1,1,480.0,2026-08-03 00:00,2026-08-05 08:26,shift,3,3386,3339,0
P2209,F014,LAND,FACILITY,LAND,inbound,0,1,[],"[""A01"", ""A02"", ""A03""]",,,A01,164.0,"[""A01"", ""A02"", ""A03""]",164.0,F014,A01,40,T1,0,410.0,2026-08-09 09:49,2026-08-09 23:59,shift,3,850,810,0
P2210,F030,F026,FACILITY,FACILITY,shuttle,0,0,[],[],,,A01,204.0,"[""A01"", ""A02"", ""A03""]",59.0,F030,F026,15,T1,1,147.5,2026-08-08 16:11,2026-08-09 23:59,shift,3,1908,1893,0
P2211,F040,F041,FACILITY,FACILITY,shuttle,0,0,[],[],,,A03,278.0,"[""A03"", ""A02"", ""A01""]",66.0,F040,F041,16,T1,1,165.0,2026-08-04 08:40,2026-08-05 09:19,shift,3,1479,1463,0
P2212,F028,LAND,FACILITY,LAND,inbound,0,1,[],"[""A01"", ""A02"", ""A03""]",,,A01,217.0,"[""A01"", ""A02"", ""A03""]",217.0,F028,A01,53,T1,0,542.5,2026-08-07 07:59,2026-08-08 09:16,shift,3,1517,1464,0
P2213,F001,A01,FACILITY,AIRPORT,inbound,0,0,[],"[""A01""]",,A01,A01,219.0,"[""A01"", ""A02"", ""A03""]",219.0,F001,A01,53,T1,0,547.5,2026-08-05 11:18,2026-08-07 12:42,shift,3,2964,2911,0
P2214,F021,F027,FACILITY,FACILITY,shuttle,0,0,[],[],,,A01,191.0,"[""A01"", ""A02"", ""A03""]",37.0,F021,F027,9,T1,1,92.5,2026-08-03 00:00,2026-08-04 08:06,shift,3,1926,1917,0
P2215,F025,LAND,FACILITY,LAND,inbound,0,1,[],"[""A01"", ""A02"", ""A03""]",,,A01,202.0,"[""A01"", ""A02"", ""A03""]",202.0,F025,A01,49,T1,0,505.0,2026-08-06 08:24,2026-08-09 09:20,shift,3,4376,4327,0
P2216,LAND,F020,LAND,FACILITY,outbound,1,0,"[""A01"", ""A02"", ""A03""]",[],,,A01,171.0,"[""A01"", ""A02"", ""A03""]",171.0,A01,F020,42,T1,1,427.5,2026-08-09 06:56,2026-08-09 10:02,production,2,186,144,0
P2217,LAND,F051,LAND,FACILITY,outbound,1,0,"[""A01"", ""A02"", ""A03""]",[],,,A03,279.0,"[""A03"", ""A02"", ""A01""]",279.0,A03,F051,77,T2,1,697.5,2026-08-05 08:57,2026-08-06 10:47,shift,3,1550,1473,0
P2218,LAND,F051,LAND,FACILITY,outbound,1,0,"[""A01"", ""A02"", ""A03""]",[],,,A03,279.0,"[""A03"", ""A02"", ""A01""]",279.0,A03,F051,77,T2,1,697.5,2026-08-04 08:57,2026-08-07 10:47,shift,3,4430,4353,0
P2219,F051,LAND,FACILITY,LAND,inbound,0,1,[],"[""A01"", ""A02"", ""A03""]",,,A03,279.0,"[""A03"", ""A02"", ""A01""]",279.0,F051,A03,77,T2,0,697.5,2026-08-08 09:13,2026-08-09 23:59,shift,3,2326,2249,0
P2220,F052,LAND,FACILITY,LAND,inbound,0,1,[],"[""A01"", ""A02"", ""A03""]",,,A02,259.0,"[""A02"", ""A03"", ""A01""]",259.0,F052,A02,71,T2,0,647.5,2026-08-06 11:19,2026-08-08 13:10,shift,3,2991,2920,0
P2221,F036,LAND,FACILITY,LAND,inbound,0,1,[],"[""A01"", ""A02"", ""A03""]",,,A02,215.0,"[""A02"", ""A01"", ""A03""]",215.0,F036,A02,52,T1,0,537.5,2026-08-09 16:40,2026-08-09 23:59,shift,3,439,387,0
P2222,F039,LAND,FACILITY,LAND,inbound,0,1,[],"[""A01"", ""A02"", ""A03""]",,,A03,223.0,"[""A03"", ""A02"", ""A01""]",223.0,F039,A03,54,T1,0,557.5,2026-08-03 08:40,2026-08-04 09:51,shift,3,1511,1457,0
P2223,F048,F039,FACILITY,FACILITY,shuttle,0,0,[],[],,,A03,223.0,"[""A03"", ""A02"", ""A01""]",31.0,F048,F039,8,T1,1,77.5,2026-08-07 10:08,2026-08-07 12:31,production,2,143,135,0
P2224,LAND,F031,LAND,FACILITY,outbound,1,0,"[""A01"", ""A02"", ""A03""]",[],,,A02,242.0,"[""A02"", ""A01"", ""A03""]",242.0,A02,F031,59,T1,1,605.0,2026-08-08 10:14,2026-08-09 11:20,shift,3,1506,1447,0
P2225,F008,F003,FACILITY,FACILITY,shuttle,0,0,[],[],,,A01,192.0,"[""A01"", ""A02"", ""A03""]",38.0,F008,F003,10,T1,1,95.0,2026-08-05 10:59,2026-08-06 11:10,shift,3,1451,1441,0
P2226,F032,LAND,FACILITY,LAND,inbound,0,1,[],"[""A01"", ""A02"", ""A03""]",,,A02,279.0,"[""A02"", ""A01"", ""A03""]",279.0,F032,A02,77,T2,0,697.5,2026-08-08 08:45,2026-08-09 23:59,shift,3,2354,2277,0
P2227,LAND,F016,LAND,FACILITY,outbound,1,0,"[""A01"", ""A02"", ""A03""]",[],,,A01,181.0,"[""A01"", ""A02"", ""A03""]",181.0,A01,F016,44,T1,1,452.5,2026-08-05 15:06,2026-08-08 15:50,shift,3,4364,4320,0
P2228,LAND,F051,LAND,FACILITY,outbound,1,0,"[""A01"", ""A02"", ""A03""]",[],,,A03,279.0,"[""A03"", ""A02"", ""A01""]",279.0,A03,F051,77,T2,1,697.5,2026-08-04 08:57,2026-08-06 10:47,shift,3,2990,2913,0
P2229,LAND,F017,LAND,FACILITY,outbound,1,0,"[""A01"", ""A02"", ""A03""]",[],,,A01,153.0,"[""A01"", ""A02"", ""A03""]",153.0,A01,F017,37,T1,1,382.5,2026-08-05 09:39,2026-08-07 10:21,shift,3,2922,2885,0
P2230,LAND,F023,LAND,FACILITY,outbound,1,0,"[""A01"", ""A02"", ""A03""]",[],,,A02,267.0,"[""A02"", ""A01"", ""A03""]",267.0,A02,F023,73,T2,1,667.5,2026-08-03 06:17,2026-08-06 07:30,shift,3,4393,4320,0
P2231,F045,A03,FACILITY,AIRPORT,inbound,0,0,[],"[""A03""]",,A03,A03,260.0,"[""A03"", ""A02"", ""A01""]",260.0,F045,A03,71,T2,0,650.0,2026-08-07 17:15,2026-08-08 18:38,shift,3,1523,1452,0
P2232,F028,F018,FACILITY,FACILITY,shuttle,0,0,[],[],,,A01,196.0,"[""A01"", ""A02"", ""A03""]",65.0,F028,F018,16,T1,1,162.5,2026-08-07 10:44,2026-08-09 11:02,shift,3,2898,2882,0
P2233,F049,LAND,FACILITY,LAND,inbound,0,1,[],"[""A01"", ""A02"", ""A03""]",,,A02,239.0,"[""A02"", ""A03"", ""A01""]",239.0,F049,A02,58,T1,0,597.5,2026-08-04 08:33,2026-08-06 09:40,shift,3,2947,2889,0
P2234,F040,F041,FACILITY,FACILITY,shuttle,0,0,[],[],,,A03,278.0,"[""A03"", ""A02"", ""A01""]",66.0,F040,F041,16,T1,1,165.0,2026-08-03 08:40,2026-08-05 09:19,shift,3,2919,2903,0
P2235,F002,LAND,FACILITY,LAND,inbound,0,1,[],"[""A01"", ""A02"", ""A03""]",,,A01,217.0,"[""A01"", ""A02"", ""A03""]",217.0,F002,A01,53,T1,0,542.5,2026-08-08 08:44,2026-08-09 23:59,shift,3,2355,2302,0
P2236,F017,F014,FACILITY,FACILITY,shuttle,0,0,[],[],,,A01,164.0,"[""A01"", ""A02"", ""A03""]",38.0,F017,F014,10,T1,1,95.0,2026-08-06 08:42,2026-08-08 08:54,shift,3,2892,2882,0
P2237,F052,LAND,FACILITY,LAND,inbound,0,1,[],"[""A01"", ""A02"", ""A03""]",,,A02,259.0,"[""A02"", ""A03"", ""A01""]",259.0,F052,A02,71,T2,0,647.5,2026-08-06 11:19,2026-08-08 13:10,shift,3,2991,2920,0
P2238,F006,LAND,FACILITY,LAND,inbound,0,1,[],"[""A01"", ""A02"", ""A03""]",,,A01,235.0,"[""A01"", ""A02"", ""A03""]",235.0,F006,A01,57,T1,0,587.5,2026-08-03 10:57,2026-08-05 12:02,shift,3,2945,2888,0
P2239,LAND,F035,LAND,FACILITY,outbound,1,0,"[""A01"", ""A02"", ""A03""]",[],,,A01,258.0,"[""A01"", ""A02"", ""A03""]",258.0,A01,F035,71,T2,1,645.0,2026-08-08 08:40,2026-08-09 23:59,temporary,4,2359,2288,0
P2240,F018,F026,FACILITY,FACILITY,shuttle,0,0,[],[],,,A01,204.0,"[""A01"", ""A02"", ""A03""]",14.0,F018,F026,4,T1,1,35.0,2026-08-03 07:42,2026-08-03 10:03,production,2,141,137,0
P2241,LAND,F021,LAND,FACILITY,outbound,1,0,"[""A01"", ""A02"", ""A03""]",[],,,A01,218.0,"[""A01"", ""A02"", ""A03""]",218.0,A01,F021,53,T1,1,545.0,2026-08-05 07:44,2026-08-07 08:54,shift,3,2950,2897,0
P2242,F022,F033,FACILITY,FACILITY,shuttle,0,0,[],[],,,A01,227.0,"[""A01"", ""A02"", ""A03""]",33.0,F022,F033,8,T1,1,82.5,2026-08-04 09:47,2026-08-05 09:55,shift,3,1448,1440,0
P2243,LAND,F034,LAND,FACILITY,outbound,1,0,"[""A01"", ""A02"", ""A03""]",[],,,A01,246.0,"[""A01"", ""A02"", ""A03""]",246.0,A01,F034,60,T1,1,615.0,2026-08-07 06:13,2026-08-09 23:59,shift,3,3946,3886,0
P2244,F006,LAND,FACILITY,LAND,inbound,0,1,[],"[""A01"", ""A02"", ""A03""]",,,A01,235.0,"[""A01"", ""A02"", ""A03""]",235.0,F006,A01,57,T1,0,587.5,2026-08-06 08:35,2026-08-09 09:50,shift,3,4395,4338,0
P2245,F036,LAND,FACILITY,LAND,inbound,0,1,[],"[""A01"", ""A02"", ""A03""]",,,A02,215.0,"[""A02"", ""A01"", ""A03""]",215.0,F036,A02,52,T1,0,537.5,2026-08-03 16:49,2026-08-04 18:22,shift,3,1533,1481,0
P2246,F017,LAND,FACILITY,LAND,inbound,0,1,[],"[""A01"", ""A02"", ""A03""]",,,A01,153.0,"[""A01"", ""A02"", ""A03""]",153.0,F017,A01,37,T1,0,382.5,2026-08-09 11:03,2026-08-09 23:59,shift,3,776,739,0
P2247,F038,LAND,FACILITY,LAND,inbound,0,1,[],"[""A01"", ""A02"", ""A03""]",,,A03,263.0,"[""A03"", ""A02"", ""A01""]",263.0,F038,A03,72,T2,0,657.5,2026-08-06 09:51,2026-08-07 11:15,shift,3,1524,1452,0
P2248,A02,F031,AIRPORT,FACILITY,outbound,0,0,"[""A02""]",[],A02,,A02,242.0,"[""A02"", ""A01"", ""A03""]",242.0,A02,F031,59,T1,1,605.0,2026-08-07 10:14,2026-08-09 11:20,shift,3,2946,2887,0
P2249,F025,LAND,FACILITY,LAND,inbound,0,1,[],"[""A01"", ""A02"", ""A03""]",,,A01,202.0,"[""A01"", ""A02"", ""A03""]",202.0,F025,A01,49,T1,0,505.0,2026-08-07 08:24,2026-08-09 09:20,shift,3,2936,2887,0
P2250,LAND,F010,LAND,FACILITY,outbound,1,0,"[""A01"", ""A02"", ""A03""]",[],,,A01,216.0,"[""A01"", ""A02"", ""A03""]",216.0,A01,F010,52,T1,1,540.0,2026-08-08 09:58,2026-08-09 23:59,shift,3,2281,2229,0
P2251,F032,LAND,FACILITY,LAND,inbound,0,1,[],"[""A01"", ""A02"", ""A03""]",,,A02,279.0,"[""A02"", ""A01"", ""A03""]",279.0,F032,A02,77,T2,0,697.5,2026-08-05 08:41,2026-08-06 09:58,shift,3,1517,1440,0
P2252,F040,A03,FACILITY,AIRPORT,inbound,0,0,[],"[""A03""]",,A03,A03,342.0,"[""A03"", ""A02"", ""A01""]",342.0,F040,A03,94,T2,0,855.0,2026-08-07 12:05,2026-08-09 14:47,shift,3,3042,2948,0
P2253,LAND,F050,LAND,FACILITY,outbound,1,0,"[""A01"", ""A02"", ""A03""]",[],,,A03,403.0,"[""A03"", ""A02"", ""A01""]",403.0,A03,F050,128,T3,1,1007.5,2026-08-04 07:11,2026-08-07 09:24,shift,3,4453,4325,0
P2254,F035,LAND,FACILITY,LAND,inbound,0,1,[],"[""A01"", ""A02"", ""A03""]",,,A01,258.0,"[""A01"", ""A02"", ""A03""]",258.0,F035,A01,71,T2,0,645.0,2026-08-08 10:17,2026-08-09 23:59,shift,3,2262,2191,0
P2255,F050,LAND,FACILITY,LAND,inbound,0,1,[],"[""A01"", ""A02"", ""A03""]",,,A03,403.0,"[""A03"", ""A02"", ""A01""]",403.0,F050,A03,128,T3,0,1007.5,2026-08-09 12:50,2026-08-09 23:59,shift,3,669,541,0
P2256,F018,LAND,FACILITY,LAND,inbound,0,1,[],"[""A01"", ""A02"", ""A03""]",,,A01,196.0,"[""A01"", ""A02"", ""A03""]",196.0,F018,A01,48,T1,0,490.0,2026-08-05 10:32,2026-08-08 11:31,shift,3,4379,4331,0
P2257,LAND,F018,LAND,FACILITY,outbound,1,0,"[""A01"", ""A02"", ""A03""]",[],,,A01,196.0,"[""A01"", ""A02"", ""A03""]",196.0,A01,F018,48,T1,1,490.0,2026-08-05 09:13,2026-08-07 10:12,shift,3,2939,2891,0
P2258,LAND,F022,LAND,FACILITY,outbound,1,0,"[""A01"", ""A02"", ""A03""]",[],,,A01,194.0,"[""A01"", ""A02"", ""A03""]",194.0,A01,F022,47,T1,1,485.0,2026-08-09 08:59,2026-08-09 23:59,shift,3,900,853,0
P2259,F004,LAND,FACILITY,LAND,inbound,0,1,[],"[""A01"", ""A02"", ""A03""]",,,A01,197.0,"[""A01"", ""A02"", ""A03""]",197.0,F004,A01,48,T1,0,492.5,2026-08-03 09:22,2026-08-05 10:16,shift,3,2934,2886,0
P2260,F015,LAND,FACILITY,LAND,inbound,0,1,[],"[""A01"", ""A02"", ""A03""]",,,A01,191.0,"[""A01"", ""A02"", ""A03""]",191.0,F015,A01,46,T1,0,477.5,2026-08-05 08:29,2026-08-08 09:15,shift,3,4366,4320,0
P2261,LAND,F037,LAND,FACILITY,outbound,1,0,"[""A01"", ""A02"", ""A03""]",[],,,A03,359.0,"[""A03"", ""A02"", ""A01""]",359.0,A03,F037,98,T2,1,897.5,2026-08-06 06:53,2026-08-07 08:55,shift,3,1562,1464,0
P2262,A03,F041,AIRPORT,FACILITY,outbound,0,0,"[""A03""]",[],A03,,A03,278.0,"[""A03"", ""A02"", ""A01""]",278.0,A03,F041,76,T2,1,695.0,2026-08-03 08:33,2026-08-06 10:42,shift,3,4449,4373,0
P2263,F045,LAND,FACILITY,LAND,inbound,0,1,[],"[""A01"", ""A02"", ""A03""]",,,A03,260.0,"[""A03"", ""A02"", ""A01""]",260.0,F045,A03,71,T2,0,650.0,2026-08-06 17:15,2026-08-08 18:38,shift,3,2963,2892,0
P2264,F033,LAND,FACILITY,LAND,inbound,0,1,[],"[""A01"", ""A02"", ""A03""]",,,A01,227.0,"[""A01"", ""A02"", ""A03""]",227.0,F033,A01,55,T1,0,567.5,2026-08-08 09:07,2026-08-09 10:13,shift,3,1506,1451,0
P2265,LAND,F010,LAND,FACILITY,outbound,1,0,"[""A01"", ""A02"", ""A03""]",[],,,A01,216.0,"[""A01"", ""A02"", ""A03""]",216.0,A01,F010,52,T1,1,540.0,2026-08-04 07:57,2026-08-04 10:30,production,2,153,101,0
P2266,F002,LAND,FACILITY,LAND,inbound,0,1,[],"[""A01"", ""A02"", ""A03""]",,,A01,217.0,"[""A01"", ""A02"", ""A03""]",217.0,F002,A01,53,T1,0,542.5,2026-08-03 08:36,2026-08-05 10:04,shift,3,2968,2915,0
P2267,F039,F048,FACILITY,FACILITY,shuttle,0,0,[],[],,,A03,254.0,"[""A03"", ""A02"", ""A01""]",31.0,F039,F048,8,T1,1,77.5,2026-08-09 07:36,2026-08-09 23:59,shift,3,983,975,0
P2268,F011,LAND,FACILITY,LAND,inbound,0,1,[],"[""A01"", ""A02"", ""A03""]",,,A01,201.0,"[""A01"", ""A02"", ""A03""]",201.0,F011,A01,49,T1,0,502.5,2026-08-08 07:18,2026-08-08 10:05,production,2,167,118,0
P2269,F017,F014,FACILITY,FACILITY,shuttle,0,0,[],[],,,A01,164.0,"[""A01"", ""A02"", ""A03""]",38.0,F017,F014,10,T1,1,95.0,2026-08-06 08:42,2026-08-08 08:54,shift,3,2892,2882,0
P2270,F019,LAND,FACILITY,LAND,inbound,0,1,[],"[""A01"", ""A02"", ""A03""]",,,A01,204.0,"[""A01"", ""A02"", ""A03""]",204.0,F019,A01,49,T1,0,510.0,2026-08-04 16:23,2026-08-08 17:52,temporary,4,5849,5800,0
P2271,F018,A02,FACILITY,AIRPORT,inbound,0,0,[],"[""A02""]",,A02,A01,196.0,"[""A01"", ""A02"", ""A03""]",214.0,F018,A02,52,T1,0,535.0,2026-08-08 10:23,2026-08-09 23:59,shift,3,2256,2204,0
P2272,LAND,F026,LAND,FACILITY,outbound,1,0,"[""A01"", ""A02"", ""A03""]",[],,,A01,204.0,"[""A01"", ""A02"", ""A03""]",204.0,A01,F026,49,T1,1,510.0,2026-08-06 07:20,2026-08-09 23:59,temporary,4,5319,5270,0
P2273,F014,LAND,FACILITY,LAND,inbound,0,1,[],"[""A01"", ""A02"", ""A03""]",,,A01,164.0,"[""A01"", ""A02"", ""A03""]",164.0,F014,A01,40,T1,0,410.0,2026-08-09 09:49,2026-08-09 23:59,shift,3,850,810,0
P2274,LAND,F027,LAND,FACILITY,outbound,1,0,"[""A01"", ""A02"", ""A03""]",[],,,A01,191.0,"[""A01"", ""A02"", ""A03""]",191.0,A01,F027,46,T1,1,477.5,2026-08-07 15:07,2026-08-08 16:10,shift,3,1503,1457,0
P2275,LAND,F037,LAND,FACILITY,outbound,1,0,"[""A01"", ""A02"", ""A03""]",[],,,A03,359.0,"[""A03"", ""A02"", ""A01""]",359.0,A03,F037,98,T2,1,897.5,2026-08-03 09:28,2026-08-04 11:30,shift,3,1562,1464,0
P2276,F024,LAND,FACILITY,LAND,inbound,0,1,[],"[""A01"", ""A02"", ""A03""]",,,A01,211.0,"[""A01"", ""A02"", ""A03""]",211.0,F024,A01,51,T1,0,527.5,2026-08-06 11:21,2026-08-08 12:21,shift,3,2940,2889,0
P2277,F015,F009,FACILITY,FACILITY,shuttle,0,0,[],[],,,A01,166.0,"[""A01"", ""A02"", ""A03""]",38.0,F015,F009,10,T1,1,95.0,2026-08-07 10:47,2026-08-09 10:58,shift,3,2891,2881,0
P2278,LAND,F006,LAND,FACILITY,outbound,1,0,"[""A01"", ""A02"", ""A03""]",[],,,A01,235.0,"[""A01"", ""A02"", ""A03""]",235.0,A01,F006,57,T1,1,587.5,2026-08-03 00:00,2026-08-05 10:37,temporary,4,3517,3460,0
P2279,F014,LAND,FACILITY,LAND,inbound,0,1,[],"[""A01"", ""A02"", ""A03""]",,,A01,164.0,"[""A01"", ""A02"", ""A03""]",164.0,F014,A01,40,T1,0,410.0,2026-08-09 08:51,2026-08-09 11:24,production,2,153,113,0
P2280,F019,A02,FACILITY,AIRPORT,inbound,0,0,[],"[""A02""]",,A02,A01,204.0,"[""A01"", ""A02"", ""A03""]",216.0,F019,A02,52,T1,0,540.0,2026-08-06 16:23,2026-08-08 17:52,shift,3,2969,2917,0
P2281,F042,LAND,FACILITY,LAND,inbound,0,1,[],"[""A01"", ""A02"", ""A03""]",,,A03,368.0,"[""A03"", ""A02"", ""A01""]",368.0,F042,A03,101,T2,0,920.0,2026-08-07 08:20,2026-08-08 10:23,shift,3,1563,1462,0
P2282,LAND,F039,LAND,FACILITY,outbound,1,0,"[""A01"", ""A02"", ""A03""]",[],,,A03,223.0,"[""A03"", ""A02"", ""A01""]",223.0,A03,F039,54,T1,1,557.5,2026-08-03 07:19,2026-08-04 08:30,shift,3,1511,1457,0
P2283,LAND,F012,LAND,FACILITY,outbound,1,0,"[""A01"", ""A02"", ""A03""]",[],,,A01,208.0,"[""A01"", ""A02"", ""A03""]",208.0,A01,F012,50,T1,1,520.0,2026-08-08 07:14,2026-08-09 23:59,shift,3,2445,2395,0
P2284,F038,LAND,FACILITY,LAND,inbound,0,1,[],"[""A01"", ""A02"", ""A03""]",,,A03,263.0,"[""A03"", ""A02"", ""A01""]",263.0,F038,A03,72,T2,0,657.5,2026-08-03 00:00,2026-08-04 09:31,shift,3,2011,1939,0
P2285,F030,LAND,FACILITY,LAND,inbound,0,1,[],"[""A01"", ""A02"", ""A03""]",,,A01,158.0,"[""A01"", ""A02"", ""A03""]",158.0,F030,A01,38,T1,0,395.0,2026-08-05 10:40,2026-08-07 11:30,shift,3,2930,2892,0
P2286,F030,LAND,FACILITY,LAND,inbound,0,1,[],"[""A01"", ""A02"", ""A03""]",,,A01,158.0,"[""A01"", ""A02"", ""A03""]",158.0,F030,A01,38,T1,0,395.0,2026-08-05 10:40,2026-08-06 11:30,shift,3,1490,1452,0
P2287,LAND,F020,LAND,FACILITY,outbound,1,0,"[""A01"", ""A02"", ""A03""]",[],,,A01,171.0,"[""A01"", ""A02"", ""A03""]",171.0,A01,F020,42,T1,1,427.5,2026-08-03 07:04,2026-08-09 07:55,temporary,4,8691,8649,0
P2288,F008,F003,FACILITY,FACILITY,shuttle,0,0,[],[],,,A01,192.0,"[""A01"", ""A02"", ""A03""]",38.0,F008,F003,10,T1,1,95.0,2026-08-04 10:59,2026-08-06 11:10,shift,3,2891,2881,0
P2289,F037,F040,FACILITY,FACILITY,shuttle,0,0,[],[],,,A03,342.0,"[""A03"", ""A02"", ""A01""]",27.0,F037,F040,7,T1,1,67.5,2026-08-03 00:00,2026-08-05 12:23,shift,3,3623,3616,0
P2290,F030,A02,FACILITY,AIRPORT,inbound,0,0,[],"[""A02""]",,A02,A01,158.0,"[""A01"", ""A02"", ""A03""]",180.0,F030,A02,44,T1,0,450.0,2026-08-07 10:44,2026-08-09 23:59,shift,3,3675,3631,0
P2291,LAND,F037,LAND,FACILITY,outbound,1,0,"[""A01"", ""A02"", ""A03""]",[],,,A03,359.0,"[""A03"", ""A02"", ""A01""]",359.0,A03,F037,98,T2,1,897.5,2026-08-06 06:53,2026-08-08 08:55,shift,3,3002,2904,0
P2292,LAND,F019,LAND,FACILITY,outbound,1,0,"[""A01"", ""A02"", ""A03""]",[],,,A01,204.0,"[""A01"", ""A02"", ""A03""]",204.0,A01,F019,49,T1,1,510.0,2026-08-08 07:11,2026-08-09 23:59,shift,3,2448,2399,0
P2293,LAND,F034,LAND,FACILITY,outbound,1,0,"[""A01"", ""A02"", ""A03""]",[],,,A01,246.0,"[""A01"", ""A02"", ""A03""]",246.0,A01,F034,60,T1,1,615.0,2026-08-08 06:00,2026-08-08 09:18,production,2,198,138,0
P2294,LAND,F032,LAND,FACILITY,outbound,1,0,"[""A01"", ""A02"", ""A03""]",[],,,A02,279.0,"[""A02"", ""A01"", ""A03""]",279.0,A02,F032,77,T2,1,697.5,2026-08-04 06:54,2026-08-06 08:31,shift,3,2977,2900,0
P2295,LAND,F009,LAND,FACILITY,outbound,1,0,"[""A01"", ""A02"", ""A03""]",[],,,A01,166.0,"[""A01"", ""A02"", ""A03""]",166.0,A01,F009,40,T1,1,415.0,2026-08-08 09:28,2026-08-09 23:59,shift,3,2311,2271,0
P2296,F044,LAND,FACILITY,LAND,inbound,0,1,[],"[""A01"", ""A02"", ""A03""]",,,A03,317.0,"[""A03"", ""A02"", ""A01""]",317.0,F044,A03,87,T2,0,792.5,2026-08-04 09:32,2026-08-06 11:13,shift,3,2981,2894,0
P2297,F036,LAND,FACILITY,LAND,inbound,0,1,[],"[""A01"", ""A02"", ""A03""]",,,A02,215.0,"[""A02"", ""A01"", ""A03""]",215.0,F036,A02,52,T1,0,537.5,2026-08-03 16:49,2026-08-05 18:22,shift,3,2973,2921,0
P2298,F022,LAND,FACILITY,LAND,inbound,0,1,[],"[""A01"", ""A02"", ""A03""]",,,A01,194.0,"[""A01"", ""A02"", ""A03""]",194.0,F022,A01,47,T1,0,485.0,2026-08-05 09:41,2026-08-07 10:47,shift,3,2946,2899,0
P2299,F012,LAND,FACILITY,LAND,inbound,0,1,[],"[""A01"", ""A02"", ""A03""]",,,A01,208.0,"[""A01"", ""A02"", ""A03""]",208.0,F012,A01,50,T1,0,520.0,2026-08-08 08:30,2026-08-09 23:59,shift,3,2369,2319,0
P2300,F021,A02,FACILITY,AIRPORT,inbound,0,0,[],"[""A02""]",,A02,A01,218.0,"[""A01"", ""A02"", ""A03""]",220.0,F021,A02,53,T1,0,550.0,2026-08-05 09:04,2026-08-07 10:14,shift,3,2950,2897,0
P2301,LAND,F018,LAND,FACILITY,outbound,1,0,"[""A01"", ""A02"", ""A03""]",[],,,A01,196.0,"[""A01"", ""A02"", ""A03""]",196.0,A01,F018,48,T1,1,490.0,2026-08-03 00:00,2026-08-04 08:48,shift,3,1968,1920,0
P2302,F052,LAND,FACILITY,LAND,inbound,0,1,[],"[""A01"", ""A02"", ""A03""]",,,A02,259.0,"[""A02"", ""A03"", ""A01""]",259.0,F052,A02,71,T2,0,647.5,2026-08-08 09:56,2026-08-09 23:59,shift,3,2283,2212,0
P2303,F001,F016,FACILITY,FACILITY,shuttle,0,0,[],[],,,A01,181.0,"[""A01"", ""A02"", ""A03""]",41.0,F001,F016,10,T1,1,102.5,2026-08-03 00:00,2026-08-04 11:46,shift,3,2146,2136,0
P2304,F001,LAND,FACILITY,LAND,inbound,0,1,[],"[""A01"", ""A02"", ""A03""]",,,A01,219.0,"[""A01"", ""A02"", ""A03""]",219.0,F001,A01,53,T1,0,547.5,2026-08-06 11:03,2026-08-06 12:53,emergency,1,110,57,0
P2305,F039,LAND,FACILITY,LAND,inbound,0,1,[],"[""A01"", ""A02"", ""A03""]",,,A03,223.0,"[""A03"", ""A02"", ""A01""]",223.0,F039,A03,54,T1,0,557.5,2026-08-06 10:37,2026-08-07 11:48,shift,3,1511,1457,0
P2306,F009,LAND,FACILITY,LAND,inbound,0,1,[],"[""A01"", ""A02"", ""A03""]",,,A01,166.0,"[""A01"", ""A02"", ""A03""]",166.0,F009,A01,40,T1,0,415.0,2026-08-08 10:24,2026-08-09 11:10,shift,3,1486,1446,0
P2307,F001,LAND,FACILITY,LAND,inbound,0,1,[],"[""A01"", ""A02"", ""A03""]",,,A01,219.0,"[""A01"", ""A02"", ""A03""]",219.0,F001,A01,53,T1,0,547.5,2026-08-06 10:35,2026-08-06 13:52,production,2,197,144,0
P2308,F038,F039,FACILITY,FACILITY,shuttle,0,0,[],[],,,A03,223.0,"[""A03"", ""A02"", ""A01""]",42.0,F038,F039,11,T1,1,105.0,2026-08-08 10:20,2026-08-09 23:59,shift,3,2259,2248,0
P2309,A01,F017,AIRPORT,FACILITY,outbound,0,0,"[""A01""]",[],A01,,A01,153.0,"[""A01"", ""A02"", ""A03""]",153.0,A01,F017,37,T1,1,382.5,2026-08-05 09:39,2026-08-08 10:21,shift,3,4362,4325,0
P2310,F013,LAND,FACILITY,LAND,inbound,0,1,[],"[""A01"", ""A02"", ""A03""]",,,A01,279.0,"[""A01"", ""A02"", ""A03""]",279.0,F013,A01,77,T2,0,697.5,2026-08-07 09:53,2026-08-09 23:59,shift,3,3726,3649,0
P2311,F017,F014,FACILITY,FACILITY,shuttle,0,0,[],[],,,A01,164.0,"[""A01"", ""A02"", ""A03""]",38.0,F017,F014,10,T1,1,95.0,2026-08-06 08:42,2026-08-09 08:54,shift,3,4332,4322,0
P2312,F027,LAND,FACILITY,LAND,inbound,0,1,[],"[""A01"", ""A02"", ""A03""]",,,A01,191.0,"[""A01"", ""A02"", ""A03""]",191.0,F027,A01,46,T1,0,477.5,2026-08-07 16:20,2026-08-08 17:23,shift,3,1503,1457,0
P2313,F006,LAND,FACILITY,LAND,inbound,0,1,[],"[""A01"", ""A02"", ""A03""]",,,A01,235.0,"[""A01"", ""A02"", ""A03""]",235.0,F006,A01,57,T1,0,587.5,2026-08-03 10:57,2026-08-04 12:02,shift,3,1505,1448,0
P2314,A02,F023,AIRPORT,FACILITY,outbound,0,0,"[""A02""]",[],A02,,A02,267.0,"[""A02"", ""A01"", ""A03""]",267.0,A02,F023,73,T2,1,667.5,2026-08-03 06:17,2026-08-05 07:30,shift,3,2953,2880,0
P2315,A03,F047,AIRPORT,FACILITY,outbound,0,0,"[""A03""]",[],A03,,A02,241.0,"[""A02"", ""A01"", ""A03""]",248.0,A03,F047,60,T1,1,620.0,2026-08-08 09:57,2026-08-09 11:40,shift,3,1543,1483,0
P2316,F013,F002,FACILITY,FACILITY,shuttle,0,0,[],[],,,A01,217.0,"[""A01"", ""A02"", ""A03""]",67.0,F013,F002,17,T1,1,167.5,2026-08-05 08:45,2026-08-07 09:07,shift,3,2902,2885,0
P2317,LAND,F022,LAND,FACILITY,outbound,1,0,"[""A01"", ""A02"", ""A03""]",[],,,A01,194.0,"[""A01"", ""A02"", ""A03""]",194.0,A01,F022,47,T1,1,485.0,2026-08-03 07:37,2026-08-05 08:57,shift,3,2960,2913,0
P2318,LAND,F002,LAND,FACILITY,outbound,1,0,"[""A01"", ""A02"", ""A03""]",[],,,A01,217.0,"[""A01"", ""A02"", ""A03""]",217.0,A01,F002,53,T1,1,542.5,2026-08-06 07:29,2026-08-08 08:38,shift,3,2949,2896,0
P2319,F042,A03,FACILITY,AIRPORT,inbound,0,0,[],"[""A03""]",,A03,A03,368.0,"[""A03"", ""A02"", ""A01""]",368.0,F042,A03,101,T2,0,920.0,2026-08-04 12:01,2026-08-06 14:50,shift,3,3049,2948,0
P2320,F044,LAND,FACILITY,LAND,inbound,0,1,[],"[""A01"", ""A02"", ""A03""]",,,A03,317.0,"[""A03"", ""A02"", ""A01""]",317.0,F044,A03,87,T2,0,792.5,2026-08-03 09:32,2026-08-05 11:13,shift,3,2981,2894,0
P2321,LAND,F049,LAND,FACILITY,outbound,1,0,"[""A01"", ""A02"", ""A03""]",[],,,A02,239.0,"[""A02"", ""A03"", ""A01""]",239.0,A02,F049,58,T1,1,597.5,2026-08-05 06:07,2026-08-05 09:34,production,2,207,149,0
P2322,F048,LAND,FACILITY,LAND,inbound,0,1,[],"[""A01"", ""A02"", ""A03""]",,,A03,254.0,"[""A03"", ""A02"", ""A01""]",254.0,F048,A03,70,T2,0,635.0,2026-08-08 10:31,2026-08-09 23:59,shift,3,2248,2178,0
P2323,LAND,F021,LAND,FACILITY,outbound,1,0,"[""A01"", ""A02"", ""A03""]",[],,,A01,218.0,"[""A01"", ""A02"", ""A03""]",218.0,A01,F021,53,T1,1,545.0,2026-08-06 07:44,2026-08-08 08:54,shift,3,2950,2897,0
P2324,F040,LAND,FACILITY,LAND,inbound,0,1,[],"[""A01"", ""A02"", ""A03""]",,,A03,342.0,"[""A03"", ""A02"", ""A01""]",342.0,F040,A03,94,T2,0,855.0,2026-08-03 08:03,2026-08-05 10:13,shift,3,3010,2916,0
P2325,F019,LAND,FACILITY,LAND,inbound,0,1,[],"[""A01"", ""A02"", ""A03""]",,,A01,204.0,"[""A01"", ""A02"", ""A03""]",204.0,F019,A01,49,T1,0,510.0,2026-08-06 15:49,2026-08-06 19:22,production,2,213,164,0
P2326,LAND,F001,LAND,FACILITY,outbound,1,0,"[""A01"", ""A02"", ""A03""]",[],,,A01,219.0,"[""A01"", ""A02"", ""A03""]",219.0,A01,F001,53,T1,1,547.5,2026-08-09 06:12,2026-08-09 08:45,production,2,153,100,0
P2327,F044,LAND,FACILITY,LAND,inbound,0,1,[],"[""A01"", ""A02"", ""A03""]",,,A03,317.0,"[""A03"", ""A02"", ""A01""]",317.0,F044,A03,87,T2,0,792.5,2026-08-07 08:22,2026-08-09 10:03,shift,3,2981,2894,0
P2328,F038,F039,FACILITY,FACILITY,shuttle,0,0,[],[],,,A03,223.0,"[""A03"", ""A02"", ""A01""]",42.0,F038,F039,11,T1,1,105.0,2026-08-08 10:20,2026-08-09 23:59,shift,3,2259,2248,0
P2329,F017,LAND,FACILITY,LAND,inbound,0,1,[],"[""A01"", ""A02"", ""A03""]",,,A01,153.0,"[""A01"", ""A02"", ""A03""]",153.0,F017,A01,37,T1,0,382.5,2026-08-06 10:31,2026-08-07 11:13,shift,3,1482,1445,0
P2330,A03,F050,AIRPORT,FACILITY,outbound,0,0,"[""A03""]",[],A03,,A03,403.0,"[""A03"", ""A02"", ""A01""]",403.0,A03,F050,128,T3,1,1007.5,2026-08-09 09:33,2026-08-09 23:59,shift,3,866,738,0
P2331,LAND,F052,LAND,FACILITY,outbound,1,0,"[""A01"", ""A02"", ""A03""]",[],,,A02,259.0,"[""A02"", ""A03"", ""A01""]",259.0,A02,F052,71,T2,1,647.5,2026-08-09 08:03,2026-08-09 23:59,shift,3,956,885,0
P2332,F019,LAND,FACILITY,LAND,inbound,0,1,[],"[""A01"", ""A02"", ""A03""]",,,A01,204.0,"[""A01"", ""A02"", ""A03""]",204.0,F019,A01,49,T1,0,510.0,2026-08-03 00:00,2026-08-06 11:45,temporary,4,5025,4976,0
P2333,LAND,F022,LAND,FACILITY,outbound,1,0,"[""A01"", ""A02"", ""A03""]",[],,,A01,194.0,"[""A01"", ""A02"", ""A03""]",194.0,A01,F022,47,T1,1,485.0,2026-08-09 08:59,2026-08-09 23:59,shift,3,900,853,0
P2334,LAND,F005,LAND,FACILITY,outbound,1,0,"[""A01"", ""A02"", ""A03""]",[],,,A01,190.0,"[""A01"", ""A02"", ""A03""]",190.0,A01,F005,46,T1,1,475.0,2026-08-07 09:10,2026-08-09 10:02,shift,3,2932,2886,0
P2335,F050,LAND,FACILITY,LAND,inbound,0,1,[],"[""A01"", ""A02"", ""A03""]",,,A03,403.0,"[""A03"", ""A02"", ""A01""]",403.0,F050,A03,128,T3,0,1007.5,2026-08-05 09:44,2026-08-06 11:57,shift,3,1573,1445,0
P2336,LAND,F010,LAND,FACILITY,outbound,1,0,"[""A01"", ""A02"", ""A03""]",[],,,A01,216.0,"[""A01"", ""A02"", ""A03""]",216.0,A01,F010,52,T1,1,540.0,2026-08-04 08:32,2026-08-05 09:31,shift,3,1499,1447,0
P2337,F006,F007,FACILITY,FACILITY,shuttle,0,0,[],[],,,A01,233.0,"[""A01"", ""A02"", ""A03""]",14.0,F006,F007,4,T1,1,35.0,2026-08-04 09:19,2026-08-07 09:23,shift,3,4324,4320,0
P2338,F051,A03,FACILITY,AIRPORT,inbound,0,0,[],"[""A03""]",,A03,A03,279.0,"[""A03"", ""A02"", ""A01""]",279.0,F051,A03,77,T2,0,697.5,2026-08-05 10:57,2026-08-06 12:26,shift,3,1529,1452,0
P2339,LAND,F012,LAND,FACILITY,outbound,1,0,"[""A01"", ""A02"", ""A03""]",[],,,A01,208.0,"[""A01"", ""A02"", ""A03""]",208.0,A01,F012,50,T1,1,520.0,2026-08-08 06:33,2026-08-08 09:11,production,2,158,108,0
P2340,F049,LAND,FACILITY,LAND,inbound,0,1,[],"[""A01"", ""A02"", ""A03""]",,,A02,239.0,"[""A02"", ""A03"", ""A01""]",239.0,F049,A02,58,T1,0,597.5,2026-08-05 08:33,2026-08-07 09:40,shift,3,2947,2889,0
P2341,F001,F016,FACILITY,FACILITY,shuttle,0,0,[],[],,,A01,181.0,"[""A01"", ""A02"", ""A03""]",41.0,F001,F016,10,T1,1,102.5,2026-08-03 00:00,2026-08-05 11:46,shift,3,3586,3576,0
P2342,F017,F014,FACILITY,FACILITY,shuttle,0,0,[],[],,,A01,164.0,"[""A01"", ""A02"", ""A03""]",38.0,F017,F014,10,T1,1,95.0,2026-08-07 08:03,2026-08-07 09:56,production,2,113,103,0
P2343,LAND,F013,LAND,FACILITY,outbound,1,0,"[""A01"", ""A02"", ""A03""]",[],,,A01,279.0,"[""A01"", ""A02"", ""A03""]",279.0,A01,F013,77,T2,1,697.5,2026-08-05 06:47,2026-08-06 08:16,shift,3,1529,1452,0
P2344,F012,A01,FACILITY,AIRPORT,inbound,0,0,[],"[""A01""]",,A01,A01,208.0,"[""A01"", ""A02"", ""A03""]",208.0,F012,A01,50,T1,0,520.0,2026-08-07 08:30,2026-08-09 09:36,shift,3,2946,2896,0
P2345,F044,LAND,FACILITY,LAND,inbound,0,1,[],"[""A01"", ""A02"", ""A03""]",,,A03,317.0,"[""A03"", ""A02"", ""A01""]",317.0,F044,A03,87,T2,0,792.5,2026-08-03 09:32,2026-08-05 11:13,shift,3,2981,2894,0
P2346,LAND,F027,LAND,FACILITY,outbound,1,0,"[""A01"", ""A02"", ""A03""]",[],,,A01,191.0,"[""A01"", ""A02"", ""A03""]",191.0,A01,F027,46,T1,1,477.5,2026-08-03 07:53,2026-08-06 08:56,shift,3,4383,4337,0
P2347,LAND,F025,LAND,FACILITY,outbound,1,0,"[""A01"", ""A02"", ""A03""]",[],,,A01,202.0,"[""A01"", ""A02"", ""A03""]",202.0,A01,F025,49,T1,1,505.0,2026-08-07 06:00,2026-08-07 09:44,production,2,224,175,0
P2348,F001,LAND,FACILITY,LAND,inbound,0,1,[],"[""A01"", ""A02"", ""A03""]",,,A01,219.0,"[""A01"", ""A02"", ""A03""]",219.0,F001,A01,53,T1,0,547.5,2026-08-06 11:18,2026-08-08 12:42,shift,3,2964,2911,0
P2349,F041,F045,FACILITY,FACILITY,shuttle,0,0,[],[],,,A03,260.0,"[""A03"", ""A02"", ""A01""]",20.0,F041,F045,5,T1,1,50.0,2026-08-04 10:20,2026-08-05 10:27,shift,3,1447,1442,0
P2350,F041,F045,FACILITY,FACILITY,shuttle,0,0,[],[],,,A03,260.0,"[""A03"", ""A02"", ""A01""]",20.0,F041,F045,5,T1,1,50.0,2026-08-03 10:20,2026-08-05 10:27,shift,3,2887,2882,0
P2351,A02,F032,AIRPORT,FACILITY,outbound,0,0,"[""A02""]",[],A02,,A02,279.0,"[""A02"", ""A01"", ""A03""]",279.0,A02,F032,77,T2,1,697.5,2026-08-04 06:54,2026-08-07 08:31,shift,3,4417,4340,0
P2352,F043,F051,FACILITY,FACILITY,shuttle,0,0,[],[],,,A03,279.0,"[""A03"", ""A02"", ""A01""]",35.0,F043,F051,9,T1,1,87.5,2026-08-05 10:17,2026-08-07 10:29,shift,3,2892,2883,0
P2353,F034,LAND,FACILITY,LAND,inbound,0,1,[],"[""A01"", ""A02"", ""A03""]",,,A01,246.0,"[""A01"", ""A02"", ""A03""]",246.0,F034,A01,60,T1,0,615.0,2026-08-04 10:04,2026-08-06 11:25,shift,3,2961,2901,0
P2354,F019,LAND,FACILITY,LAND,inbound,0,1,[],"[""A01"", ""A02"", ""A03""]",,,A01,204.0,"[""A01"", ""A02"", ""A03""]",204.0,F019,A01,49,T1,0,510.0,2026-08-09 08:08,2026-08-09 10:01,emergency,1,113,64,0
P2355,LAND,F031,LAND,FACILITY,outbound,1,0,"[""A01"", ""A02"", ""A03""]",[],,,A02,242.0,"[""A02"", ""A01"", ""A03""]",242.0,A02,F031,59,T1,1,605.0,2026-08-08 10:14,2026-08-09 11:20,shift,3,1506,1447,0
P2356,F001,LAND,FACILITY,LAND,inbound,0,1,[],"[""A01"", ""A02"", ""A03""]",,,A01,219.0,"[""A01"", ""A02"", ""A03""]",219.0,F001,A01,53,T1,0,547.5,2026-08-03 00:00,2026-08-04 09:10,shift,3,1990,1937,0
P2357,F038,LAND,FACILITY,LAND,inbound,0,1,[],"[""A01"", ""A02"", ""A03""]",,,A03,263.0,"[""A03"", ""A02"", ""A01""]",263.0,F038,A03,72,T2,0,657.5,2026-08-03 07:26,2026-08-03 10:27,production,2,181,109,0
P2358,A02,F027,AIRPORT,FACILITY,outbound,0,0,"[""A02""]",[],A02,,A01,191.0,"[""A01"", ""A02"", ""A03""]",198.0,A02,F027,48,T1,1,495.0,2026-08-07 15:07,2026-08-08 16:10,shift,3,1503,1455,0
P2359,LAND,F052,LAND,FACILITY,outbound,1,0,"[""A01"", ""A02"", ""A03""]",[],,,A02,259.0,"[""A02"", ""A03"", ""A01""]",259.0,A02,F052,71,T2,1,647.5,2026-08-05 08:58,2026-08-07 11:09,shift,3,3011,2940,0
P2360,F007,LAND,FACILITY,LAND,inbound,0,1,[],"[""A01"", ""A02"", ""A03""]",,,A01,233.0,"[""A01"", ""A02"", ""A03""]",233.0,F007,A01,56,T1,0,582.5,2026-08-03 08:15,2026-08-04 09:29,shift,3,1514,1458,0
P2361,F022,LAND,FACILITY,LAND,inbound,0,1,[],"[""A01"", ""A02"", ""A03""]",,,A01,194.0,"[""A01"", ""A02"", ""A03""]",194.0,F022,A01,47,T1,0,485.0,2026-08-08 10:15,2026-08-09 23:59,shift,3,2264,2217,0
P2362,LAND,F004,LAND,FACILITY,outbound,1,0,"[""A01"", ""A02"", ""A03""]",[],,,A01,197.0,"[""A01"", ""A02"", ""A03""]",197.0,A01,F004,48,T1,1,492.5,2026-08-03 00:00,2026-08-04 09:12,shift,3,1992,1944,0
P2363,F007,A01,FACILITY,AIRPORT,inbound,0,0,[],"[""A01""]",,A01,A01,233.0,"[""A01"", ""A02"", ""A03""]",233.0,F007,A01,56,T1,0,582.5,2026-08-08 09:01,2026-08-09 09:57,shift,3,1496,1440,0
P2364,LAND,F044,LAND,FACILITY,outbound,1,0,"[""A01"", ""A02"", ""A03""]",[],,,A03,317.0,"[""A03"", ""A02"", ""A01""]",317.0,A03,F044,87,T2,1,792.5,2026-08-03 07:31,2026-08-06 09:12,shift,3,4421,4334,0
P2365,LAND,F045,LAND,FACILITY,outbound,1,0,"[""A01"", ""A02"", ""A03""]",[],,,A03,260.0,"[""A03"", ""A02"", ""A01""]",260.0,A03,F045,71,T2,1,650.0,2026-08-07 15:11,2026-08-08 17:05,shift,3,1554,1483,0
P2366,F021,LAND,FACILITY,LAND,inbound,0,1,[],"[""A01"", ""A02"", ""A03""]",,,A01,218.0,"[""A01"", ""A02"", ""A03""]",218.0,F021,A01,53,T1,0,545.0,2026-08-06 09:04,2026-08-07 10:14,shift,3,1510,1457,0
P2367,F016,F005,FACILITY,FACILITY,shuttle,0,0,[],[],,,A01,190.0,"[""A01"", ""A02"", ""A03""]",25.0,F016,F005,6,T1,1,62.5,2026-08-06 11:22,2026-08-09 11:29,shift,3,4327,4321,0
P2368,LAND,F012,LAND,FACILITY,outbound,1,0,"[""A01"", ""A02"", ""A03""]",[],,,A01,208.0,"[""A01"", ""A02"", ""A03""]",208.0,A01,F012,50,T1,1,520.0,2026-08-03 10:25,2026-08-06 11:31,shift,3,4386,4336,0
P2369,LAND,F048,LAND,FACILITY,outbound,1,0,"[""A01"", ""A02"", ""A03""]",[],,,A03,254.0,"[""A03"", ""A02"", ""A01""]",254.0,A03,F048,70,T2,1,635.0,2026-08-08 08:31,2026-08-09 23:59,shift,3,2368,2298,0
P2370,F017,F014,FACILITY,FACILITY,shuttle,0,0,[],[],,,A01,164.0,"[""A01"", ""A02"", ""A03""]",38.0,F017,F014,10,T1,1,95.0,2026-08-06 08:42,2026-08-08 08:54,shift,3,2892,2882,0
P2371,F013,LAND,FACILITY,LAND,inbound,0,1,[],"[""A01"", ""A02"", ""A03""]",,,A01,279.0,"[""A01"", ""A02"", ""A03""]",279.0,F013,A01,77,T2,0,697.5,2026-08-08 09:38,2026-08-08 11:42,emergency,1,124,47,0
P2372,LAND,F006,LAND,FACILITY,outbound,1,0,"[""A01"", ""A02"", ""A03""]",[],,,A01,235.0,"[""A01"", ""A02"", ""A03""]",235.0,A01,F006,57,T1,1,587.5,2026-08-03 00:00,2026-08-04 10:37,shift,3,2077,2020,0
P2373,F051,LAND,FACILITY,LAND,inbound,0,1,[],"[""A01"", ""A02"", ""A03""]",,,A03,279.0,"[""A03"", ""A02"", ""A01""]",279.0,F051,A03,77,T2,0,697.5,2026-08-09 09:13,2026-08-09 23:59,shift,3,886,809,0
P2374,A03,F040,AIRPORT,FACILITY,outbound,0,0,"[""A03""]",[],A03,,A03,342.0,"[""A03"", ""A02"", ""A01""]",342.0,A03,F040,94,T2,1,855.0,2026-08-03 00:00,2026-08-05 07:53,shift,3,3353,3259,0
P2375,F021,A02,FACILITY,AIRPORT,inbound,0,0,[],"[""A02""]",,A02,A01,218.0,"[""A01"", ""A02"", ""A03""]",220.0,F021,A02,53,T1,0,550.0,2026-08-06 09:04,2026-08-08 10:14,shift,3,2950,2897,0
P2376,F024,LAND,FACILITY,LAND,inbound,0,1,[],"[""A01"", ""A02"", ""A03""]",,,A01,211.0,"[""A01"", ""A02"", ""A03""]",211.0,F024,A01,51,T1,0,527.5,2026-08-03 10:50,2026-08-06 11:50,shift,3,4380,4329,0
P2377,F049,LAND,FACILITY,LAND,inbound,0,1,[],"[""A01"", ""A02"", ""A03""]",,,A02,239.0,"[""A02"", ""A03"", ""A01""]",239.0,F049,A02,58,T1,0,597.5,2026-08-05 08:33,2026-08-07 09:40,shift,3,2947,2889,0
P2378,A03,F052,AIRPORT,FACILITY,outbound,0,0,"[""A03""]",[],A03,,A02,259.0,"[""A02"", ""A03"", ""A01""]",261.0,A03,F052,72,T2,1,652.5,2026-08-08 08:03,2026-08-09 23:59,shift,3,2396,2324,0
P2379,F037,F040,FACILITY,FACILITY,shuttle,0,0,[],[],,,A03,342.0,"[""A03"", ""A02"", ""A01""]",27.0,F037,F040,7,T1,1,67.5,2026-08-03 12:15,2026-08-05 12:23,shift,3,2888,2881,0
P2380,F052,LAND,FACILITY,LAND,inbound,0,1,[],"[""A01"", ""A02"", ""A03""]",,,A02,259.0,"[""A02"", ""A03"", ""A01""]",259.0,F052,A02,71,T2,0,647.5,2026-08-08 09:56,2026-08-09 23:59,shift,3,2283,2212,0
P2381,F040,A03,FACILITY,AIRPORT,inbound,0,0,[],"[""A03""]",,A03,A03,342.0,"[""A03"", ""A02"", ""A01""]",342.0,F040,A03,94,T2,0,855.0,2026-08-03 00:00,2026-08-04 10:13,shift,3,2053,1959,0
P2382,LAND,F022,LAND,FACILITY,outbound,1,0,"[""A01"", ""A02"", ""A03""]",[],,,A01,194.0,"[""A01"", ""A02"", ""A03""]",194.0,A01,F022,47,T1,1,485.0,2026-08-05 08:25,2026-08-08 09:31,shift,3,4386,4339,0
P2383,F002,F003,FACILITY,FACILITY,shuttle,0,0,[],[],,,A01,192.0,"[""A01"", ""A02"", ""A03""]",53.0,F002,F003,13,T1,1,132.5,2026-08-08 09:21,2026-08-09 23:59,shift,3,2318,2305,0
P2384,F007,F002,FACILITY,FACILITY,shuttle,0,0,[],[],,,A01,217.0,"[""A01"", ""A02"", ""A03""]",30.0,F007,F002,8,T1,1,75.0,2026-08-04 10:22,2026-08-07 10:31,shift,3,4329,4321,0
P2385,F044,LAND,FACILITY,LAND,inbound,0,1,[],"[""A01"", ""A02"", ""A03""]",,,A03,317.0,"[""A03"", ""A02"", ""A01""]",317.0,F044,A03,87,T2,0,792.5,2026-08-03 09:32,2026-08-06 11:13,shift,3,4421,4334,0
P2386,LAND,F040,LAND,FACILITY,outbound,1,0,"[""A01"", ""A02"", ""A03""]",[],,,A03,342.0,"[""A03"", ""A02"", ""A01""]",342.0,A03,F040,94,T2,1,855.0,2026-08-03 00:00,2026-08-05 07:53,shift,3,3353,3259,0
P2387,F020,LAND,FACILITY,LAND,inbound,0,1,[],"[""A01"", ""A02"", ""A03""]",,,A01,171.0,"[""A01"", ""A02"", ""A03""]",171.0,F020,A01,42,T1,0,427.5,2026-08-03 08:07,2026-08-04 09:06,shift,3,1499,1457,0
P2388,F002,F004,FACILITY,FACILITY,shuttle,0,0,[],[],,,A01,197.0,"[""A01"", ""A02"", ""A03""]",33.0,F002,F004,8,T1,1,82.5,2026-08-03 08:15,2026-08-06 08:56,shift,3,4361,4353,0
P2389,LAND,F033,LAND,FACILITY,outbound,1,0,"[""A01"", ""A02"", ""A03""]",[],,,A01,227.0,"[""A01"", ""A02"", ""A03""]",227.0,A01,F033,55,T1,1,567.5,2026-08-08 07:26,2026-08-09 23:59,shift,3,2433,2378,0
P2390,F019,A02,FACILITY,AIRPORT,inbound,0,0,[],"[""A02""]",,A02,A01,204.0,"[""A01"", ""A02"", ""A03""]",216.0,F019,A02,52,T1,0,540.0,2026-08-08 08:20,2026-08-09 23:59,shift,3,2379,2327,0
P2391,F041,F045,FACILITY,FACILITY,shuttle,0,0,[],[],,,A03,260.0,"[""A03"", ""A02"", ""A01""]",20.0,F041,F045,5,T1,1,50.0,2026-08-03 10:20,2026-08-06 10:27,shift,3,4327,4322,0
P2392,F030,F026,FACILITY,FACILITY,shuttle,0,0,[],[],,,A01,204.0,"[""A01"", ""A02"", ""A03""]",59.0,F030,F026,15,T1,1,147.5,2026-08-08 15:33,2026-08-08 17:54,production,2,141,126,0
P2393,LAND,F022,LAND,FACILITY,outbound,1,0,"[""A01"", ""A02"", ""A03""]",[],,,A01,194.0,"[""A01"", ""A02"", ""A03""]",194.0,A01,F022,47,T1,1,485.0,2026-08-09 08:59,2026-08-09 23:59,shift,3,900,853,0
P2394,F026,A02,FACILITY,AIRPORT,inbound,0,0,[],"[""A02""]",,A02,A01,204.0,"[""A01"", ""A02"", ""A03""]",221.0,F026,A02,54,T1,0,552.5,2026-08-04 08:34,2026-08-06 09:44,shift,3,2950,2896,0
P2395,A03,F048,AIRPORT,FACILITY,outbound,0,0,"[""A03""]",[],A03,,A03,254.0,"[""A03"", ""A02"", ""A01""]",254.0,A03,F048,70,T2,1,635.0,2026-08-07 08:31,2026-08-09 23:59,shift,3,3808,3738,0
P2396,LAND,F048,LAND,FACILITY,outbound,1,0,"[""A01"", ""A02"", ""A03""]",[],,,A03,254.0,"[""A03"", ""A02"", ""A01""]",254.0,A03,F048,70,T2,1,635.0,2026-08-08 08:31,2026-08-09 10:21,shift,3,1550,1480,0
P2397,A02,F033,AIRPORT,FACILITY,outbound,0,0,"[""A02""]",[],A02,,A01,227.0,"[""A01"", ""A02"", ""A03""]",239.0,A02,F033,58,T1,1,597.5,2026-08-05 07:32,2026-08-06 08:48,shift,3,1516,1458,0
P2398,F045,A03,FACILITY,AIRPORT,inbound,0,0,[],"[""A03""]",,A03,A03,260.0,"[""A03"", ""A02"", ""A01""]",260.0,F045,A03,71,T2,0,650.0,2026-08-04 10:58,2026-08-05 12:21,shift,3,1523,1452,0
P2399,F019,LAND,FACILITY,LAND,inbound,0,1,[],"[""A01"", ""A02"", ""A03""]",,,A01,204.0,"[""A01"", ""A02"", ""A03""]",204.0,F019,A01,49,T1,0,510.0,2026-08-09 08:20,2026-08-09 23:59,shift,3,939,890,0
P2400,LAND,F008,LAND,FACILITY,outbound,1,0,"[""A01"", ""A02"", ""A03""]",[],,,A01,221.0,"[""A01"", ""A02"", ""A03""]",221.0,A01,F008,54,T1,1,552.5,2026-08-07 08:05,2026-08-09 23:59,shift,3,3834,3780,0
P2401,A02,F027,AIRPORT,FACILITY,outbound,0,0,"[""A02""]",[],A02,,A01,191.0,"[""A01"", ""A02"", ""A03""]",198.0,A02,F027,48,T1,1,495.0,2026-08-07 15:07,2026-08-09 16:10,shift,3,2943,2895,0
P2402,F052,LAND,FACILITY,LAND,inbound,0,1,[],"[""A01"", ""A02"", ""A03""]",,,A02,259.0,"[""A02"", ""A03"", ""A01""]",259.0,F052,A02,71,T2,0,647.5,2026-08-09 09:56,2026-08-09 23:59,shift,3,843,772,0
P2403,F045,LAND,FACILITY,LAND,inbound,0,1,[],"[""A01"", ""A02"", ""A03""]",,,A03,260.0,"[""A03"", ""A02"", ""A01""]",260.0,F045,A03,71,T2,0,650.0,2026-08-03 10:58,2026-08-05 12:21,shift,3,2963,2892,0
P2404,F001,F005,FACILITY,FACILITY,shuttle,0,0,[],[],,,A01,190.0,"[""A01"", ""A02"", ""A03""]",50.0,F001,F005,12,T1,1,125.0,2026-08-07 10:14,2026-08-09 23:59,shift,3,3705,3693,0
P2405,F045,LAND,FACILITY,LAND,inbound,0,1,[],"[""A01"", ""A02"", ""A03""]",,,A03,260.0,"[""A03"", ""A02"", ""A01""]",260.0,F045,A03,71,T2,0,650.0,2026-08-04 10:58,2026-08-05 12:21,shift,3,1523,1452,0
P2406,F036,LAND,FACILITY,LAND,inbound,0,1,[],"[""A01"", ""A02"", ""A03""]",,,A02,215.0,"[""A02"", ""A01"", ""A03""]",215.0,F036,A02,52,T1,0,537.5,2026-08-06 11:57,2026-08-07 13:00,shift,3,1503,1451,0
P2407,A02,F028,AIRPORT,FACILITY,outbound,0,0,"[""A02""]",[],A02,,A01,217.0,"[""A01"", ""A02"", ""A03""]",243.0,A02,F028,59,T1,1,607.5,2026-08-03 06:15,2026-08-07 07:35,temporary,4,5840,5781,0
P2408,A02,F026,AIRPORT,FACILITY,outbound,0,0,"[""A02""]",[],A02,,A01,204.0,"[""A01"", ""A02"", ""A03""]",221.0,A02,F026,54,T1,1,552.5,2026-08-04 07:14,2026-08-05 08:24,shift,3,1510,1456,0
P2409,A01,F002,AIRPORT,FACILITY,outbound,0,0,"[""A01""]",[],A01,,A01,217.0,"[""A01"", ""A02"", ""A03""]",217.0,A01,F002,53,T1,1,542.5,2026-08-05 07:29,2026-08-08 08:38,shift,3,4389,4336,0
P2410,LAND,F001,LAND,FACILITY,outbound,1,0,"[""A01"", ""A02"", ""A03""]",[],,,A01,219.0,"[""A01"", ""A02"", ""A03""]",219.0,A01,F001,53,T1,1,547.5,2026-08-06 10:08,2026-08-08 11:08,shift,3,2940,2887,0
P2411,F051,LAND,FACILITY,LAND,inbound,0,1,[],"[""A01"", ""A02"", ""A03""]",,,A03,279.0,"[""A03"", ""A02"", ""A01""]",279.0,F051,A03,77,T2,0,697.5,2026-08-09 09:13,2026-08-09 23:59,shift,3,886,809,0
P2412,F009,F003,FACILITY,FACILITY,shuttle,0,0,[],[],,,A01,192.0,"[""A01"", ""A02"", ""A03""]",48.0,F009,F003,12,T1,1,120.0,2026-08-04 10:54,2026-08-07 11:38,shift,3,4364,4352,0
P2413,LAND,F035,LAND,FACILITY,outbound,1,0,"[""A01"", ""A02"", ""A03""]",[],,,A01,258.0,"[""A01"", ""A02"", ""A03""]",258.0,A01,F035,71,T2,1,645.0,2026-08-06 08:06,2026-08-07 09:33,shift,3,1527,1456,0
P2414,F017,LAND,FACILITY,LAND,inbound,0,1,[],"[""A01"", ""A02"", ""A03""]",,,A01,153.0,"[""A01"", ""A02"", ""A03""]",153.0,F017,A01,37,T1,0,382.5,2026-08-06 10:31,2026-08-07 11:13,shift,3,1482,1445,0
P2415,LAND,F009,LAND,FACILITY,outbound,1,0,"[""A01"", ""A02"", ""A03""]",[],,,A01,166.0,"[""A01"", ""A02"", ""A03""]",166.0,A01,F009,40,T1,1,415.0,2026-08-03 07:53,2026-08-06 08:33,shift,3,4360,4320,0
P2416,LAND,F001,LAND,FACILITY,outbound,1,0,"[""A01"", ""A02"", ""A03""]",[],,,A01,219.0,"[""A01"", ""A02"", ""A03""]",219.0,A01,F001,53,T1,1,547.5,2026-08-03 06:26,2026-08-04 07:43,shift,3,1517,1464,0
P2417,F019,LAND,FACILITY,LAND,inbound,0,1,[],"[""A01"", ""A02"", ""A03""]",,,A01,204.0,"[""A01"", ""A02"", ""A03""]",204.0,F019,A01,49,T1,0,510.0,2026-08-08 08:20,2026-08-09 23:59,shift,3,2379,2330,0
P2418,F035,LAND,FACILITY,LAND,inbound,0,1,[],"[""A01"", ""A02"", ""A03""]",,,A01,258.0,"[""A01"", ""A02"", ""A03""]",258.0,F035,A01,71,T2,0,645.0,2026-08-05 09:43,2026-08-07 11:10,shift,3,2967,2896,0
P2419,LAND,F048,LAND,FACILITY,outbound,1,0,"[""A01"", ""A02"", ""A03""]",[],,,A03,254.0,"[""A03"", ""A02"", ""A01""]",254.0,A03,F048,70,T2,1,635.0,2026-08-07 08:31,2026-08-09 23:59,shift,3,3808,3738,0
P2420,F031,LAND,FACILITY,LAND,inbound,0,1,[],"[""A01"", ""A02"", ""A03""]",,,A02,242.0,"[""A02"", ""A01"", ""A03""]",242.0,F031,A02,59,T1,0,605.0,2026-08-05 11:38,2026-08-06 12:44,shift,3,1506,1447,0
P2421,F024,LAND,FACILITY,LAND,inbound,0,1,[],"[""A01"", ""A02"", ""A03""]",,,A01,211.0,"[""A01"", ""A02"", ""A03""]",211.0,F024,A01,51,T1,0,527.5,2026-08-06 11:21,2026-08-09 12:21,shift,3,4380,4329,0
P2422,LAND,F032,LAND,FACILITY,outbound,1,0,"[""A01"", ""A02"", ""A03""]",[],,,A02,279.0,"[""A02"", ""A01"", ""A03""]",279.0,A02,F032,77,T2,1,697.5,2026-08-08 06:58,2026-08-09 08:35,shift,3,1537,1460,0
P2423,F040,A03,FACILITY,AIRPORT,inbound,0,0,[],"[""A03""]",,A03,A03,342.0,"[""A03"", ""A02"", ""A01""]",342.0,F040,A03,94,T2,0,855.0,2026-08-03 00:00,2026-08-04 10:13,shift,3,2053,1959,0
P2424,F006,LAND,FACILITY,LAND,inbound,0,1,[],"[""A01"", ""A02"", ""A03""]",,,A01,235.0,"[""A01"", ""A02"", ""A03""]",235.0,F006,A01,57,T1,0,587.5,2026-08-04 08:35,2026-08-09 23:59,temporary,4,8124,8067,0
P2425,LAND,F022,LAND,FACILITY,outbound,1,0,"[""A01"", ""A02"", ""A03""]",[],,,A01,194.0,"[""A01"", ""A02"", ""A03""]",194.0,A01,F022,47,T1,1,485.0,2026-08-09 08:59,2026-08-09 23:59,shift,3,900,853,0
P2426,LAND,F027,LAND,FACILITY,outbound,1,0,"[""A01"", ""A02"", ""A03""]",[],,,A01,191.0,"[""A01"", ""A02"", ""A03""]",191.0,A01,F027,46,T1,1,477.5,2026-08-03 07:53,2026-08-06 08:56,shift,3,4383,4337,0
P2427,F043,LAND,FACILITY,LAND,inbound,0,1,[],"[""A01"", ""A02"", ""A03""]",,,A03,303.0,"[""A03"", ""A02"", ""A01""]",303.0,F043,A03,83,T2,0,757.5,2026-08-07 08:08,2026-08-07 11:39,production,2,211,128,0
P2428,F004,F007,FACILITY,FACILITY,shuttle,0,0,[],[],,,A01,233.0,"[""A01"", ""A02"", ""A03""]",36.0,F004,F007,9,T1,1,90.0,2026-08-03 08:10,2026-08-05 08:22,shift,3,2892,2883,0
P2429,A02,F020,AIRPORT,FACILITY,outbound,0,0,"[""A02""]",[],A02,,A01,171.0,"[""A01"", ""A02"", ""A03""]",185.0,A02,F020,45,T1,1,462.5,2026-08-06 06:49,2026-08-06 08:17,emergency,1,88,43,0
P2430,F018,LAND,FACILITY,LAND,inbound,0,1,[],"[""A01"", ""A02"", ""A03""]",,,A01,196.0,"[""A01"", ""A02"", ""A03""]",196.0,F018,A01,48,T1,0,490.0,2026-08-09 10:23,2026-08-09 23:59,shift,3,816,768,0
P2431,F049,LAND,FACILITY,LAND,inbound,0,1,[],"[""A01"", ""A02"", ""A03""]",,,A02,239.0,"[""A02"", ""A03"", ""A01""]",239.0,F049,A02,58,T1,0,597.5,2026-08-04 08:33,2026-08-07 09:40,shift,3,4387,4329,0
P2432,LAND,F031,LAND,FACILITY,outbound,1,0,"[""A01"", ""A02"", ""A03""]",[],,,A02,242.0,"[""A02"", ""A01"", ""A03""]",242.0,A02,F031,59,T1,1,605.0,2026-08-05 10:12,2026-08-06 11:18,shift,3,1506,1447,0
P2433,LAND,F024,LAND,FACILITY,outbound,1,0,"[""A01"", ""A02"", ""A03""]",[],,,A01,211.0,"[""A01"", ""A02"", ""A03""]",211.0,A01,F024,51,T1,1,527.5,2026-08-03 09:30,2026-08-05 10:30,shift,3,2940,2889,0
P2434,F003,F007,FACILITY,FACILITY,shuttle,0,0,[],[],,,A01,233.0,"[""A01"", ""A02"", ""A03""]",48.0,F003,F007,12,T1,1,120.0,2026-08-08 09:19,2026-08-09 23:59,shift,3,2320,2308,0
P2435,LAND,F032,LAND,FACILITY,outbound,1,0,"[""A01"", ""A02"", ""A03""]",[],,,A02,279.0,"[""A02"", ""A01"", ""A03""]",279.0,A02,F032,77,T2,1,697.5,2026-08-05 06:54,2026-08-06 08:31,shift,3,1537,1460,0
P2436,F013,A01,FACILITY,AIRPORT,inbound,0,0,[],"[""A01""]",,A01,A01,279.0,"[""A01"", ""A02"", ""A03""]",279.0,F013,A01,77,T2,0,697.5,2026-08-05 08:26,2026-08-07 09:55,shift,3,2969,2892,0
P2437,F010,F007,FACILITY,FACILITY,shuttle,0,0,[],[],,,A01,233.0,"[""A01"", ""A02"", ""A03""]",37.0,F010,F007,9,T1,1,92.5,2026-08-04 07:53,2026-08-06 08:27,shift,3,2914,2905,0
P2438,F026,LAND,FACILITY,LAND,inbound,0,1,[],"[""A01"", ""A02"", ""A03""]",,,A01,204.0,"[""A01"", ""A02"", ""A03""]",204.0,F026,A01,49,T1,0,510.0,2026-08-04 08:01,2026-08-04 10:53,production,2,172,123,0
P2439,F034,LAND,FACILITY,LAND,inbound,0,1,[],"[""A01"", ""A02"", ""A03""]",,,A01,246.0,"[""A01"", ""A02"", ""A03""]",246.0,F034,A01,60,T1,0,615.0,2026-08-08 08:05,2026-08-09 23:59,shift,3,2394,2334,0
P2440,LAND,F023,LAND,FACILITY,outbound,1,0,"[""A01"", ""A02"", ""A03""]",[],,,A02,267.0,"[""A02"", ""A01"", ""A03""]",267.0,A02,F023,73,T2,1,667.5,2026-08-07 15:16,2026-08-08 16:41,shift,3,1525,1452,0
P2441,F031,F021,FACILITY,FACILITY,shuttle,0,0,[],[],,,A01,218.0,"[""A01"", ""A02"", ""A03""]",44.0,F031,F021,11,T1,1,110.0,2026-08-08 11:14,2026-08-09 23:59,shift,3,2205,2194,0
P2442,LAND,F043,LAND,FACILITY,outbound,1,0,"[""A01"", ""A02"", ""A03""]",[],,,A03,303.0,"[""A03"", ""A02"", ""A01""]",303.0,A03,F043,83,T2,1,757.5,2026-08-03 10:17,2026-08-06 12:03,shift,3,4426,4343,0
P2443,F013,F002,FACILITY,FACILITY,shuttle,0,0,[],[],,,A01,217.0,"[""A01"", ""A02"", ""A03""]",67.0,F013,F002,17,T1,1,167.5,2026-08-05 08:45,2026-08-07 09:07,shift,3,2902,2885,0
P2444,F001,F016,FACILITY,FACILITY,shuttle,0,0,[],[],,,A01,181.0,"[""A01"", ""A02"", ""A03""]",41.0,F001,F016,10,T1,1,102.5,2026-08-03 00:00,2026-08-05 11:46,shift,3,3586,3576,0
P2445,F007,F002,FACILITY,FACILITY,shuttle,0,0,[],[],,,A01,217.0,"[""A01"", ""A02"", ""A03""]",30.0,F007,F002,8,T1,1,75.0,2026-08-05 10:22,2026-08-06 10:31,shift,3,1449,1441,0
P2446,LAND,F039,LAND,FACILITY,outbound,1,0,"[""A01"", ""A02"", ""A03""]",[],,,A03,223.0,"[""A03"", ""A02"", ""A01""]",223.0,A03,F039,54,T1,1,557.5,2026-08-05 09:16,2026-08-07 10:27,shift,3,2951,2897,0
P2447,LAND,F014,LAND,FACILITY,outbound,1,0,"[""A01"", ""A02"", ""A03""]",[],,,A01,164.0,"[""A01"", ""A02"", ""A03""]",164.0,A01,F014,40,T1,1,410.0,2026-08-09 08:19,2026-08-09 23:59,shift,3,940,900,0
P2448,LAND,F037,LAND,FACILITY,outbound,1,0,"[""A01"", ""A02"", ""A03""]",[],,,A03,359.0,"[""A03"", ""A02"", ""A01""]",359.0,A03,F037,98,T2,1,897.5,2026-08-03 00:00,2026-08-05 11:30,shift,3,3570,3472,0
P2449,F038,LAND,FACILITY,LAND,inbound,0,1,[],"[""A01"", ""A02"", ""A03""]",,,A03,263.0,"[""A03"", ""A02"", ""A01""]",263.0,F038,A03,72,T2,0,657.5,2026-08-03 08:19,2026-08-04 09:31,shift,3,1512,1440,0
P2450,LAND,F037,LAND,FACILITY,outbound,1,0,"[""A01"", ""A02"", ""A03""]",[],,,A03,359.0,"[""A03"", ""A02"", ""A01""]",359.0,A03,F037,98,T2,1,897.5,2026-08-05 06:53,2026-08-08 08:55,shift,3,4442,4344,0
P2451,F011,LAND,FACILITY,LAND,inbound,0,1,[],"[""A01"", ""A02"", ""A03""]",,,A01,201.0,"[""A01"", ""A02"", ""A03""]",201.0,F011,A01,49,T1,0,502.5,2026-08-04 10:58,2026-08-06 11:53,shift,3,2935,2886,0
P2452,F040,LAND,FACILITY,LAND,inbound,0,1,[],"[""A01"", ""A02"", ""A03""]",,,A03,342.0,"[""A03"", ""A02"", ""A01""]",342.0,F040,A03,94,T2,0,855.0,2026-08-07 12:05,2026-08-09 14:47,shift,3,3042,2948,0
P2453,LAND,F030,LAND,FACILITY,outbound,1,0,"[""A01"", ""A02"", ""A03""]",[],,,A01,158.0,"[""A01"", ""A02"", ""A03""]",158.0,A01,F030,38,T1,1,395.0,2026-08-05 09:40,2026-08-06 10:30,shift,3,1490,1452,0
P2454,F002,LAND,FACILITY,LAND,inbound,0,1,[],"[""A01"", ""A02"", ""A03""]",,,A01,217.0,"[""A01"", ""A02"", ""A03""]",217.0,F002,A01,53,T1,0,542.5,2026-08-06 08:48,2026-08-08 09:57,shift,3,2949,2896,0
P2455,F021,LAND,FACILITY,LAND,inbound,0,1,[],"[""A01"", ""A02"", ""A03""]",,,A01,218.0,"[""A01"", ""A02"", ""A03""]",218.0,F021,A01,53,T1,0,545.0,2026-08-06 09:04,2026-08-07 10:14,shift,3,1510,1457,0
P2456,LAND,F032,LAND,FACILITY,outbound,1,0,"[""A01"", ""A02"", ""A03""]",[],,,A02,279.0,"[""A02"", ""A01"", ""A03""]",279.0,A02,F032,77,T2,1,697.5,2026-08-05 06:54,2026-08-07 08:31,shift,3,2977,2900,0
P2457,LAND,F033,LAND,FACILITY,outbound,1,0,"[""A01"", ""A02"", ""A03""]",[],,,A01,227.0,"[""A01"", ""A02"", ""A03""]",227.0,A01,F033,55,T1,1,567.5,2026-08-07 07:26,2026-08-09 23:59,shift,3,3873,3818,0
P2458,F002,LAND,FACILITY,LAND,inbound,0,1,[],"[""A01"", ""A02"", ""A03""]",,,A01,217.0,"[""A01"", ""A02"", ""A03""]",217.0,F002,A01,53,T1,0,542.5,2026-08-08 08:44,2026-08-09 23:59,shift,3,2355,2302,0
P2459,F050,F043,FACILITY,FACILITY,shuttle,0,0,[],[],,,A03,303.0,"[""A03"", ""A02"", ""A01""]",115.0,F050,F043,28,T1,1,287.5,2026-08-07 09:47,2026-08-09 23:59,shift,3,3732,3704,0
P2460,F002,LAND,FACILITY,LAND,inbound,0,1,[],"[""A01"", ""A02"", ""A03""]",,,A01,217.0,"[""A01"", ""A02"", ""A03""]",217.0,F002,A01,53,T1,0,542.5,2026-08-05 08:48,2026-08-07 09:57,shift,3,2949,2896,0
P2461,F003,F008,FACILITY,FACILITY,shuttle,0,0,[],[],,,A01,221.0,"[""A01"", ""A02"", ""A03""]",38.0,F003,F008,10,T1,1,95.0,2026-08-04 10:06,2026-08-06 10:17,shift,3,2891,2881,0
P2462,LAND,F022,LAND,FACILITY,outbound,1,0,"[""A01"", ""A02"", ""A03""]",[],,,A01,194.0,"[""A01"", ""A02"", ""A03""]",194.0,A01,F022,47,T1,1,485.0,2026-08-08 08:59,2026-08-09 23:59,shift,3,2340,2293,0
P2463,LAND,F013,LAND,FACILITY,outbound,1,0,"[""A01"", ""A02"", ""A03""]",[],,,A01,279.0,"[""A01"", ""A02"", ""A03""]",279.0,A01,F013,77,T2,1,697.5,2026-08-08 07:53,2026-08-09 09:43,shift,3,1550,1473,0
P2464,A01,F013,AIRPORT,FACILITY,outbound,0,0,"[""A01""]",[],A01,,A01,279.0,"[""A01"", ""A02"", ""A03""]",279.0,A01,F013,77,T2,1,697.5,2026-08-05 06:47,2026-08-06 08:16,shift,3,1529,1452,0
P2465,F002,LAND,FACILITY,LAND,inbound,0,1,[],"[""A01"", ""A02"", ""A03""]",,,A01,217.0,"[""A01"", ""A02"", ""A03""]",217.0,F002,A01,53,T1,0,542.5,2026-08-09 08:44,2026-08-09 23:59,shift,3,915,862,0
P2466,LAND,F033,LAND,FACILITY,outbound,1,0,"[""A01"", ""A02"", ""A03""]",[],,,A01,227.0,"[""A01"", ""A02"", ""A03""]",227.0,A01,F033,55,T1,1,567.5,2026-08-08 07:26,2026-08-09 08:57,shift,3,1531,1476,0
P2467,F015,A01,FACILITY,AIRPORT,inbound,0,0,[],"[""A01""]",,A01,A01,191.0,"[""A01"", ""A02"", ""A03""]",191.0,F015,A01,46,T1,0,477.5,2026-08-06 08:29,2026-08-07 09:15,shift,3,1486,1440,0
P2468,F020,F019,FACILITY,FACILITY,shuttle,0,0,[],[],,,A01,204.0,"[""A01"", ""A02"", ""A03""]",36.0,F020,F019,9,T1,1,90.0,2026-08-03 10:48,2026-08-04 10:58,shift,3,1450,1441,0
P2469,LAND,F020,LAND,FACILITY,outbound,1,0,"[""A01"", ""A02"", ""A03""]",[],,,A01,171.0,"[""A01"", ""A02"", ""A03""]",171.0,A01,F020,42,T1,1,427.5,2026-08-06 06:33,2026-08-06 09:20,production,2,167,125,0
P2470,LAND,F008,LAND,FACILITY,outbound,1,0,"[""A01"", ""A02"", ""A03""]",[],,,A01,221.0,"[""A01"", ""A02"", ""A03""]",221.0,A01,F008,54,T1,1,552.5,2026-08-04 07:10,2026-08-06 08:27,shift,3,2957,2903,0
P2471,LAND,F019,LAND,FACILITY,outbound,1,0,"[""A01"", ""A02"", ""A03""]",[],,,A01,204.0,"[""A01"", ""A02"", ""A03""]",204.0,A01,F019,49,T1,1,510.0,2026-08-03 09:07,2026-08-05 10:06,shift,3,2939,2890,0
P2472,A01,F016,AIRPORT,FACILITY,outbound,0,0,"[""A01""]",[],A01,,A01,181.0,"[""A01"", ""A02"", ""A03""]",181.0,A01,F016,44,T1,1,452.5,2026-08-06 14:30,2026-08-06 16:35,production,2,125,81,0
P2473,F028,A02,FACILITY,AIRPORT,inbound,0,0,[],"[""A02""]",,A02,A01,217.0,"[""A01"", ""A02"", ""A03""]",243.0,F028,A02,59,T1,0,607.5,2026-08-07 07:59,2026-08-08 09:16,shift,3,1517,1458,0
P2474,LAND,F050,LAND,FACILITY,outbound,1,0,"[""A01"", ""A02"", ""A03""]",[],,,A03,403.0,"[""A03"", ""A02"", ""A01""]",403.0,A03,F050,128,T3,1,1007.5,2026-08-05 07:11,2026-08-07 09:24,shift,3,3013,2885,0
P2475,F046,LAND,FACILITY,LAND,inbound,0,1,[],"[""A01"", ""A02"", ""A03""]",,,A02,227.0,"[""A02"", ""A03"", ""A01""]",227.0,F046,A02,55,T1,0,567.5,2026-08-07 11:12,2026-08-09 23:59,shift,3,3647,3592,0
P2476,F021,LAND,FACILITY,LAND,inbound,0,1,[],"[""A01"", ""A02"", ""A03""]",,,A01,218.0,"[""A01"", ""A02"", ""A03""]",218.0,F021,A01,53,T1,0,545.0,2026-08-03 00:00,2026-08-05 10:09,shift,3,3489,3436,0
P2477,LAND,F043,LAND,FACILITY,outbound,1,0,"[""A01"", ""A02"", ""A03""]",[],,,A03,303.0,"[""A03"", ""A02"", ""A01""]",303.0,A03,F043,83,T2,1,757.5,2026-08-03 10:17,2026-08-05 12:03,shift,3,2986,2903,0
P2478,F036,LAND,FACILITY,LAND,inbound,0,1,[],"[""A01"", ""A02"", ""A03""]",,,A02,215.0,"[""A02"", ""A01"", ""A03""]",215.0,F036,A02,52,T1,0,537.5,2026-08-03 16:49,2026-08-05 18:22,shift,3,2973,2921,0
P2479,F007,F002,FACILITY,FACILITY,shuttle,0,0,[],[],,,A01,217.0,"[""A01"", ""A02"", ""A03""]",30.0,F007,F002,8,T1,1,75.0,2026-08-04 10:22,2026-08-06 10:31,shift,3,2889,2881,0
P2480,F043,LAND,FACILITY,LAND,inbound,0,1,[],"[""A01"", ""A02"", ""A03""]",,,A03,303.0,"[""A03"", ""A02"", ""A01""]",303.0,F043,A03,83,T2,0,757.5,2026-08-06 08:56,2026-08-09 10:19,shift,3,4403,4320,0
P2481,LAND,F048,LAND,FACILITY,outbound,1,0,"[""A01"", ""A02"", ""A03""]",[],,,A03,254.0,"[""A03"", ""A02"", ""A01""]",254.0,A03,F048,70,T2,1,635.0,2026-08-08 08:31,2026-08-09 23:59,shift,3,2368,2298,0
P2482,F020,LAND,FACILITY,LAND,inbound,0,1,[],"[""A01"", ""A02"", ""A03""]",,,A01,171.0,"[""A01"", ""A02"", ""A03""]",171.0,F020,A01,42,T1,0,427.5,2026-08-05 08:05,2026-08-08 08:56,shift,3,4371,4329,0
P2483,F012,F015,FACILITY,FACILITY,shuttle,0,0,[],[],,,A01,191.0,"[""A01"", ""A02"", ""A03""]",33.0,F012,F015,8,T1,1,82.5,2026-08-06 10:21,2026-08-08 10:30,shift,3,2889,2881,0
P2484,F022,LAND,FACILITY,LAND,inbound,0,1,[],"[""A01"", ""A02"", ""A03""]",,,A01,194.0,"[""A01"", ""A02"", ""A03""]",194.0,F022,A01,47,T1,0,485.0,2026-08-05 09:41,2026-08-08 10:47,shift,3,4386,4339,0
P2485,LAND,F045,LAND,FACILITY,outbound,1,0,"[""A01"", ""A02"", ""A03""]",[],,,A03,260.0,"[""A03"", ""A02"", ""A01""]",260.0,A03,F045,71,T2,1,650.0,2026-08-03 08:54,2026-08-06 10:48,shift,3,4434,4363,0
P2486,F024,LAND,FACILITY,LAND,inbound,0,1,[],"[""A01"", ""A02"", ""A03""]",,,A01,211.0,"[""A01"", ""A02"", ""A03""]",211.0,F024,A01,51,T1,0,527.5,2026-08-06 11:21,2026-08-09 12:21,shift,3,4380,4329,0
P2487,LAND,F004,LAND,FACILITY,outbound,1,0,"[""A01"", ""A02"", ""A03""]",[],,,A01,197.0,"[""A01"", ""A02"", ""A03""]",197.0,A01,F004,48,T1,1,492.5,2026-08-03 08:18,2026-08-04 09:12,shift,3,1494,1446,0
P2488,LAND,F019,LAND,FACILITY,outbound,1,0,"[""A01"", ""A02"", ""A03""]",[],,,A01,204.0,"[""A01"", ""A02"", ""A03""]",204.0,A01,F019,49,T1,1,510.0,2026-08-06 07:11,2026-08-09 23:59,temporary,4,5328,5279,0
P2489,F016,LAND,FACILITY,LAND,inbound,0,1,[],"[""A01"", ""A02"", ""A03""]",,,A01,181.0,"[""A01"", ""A02"", ""A03""]",181.0,F016,A01,44,T1,0,452.5,2026-08-08 10:32,2026-08-09 23:59,shift,3,2247,2203,0
P2490,LAND,F039,LAND,FACILITY,outbound,1,0,"[""A01"", ""A02"", ""A03""]",[],,,A03,223.0,"[""A03"", ""A02"", ""A01""]",223.0,A03,F039,54,T1,1,557.5,2026-08-03 00:00,2026-08-04 08:30,shift,3,1950,1896,0
P2491,F017,LAND,FACILITY,LAND,inbound,0,1,[],"[""A01"", ""A02"", ""A03""]",,,A01,153.0,"[""A01"", ""A02"", ""A03""]",153.0,F017,A01,37,T1,0,382.5,2026-08-05 10:31,2026-08-08 11:13,shift,3,4362,4325,0
P2492,F046,A03,FACILITY,AIRPORT,inbound,0,0,[],"[""A03""]",,A03,A02,227.0,"[""A02"", ""A03"", ""A01""]",234.0,F046,A03,57,T1,0,585.0,2026-08-04 10:41,2026-08-07 12:24,shift,3,4423,4366,0
P2493,LAND,F032,LAND,FACILITY,outbound,1,0,"[""A01"", ""A02"", ""A03""]",[],,,A02,279.0,"[""A02"", ""A01"", ""A03""]",279.0,A02,F032,77,T2,1,697.5,2026-08-08 06:58,2026-08-09 08:35,shift,3,1537,1460,0
P2494,F030,A02,FACILITY,AIRPORT,inbound,0,0,[],"[""A02""]",,A02,A01,158.0,"[""A01"", ""A02"", ""A03""]",180.0,F030,A02,44,T1,0,450.0,2026-08-08 10:44,2026-08-09 11:34,shift,3,1490,1446,0
P2495,LAND,F011,LAND,FACILITY,outbound,1,0,"[""A01"", ""A02"", ""A03""]",[],,,A01,201.0,"[""A01"", ""A02"", ""A03""]",201.0,A01,F011,49,T1,1,502.5,2026-08-07 06:36,2026-08-09 07:31,shift,3,2935,2886,0
P2496,F013,LAND,FACILITY,LAND,inbound,0,1,[],"[""A01"", ""A02"", ""A03""]",,,A01,279.0,"[""A01"", ""A02"", ""A03""]",279.0,F013,A01,77,T2,0,697.5,2026-08-04 08:26,2026-08-07 09:55,shift,3,4409,4332,0
P2497,F046,F047,FACILITY,FACILITY,shuttle,0,0,[],[],,,A02,241.0,"[""A02"", ""A01"", ""A03""]",15.0,F046,F047,4,T1,1,37.5,2026-08-05 10:00,2026-08-08 10:05,shift,3,4325,4321,0
P2498,F028,LAND,FACILITY,LAND,inbound,0,1,[],"[""A01"", ""A02"", ""A03""]",,,A01,217.0,"[""A01"", ""A02"", ""A03""]",217.0,F028,A01,53,T1,0,542.5,2026-08-07 07:59,2026-08-09 09:16,shift,3,2957,2904,0
P2499,LAND,F017,LAND,FACILITY,outbound,1,0,"[""A01"", ""A02"", ""A03""]",[],,,A01,153.0,"[""A01"", ""A02"", ""A03""]",153.0,A01,F017,37,T1,1,382.5,2026-08-05 09:39,2026-08-08 10:21,shift,3,4362,4325,0
P2500,LAND,F046,LAND,FACILITY,outbound,1,0,"[""A01"", ""A02"", ""A03""]",[],,,A02,227.0,"[""A02"", ""A03"", ""A01""]",227.0,A02,F046,55,T1,1,567.5,2026-08-05 08:48,2026-08-06 10:31,shift,3,1543,1488,0
P2501,F023,LAND,FACILITY,LAND,inbound,0,1,[],"[""A01"", ""A02"", ""A03""]",,,A02,267.0,"[""A02"", ""A01"", ""A03""]",267.0,F023,A02,73,T2,0,667.5,2026-08-04 07:40,2026-08-06 09:13,shift,3,2973,2900,0
P2502,F005,LAND,FACILITY,LAND,inbound,0,1,[],"[""A01"", ""A02"", ""A03""]",,,A01,190.0,"[""A01"", ""A02"", ""A03""]",190.0,F005,A01,46,T1,0,475.0,2026-08-07 10:12,2026-08-08 11:04,shift,3,1492,1446,0
P2503,LAND,F012,LAND,FACILITY,outbound,1,0,"[""A01"", ""A02"", ""A03""]",[],,,A01,208.0,"[""A01"", ""A02"", ""A03""]",208.0,A01,F012,50,T1,1,520.0,2026-08-03 00:00,2026-08-05 11:31,temporary,4,3571,3521,0
P2504,F001,F005,FACILITY,FACILITY,shuttle,0,0,[],[],,,A01,190.0,"[""A01"", ""A02"", ""A03""]",50.0,F001,F005,12,T1,1,125.0,2026-08-08 10:14,2026-08-09 10:48,shift,3,1474,1462,0
P2505,F049,F048,FACILITY,FACILITY,shuttle,0,0,[],[],,,A03,254.0,"[""A03"", ""A02"", ""A01""]",34.0,F049,F048,9,T1,1,85.0,2026-08-07 07:52,2026-08-09 23:59,shift,3,3847,3838,0
P2506,LAND,F002,LAND,FACILITY,outbound,1,0,"[""A01"", ""A02"", ""A03""]",[],,,A01,217.0,"[""A01"", ""A02"", ""A03""]",217.0,A01,F002,53,T1,1,542.5,2026-08-08 07:25,2026-08-09 23:59,shift,3,2434,2381,0
P2507,F002,LAND,FACILITY,LAND,inbound,0,1,[],"[""A01"", ""A02"", ""A03""]",,,A01,217.0,"[""A01"", ""A02"", ""A03""]",217.0,F002,A01,53,T1,0,542.5,2026-08-03 08:36,2026-08-05 10:04,shift,3,2968,2915,0
P2508,F037,LAND,FACILITY,LAND,inbound,0,1,[],"[""A01"", ""A02"", ""A03""]",,,A03,359.0,"[""A03"", ""A02"", ""A01""]",359.0,F037,A03,98,T2,0,897.5,2026-08-05 09:05,2026-08-08 11:07,shift,3,4442,4344,0
P2509,F005,LAND,FACILITY,LAND,inbound,0,1,[],"[""A01"", ""A02"", ""A03""]",,,A01,190.0,"[""A01"", ""A02"", ""A03""]",190.0,F005,A01,46,T1,0,475.0,2026-08-03 09:50,2026-08-05 10:42,shift,3,2932,2886,0
P2510,F015,F009,FACILITY,FACILITY,shuttle,0,0,[],[],,,A01,166.0,"[""A01"", ""A02"", ""A03""]",38.0,F015,F009,10,T1,1,95.0,2026-08-07 10:47,2026-08-08 10:58,shift,3,1451,1441,0
P2511,F039,A03,FACILITY,AIRPORT,inbound,0,0,[],"[""A03""]",,A03,A03,223.0,"[""A03"", ""A02"", ""A01""]",223.0,F039,A03,54,T1,0,557.5,2026-08-05 10:37,2026-08-08 11:48,shift,3,4391,4337,0
P2512,LAND,F014,LAND,FACILITY,outbound,1,0,"[""A01"", ""A02"", ""A03""]",[],,,A01,164.0,"[""A01"", ""A02"", ""A03""]",164.0,A01,F014,40,T1,1,410.0,2026-08-09 08:19,2026-08-09 23:59,shift,3,940,900,0
P2513,F039,LAND,FACILITY,LAND,inbound,0,1,[],"[""A01"", ""A02"", ""A03""]",,,A03,223.0,"[""A03"", ""A02"", ""A01""]",223.0,F039,A03,54,T1,0,557.5,2026-08-05 10:37,2026-08-07 11:48,shift,3,2951,2897,0
P2514,LAND,F021,LAND,FACILITY,outbound,1,0,"[""A01"", ""A02"", ""A03""]",[],,,A01,218.0,"[""A01"", ""A02"", ""A03""]",218.0,A01,F021,53,T1,1,545.0,2026-08-03 07:39,2026-08-04 08:49,shift,3,1510,1457,0
P2515,F048,LAND,FACILITY,LAND,inbound,0,1,[],"[""A01"", ""A02"", ""A03""]",,,A03,254.0,"[""A03"", ""A02"", ""A01""]",254.0,F048,A03,70,T2,0,635.0,2026-08-07 10:31,2026-08-09 11:52,shift,3,2961,2891,0
P2516,F048,LAND,FACILITY,LAND,inbound,0,1,[],"[""A01"", ""A02"", ""A03""]",,,A03,254.0,"[""A03"", ""A02"", ""A01""]",254.0,F048,A03,70,T2,0,635.0,2026-08-04 11:44,2026-08-06 12:54,shift,3,2950,2880,0
P2517,A02,F018,AIRPORT,FACILITY,outbound,0,0,"[""A02""]",[],A02,,A01,196.0,"[""A01"", ""A02"", ""A03""]",214.0,A02,F018,52,T1,1,535.0,2026-08-03 00:00,2026-08-04 08:48,shift,3,1968,1916,0
P2518,LAND,F024,LAND,FACILITY,outbound,1,0,"[""A01"", ""A02"", ""A03""]",[],,,A01,211.0,"[""A01"", ""A02"", ""A03""]",211.0,A01,F024,51,T1,1,527.5,2026-08-06 10:01,2026-08-09 11:01,shift,3,4380,4329,0
P2519,F038,A03,FACILITY,AIRPORT,inbound,0,0,[],"[""A03""]",,A03,A03,263.0,"[""A03"", ""A02"", ""A01""]",263.0,F038,A03,72,T2,0,657.5,2026-08-03 00:00,2026-08-04 09:31,shift,3,2011,1939,0
P2520,F007,LAND,FACILITY,LAND,inbound,0,1,[],"[""A01"", ""A02"", ""A03""]",,,A01,233.0,"[""A01"", ""A02"", ""A03""]",233.0,F007,A01,56,T1,0,582.5,2026-08-03 00:00,2026-08-05 09:29,shift,3,3449,3393,0
P2521,A03,F042,AIRPORT,FACILITY,outbound,0,0,"[""A03""]",[],A03,,A03,368.0,"[""A03"", ""A02"", ""A01""]",368.0,A03,F042,101,T2,1,920.0,2026-08-07 06:07,2026-08-09 08:10,shift,3,3003,2902,0
P2522,F052,F048,FACILITY,FACILITY,shuttle,0,0,[],[],,,A03,254.0,"[""A03"", ""A02"", ""A01""]",23.0,F052,F048,6,T1,1,57.5,2026-08-08 10:34,2026-08-09 10:42,shift,3,1448,1442,0
P2523,F002,LAND,FACILITY,LAND,inbound,0,1,[],"[""A01"", ""A02"", ""A03""]",,,A01,217.0,"[""A01"", ""A02"", ""A03""]",217.0,F002,A01,53,T1,0,542.5,2026-08-06 08:48,2026-08-08 09:57,shift,3,2949,2896,0
P2524,F018,F026,FACILITY,FACILITY,shuttle,0,0,[],[],,,A01,204.0,"[""A01"", ""A02"", ""A03""]",14.0,F018,F026,4,T1,1,35.0,2026-08-03 00:00,2026-08-05 08:43,shift,3,3403,3399,0
P2525,F033,LAND,FACILITY,LAND,inbound,0,1,[],"[""A01"", ""A02"", ""A03""]",,,A01,227.0,"[""A01"", ""A02"", ""A03""]",227.0,F033,A01,55,T1,0,567.5,2026-08-07 09:07,2026-08-09 23:59,shift,3,3772,3717,0
P2526,F015,LAND,FACILITY,LAND,inbound,0,1,[],"[""A01"", ""A02"", ""A03""]",,,A01,191.0,"[""A01"", ""A02"", ""A03""]",191.0,F015,A01,46,T1,0,477.5,2026-08-09 09:41,2026-08-09 12:29,production,2,168,122,0
P2527,LAND,F036,LAND,FACILITY,outbound,1,0,"[""A01"", ""A02"", ""A03""]",[],,,A02,215.0,"[""A02"", ""A01"", ""A03""]",215.0,A02,F036,52,T1,1,537.5,2026-08-09 15:17,2026-08-09 23:59,shift,3,522,470,0
P2528,F046,A03,FACILITY,AIRPORT,inbound,0,0,[],"[""A03""]",,A03,A02,227.0,"[""A02"", ""A03"", ""A01""]",234.0,F046,A03,57,T1,0,585.0,2026-08-07 11:12,2026-08-09 12:55,shift,3,2983,2926,0
P2529,F021,A02,FACILITY,AIRPORT,inbound,0,0,[],"[""A02""]",,A02,A01,218.0,"[""A01"", ""A02"", ""A03""]",220.0,F021,A02,53,T1,0,550.0,2026-08-06 09:04,2026-08-08 10:14,shift,3,2950,2897,0
P2530,F020,LAND,FACILITY,LAND,inbound,0,1,[],"[""A01"", ""A02"", ""A03""]",,,A01,171.0,"[""A01"", ""A02"", ""A03""]",171.0,F020,A01,42,T1,0,427.5,2026-08-06 08:05,2026-08-08 08:56,shift,3,2931,2889,0
P2531,LAND,F037,LAND,FACILITY,outbound,1,0,"[""A01"", ""A02"", ""A03""]",[],,,A03,359.0,"[""A03"", ""A02"", ""A01""]",359.0,A03,F037,98,T2,1,897.5,2026-08-03 00:00,2026-08-04 11:30,shift,3,2130,2032,0
P2532,F018,LAND,FACILITY,LAND,inbound,0,1,[],"[""A01"", ""A02"", ""A03""]",,,A01,196.0,"[""A01"", ""A02"", ""A03""]",196.0,F018,A01,48,T1,0,490.0,2026-08-08 10:23,2026-08-09 23:59,shift,3,2256,2208,0
P2533,F032,LAND,FACILITY,LAND,inbound,0,1,[],"[""A01"", ""A02"", ""A03""]",,,A02,279.0,"[""A02"", ""A01"", ""A03""]",279.0,F032,A02,77,T2,0,697.5,2026-08-04 08:41,2026-08-07 09:58,shift,3,4397,4320,0
P2534,F008,F003,FACILITY,FACILITY,shuttle,0,0,[],[],,,A01,192.0,"[""A01"", ""A02"", ""A03""]",38.0,F008,F003,10,T1,1,95.0,2026-08-05 10:59,2026-08-06 11:10,shift,3,1451,1441,0
P2535,A02,F024,AIRPORT,FACILITY,outbound,0,0,"[""A02""]",[],A02,,A01,211.0,"[""A01"", ""A02"", ""A03""]",219.0,A02,F024,53,T1,1,547.5,2026-08-07 10:01,2026-08-09 11:01,shift,3,2940,2887,0
P2536,LAND,F033,LAND,FACILITY,outbound,1,0,"[""A01"", ""A02"", ""A03""]",[],,,A01,227.0,"[""A01"", ""A02"", ""A03""]",227.0,A01,F033,55,T1,1,567.5,2026-08-06 07:26,2026-08-09 23:59,temporary,4,5313,5258,0
P2537,A01,F001,AIRPORT,FACILITY,outbound,0,0,"[""A01""]",[],A01,,A01,219.0,"[""A01"", ""A02"", ""A03""]",219.0,A01,F001,53,T1,1,547.5,2026-08-08 06:53,2026-08-09 23:59,shift,3,2466,2413,0
P2538,LAND,F036,LAND,FACILITY,outbound,1,0,"[""A01"", ""A02"", ""A03""]",[],,,A02,215.0,"[""A02"", ""A01"", ""A03""]",215.0,A02,F036,52,T1,1,537.5,2026-08-03 00:00,2026-08-05 16:39,shift,3,3879,3827,0
P2539,F017,LAND,FACILITY,LAND,inbound,0,1,[],"[""A01"", ""A02"", ""A03""]",,,A01,153.0,"[""A01"", ""A02"", ""A03""]",153.0,F017,A01,37,T1,0,382.5,2026-08-09 11:03,2026-08-09 23:59,shift,3,776,739,0
P2540,LAND,F005,LAND,FACILITY,outbound,1,0,"[""A01"", ""A02"", ""A03""]",[],,,A01,190.0,"[""A01"", ""A02"", ""A03""]",190.0,A01,F005,46,T1,1,475.0,2026-08-06 09:10,2026-08-09 10:02,shift,3,4372,4326,0
P2541,F001,F016,FACILITY,FACILITY,shuttle,0,0,[],[],,,A01,181.0,"[""A01"", ""A02"", ""A03""]",41.0,F001,F016,10,T1,1,102.5,2026-08-03 00:00,2026-08-05 11:46,shift,3,3586,3576,0
P2542,F008,LAND,FACILITY,LAND,inbound,0,1,[],"[""A01"", ""A02"", ""A03""]",,,A01,221.0,"[""A01"", ""A02"", ""A03""]",221.0,F008,A01,54,T1,0,552.5,2026-08-03 08:37,2026-08-06 09:54,shift,3,4397,4343,0
P2543,LAND,F020,LAND,FACILITY,outbound,1,0,"[""A01"", ""A02"", ""A03""]",[],,,A01,171.0,"[""A01"", ""A02"", ""A03""]",171.0,A01,F020,42,T1,1,427.5,2026-08-06 06:27,2026-08-06 09:23,production,2,176,134,0
P2544,A03,F038,AIRPORT,FACILITY,outbound,0,0,"[""A03""]",[],A03,,A03,263.0,"[""A03"", ""A02"", ""A01""]",263.0,A03,F038,72,T2,1,657.5,2026-08-05 08:07,2026-08-07 09:31,shift,3,2964,2892,0
P2545,F022,LAND,FACILITY,LAND,inbound,0,1,[],"[""A01"", ""A02"", ""A03""]",,,A01,194.0,"[""A01"", ""A02"", ""A03""]",194.0,F022,A01,47,T1,0,485.0,2026-08-04 09:07,2026-08-05 09:57,shift,3,1490,1443,0
P2546,F016,LAND,FACILITY,LAND,inbound,0,1,[],"[""A01"", ""A02"", ""A03""]",,,A01,181.0,"[""A01"", ""A02"", ""A03""]",181.0,F016,A01,44,T1,0,452.5,2026-08-08 10:32,2026-08-09 23:59,shift,3,2247,2203,0
P2547,F020,LAND,FACILITY,LAND,inbound,0,1,[],"[""A01"", ""A02"", ""A03""]",,,A01,171.0,"[""A01"", ""A02"", ""A03""]",171.0,F020,A01,42,T1,0,427.5,2026-08-09 08:49,2026-08-09 23:59,shift,3,910,868,0
P2548,LAND,F027,LAND,FACILITY,outbound,1,0,"[""A01"", ""A02"", ""A03""]",[],,,A01,191.0,"[""A01"", ""A02"", ""A03""]",191.0,A01,F027,46,T1,1,477.5,2026-08-04 07:53,2026-08-05 08:56,shift,3,1503,1457,0
P2549,LAND,F010,LAND,FACILITY,outbound,1,0,"[""A01"", ""A02"", ""A03""]",[],,,A01,216.0,"[""A01"", ""A02"", ""A03""]",216.0,A01,F010,52,T1,1,540.0,2026-08-03 08:32,2026-08-06 09:31,shift,3,4379,4327,0
P2550,F031,F021,FACILITY,FACILITY,shuttle,0,0,[],[],,,A01,218.0,"[""A01"", ""A02"", ""A03""]",44.0,F031,F021,11,T1,1,110.0,2026-08-08 11:14,2026-08-09 23:59,shift,3,2205,2194,0
P2551,LAND,F004,LAND,FACILITY,outbound,1,0,"[""A01"", ""A02"", ""A03""]",[],,,A01,197.0,"[""A01"", ""A02"", ""A03""]",197.0,A01,F004,48,T1,1,492.5,2026-08-03 07:36,2026-08-03 10:09,production,2,153,105,0
P2552,F026,LAND,FACILITY,LAND,inbound,0,1,[],"[""A01"", ""A02"", ""A03""]",,,A01,204.0,"[""A01"", ""A02"", ""A03""]",204.0,F026,A01,49,T1,0,510.0,2026-08-07 08:18,2026-08-07 10:49,production,2,151,102,0
P2553,F037,F040,FACILITY,FACILITY,shuttle,0,0,[],[],,,A03,342.0,"[""A03"", ""A02"", ""A01""]",27.0,F037,F040,7,T1,1,67.5,2026-08-03 00:00,2026-08-05 12:23,temporary,4,3623,3616,0
P2554,F016,LAND,FACILITY,LAND,inbound,0,1,[],"[""A01"", ""A02"", ""A03""]",,,A01,181.0,"[""A01"", ""A02"", ""A03""]",181.0,F016,A01,44,T1,0,452.5,2026-08-08 10:32,2026-08-09 23:59,shift,3,2247,2203,0
P2555,LAND,F040,LAND,FACILITY,outbound,1,0,"[""A01"", ""A02"", ""A03""]",[],,,A03,342.0,"[""A03"", ""A02"", ""A01""]",342.0,A03,F040,94,T2,1,855.0,2026-08-07 09:13,2026-08-08 11:55,shift,3,1602,1508,0
P2556,F048,LAND,FACILITY,LAND,inbound,0,1,[],"[""A01"", ""A02"", ""A03""]",,,A03,254.0,"[""A03"", ""A02"", ""A01""]",254.0,F048,A03,70,T2,0,635.0,2026-08-05 10:46,2026-08-05 14:05,production,2,199,129,0
P2557,F018,LAND,FACILITY,LAND,inbound,0,1,[],"[""A01"", ""A02"", ""A03""]",,,A01,196.0,"[""A01"", ""A02"", ""A03""]",196.0,F018,A01,48,T1,0,490.0,2026-08-08 10:23,2026-08-09 23:59,shift,3,2256,2208,0
P2558,LAND,F051,LAND,FACILITY,outbound,1,0,"[""A01"", ""A02"", ""A03""]",[],,,A03,279.0,"[""A03"", ""A02"", ""A01""]",279.0,A03,F051,77,T2,1,697.5,2026-08-05 08:57,2026-08-07 10:47,shift,3,2990,2913,0
P2559,F028,F018,FACILITY,FACILITY,shuttle,0,0,[],[],,,A01,196.0,"[""A01"", ""A02"", ""A03""]",65.0,F028,F018,16,T1,1,162.5,2026-08-06 10:44,2026-08-08 11:02,shift,3,2898,2882,0
P2560,F009,LAND,FACILITY,LAND,inbound,0,1,[],"[""A01"", ""A02"", ""A03""]",,,A01,166.0,"[""A01"", ""A02"", ""A03""]",166.0,F009,A01,40,T1,0,415.0,2026-08-08 10:24,2026-08-09 11:10,shift,3,1486,1446,0
P2561,LAND,F014,LAND,FACILITY,outbound,1,0,"[""A01"", ""A02"", ""A03""]",[],,,A01,164.0,"[""A01"", ""A02"", ""A03""]",164.0,A01,F014,40,T1,1,410.0,2026-08-05 07:15,2026-08-07 08:07,shift,3,2932,2892,0
P2562,LAND,F051,LAND,FACILITY,outbound,1,0,"[""A01"", ""A02"", ""A03""]",[],,,A03,279.0,"[""A03"", ""A02"", ""A01""]",279.0,A03,F051,77,T2,1,697.5,2026-08-05 08:57,2026-08-06 10:47,shift,3,1550,1473,0
P2563,F036,LAND,FACILITY,LAND,inbound,0,1,[],"[""A01"", ""A02"", ""A03""]",,,A02,215.0,"[""A02"", ""A01"", ""A03""]",215.0,F036,A02,52,T1,0,537.5,2026-08-03 00:00,2026-08-05 18:22,shift,3,3982,3930,0
P2564,LAND,F027,LAND,FACILITY,outbound,1,0,"[""A01"", ""A02"", ""A03""]",[],,,A01,191.0,"[""A01"", ""A02"", ""A03""]",191.0,A01,F027,46,T1,1,477.5,2026-08-04 07:53,2026-08-06 08:56,shift,3,2943,2897,0
P2565,F009,A01,FACILITY,AIRPORT,inbound,0,0,[],"[""A01""]",,A01,A01,166.0,"[""A01"", ""A02"", ""A03""]",166.0,F009,A01,40,T1,0,415.0,2026-08-08 10:24,2026-08-09 23:59,shift,3,2255,2215,0
P2566,F004,A01,FACILITY,AIRPORT,inbound,0,0,[],"[""A01""]",,A01,A01,197.0,"[""A01"", ""A02"", ""A03""]",197.0,F004,A01,48,T1,0,492.5,2026-08-07 08:53,2026-08-09 10:20,shift,3,2967,2919,0
P2567,F025,F027,FACILITY,FACILITY,shuttle,0,0,[],[],,,A01,191.0,"[""A01"", ""A02"", ""A03""]",34.0,F025,F027,9,T1,1,85.0,2026-08-06 08:46,2026-08-06 11:36,production,2,170,161,0
P2568,F026,LAND,FACILITY,LAND,inbound,0,1,[],"[""A01"", ""A02"", ""A03""]",,,A01,204.0,"[""A01"", ""A02"", ""A03""]",204.0,F026,A01,49,T1,0,510.0,2026-08-04 08:34,2026-08-05 09:44,shift,3,1510,1461,0
P2569,F048,A03,FACILITY,AIRPORT,inbound,0,0,[],"[""A03""]",,A03,A03,254.0,"[""A03"", ""A02"", ""A01""]",254.0,F048,A03,70,T2,0,635.0,2026-08-08 10:31,2026-08-09 11:52,shift,3,1521,1451,0
P2570,F031,A02,FACILITY,AIRPORT,inbound,0,0,[],"[""A02""]",,A02,A02,242.0,"[""A02"", ""A01"", ""A03""]",242.0,F031,A02,59,T1,0,605.0,2026-08-08 11:40,2026-08-09 12:46,shift,3,1506,1447,0
P2571,A02,F027,AIRPORT,FACILITY,outbound,0,0,"[""A02""]",[],A02,,A01,191.0,"[""A01"", ""A02"", ""A03""]",198.0,A02,F027,48,T1,1,495.0,2026-08-04 07:53,2026-08-06 08:56,shift,3,2943,2895,0
P2572,A02,F024,AIRPORT,FACILITY,outbound,0,0,"[""A02""]",[],A02,,A01,211.0,"[""A01"", ""A02"", ""A03""]",219.0,A02,F024,53,T1,1,547.5,2026-08-07 10:01,2026-08-08 11:01,shift,3,1500,1447,0
P2573,LAND,F026,LAND,FACILITY,outbound,1,0,"[""A01"", ""A02"", ""A03""]",[],,,A01,204.0,"[""A01"", ""A02"", ""A03""]",204.0,A01,F026,49,T1,1,510.0,2026-08-03 07:14,2026-08-06 08:24,shift,3,4390,4341,0
P2574,F046,LAND,FACILITY,LAND,inbound,0,1,[],"[""A01"", ""A02"", ""A03""]",,,A02,227.0,"[""A02"", ""A03"", ""A01""]",227.0,F046,A02,55,T1,0,567.5,2026-08-08 11:12,2026-08-09 12:55,shift,3,1543,1488,0
P2575,F025,LAND,FACILITY,LAND,inbound,0,1,[],"[""A01"", ""A02"", ""A03""]",,,A01,202.0,"[""A01"", ""A02"", ""A03""]",202.0,F025,A01,49,T1,0,505.0,2026-08-07 08:24,2026-08-08 09:20,shift,3,1496,1447,0
P2576,F030,LAND,FACILITY,LAND,inbound,0,1,[],"[""A01"", ""A02"", ""A03""]",,,A01,158.0,"[""A01"", ""A02"", ""A03""]",158.0,F030,A01,38,T1,0,395.0,2026-08-05 10:40,2026-08-06 11:30,shift,3,1490,1452,0
P2577,LAND,F010,LAND,FACILITY,outbound,1,0,"[""A01"", ""A02"", ""A03""]",[],,,A01,216.0,"[""A01"", ""A02"", ""A03""]",216.0,A01,F010,52,T1,1,540.0,2026-08-06 09:58,2026-08-09 10:57,temporary,4,4379,4327,0
P2578,LAND,F022,LAND,FACILITY,outbound,1,0,"[""A01"", ""A02"", ""A03""]",[],,,A01,194.0,"[""A01"", ""A02"", ""A03""]",194.0,A01,F022,47,T1,1,485.0,2026-08-05 08:25,2026-08-07 09:31,shift,3,2946,2899,0
P2579,F052,F048,FACILITY,FACILITY,shuttle,0,0,[],[],,,A03,254.0,"[""A03"", ""A02"", ""A01""]",23.0,F052,F048,6,T1,1,57.5,2026-08-07 10:34,2026-08-09 10:42,shift,3,2888,2882,0
P2580,LAND,F021,LAND,FACILITY,outbound,1,0,"[""A01"", ""A02"", ""A03""]",[],,,A01,218.0,"[""A01"", ""A02"", ""A03""]",218.0,A01,F021,53,T1,1,545.0,2026-08-03 07:39,2026-08-05 08:49,shift,3,2950,2897,0
P2581,F028,LAND,FACILITY,LAND,inbound,0,1,[],"[""A01"", ""A02"", ""A03""]",,,A01,217.0,"[""A01"", ""A02"", ""A03""]",217.0,F028,A01,53,T1,0,542.5,2026-08-07 07:59,2026-08-08 09:16,shift,3,1517,1464,0
P2582,F017,LAND,FACILITY,LAND,inbound,0,1,[],"[""A01"", ""A02"", ""A03""]",,,A01,153.0,"[""A01"", ""A02"", ""A03""]",153.0,F017,A01,37,T1,0,382.5,2026-08-08 11:03,2026-08-09 23:59,shift,3,2216,2179,0
P2583,F036,LAND,FACILITY,LAND,inbound,0,1,[],"[""A01"", ""A02"", ""A03""]",,,A02,215.0,"[""A02"", ""A01"", ""A03""]",215.0,F036,A02,52,T1,0,537.5,2026-08-05 11:57,2026-08-08 13:00,shift,3,4383,4331,0
P2584,F023,F032,FACILITY,FACILITY,shuttle,0,0,[],[],,,A02,279.0,"[""A02"", ""A01"", ""A03""]",14.0,F023,F032,4,T1,1,35.0,2026-08-04 11:47,2026-08-05 11:51,shift,3,1444,1440,0
P2585,F010,LAND,FACILITY,LAND,inbound,0,1,[],"[""A01"", ""A02"", ""A03""]",,,A01,216.0,"[""A01"", ""A02"", ""A03""]",216.0,F010,A01,52,T1,0,540.0,2026-08-08 11:07,2026-08-09 23:59,shift,3,2212,2160,0
P2586,LAND,F007,LAND,FACILITY,outbound,1,0,"[""A01"", ""A02"", ""A03""]",[],,,A01,233.0,"[""A01"", ""A02"", ""A03""]",233.0,A01,F007,56,T1,1,582.5,2026-08-03 06:51,2026-08-05 08:05,shift,3,2954,2898,0
P2587,F018,LAND,FACILITY,LAND,inbound,0,1,[],"[""A01"", ""A02"", ""A03""]",,,A01,196.0,"[""A01"", ""A02"", ""A03""]",196.0,F018,A01,48,T1,0,490.0,2026-08-03 08:28,2026-08-03 11:29,production,2,181,133,0
P2588,F026,F033,FACILITY,FACILITY,shuttle,0,0,[],[],,,A01,227.0,"[""A01"", ""A02"", ""A03""]",35.0,F026,F033,9,T1,1,87.5,2026-08-06 07:45,2026-08-08 07:55,shift,3,2890,2881,0
P2589,F032,LAND,FACILITY,LAND,inbound,0,1,[],"[""A01"", ""A02"", ""A03""]",,,A02,279.0,"[""A02"", ""A01"", ""A03""]",279.0,F032,A02,77,T2,0,697.5,2026-08-05 08:41,2026-08-07 09:58,shift,3,2957,2880,0
P2590,LAND,F029,LAND,FACILITY,outbound,1,0,"[""A01"", ""A02"", ""A03""]",[],,,A01,211.0,"[""A01"", ""A02"", ""A03""]",211.0,A01,F029,51,T1,1,527.5,2026-08-08 09:07,2026-08-09 10:24,shift,3,1517,1466,0
P2591,F050,A03,FACILITY,AIRPORT,inbound,0,0,[],"[""A03""]",,A03,A03,403.0,"[""A03"", ""A02"", ""A01""]",403.0,F050,A03,128,T3,0,1007.5,2026-08-08 12:50,2026-08-09 23:59,shift,3,2109,1981,0
P2592,F043,LAND,FACILITY,LAND,inbound,0,1,[],"[""A01"", ""A02"", ""A03""]",,,A03,303.0,"[""A03"", ""A02"", ""A01""]",303.0,F043,A03,83,T2,0,757.5,2026-08-07 08:56,2026-08-09 10:19,shift,3,2963,2880,0
P2593,F019,LAND,FACILITY,LAND,inbound,0,1,[],"[""A01"", ""A02"", ""A03""]",,,A01,204.0,"[""A01"", ""A02"", ""A03""]",204.0,F019,A01,49,T1,0,510.0,2026-08-08 08:20,2026-08-09 23:59,shift,3,2379,2330,0
P2594,F004,LAND,FACILITY,LAND,inbound,0,1,[],"[""A01"", ""A02"", ""A03""]",,,A01,197.0,"[""A01"", ""A02"", ""A03""]",197.0,F004,A01,48,T1,0,492.5,2026-08-03 00:00,2026-08-04 10:16,shift,3,2056,2008,0
P2595,LAND,F002,LAND,FACILITY,outbound,1,0,"[""A01"", ""A02"", ""A03""]",[],,,A01,217.0,"[""A01"", ""A02"", ""A03""]",217.0,A01,F002,53,T1,1,542.5,2026-08-09 07:25,2026-08-09 23:59,shift,3,994,941,0
P2596,F037,F040,FACILITY,FACILITY,shuttle,0,0,[],[],,,A03,342.0,"[""A03"", ""A02"", ""A01""]",27.0,F037,F040,7,T1,1,67.5,2026-08-03 11:35,2026-08-03 13:43,production,2,128,121,0
P2597,LAND,F022,LAND,FACILITY,outbound,1,0,"[""A01"", ""A02"", ""A03""]",[],,,A01,194.0,"[""A01"", ""A02"", ""A03""]",194.0,A01,F022,47,T1,1,485.0,2026-08-09 08:59,2026-08-09 23:59,shift,3,900,853,0
P2598,A02,F019,AIRPORT,FACILITY,outbound,0,0,"[""A02""]",[],A02,,A01,204.0,"[""A01"", ""A02"", ""A03""]",216.0,A02,F019,52,T1,1,540.0,2026-08-09 07:11,2026-08-09 23:59,shift,3,1008,956,0
P2599,LAND,F046,LAND,FACILITY,outbound,1,0,"[""A01"", ""A02"", ""A03""]",[],,,A02,227.0,"[""A02"", ""A03"", ""A01""]",227.0,A02,F046,55,T1,1,567.5,2026-08-08 09:19,2026-08-09 11:02,shift,3,1543,1488,0
P2600,F020,LAND,FACILITY,LAND,inbound,0,1,[],"[""A01"", ""A02"", ""A03""]",,,A01,171.0,"[""A01"", ""A02"", ""A03""]",171.0,F020,A01,42,T1,0,427.5,2026-08-05 08:05,2026-08-08 08:56,shift,3,4371,4329,0
P2601,LAND,F002,LAND,FACILITY,outbound,1,0,"[""A01"", ""A02"", ""A03""]",[],,,A01,217.0,"[""A01"", ""A02"", ""A03""]",217.0,A01,F002,53,T1,1,542.5,2026-08-05 07:29,2026-08-07 08:38,shift,3,2949,2896,0
P2602,F012,F015,FACILITY,FACILITY,shuttle,0,0,[],[],,,A01,191.0,"[""A01"", ""A02"", ""A03""]",33.0,F012,F015,8,T1,1,82.5,2026-08-06 10:21,2026-08-07 10:30,shift,3,1449,1441,0
P2603,F045,LAND,FACILITY,LAND,inbound,0,1,[],"[""A01"", ""A02"", ""A03""]",,,A03,260.0,"[""A03"", ""A02"", ""A01""]",260.0,F045,A03,71,T2,0,650.0,2026-08-07 17:15,2026-08-09 18:38,shift,3,2963,2892,0
P2604,LAND,F048,LAND,FACILITY,outbound,1,0,"[""A01"", ""A02"", ""A03""]",[],,,A03,254.0,"[""A03"", ""A02"", ""A01""]",254.0,A03,F048,70,T2,1,635.0,2026-08-08 08:31,2026-08-09 10:21,shift,3,1550,1480,0
P2605,F014,F017,FACILITY,FACILITY,shuttle,0,0,[],[],,,A01,153.0,"[""A01"", ""A02"", ""A03""]",38.0,F014,F017,10,T1,1,95.0,2026-08-07 09:23,2026-08-09 10:07,shift,3,2924,2914,0
P2606,F037,LAND,FACILITY,LAND,inbound,0,1,[],"[""A01"", ""A02"", ""A03""]",,,A03,359.0,"[""A03"", ""A02"", ""A01""]",359.0,F037,A03,98,T2,0,897.5,2026-08-03 11:40,2026-08-05 13:42,shift,3,3002,2904,0
P2607,F033,LAND,FACILITY,LAND,inbound,0,1,[],"[""A01"", ""A02"", ""A03""]",,,A01,227.0,"[""A01"", ""A02"", ""A03""]",227.0,F033,A01,55,T1,0,567.5,2026-08-07 09:07,2026-08-09 23:59,shift,3,3772,3717,0
P2608,F034,LAND,FACILITY,LAND,inbound,0,1,[],"[""A01"", ""A02"", ""A03""]",,,A01,246.0,"[""A01"", ""A02"", ""A03""]",246.0,F034,A01,60,T1,0,615.0,2026-08-04 10:04,2026-08-07 11:25,shift,3,4401,4341,0
P2609,F041,LAND,FACILITY,LAND,inbound,0,1,[],"[""A01"", ""A02"", ""A03""]",,,A03,278.0,"[""A03"", ""A02"", ""A01""]",278.0,F041,A03,76,T2,0,695.0,2026-08-03 10:52,2026-08-06 13:37,shift,3,4485,4409,0
P2610,F004,LAND,FACILITY,LAND,inbound,0,1,[],"[""A01"", ""A02"", ""A03""]",,,A01,197.0,"[""A01"", ""A02"", ""A03""]",197.0,F004,A01,48,T1,0,492.5,2026-08-06 08:53,2026-08-08 10:20,shift,3,2967,2919,0
P2611,LAND,F038,LAND,FACILITY,outbound,1,0,"[""A01"", ""A02"", ""A03""]",[],,,A03,263.0,"[""A03"", ""A02"", ""A01""]",263.0,A03,F038,72,T2,1,657.5,2026-08-05 08:07,2026-08-07 09:31,shift,3,2964,2892,0
P2612,F043,LAND,FACILITY,LAND,inbound,0,1,[],"[""A01"", ""A02"", ""A03""]",,,A03,303.0,"[""A03"", ""A02"", ""A01""]",303.0,F043,A03,83,T2,0,757.5,2026-08-04 12:13,2026-08-05 13:36,shift,3,1523,1440,0
P2613,F032,F025,FACILITY,FACILITY,shuttle,0,0,[],[],,,A01,202.0,"[""A01"", ""A02"", ""A03""]",79.0,F032,F025,19,T1,1,197.5,2026-08-08 08:20,2026-08-09 23:59,shift,3,2379,2360,0
P2614,LAND,F018,LAND,FACILITY,outbound,1,0,"[""A01"", ""A02"", ""A03""]",[],,,A01,196.0,"[""A01"", ""A02"", ""A03""]",196.0,A01,F018,48,T1,1,490.0,2026-08-06 09:13,2026-08-08 10:12,shift,3,2939,2891,0
P2615,LAND,F010,LAND,FACILITY,outbound,1,0,"[""A01"", ""A02"", ""A03""]",[],,,A01,216.0,"[""A01"", ""A02"", ""A03""]",216.0,A01,F010,52,T1,1,540.0,2026-08-08 09:58,2026-08-09 23:59,shift,3,2281,2229,0
P2616,F022,LAND,FACILITY,LAND,inbound,0,1,[],"[""A01"", ""A02"", ""A03""]",,,A01,194.0,"[""A01"", ""A02"", ""A03""]",194.0,F022,A01,47,T1,0,485.0,2026-08-05 09:41,2026-08-08 10:47,shift,3,4386,4339,0
P2617,LAND,F029,LAND,FACILITY,outbound,1,0,"[""A01"", ""A02"", ""A03""]",[],,,A01,211.0,"[""A01"", ""A02"", ""A03""]",211.0,A01,F029,51,T1,1,527.5,2026-08-08 09:07,2026-08-09 10:24,shift,3,1517,1466,0
P2618,LAND,F039,LAND,FACILITY,outbound,1,0,"[""A01"", ""A02"", ""A03""]",[],,,A03,223.0,"[""A03"", ""A02"", ""A01""]",223.0,A03,F039,54,T1,1,557.5,2026-08-05 09:16,2026-08-08 10:27,shift,3,4391,4337,0
P2619,LAND,F048,LAND,FACILITY,outbound,1,0,"[""A01"", ""A02"", ""A03""]",[],,,A03,254.0,"[""A03"", ""A02"", ""A01""]",254.0,A03,F048,70,T2,1,635.0,2026-08-05 09:57,2026-08-07 11:34,shift,3,2977,2907,0
P2620,LAND,F034,LAND,FACILITY,outbound,1,0,"[""A01"", ""A02"", ""A03""]",[],,,A01,246.0,"[""A01"", ""A02"", ""A03""]",246.0,A01,F034,60,T1,1,615.0,2026-08-08 06:00,2026-08-08 08:42,production,2,162,102,0
P2621,F049,A03,FACILITY,AIRPORT,inbound,0,0,[],"[""A03""]",,A03,A02,239.0,"[""A02"", ""A03"", ""A01""]",243.0,F049,A03,59,T1,0,607.5,2026-08-08 11:45,2026-08-09 23:59,shift,3,2174,2115,0
P2622,F019,A02,FACILITY,AIRPORT,inbound,0,0,[],"[""A02""]",,A02,A01,204.0,"[""A01"", ""A02"", ""A03""]",216.0,F019,A02,52,T1,0,540.0,2026-08-03 09:33,2026-08-03 12:42,production,2,189,137,0
P2623,F001,F005,FACILITY,FACILITY,shuttle,0,0,[],[],,,A01,190.0,"[""A01"", ""A02"", ""A03""]",50.0,F001,F005,12,T1,1,125.0,2026-08-07 10:14,2026-08-09 10:48,shift,3,2914,2902,0
P2624,F027,F021,FACILITY,FACILITY,shuttle,0,0,[],[],,,A01,218.0,"[""A01"", ""A02"", ""A03""]",37.0,F027,F021,9,T1,1,92.5,2026-08-06 07:19,2026-08-08 07:52,shift,3,2913,2904,0
P2625,A01,F002,AIRPORT,FACILITY,outbound,0,0,"[""A01""]",[],A01,,A01,217.0,"[""A01"", ""A02"", ""A03""]",217.0,A01,F002,53,T1,1,542.5,2026-08-09 07:25,2026-08-09 23:59,shift,3,994,941,0
P2626,F022,LAND,FACILITY,LAND,inbound,0,1,[],"[""A01"", ""A02"", ""A03""]",,,A01,194.0,"[""A01"", ""A02"", ""A03""]",194.0,F022,A01,47,T1,0,485.0,2026-08-04 09:07,2026-08-05 09:57,shift,3,1490,1443,0
P2627,LAND,F025,LAND,FACILITY,outbound,1,0,"[""A01"", ""A02"", ""A03""]",[],,,A01,202.0,"[""A01"", ""A02"", ""A03""]",202.0,A01,F025,49,T1,1,505.0,2026-08-04 15:15,2026-08-06 16:46,shift,3,2971,2922,0
P2628,F031,LAND,FACILITY,LAND,inbound,0,1,[],"[""A01"", ""A02"", ""A03""]",,,A02,242.0,"[""A02"", ""A01"", ""A03""]",242.0,F031,A02,59,T1,0,605.0,2026-08-07 11:40,2026-08-09 12:46,shift,3,2946,2887,0
P2629,F008,LAND,FACILITY,LAND,inbound,0,1,[],"[""A01"", ""A02"", ""A03""]",,,A01,221.0,"[""A01"", ""A02"", ""A03""]",221.0,F008,A01,54,T1,0,552.5,2026-08-07 09:32,2026-08-09 10:49,shift,3,2957,2903,0
P2630,F052,LAND,FACILITY,LAND,inbound,0,1,[],"[""A01"", ""A02"", ""A03""]",,,A02,259.0,"[""A02"", ""A03"", ""A01""]",259.0,F052,A02,71,T2,0,647.5,2026-08-08 09:56,2026-08-09 23:59,shift,3,2283,2212,0
P2631,F032,F025,FACILITY,FACILITY,shuttle,0,0,[],[],,,A01,202.0,"[""A01"", ""A02"", ""A03""]",79.0,F032,F025,19,T1,1,197.5,2026-08-08 08:20,2026-08-09 23:59,shift,3,2379,2360,0
P2632,LAND,F011,LAND,FACILITY,outbound,1,0,"[""A01"", ""A02"", ""A03""]",[],,,A01,201.0,"[""A01"", ""A02"", ""A03""]",201.0,A01,F011,49,T1,1,502.5,2026-08-03 09:43,2026-08-06 10:38,shift,3,4375,4326,0
P2633,LAND,F021,LAND,FACILITY,outbound,1,0,"[""A01"", ""A02"", ""A03""]",[],,,A01,218.0,"[""A01"", ""A02"", ""A03""]",218.0,A01,F021,53,T1,1,545.0,2026-08-08 08:21,2026-08-09 23:59,shift,3,2378,2325,0
P2634,F041,F045,FACILITY,FACILITY,shuttle,0,0,[],[],,,A03,260.0,"[""A03"", ""A02"", ""A01""]",20.0,F041,F045,5,T1,1,50.0,2026-08-03 10:20,2026-08-06 10:27,shift,3,4327,4322,0
P2635,F012,F015,FACILITY,FACILITY,shuttle,0,0,[],[],,,A01,191.0,"[""A01"", ""A02"", ""A03""]",33.0,F012,F015,8,T1,1,82.5,2026-08-05 10:21,2026-08-08 10:30,shift,3,4329,4321,0
P2636,A03,F043,AIRPORT,FACILITY,outbound,0,0,"[""A03""]",[],A03,,A03,303.0,"[""A03"", ""A02"", ""A01""]",303.0,A03,F043,83,T2,1,757.5,2026-08-03 10:17,2026-08-06 12:03,shift,3,4426,4343,0
P2637,LAND,F021,LAND,FACILITY,outbound,1,0,"[""A01"", ""A02"", ""A03""]",[],,,A01,218.0,"[""A01"", ""A02"", ""A03""]",218.0,A01,F021,53,T1,1,545.0,2026-08-08 08:21,2026-08-09 23:59,shift,3,2378,2325,0
P2638,F049,LAND,FACILITY,LAND,inbound,0,1,[],"[""A01"", ""A02"", ""A03""]",,,A02,239.0,"[""A02"", ""A03"", ""A01""]",239.0,F049,A02,58,T1,0,597.5,2026-08-07 11:45,2026-08-09 13:02,shift,3,2957,2899,0
P2639,F050,LAND,FACILITY,LAND,inbound,0,1,[],"[""A01"", ""A02"", ""A03""]",,,A03,403.0,"[""A03"", ""A02"", ""A01""]",403.0,F050,A03,128,T3,0,1007.5,2026-08-04 09:44,2026-08-07 11:57,shift,3,4453,4325,0
P2640,F045,LAND,FACILITY,LAND,inbound,0,1,[],"[""A01"", ""A02"", ""A03""]",,,A03,260.0,"[""A03"", ""A02"", ""A01""]",260.0,F045,A03,71,T2,0,650.0,2026-08-03 10:58,2026-08-05 12:21,shift,3,2963,2892,0
P2641,F005,LAND,FACILITY,LAND,inbound,0,1,[],"[""A01"", ""A02"", ""A03""]",,,A01,190.0,"[""A01"", ""A02"", ""A03""]",190.0,F005,A01,46,T1,0,475.0,2026-08-03 00:00,2026-08-05 10:42,shift,3,3522,3476,0
P2642,LAND,F031,LAND,FACILITY,outbound,1,0,"[""A01"", ""A02"", ""A03""]",[],,,A02,242.0,"[""A02"", ""A01"", ""A03""]",242.0,A02,F031,59,T1,1,605.0,2026-08-08 10:14,2026-08-09 11:20,shift,3,1506,1447,0
P2643,LAND,F038,LAND,FACILITY,outbound,1,0,"[""A01"", ""A02"", ""A03""]",[],,,A03,263.0,"[""A03"", ""A02"", ""A01""]",263.0,A03,F038,72,T2,1,657.5,2026-08-03 06:47,2026-08-05 07:59,shift,3,2952,2880,0
P2644,LAND,F018,LAND,FACILITY,outbound,1,0,"[""A01"", ""A02"", ""A03""]",[],,,A01,196.0,"[""A01"", ""A02"", ""A03""]",196.0,A01,F018,48,T1,1,490.0,2026-08-05 09:13,2026-08-08 10:12,shift,3,4379,4331,0
P2645,F043,LAND,FACILITY,LAND,inbound,0,1,[],"[""A01"", ""A02"", ""A03""]",,,A03,303.0,"[""A03"", ""A02"", ""A01""]",303.0,F043,A03,83,T2,0,757.5,2026-08-04 11:24,2026-08-04 14:27,production,2,183,100,0
P2646,F022,LAND,FACILITY,LAND,inbound,0,1,[],"[""A01"", ""A02"", ""A03""]",,,A01,194.0,"[""A01"", ""A02"", ""A03""]",194.0,F022,A01,47,T1,0,485.0,2026-08-05 09:41,2026-08-08 10:47,shift,3,4386,4339,0
P2647,LAND,F049,LAND,FACILITY,outbound,1,0,"[""A01"", ""A02"", ""A03""]",[],,,A02,239.0,"[""A02"", ""A03"", ""A01""]",239.0,A02,F049,58,T1,1,597.5,2026-08-05 06:41,2026-08-07 08:23,shift,3,2982,2924,0
P2648,LAND,F043,LAND,FACILITY,outbound,1,0,"[""A01"", ""A02"", ""A03""]",[],,,A03,303.0,"[""A03"", ""A02"", ""A01""]",303.0,A03,F043,83,T2,1,757.5,2026-08-03 10:17,2026-08-06 12:03,shift,3,4426,4343,0
P2649,LAND,F039,LAND,FACILITY,outbound,1,0,"[""A01"", ""A02"", ""A03""]",[],,,A03,223.0,"[""A03"", ""A02"", ""A01""]",223.0,A03,F039,54,T1,1,557.5,2026-08-05 09:16,2026-08-08 10:27,shift,3,4391,4337,0
P2650,LAND,F041,LAND,FACILITY,outbound,1,0,"[""A01"", ""A02"", ""A03""]",[],,,A03,278.0,"[""A03"", ""A02"", ""A01""]",278.0,A03,F041,76,T2,1,695.0,2026-08-06 09:51,2026-08-09 12:00,shift,3,4449,4373,0
P2651,F003,LAND,FACILITY,LAND,inbound,0,1,[],"[""A01"", ""A02"", ""A03""]",,,A01,192.0,"[""A01"", ""A02"", ""A03""]",192.0,F003,A01,47,T1,0,480.0,2026-08-06 08:09,2026-08-09 09:30,shift,3,4401,4354,0
P2652,F021,LAND,FACILITY,LAND,inbound,0,1,[],"[""A01"", ""A02"", ""A03""]",,,A01,218.0,"[""A01"", ""A02"", ""A03""]",218.0,F021,A01,53,T1,0,545.0,2026-08-03 08:59,2026-08-04 10:09,shift,3,1510,1457,0
P2653,F031,A02,FACILITY,AIRPORT,inbound,0,0,[],"[""A02""]",,A02,A02,242.0,"[""A02"", ""A01"", ""A03""]",242.0,F031,A02,59,T1,0,605.0,2026-08-08 10:45,2026-08-08 13:49,production,2,184,125,0
P2654,LAND,F045,LAND,FACILITY,outbound,1,0,"[""A01"", ""A02"", ""A03""]",[],,,A03,260.0,"[""A03"", ""A02"", ""A01""]",260.0,A03,F045,71,T2,1,650.0,2026-08-07 15:11,2026-08-09 17:05,shift,3,2994,2923,0
P2655,F042,LAND,FACILITY,LAND,inbound,0,1,[],"[""A01"", ""A02"", ""A03""]",,,A03,368.0,"[""A03"", ""A02"", ""A01""]",368.0,F042,A03,101,T2,0,920.0,2026-08-04 12:01,2026-08-06 14:50,shift,3,3049,2948,0
P2656,F005,LAND,FACILITY,LAND,inbound,0,1,[],"[""A01"", ""A02"", ""A03""]",,,A01,190.0,"[""A01"", ""A02"", ""A03""]",190.0,F005,A01,46,T1,0,475.0,2026-08-06 10:12,2026-08-09 11:04,shift,3,4372,4326,0
P2657,LAND,F020,LAND,FACILITY,outbound,1,0,"[""A01"", ""A02"", ""A03""]",[],,,A01,171.0,"[""A01"", ""A02"", ""A03""]",171.0,A01,F020,42,T1,1,427.5,2026-08-06 07:04,2026-08-08 07:55,shift,3,2931,2889,0
P2658,F004,A01,FACILITY,AIRPORT,inbound,0,0,[],"[""A01""]",,A01,A01,197.0,"[""A01"", ""A02"", ""A03""]",197.0,F004,A01,48,T1,0,492.5,2026-08-07 08:53,2026-08-09 10:20,shift,3,2967,2919,0
P2659,F045,A03,FACILITY,AIRPORT,inbound,0,0,[],"[""A03""]",,A03,A03,260.0,"[""A03"", ""A02"", ""A01""]",260.0,F045,A03,71,T2,0,650.0,2026-08-06 17:15,2026-08-08 18:38,shift,3,2963,2892,0
P2660,F021,LAND,FACILITY,LAND,inbound,0,1,[],"[""A01"", ""A02"", ""A03""]",,,A01,218.0,"[""A01"", ""A02"", ""A03""]",218.0,F021,A01,53,T1,0,545.0,2026-08-03 00:00,2026-08-05 10:09,shift,3,3489,3436,0
P2661,LAND,F005,LAND,FACILITY,outbound,1,0,"[""A01"", ""A02"", ""A03""]",[],,,A01,190.0,"[""A01"", ""A02"", ""A03""]",190.0,A01,F005,46,T1,1,475.0,2026-08-03 00:00,2026-08-04 09:40,shift,3,2020,1974,0
P2662,F009,LAND,FACILITY,LAND,inbound,0,1,[],"[""A01"", ""A02"", ""A03""]",,,A01,166.0,"[""A01"", ""A02"", ""A03""]",166.0,F009,A01,40,T1,0,415.0,2026-08-04 08:43,2026-08-06 10:01,shift,3,2958,2918,0
P2663,LAND,F036,LAND,FACILITY,outbound,1,0,"[""A01"", ""A02"", ""A03""]",[],,,A02,215.0,"[""A02"", ""A01"", ""A03""]",215.0,A02,F036,52,T1,1,537.5,2026-08-03 15:06,2026-08-04 16:39,shift,3,1533,1481,0
P2664,F017,LAND,FACILITY,LAND,inbound,0,1,[],"[""A01"", ""A02"", ""A03""]",,,A01,153.0,"[""A01"", ""A02"", ""A03""]",153.0,F017,A01,37,T1,0,382.5,2026-08-06 11:03,2026-08-09 23:59,temporary,4,5096,5059,0
P2665,LAND,F002,LAND,FACILITY,outbound,1,0,"[""A01"", ""A02"", ""A03""]",[],,,A01,217.0,"[""A01"", ""A02"", ""A03""]",217.0,A01,F002,53,T1,1,542.5,2026-08-08 07:25,2026-08-09 23:59,shift,3,2434,2381,0
P2666,F049,F048,FACILITY,FACILITY,shuttle,0,0,[],[],,,A03,254.0,"[""A03"", ""A02"", ""A01""]",34.0,F049,F048,9,T1,1,85.0,2026-08-07 07:52,2026-08-09 23:59,shift,3,3847,3838,0
P2667,LAND,F044,LAND,FACILITY,outbound,1,0,"[""A01"", ""A02"", ""A03""]",[],,,A03,317.0,"[""A03"", ""A02"", ""A01""]",317.0,A03,F044,87,T2,1,792.5,2026-08-06 06:21,2026-08-09 08:02,shift,3,4421,4334,0
P2668,F005,LAND,FACILITY,LAND,inbound,0,1,[],"[""A01"", ""A02"", ""A03""]",,,A01,190.0,"[""A01"", ""A02"", ""A03""]",190.0,F005,A01,46,T1,0,475.0,2026-08-07 10:12,2026-08-09 11:04,shift,3,2932,2886,0
P2669,LAND,F004,LAND,FACILITY,outbound,1,0,"[""A01"", ""A02"", ""A03""]",[],,,A01,197.0,"[""A01"", ""A02"", ""A03""]",197.0,A01,F004,48,T1,1,492.5,2026-08-03 00:00,2026-08-05 09:12,shift,3,3432,3384,0
P2670,F028,F018,FACILITY,FACILITY,shuttle,0,0,[],[],,,A01,196.0,"[""A01"", ""A02"", ""A03""]",65.0,F028,F018,16,T1,1,162.5,2026-08-06 10:44,2026-08-08 11:02,shift,3,2898,2882,0
P2671,F039,F048,FACILITY,FACILITY,shuttle,0,0,[],[],,,A03,254.0,"[""A03"", ""A02"", ""A01""]",31.0,F039,F048,8,T1,1,77.5,2026-08-09 07:36,2026-08-09 23:59,shift,3,983,975,0
P2672,LAND,F049,LAND,FACILITY,outbound,1,0,"[""A01"", ""A02"", ""A03""]",[],,,A02,239.0,"[""A02"", ""A03"", ""A01""]",239.0,A02,F049,58,T1,1,597.5,2026-08-08 09:40,2026-08-09 23:59,shift,3,2299,2241,0
P2673,F021,LAND,FACILITY,LAND,inbound,0,1,[],"[""A01"", ""A02"", ""A03""]",,,A01,218.0,"[""A01"", ""A02"", ""A03""]",218.0,F021,A01,53,T1,0,545.0,2026-08-05 09:04,2026-08-08 10:14,shift,3,4390,4337,0
P2674,LAND,F038,LAND,FACILITY,outbound,1,0,"[""A01"", ""A02"", ""A03""]",[],,,A03,263.0,"[""A03"", ""A02"", ""A01""]",263.0,A03,F038,72,T2,1,657.5,2026-08-03 06:47,2026-08-05 07:59,shift,3,2952,2880,0
P2675,LAND,F021,LAND,FACILITY,outbound,1,0,"[""A01"", ""A02"", ""A03""]",[],,,A01,218.0,"[""A01"", ""A02"", ""A03""]",218.0,A01,F021,53,T1,1,545.0,2026-08-06 06:51,2026-08-06 10:23,production,2,212,159,0
P2676,F003,F007,FACILITY,FACILITY,shuttle,0,0,[],[],,,A01,233.0,"[""A01"", ""A02"", ""A03""]",48.0,F003,F007,12,T1,1,120.0,2026-08-08 09:19,2026-08-09 23:59,shift,3,2320,2308,0
P2677,LAND,F036,LAND,FACILITY,outbound,1,0,"[""A01"", ""A02"", ""A03""]",[],,,A02,215.0,"[""A02"", ""A01"", ""A03""]",215.0,A02,F036,52,T1,1,537.5,2026-08-09 14:44,2026-08-09 17:33,production,2,169,117,0
P2678,LAND,F024,LAND,FACILITY,outbound,1,0,"[""A01"", ""A02"", ""A03""]",[],,,A01,211.0,"[""A01"", ""A02"", ""A03""]",211.0,A01,F024,51,T1,1,527.5,2026-08-07 10:01,2026-08-08 11:01,shift,3,1500,1449,0
P2679,F036,LAND,FACILITY,LAND,inbound,0,1,[],"[""A01"", ""A02"", ""A03""]",,,A02,215.0,"[""A02"", ""A01"", ""A03""]",215.0,F036,A02,52,T1,0,537.5,2026-08-08 16:40,2026-08-09 23:59,shift,3,1879,1827,0
P2680,F022,LAND,FACILITY,LAND,inbound,0,1,[],"[""A01"", ""A02"", ""A03""]",,,A01,194.0,"[""A01"", ""A02"", ""A03""]",194.0,F022,A01,47,T1,0,485.0,2026-08-03 09:07,2026-08-05 09:57,shift,3,2930,2883,0
P2681,LAND,F032,LAND,FACILITY,outbound,1,0,"[""A01"", ""A02"", ""A03""]",[],,,A02,279.0,"[""A02"", ""A01"", ""A03""]",279.0,A02,F032,77,T2,1,697.5,2026-08-04 06:54,2026-08-07 08:31,shift,3,4417,4340,0
P2682,LAND,F017,LAND,FACILITY,outbound,1,0,"[""A01"", ""A02"", ""A03""]",[],,,A01,153.0,"[""A01"", ""A02"", ""A03""]",153.0,A01,F017,37,T1,1,382.5,2026-08-08 10:11,2026-08-09 23:59,shift,3,2268,2231,0
P2683,A02,F029,AIRPORT,FACILITY,outbound,0,0,"[""A02""]",[],A02,,A01,211.0,"[""A01"", ""A02"", ""A03""]",216.0,A02,F029,52,T1,1,540.0,2026-08-05 09:03,2026-08-07 10:28,shift,3,2965,2913,0
P2684,F001,LAND,FACILITY,LAND,inbound,0,1,[],"[""A01"", ""A02"", ""A03""]",,,A01,219.0,"[""A01"", ""A02"", ""A03""]",219.0,F001,A01,53,T1,0,547.5,2026-08-06 11:18,2026-08-07 12:42,shift,3,1524,1471,0
P2685,F038,LAND,FACILITY,LAND,inbound,0,1,[],"[""A01"", ""A02"", ""A03""]",,,A03,263.0,"[""A03"", ""A02"", ""A01""]",263.0,F038,A03,72,T2,0,657.5,2026-08-03 00:00,2026-08-05 09:31,shift,3,3451,3379,0
P2686,F002,F004,FACILITY,FACILITY,shuttle,0,0,[],[],,,A01,197.0,"[""A01"", ""A02"", ""A03""]",33.0,F002,F004,8,T1,1,82.5,2026-08-03 08:15,2026-08-05 08:56,shift,3,2921,2913,0
P2687,F043,LAND,FACILITY,LAND,inbound,0,1,[],"[""A01"", ""A02"", ""A03""]",,,A03,303.0,"[""A03"", ""A02"", ""A01""]",303.0,F043,A03,83,T2,0,757.5,2026-08-07 08:56,2026-08-09 10:19,shift,3,2963,2880,0
P2688,LAND,F001,LAND,FACILITY,outbound,1,0,"[""A01"", ""A02"", ""A03""]",[],,,A01,219.0,"[""A01"", ""A02"", ""A03""]",219.0,A01,F001,53,T1,1,547.5,2026-08-06 10:08,2026-08-07 11:08,shift,3,1500,1447,0
P2689,LAND,F018,LAND,FACILITY,outbound,1,0,"[""A01"", ""A02"", ""A03""]",[],,,A01,196.0,"[""A01"", ""A02"", ""A03""]",196.0,A01,F018,48,T1,1,490.0,2026-08-09 09:11,2026-08-09 23:59,shift,3,888,840,0
P2690,F019,F033,FACILITY,FACILITY,shuttle,0,0,[],[],,,A01,227.0,"[""A01"", ""A02"", ""A03""]",24.0,F019,F033,6,T1,1,60.0,2026-08-03 09:47,2026-08-04 09:54,shift,3,1447,1441,0
P2691,LAND,F012,LAND,FACILITY,outbound,1,0,"[""A01"", ""A02"", ""A03""]",[],,,A01,208.0,"[""A01"", ""A02"", ""A03""]",208.0,A01,F012,50,T1,1,520.0,2026-08-07 07:14,2026-08-09 08:20,shift,3,2946,2896,0
P2692,LAND,F048,LAND,FACILITY,outbound,1,0,"[""A01"", ""A02"", ""A03""]",[],,,A03,254.0,"[""A03"", ""A02"", ""A01""]",254.0,A03,F048,70,T2,1,635.0,2026-08-07 08:31,2026-08-09 23:59,shift,3,3808,3738,0
P2693,F010,F007,FACILITY,FACILITY,shuttle,0,0,[],[],,,A01,233.0,"[""A01"", ""A02"", ""A03""]",37.0,F010,F007,9,T1,1,92.5,2026-08-05 07:53,2026-08-07 08:27,shift,3,2914,2905,0
P2694,F009,F003,FACILITY,FACILITY,shuttle,0,0,[],[],,,A01,192.0,"[""A01"", ""A02"", ""A03""]",48.0,F009,F003,12,T1,1,120.0,2026-08-05 10:54,2026-08-07 11:38,shift,3,2924,2912,0
P2695,LAND,F003,LAND,FACILITY,outbound,1,0,"[""A01"", ""A02"", ""A03""]",[],,,A01,192.0,"[""A01"", ""A02"", ""A03""]",192.0,A01,F003,47,T1,1,480.0,2026-08-03 00:00,2026-08-04 08:26,shift,3,1946,1899,0
P2696,F015,LAND,FACILITY,LAND,inbound,0,1,[],"[""A01"", ""A02"", ""A03""]",,,A01,191.0,"[""A01"", ""A02"", ""A03""]",191.0,F015,A01,46,T1,0,477.5,2026-08-05 08:29,2026-08-07 09:15,shift,3,2926,2880,0
P2697,F018,LAND,FACILITY,LAND,inbound,0,1,[],"[""A01"", ""A02"", ""A03""]",,,A01,196.0,"[""A01"", ""A02"", ""A03""]",196.0,F018,A01,48,T1,0,490.0,2026-08-08 10:23,2026-08-09 23:59,shift,3,2256,2208,0
P2698,LAND,F012,LAND,FACILITY,outbound,1,0,"[""A01"", ""A02"", ""A03""]",[],,,A01,208.0,"[""A01"", ""A02"", ""A03""]",208.0,A01,F012,50,T1,1,520.0,2026-08-03 10:25,2026-08-06 11:31,shift,3,4386,4336,0
P2699,F047,LAND,FACILITY,LAND,inbound,0,1,[],"[""A01"", ""A02"", ""A03""]",,,A02,241.0,"[""A02"", ""A01"", ""A03""]",241.0,F047,A02,58,T1,0,602.5,2026-08-05 11:11,2026-08-06 12:54,shift,3,1543,1485,0
P2700,LAND,F049,LAND,FACILITY,outbound,1,0,"[""A01"", ""A02"", ""A03""]",[],,,A02,239.0,"[""A02"", ""A03"", ""A01""]",239.0,A02,F049,58,T1,1,597.5,2026-08-08 09:40,2026-08-09 11:35,shift,3,1555,1497,0
P2701,F027,F021,FACILITY,FACILITY,shuttle,0,0,[],[],,,A01,218.0,"[""A01"", ""A02"", ""A03""]",37.0,F027,F021,9,T1,1,92.5,2026-08-07 07:19,2026-08-08 07:52,shift,3,1473,1464,0
P2702,LAND,F002,LAND,FACILITY,outbound,1,0,"[""A01"", ""A02"", ""A03""]",[],,,A01,217.0,"[""A01"", ""A02"", ""A03""]",217.0,A01,F002,53,T1,1,542.5,2026-08-08 07:25,2026-08-09 23:59,shift,3,2434,2381,0
P2703,F014,A01,FACILITY,AIRPORT,inbound,0,0,[],"[""A01""]",,A01,A01,164.0,"[""A01"", ""A02"", ""A03""]",164.0,F014,A01,40,T1,0,410.0,2026-08-05 07:25,2026-08-05 10:14,production,2,169,129,0
P2704,F017,F014,FACILITY,FACILITY,shuttle,0,0,[],[],,,A01,164.0,"[""A01"", ""A02"", ""A03""]",38.0,F017,F014,10,T1,1,95.0,2026-08-07 08:42,2026-08-09 08:54,shift,3,2892,2882,0
P2705,F018,A02,FACILITY,AIRPORT,inbound,0,0,[],"[""A02""]",,A02,A01,196.0,"[""A01"", ""A02"", ""A03""]",214.0,F018,A02,52,T1,0,535.0,2026-08-03 09:08,2026-08-05 10:00,shift,3,2932,2880,0
P2706,F004,F007,FACILITY,FACILITY,shuttle,0,0,[],[],,,A01,233.0,"[""A01"", ""A02"", ""A03""]",36.0,F004,F007,9,T1,1,90.0,2026-08-03 08:10,2026-08-05 08:22,shift,3,2892,2883,0
P2707,F045,LAND,FACILITY,LAND,inbound,0,1,[],"[""A01"", ""A02"", ""A03""]",,,A03,260.0,"[""A03"", ""A02"", ""A01""]",260.0,F045,A03,71,T2,0,650.0,2026-08-03 10:58,2026-08-06 12:21,shift,3,4403,4332,0
P2708,F036,LAND,FACILITY,LAND,inbound,0,1,[],"[""A01"", ""A02"", ""A03""]",,,A02,215.0,"[""A02"", ""A01"", ""A03""]",215.0,F036,A02,52,T1,0,537.5,2026-08-03 00:00,2026-08-04 18:22,shift,3,2542,2490,0
P2709,F045,LAND,FACILITY,LAND,inbound,0,1,[],"[""A01"", ""A02"", ""A03""]",,,A03,260.0,"[""A03"", ""A02"", ""A01""]",260.0,F045,A03,71,T2,0,650.0,2026-08-03 10:58,2026-08-06 12:21,shift,3,4403,4332,0
P2710,LAND,F026,LAND,FACILITY,outbound,1,0,"[""A01"", ""A02"", ""A03""]",[],,,A01,204.0,"[""A01"", ""A02"", ""A03""]",204.0,A01,F026,49,T1,1,510.0,2026-08-03 07:14,2026-08-06 08:24,shift,3,4390,4341,0
P2711,LAND,F022,LAND,FACILITY,outbound,1,0,"[""A01"", ""A02"", ""A03""]",[],,,A01,194.0,"[""A01"", ""A02"", ""A03""]",194.0,A01,F022,47,T1,1,485.0,2026-08-06 07:41,2026-08-06 10:28,production,2,167,120,0
P2712,LAND,F048,LAND,FACILITY,outbound,1,0,"[""A01"", ""A02"", ""A03""]",[],,,A03,254.0,"[""A03"", ""A02"", ""A01""]",254.0,A03,F048,70,T2,1,635.0,2026-08-08 08:31,2026-08-09 23:59,shift,3,2368,2298,0
P2713,F044,LAND,FACILITY,LAND,inbound,0,1,[],"[""A01"", ""A02"", ""A03""]",,,A03,317.0,"[""A03"", ""A02"", ""A01""]",317.0,F044,A03,87,T2,0,792.5,2026-08-03 09:32,2026-08-05 11:13,shift,3,2981,2894,0
P2714,F051,LAND,FACILITY,LAND,inbound,0,1,[],"[""A01"", ""A02"", ""A03""]",,,A03,279.0,"[""A03"", ""A02"", ""A01""]",279.0,F051,A03,77,T2,0,697.5,2026-08-09 09:13,2026-08-09 23:59,shift,3,886,809,0
P2715,LAND,F002,LAND,FACILITY,outbound,1,0,"[""A01"", ""A02"", ""A03""]",[],,,A01,217.0,"[""A01"", ""A02"", ""A03""]",217.0,A01,F002,53,T1,1,542.5,2026-08-09 07:25,2026-08-09 23:59,shift,3,994,941,0
P2716,LAND,F004,LAND,FACILITY,outbound,1,0,"[""A01"", ""A02"", ""A03""]",[],,,A01,197.0,"[""A01"", ""A02"", ""A03""]",197.0,A01,F004,48,T1,1,492.5,2026-08-03 08:18,2026-08-05 09:12,shift,3,2934,2886,0
P2717,LAND,F002,LAND,FACILITY,outbound,1,0,"[""A01"", ""A02"", ""A03""]",[],,,A01,217.0,"[""A01"", ""A02"", ""A03""]",217.0,A01,F002,53,T1,1,542.5,2026-08-06 07:29,2026-08-08 08:38,shift,3,2949,2896,0
P2718,LAND,F006,LAND,FACILITY,outbound,1,0,"[""A01"", ""A02"", ""A03""]",[],,,A01,235.0,"[""A01"", ""A02"", ""A03""]",235.0,A01,F006,57,T1,1,587.5,2026-08-03 09:32,2026-08-05 10:37,shift,3,2945,2888,0
P2719,LAND,F003,LAND,FACILITY,outbound,1,0,"[""A01"", ""A02"", ""A03""]",[],,,A01,192.0,"[""A01"", ""A02"", ""A03""]",192.0,A01,F003,47,T1,1,480.0,2026-08-06 07:12,2026-08-09 07:59,shift,3,4367,4320,0
P2720,LAND,F009,LAND,FACILITY,outbound,1,0,"[""A01"", ""A02"", ""A03""]",[],,,A01,166.0,"[""A01"", ""A02"", ""A03""]",166.0,A01,F009,40,T1,1,415.0,2026-08-03 07:53,2026-08-06 08:33,shift,3,4360,4320,0
P2721,LAND,F039,LAND,FACILITY,outbound,1,0,"[""A01"", ""A02"", ""A03""]",[],,,A03,223.0,"[""A03"", ""A02"", ""A01""]",223.0,A03,F039,54,T1,1,557.5,2026-08-06 08:28,2026-08-06 11:37,production,2,189,135,0
P2722,LAND,F020,LAND,FACILITY,outbound,1,0,"[""A01"", ""A02"", ""A03""]",[],,,A01,171.0,"[""A01"", ""A02"", ""A03""]",171.0,A01,F020,42,T1,1,427.5,2026-08-05 07:04,2026-08-08 07:55,shift,3,4371,4329,0
P2723,LAND,F002,LAND,FACILITY,outbound,1,0,"[""A01"", ""A02"", ""A03""]",[],,,A01,217.0,"[""A01"", ""A02"", ""A03""]",217.0,A01,F002,53,T1,1,542.5,2026-08-08 07:25,2026-08-09 23:59,shift,3,2434,2381,0
P2724,LAND,F002,LAND,FACILITY,outbound,1,0,"[""A01"", ""A02"", ""A03""]",[],,,A01,217.0,"[""A01"", ""A02"", ""A03""]",217.0,A01,F002,53,T1,1,542.5,2026-08-08 07:25,2026-08-09 23:59,shift,3,2434,2381,0
P2725,LAND,F005,LAND,FACILITY,outbound,1,0,"[""A01"", ""A02"", ""A03""]",[],,,A01,190.0,"[""A01"", ""A02"", ""A03""]",190.0,A01,F005,46,T1,1,475.0,2026-08-07 09:10,2026-08-08 10:02,shift,3,1492,1446,0
P2726,LAND,F051,LAND,FACILITY,outbound,1,0,"[""A01"", ""A02"", ""A03""]",[],,,A03,279.0,"[""A03"", ""A02"", ""A01""]",279.0,A03,F051,77,T2,1,697.5,2026-08-08 07:26,2026-08-09 23:59,shift,3,2433,2356,0
P2727,LAND,F040,LAND,FACILITY,outbound,1,0,"[""A01"", ""A02"", ""A03""]",[],,,A03,342.0,"[""A03"", ""A02"", ""A01""]",342.0,A03,F040,94,T2,1,855.0,2026-08-03 06:05,2026-08-04 07:53,shift,3,1548,1454,0
P2728,F038,F039,FACILITY,FACILITY,shuttle,0,0,[],[],,,A03,223.0,"[""A03"", ""A02"", ""A01""]",42.0,F038,F039,11,T1,1,105.0,2026-08-09 10:20,2026-08-09 23:59,shift,3,819,808,0
P2729,F002,LAND,FACILITY,LAND,inbound,0,1,[],"[""A01"", ""A02"", ""A03""]",,,A01,217.0,"[""A01"", ""A02"", ""A03""]",217.0,F002,A01,53,T1,0,542.5,2026-08-03 07:56,2026-08-03 10:55,production,2,179,126,0
P2730,A03,F042,AIRPORT,FACILITY,outbound,0,0,"[""A03""]",[],A03,,A03,368.0,"[""A03"", ""A02"", ""A01""]",368.0,A03,F042,101,T2,1,920.0,2026-08-07 06:07,2026-08-09 08:10,shift,3,3003,2902,0
P2731,LAND,F016,LAND,FACILITY,outbound,1,0,"[""A01"", ""A02"", ""A03""]",[],,,A01,181.0,"[""A01"", ""A02"", ""A03""]",181.0,A01,F016,44,T1,1,452.5,2026-08-09 09:32,2026-08-09 23:59,shift,3,867,823,0
P2732,F008,A01,FACILITY,AIRPORT,inbound,0,0,[],"[""A01""]",,A01,A01,221.0,"[""A01"", ""A02"", ""A03""]",221.0,F008,A01,54,T1,0,552.5,2026-08-03 08:37,2026-08-06 09:54,shift,3,4397,4343,0
P2733,F032,LAND,FACILITY,LAND,inbound,0,1,[],"[""A01"", ""A02"", ""A03""]",,,A02,279.0,"[""A02"", ""A01"", ""A03""]",279.0,F032,A02,77,T2,0,697.5,2026-08-07 08:45,2026-08-09 23:59,shift,3,3794,3717,0
P2734,F023,LAND,FACILITY,LAND,inbound,0,1,[],"[""A01"", ""A02"", ""A03""]",,,A02,267.0,"[""A02"", ""A01"", ""A03""]",267.0,F023,A02,73,T2,0,667.5,2026-08-07 16:51,2026-08-08 18:16,shift,3,1525,1452,0
P2735,F028,LAND,FACILITY,LAND,inbound,0,1,[],"[""A01"", ""A02"", ""A03""]",,,A01,217.0,"[""A01"", ""A02"", ""A03""]",217.0,F028,A01,53,T1,0,542.5,2026-08-05 07:45,2026-08-06 09:05,shift,3,1520,1467,0
P2736,LAND,F016,LAND,FACILITY,outbound,1,0,"[""A01"", ""A02"", ""A03""]",[],,,A01,181.0,"[""A01"", ""A02"", ""A03""]",181.0,A01,F016,44,T1,1,452.5,2026-08-05 15:06,2026-08-07 15:50,shift,3,2924,2880,0
P2737,F045,F048,FACILITY,FACILITY,shuttle,0,0,[],[],,,A03,254.0,"[""A03"", ""A02"", ""A01""]",45.0,F045,F048,11,T1,1,112.5,2026-08-06 08:40,2026-08-08 09:14,shift,3,2914,2903,0
P2738,A01,F007,AIRPORT,FACILITY,outbound,0,0,"[""A01""]",[],A01,,A01,233.0,"[""A01"", ""A02"", ""A03""]",233.0,A01,F007,56,T1,1,582.5,2026-08-08 07:30,2026-08-09 08:51,shift,3,1521,1465,0
P2739,F021,LAND,FACILITY,LAND,inbound,0,1,[],"[""A01"", ""A02"", ""A03""]",,,A01,218.0,"[""A01"", ""A02"", ""A03""]",218.0,F021,A01,53,T1,0,545.0,2026-08-03 00:00,2026-08-05 10:09,shift,3,3489,3436,0
P2740,F004,LAND,FACILITY,LAND,inbound,0,1,[],"[""A01"", ""A02"", ""A03""]",,,A01,197.0,"[""A01"", ""A02"", ""A03""]",197.0,F004,A01,48,T1,0,492.5,2026-08-03 09:22,2026-08-05 10:16,shift,3,2934,2886,0
P2741,LAND,F012,LAND,FACILITY,outbound,1,0,"[""A01"", ""A02"", ""A03""]",[],,,A01,208.0,"[""A01"", ""A02"", ""A03""]",208.0,A01,F012,50,T1,1,520.0,2026-08-08 07:14,2026-08-09 08:20,shift,3,1506,1456,0
P2742,LAND,F039,LAND,FACILITY,outbound,1,0,"[""A01"", ""A02"", ""A03""]",[],,,A03,223.0,"[""A03"", ""A02"", ""A01""]",223.0,A03,F039,54,T1,1,557.5,2026-08-03 07:19,2026-08-05 08:30,shift,3,2951,2897,0
P2743,A03,F048,AIRPORT,FACILITY,outbound,0,0,"[""A03""]",[],A03,,A03,254.0,"[""A03"", ""A02"", ""A01""]",254.0,A03,F048,70,T2,1,635.0,2026-08-08 08:31,2026-08-09 10:21,shift,3,1550,1480,0
P2744,F027,LAND,FACILITY,LAND,inbound,0,1,[],"[""A01"", ""A02"", ""A03""]",,,A01,191.0,"[""A01"", ""A02"", ""A03""]",191.0,F027,A01,46,T1,0,477.5,2026-08-07 16:20,2026-08-08 17:23,shift,3,1503,1457,0
P2745,F008,LAND,FACILITY,LAND,inbound,0,1,[],"[""A01"", ""A02"", ""A03""]",,,A01,221.0,"[""A01"", ""A02"", ""A03""]",221.0,F008,A01,54,T1,0,552.5,2026-08-04 07:47,2026-08-04 10:49,production,2,182,128,0
P2746,LAND,F040,LAND,FACILITY,outbound,1,0,"[""A01"", ""A02"", ""A03""]",[],,,A03,342.0,"[""A03"", ""A02"", ""A01""]",342.0,A03,F040,94,T2,1,855.0,2026-08-07 09:13,2026-08-09 11:55,shift,3,3042,2948,0
P2747,F031,F021,FACILITY,FACILITY,shuttle,0,0,[],[],,,A01,218.0,"[""A01"", ""A02"", ""A03""]",44.0,F031,F021,11,T1,1,110.0,2026-08-09 10:33,2026-08-09 12:56,production,2,143,132,0
P2748,F005,LAND,FACILITY,LAND,inbound,0,1,[],"[""A01"", ""A02"", ""A03""]",,,A01,190.0,"[""A01"", ""A02"", ""A03""]",190.0,F005,A01,46,T1,0,475.0,2026-08-04 10:12,2026-08-08 11:04,temporary,4,5812,5766,0
P2749,F021,F027,FACILITY,FACILITY,shuttle,0,0,[],[],,,A01,191.0,"[""A01"", ""A02"", ""A03""]",37.0,F021,F027,9,T1,1,92.5,2026-08-03 07:31,2026-08-05 08:06,shift,3,2915,2906,0
P2750,F005,A01,FACILITY,AIRPORT,inbound,0,0,[],"[""A01""]",,A01,A01,190.0,"[""A01"", ""A02"", ""A03""]",190.0,F005,A01,46,T1,0,475.0,2026-08-07 10:12,2026-08-08 11:04,shift,3,1492,1446,0
P2751,LAND,F042,LAND,FACILITY,outbound,1,0,"[""A01"", ""A02"", ""A03""]",[],,,A03,368.0,"[""A03"", ""A02"", ""A01""]",368.0,A03,F042,101,T2,1,920.0,2026-08-04 09:02,2026-08-05 11:51,shift,3,1609,1508,0
P2752,F035,LAND,FACILITY,LAND,inbound,0,1,[],"[""A01"", ""A02"", ""A03""]",,,A01,258.0,"[""A01"", ""A02"", ""A03""]",258.0,F035,A01,71,T2,0,645.0,2026-08-09 10:17,2026-08-09 23:59,shift,3,822,751,0
P2753,A01,F012,AIRPORT,FACILITY,outbound,0,0,"[""A01""]",[],A01,,A01,208.0,"[""A01"", ""A02"", ""A03""]",208.0,A01,F012,50,T1,1,520.0,2026-08-07 07:14,2026-08-09 08:20,shift,3,2946,2896,0
P2754,F004,LAND,FACILITY,LAND,inbound,0,1,[],"[""A01"", ""A02"", ""A03""]",,,A01,197.0,"[""A01"", ""A02"", ""A03""]",197.0,F004,A01,48,T1,0,492.5,2026-08-03 09:22,2026-08-05 10:16,shift,3,2934,2886,0
P2755,F051,A03,FACILITY,AIRPORT,inbound,0,0,[],"[""A03""]",,A03,A03,279.0,"[""A03"", ""A02"", ""A01""]",279.0,F051,A03,77,T2,0,697.5,2026-08-05 10:57,2026-08-06 12:26,shift,3,1529,1452,0
P2756,F026,LAND,FACILITY,LAND,inbound,0,1,[],"[""A01"", ""A02"", ""A03""]",,,A01,204.0,"[""A01"", ""A02"", ""A03""]",204.0,F026,A01,49,T1,0,510.0,2026-08-06 08:53,2026-08-09 09:54,shift,3,4381,4332,0
P2757,F035,LAND,FACILITY,LAND,inbound,0,1,[],"[""A01"", ""A02"", ""A03""]",,,A01,258.0,"[""A01"", ""A02"", ""A03""]",258.0,F035,A01,71,T2,0,645.0,2026-08-05 09:43,2026-08-07 11:10,shift,3,2967,2896,0
P2758,F045,F048,FACILITY,FACILITY,shuttle,0,0,[],[],,,A03,254.0,"[""A03"", ""A02"", ""A01""]",45.0,F045,F048,11,T1,1,112.5,2026-08-06 08:40,2026-08-07 09:14,shift,3,1474,1463,0
P2759,LAND,F049,LAND,FACILITY,outbound,1,0,"[""A01"", ""A02"", ""A03""]",[],,,A02,239.0,"[""A02"", ""A03"", ""A01""]",239.0,A02,F049,58,T1,1,597.5,2026-08-05 06:41,2026-08-07 08:23,shift,3,2982,2924,0
P2760,F029,F021,FACILITY,FACILITY,shuttle,0,0,[],[],,,A01,218.0,"[""A01"", ""A02"", ""A03""]",17.0,F029,F021,5,T1,1,42.5,2026-08-07 09:49,2026-08-09 23:59,temporary,4,3730,3725,0
P2761,F034,LAND,FACILITY,LAND,inbound,0,1,[],"[""A01"", ""A02"", ""A03""]",,,A01,246.0,"[""A01"", ""A02"", ""A03""]",246.0,F034,A01,60,T1,0,615.0,2026-08-08 08:05,2026-08-09 23:59,shift,3,2394,2334,0
P2762,F021,LAND,FACILITY,LAND,inbound,0,1,[],"[""A01"", ""A02"", ""A03""]",,,A01,218.0,"[""A01"", ""A02"", ""A03""]",218.0,F021,A01,53,T1,0,545.0,2026-08-03 08:59,2026-08-05 10:09,shift,3,2950,2897,0
P2763,F042,F040,FACILITY,FACILITY,shuttle,0,0,[],[],,,A03,342.0,"[""A03"", ""A02"", ""A01""]",28.0,F042,F040,7,T1,1,70.0,2026-08-04 09:55,2026-08-06 10:04,shift,3,2889,2882,0
P2764,LAND,F011,LAND,FACILITY,outbound,1,0,"[""A01"", ""A02"", ""A03""]",[],,,A01,201.0,"[""A01"", ""A02"", ""A03""]",201.0,A01,F011,49,T1,1,502.5,2026-08-07 06:36,2026-08-09 07:31,shift,3,2935,2886,0
P2765,F027,F021,FACILITY,FACILITY,shuttle,0,0,[],[],,,A01,218.0,"[""A01"", ""A02"", ""A03""]",37.0,F027,F021,9,T1,1,92.5,2026-08-06 07:19,2026-08-09 07:52,shift,3,4353,4344,0
P2766,LAND,F043,LAND,FACILITY,outbound,1,0,"[""A01"", ""A02"", ""A03""]",[],,,A03,303.0,"[""A03"", ""A02"", ""A01""]",303.0,A03,F043,83,T2,1,757.5,2026-08-07 07:00,2026-08-08 08:46,shift,3,1546,1463,0
P2767,LAND,F014,LAND,FACILITY,outbound,1,0,"[""A01"", ""A02"", ""A03""]",[],,,A01,164.0,"[""A01"", ""A02"", ""A03""]",164.0,A01,F014,40,T1,1,410.0,2026-08-04 07:15,2026-08-06 08:07,shift,3,2932,2892,0
P2768,LAND,F011,LAND,FACILITY,outbound,1,0,"[""A01"", ""A02"", ""A03""]",[],,,A01,201.0,"[""A01"", ""A02"", ""A03""]",201.0,A01,F011,49,T1,1,502.5,2026-08-07 06:36,2026-08-09 07:31,shift,3,2935,2886,0
P2769,LAND,F028,LAND,FACILITY,outbound,1,0,"[""A01"", ""A02"", ""A03""]",[],,,A01,217.0,"[""A01"", ""A02"", ""A03""]",217.0,A01,F028,53,T1,1,542.5,2026-08-05 06:15,2026-08-07 07:35,shift,3,2960,2907,0
P2770,F005,LAND,FACILITY,LAND,inbound,0,1,[],"[""A01"", ""A02"", ""A03""]",,,A01,190.0,"[""A01"", ""A02"", ""A03""]",190.0,F005,A01,46,T1,0,475.0,2026-08-03 00:00,2026-08-06 10:42,temporary,4,4962,4916,0
P2771,A02,F027,AIRPORT,FACILITY,outbound,0,0,"[""A02""]",[],A02,,A01,191.0,"[""A01"", ""A02"", ""A03""]",198.0,A02,F027,48,T1,1,495.0,2026-08-07 15:07,2026-08-09 16:10,shift,3,2943,2895,0
P2772,F048,F039,FACILITY,FACILITY,shuttle,0,0,[],[],,,A03,223.0,"[""A03"", ""A02"", ""A01""]",31.0,F048,F039,8,T1,1,77.5,2026-08-07 10:52,2026-08-08 11:02,shift,3,1450,1442,0
P2773,F046,LAND,FACILITY,LAND,inbound,0,1,[],"[""A01"", ""A02"", ""A03""]",,,A02,227.0,"[""A02"", ""A03"", ""A01""]",227.0,F046,A02,55,T1,0,567.5,2026-08-07 11:12,2026-08-09 23:59,shift,3,3647,3592,0
P2774,F014,F017,FACILITY,FACILITY,shuttle,0,0,[],[],,,A01,153.0,"[""A01"", ""A02"", ""A03""]",38.0,F014,F017,10,T1,1,95.0,2026-08-07 09:23,2026-08-08 10:07,shift,3,1484,1474,0
P2775,LAND,F040,LAND,FACILITY,outbound,1,0,"[""A01"", ""A02"", ""A03""]",[],,,A03,342.0,"[""A03"", ""A02"", ""A01""]",342.0,A03,F040,94,T2,1,855.0,2026-08-03 00:00,2026-08-05 07:53,shift,3,3353,3259,0
P2776,LAND,F048,LAND,FACILITY,outbound,1,0,"[""A01"", ""A02"", ""A03""]",[],,,A03,254.0,"[""A03"", ""A02"", ""A01""]",254.0,A03,F048,70,T2,1,635.0,2026-08-04 09:57,2026-08-07 11:34,shift,3,4417,4347,0
P2777,F014,LAND,FACILITY,LAND,inbound,0,1,[],"[""A01"", ""A02"", ""A03""]",,,A01,164.0,"[""A01"", ""A02"", ""A03""]",164.0,F014,A01,40,T1,0,410.0,2026-08-04 08:17,2026-08-06 09:09,shift,3,2932,2892,0
P2778,A02,F034,AIRPORT,FACILITY,outbound,0,0,"[""A02""]",[],A02,,A01,246.0,"[""A01"", ""A02"", ""A03""]",255.0,A02,F034,70,T2,1,637.5,2026-08-07 06:13,2026-08-09 23:59,shift,3,3946,3876,0
P2779,LAND,F042,LAND,FACILITY,outbound,1,0,"[""A01"", ""A02"", ""A03""]",[],,,A03,368.0,"[""A03"", ""A02"", ""A01""]",368.0,A03,F042,101,T2,1,920.0,2026-08-07 06:00,2026-08-07 09:06,production,2,186,85,0
P2780,F001,LAND,FACILITY,LAND,inbound,0,1,[],"[""A01"", ""A02"", ""A03""]",,,A01,219.0,"[""A01"", ""A02"", ""A03""]",219.0,F001,A01,53,T1,0,547.5,2026-08-06 11:18,2026-08-08 12:42,shift,3,2964,2911,0
P2781,F037,LAND,FACILITY,LAND,inbound,0,1,[],"[""A01"", ""A02"", ""A03""]",,,A03,359.0,"[""A03"", ""A02"", ""A01""]",359.0,F037,A03,98,T2,0,897.5,2026-08-03 11:40,2026-08-05 13:42,shift,3,3002,2904,0
P2782,LAND,F050,LAND,FACILITY,outbound,1,0,"[""A01"", ""A02"", ""A03""]",[],,,A03,403.0,"[""A03"", ""A02"", ""A01""]",403.0,A03,F050,128,T3,1,1007.5,2026-08-08 09:33,2026-08-09 23:59,shift,3,2306,2178,0
P2783,LAND,F044,LAND,FACILITY,outbound,1,0,"[""A01"", ""A02"", ""A03""]",[],,,A03,317.0,"[""A03"", ""A02"", ""A01""]",317.0,A03,F044,87,T2,1,792.5,2026-08-06 06:21,2026-08-08 08:02,shift,3,2981,2894,0
P2784,F017,LAND,FACILITY,LAND,inbound,0,1,[],"[""A01"", ""A02"", ""A03""]",,,A01,153.0,"[""A01"", ""A02"", ""A03""]",153.0,F017,A01,37,T1,0,382.5,2026-08-06 10:31,2026-08-08 11:13,shift,3,2922,2885,0
P2785,LAND,F052,LAND,FACILITY,outbound,1,0,"[""A01"", ""A02"", ""A03""]",[],,,A02,259.0,"[""A02"", ""A03"", ""A01""]",259.0,A02,F052,71,T2,1,647.5,2026-08-09 07:33,2026-08-09 11:03,production,2,210,139,0
P2786,LAND,F042,LAND,FACILITY,outbound,1,0,"[""A01"", ""A02"", ""A03""]",[],,,A03,368.0,"[""A03"", ""A02"", ""A01""]",368.0,A03,F042,101,T2,1,920.0,2026-08-06 06:07,2026-08-08 08:10,shift,3,3003,2902,0
P2787,LAND,F052,LAND,FACILITY,outbound,1,0,"[""A01"", ""A02"", ""A03""]",[],,,A02,259.0,"[""A02"", ""A03"", ""A01""]",259.0,A02,F052,71,T2,1,647.5,2026-08-06 08:58,2026-08-08 11:09,shift,3,3011,2940,0
P2788,F030,LAND,FACILITY,LAND,inbound,0,1,[],"[""A01"", ""A02"", ""A03""]",,,A01,158.0,"[""A01"", ""A02"", ""A03""]",158.0,F030,A01,38,T1,0,395.0,2026-08-05 09:40,2026-08-05 12:24,production,2,164,126,0
P2789,LAND,F017,LAND,FACILITY,outbound,1,0,"[""A01"", ""A02"", ""A03""]",[],,,A01,153.0,"[""A01"", ""A02"", ""A03""]",153.0,A01,F017,37,T1,1,382.5,2026-08-09 10:11,2026-08-09 23:59,shift,3,828,791,0
P2790,A02,F023,AIRPORT,FACILITY,outbound,0,0,"[""A02""]",[],A02,,A02,267.0,"[""A02"", ""A01"", ""A03""]",267.0,A02,F023,73,T2,1,667.5,2026-08-04 06:17,2026-08-06 07:30,shift,3,2953,2880,0
P2791,A02,F025,AIRPORT,FACILITY,outbound,0,0,"[""A02""]",[],A02,,A01,202.0,"[""A01"", ""A02"", ""A03""]",203.0,A02,F025,49,T1,1,507.5,2026-08-03 00:00,2026-08-07 16:46,temporary,4,6766,6717,0
P2792,F033,LAND,FACILITY,LAND,inbound,0,1,[],"[""A01"", ""A02"", ""A03""]",,,A01,227.0,"[""A01"", ""A02"", ""A03""]",227.0,F033,A01,55,T1,0,567.5,2026-08-04 08:58,2026-08-07 10:14,shift,3,4396,4341,0
P2793,A01,F004,AIRPORT,FACILITY,outbound,0,0,"[""A01""]",[],A01,,A01,197.0,"[""A01"", ""A02"", ""A03""]",197.0,A01,F004,48,T1,1,492.5,2026-08-03 00:00,2026-08-05 09:12,shift,3,3432,3384,0
P2794,LAND,F009,LAND,FACILITY,outbound,1,0,"[""A01"", ""A02"", ""A03""]",[],,,A01,166.0,"[""A01"", ""A02"", ""A03""]",166.0,A01,F009,40,T1,1,415.0,2026-08-03 07:53,2026-08-05 08:33,shift,3,2920,2880,0
P2795,F024,F027,FACILITY,FACILITY,shuttle,0,0,[],[],,,A01,191.0,"[""A01"", ""A02"", ""A03""]",20.0,F024,F027,5,T1,1,50.0,2026-08-05 16:19,2026-08-06 16:24,shift,3,1445,1440,0
P2796,LAND,F029,LAND,FACILITY,outbound,1,0,"[""A01"", ""A02"", ""A03""]",[],,,A01,211.0,"[""A01"", ""A02"", ""A03""]",211.0,A01,F029,51,T1,1,527.5,2026-08-07 09:07,2026-08-09 10:24,shift,3,2957,2906,0
P2797,F030,LAND,FACILITY,LAND,inbound,0,1,[],"[""A01"", ""A02"", ""A03""]",,,A01,158.0,"[""A01"", ""A02"", ""A03""]",158.0,F030,A01,38,T1,0,395.0,2026-08-05 10:44,2026-08-09 23:59,temporary,4,6555,6517,0
P2798,F041,LAND,FACILITY,LAND,inbound,0,1,[],"[""A01"", ""A02"", ""A03""]",,,A03,278.0,"[""A03"", ""A02"", ""A01""]",278.0,F041,A03,76,T2,0,695.0,2026-08-03 10:52,2026-08-05 13:37,shift,3,3045,2969,0
P2799,LAND,F039,LAND,FACILITY,outbound,1,0,"[""A01"", ""A02"", ""A03""]",[],,,A03,223.0,"[""A03"", ""A02"", ""A01""]",223.0,A03,F039,54,T1,1,557.5,2026-08-03 00:00,2026-08-05 08:30,shift,3,3390,3336,0
P2800,F009,LAND,FACILITY,LAND,inbound,0,1,[],"[""A01"", ""A02"", ""A03""]",,,A01,166.0,"[""A01"", ""A02"", ""A03""]",166.0,F009,A01,40,T1,0,415.0,2026-08-04 08:43,2026-08-05 10:01,shift,3,1518,1478,0
P2801,LAND,F045,LAND,FACILITY,outbound,1,0,"[""A01"", ""A02"", ""A03""]",[],,,A03,260.0,"[""A03"", ""A02"", ""A01""]",260.0,A03,F045,71,T2,1,650.0,2026-08-04 08:54,2026-08-05 10:48,shift,3,1554,1483,0
P2802,F045,LAND,FACILITY,LAND,inbound,0,1,[],"[""A01"", ""A02"", ""A03""]",,,A03,260.0,"[""A03"", ""A02"", ""A01""]",260.0,F045,A03,71,T2,0,650.0,2026-08-04 10:58,2026-08-06 12:21,shift,3,2963,2892,0
P2803,F006,A01,FACILITY,AIRPORT,inbound,0,0,[],"[""A01""]",,A01,A01,235.0,"[""A01"", ""A02"", ""A03""]",235.0,F006,A01,57,T1,0,587.5,2026-08-03 10:09,2026-08-03 12:53,production,2,164,107,0
P2804,F044,LAND,FACILITY,LAND,inbound,0,1,[],"[""A01"", ""A02"", ""A03""]",,,A03,317.0,"[""A03"", ""A02"", ""A01""]",317.0,F044,A03,87,T2,0,792.5,2026-08-07 08:22,2026-08-09 10:03,shift,3,2981,2894,0
P2805,LAND,F009,LAND,FACILITY,outbound,1,0,"[""A01"", ""A02"", ""A03""]",[],,,A01,166.0,"[""A01"", ""A02"", ""A03""]",166.0,A01,F009,40,T1,1,415.0,2026-08-08 08:46,2026-08-08 11:42,production,2,176,136,0
P2806,F012,F015,FACILITY,FACILITY,shuttle,0,0,[],[],,,A01,191.0,"[""A01"", ""A02"", ""A03""]",33.0,F012,F015,8,T1,1,82.5,2026-08-04 10:21,2026-08-08 10:30,temporary,4,5769,5761,0
P2807,LAND,F013,LAND,FACILITY,outbound,1,0,"[""A01"", ""A02"", ""A03""]",[],,,A01,279.0,"[""A01"", ""A02"", ""A03""]",279.0,A01,F013,77,T2,1,697.5,2026-08-08 07:53,2026-08-09 09:43,shift,3,1550,1473,0
P2808,F020,LAND,FACILITY,LAND,inbound,0,1,[],"[""A01"", ""A02"", ""A03""]",,,A01,171.0,"[""A01"", ""A02"", ""A03""]",171.0,F020,A01,42,T1,0,427.5,2026-08-09 08:49,2026-08-09 23:59,shift,3,910,868,0
P2809,LAND,F022,LAND,FACILITY,outbound,1,0,"[""A01"", ""A02"", ""A03""]",[],,,A01,194.0,"[""A01"", ""A02"", ""A03""]",194.0,A01,F022,47,T1,1,485.0,2026-08-09 08:59,2026-08-09 23:59,shift,3,900,853,0
P2810,A02,F029,AIRPORT,FACILITY,outbound,0,0,"[""A02""]",[],A02,,A01,211.0,"[""A01"", ""A02"", ""A03""]",216.0,A02,F029,52,T1,1,540.0,2026-08-05 09:03,2026-08-06 10:28,shift,3,1525,1473,0
P2811,F007,LAND,FACILITY,LAND,inbound,0,1,[],"[""A01"", ""A02"", ""A03""]",,,A01,233.0,"[""A01"", ""A02"", ""A03""]",233.0,F007,A01,56,T1,0,582.5,2026-08-08 09:01,2026-08-09 23:59,shift,3,2338,2282,0
P2812,F037,LAND,FACILITY,LAND,inbound,0,1,[],"[""A01"", ""A02"", ""A03""]",,,A03,359.0,"[""A03"", ""A02"", ""A01""]",359.0,F037,A03,98,T2,0,897.5,2026-08-05 09:05,2026-08-07 11:07,shift,3,3002,2904,0
P2813,F027,F021,FACILITY,FACILITY,shuttle,0,0,[],[],,,A01,218.0,"[""A01"", ""A02"", ""A03""]",37.0,F027,F021,9,T1,1,92.5,2026-08-06 07:19,2026-08-08 07:52,shift,3,2913,2904,0
P2814,F027,F021,FACILITY,FACILITY,shuttle,0,0,[],[],,,A01,218.0,"[""A01"", ""A02"", ""A03""]",37.0,F027,F021,9,T1,1,92.5,2026-08-06 07:19,2026-08-08 07:52,shift,3,2913,2904,0
P2815,LAND,F008,LAND,FACILITY,outbound,1,0,"[""A01"", ""A02"", ""A03""]",[],,,A01,221.0,"[""A01"", ""A02"", ""A03""]",221.0,A01,F008,54,T1,1,552.5,2026-08-03 00:00,2026-08-06 08:27,temporary,4,4827,4773,0
P2816,F009,LAND,FACILITY,LAND,inbound,0,1,[],"[""A01"", ""A02"", ""A03""]",,,A01,166.0,"[""A01"", ""A02"", ""A03""]",166.0,F009,A01,40,T1,0,415.0,2026-08-04 08:35,2026-08-04 10:20,emergency,1,105,65,0
P2817,F048,LAND,FACILITY,LAND,inbound,0,1,[],"[""A01"", ""A02"", ""A03""]",,,A03,254.0,"[""A03"", ""A02"", ""A01""]",254.0,F048,A03,70,T2,0,635.0,2026-08-07 10:31,2026-08-09 23:59,shift,3,3688,3618,0
P2818,F037,LAND,FACILITY,LAND,inbound,0,1,[],"[""A01"", ""A02"", ""A03""]",,,A03,359.0,"[""A03"", ""A02"", ""A01""]",359.0,F037,A03,98,T2,0,897.5,2026-08-05 09:05,2026-08-07 11:07,shift,3,3002,2904,0
P2819,A01,F002,AIRPORT,FACILITY,outbound,0,0,"[""A01""]",[],A01,,A01,217.0,"[""A01"", ""A02"", ""A03""]",217.0,A01,F002,53,T1,1,542.5,2026-08-06 06:56,2026-08-06 10:07,production,2,191,138,0
P2820,LAND,F033,LAND,FACILITY,outbound,1,0,"[""A01"", ""A02"", ""A03""]",[],,,A01,227.0,"[""A01"", ""A02"", ""A03""]",227.0,A01,F033,55,T1,1,567.5,2026-08-07 07:26,2026-08-09 23:59,shift,3,3873,3818,0
P2821,F008,F003,FACILITY,FACILITY,shuttle,0,0,[],[],,,A01,192.0,"[""A01"", ""A02"", ""A03""]",38.0,F008,F003,10,T1,1,95.0,2026-08-05 10:59,2026-08-06 11:10,shift,3,1451,1441,0
P2822,A02,F019,AIRPORT,FACILITY,outbound,0,0,"[""A02""]",[],A02,,A01,204.0,"[""A01"", ""A02"", ""A03""]",216.0,A02,F019,52,T1,1,540.0,2026-08-06 07:11,2026-08-09 23:59,temporary,4,5328,5276,0
P2823,F003,F007,FACILITY,FACILITY,shuttle,0,0,[],[],,,A01,233.0,"[""A01"", ""A02"", ""A03""]",48.0,F003,F007,12,T1,1,120.0,2026-08-09 09:19,2026-08-09 23:59,shift,3,880,868,0
P2824,LAND,F046,LAND,FACILITY,outbound,1,0,"[""A01"", ""A02"", ""A03""]",[],,,A02,227.0,"[""A02"", ""A03"", ""A01""]",227.0,A02,F046,55,T1,1,567.5,2026-08-07 09:19,2026-08-09 23:59,shift,3,3760,3705,0
P2825,LAND,F017,LAND,FACILITY,outbound,1,0,"[""A01"", ""A02"", ""A03""]",[],,,A01,153.0,"[""A01"", ""A02"", ""A03""]",153.0,A01,F017,37,T1,1,382.5,2026-08-06 09:39,2026-08-07 10:21,shift,3,1482,1445,0
P2826,LAND,F033,LAND,FACILITY,outbound,1,0,"[""A01"", ""A02"", ""A03""]",[],,,A01,227.0,"[""A01"", ""A02"", ""A03""]",227.0,A01,F033,55,T1,1,567.5,2026-08-07 07:26,2026-08-09 08:57,shift,3,2971,2916,0
P2827,F024,LAND,FACILITY,LAND,inbound,0,1,[],"[""A01"", ""A02"", ""A03""]",,,A01,211.0,"[""A01"", ""A02"", ""A03""]",211.0,F024,A01,51,T1,0,527.5,2026-08-04 10:50,2026-08-06 11:50,shift,3,2940,2889,0
P2828,LAND,F039,LAND,FACILITY,outbound,1,0,"[""A01"", ""A02"", ""A03""]",[],,,A03,223.0,"[""A03"", ""A02"", ""A01""]",223.0,A03,F039,54,T1,1,557.5,2026-08-03 00:00,2026-08-04 08:30,shift,3,1950,1896,0
P2829,LAND,F002,LAND,FACILITY,outbound,1,0,"[""A01"", ""A02"", ""A03""]",[],,,A01,217.0,"[""A01"", ""A02"", ""A03""]",217.0,A01,F002,53,T1,1,542.5,2026-08-05 07:29,2026-08-08 08:38,shift,3,4389,4336,0
P2830,F047,A03,FACILITY,AIRPORT,inbound,0,0,[],"[""A03""]",,A03,A02,241.0,"[""A02"", ""A01"", ""A03""]",248.0,F047,A03,60,T1,0,620.0,2026-08-07 11:50,2026-08-09 23:59,shift,3,3609,3549,0
P2831,LAND,F020,LAND,FACILITY,outbound,1,0,"[""A01"", ""A02"", ""A03""]",[],,,A01,171.0,"[""A01"", ""A02"", ""A03""]",171.0,A01,F020,42,T1,1,427.5,2026-08-06 06:30,2026-08-06 08:47,production,2,137,95,0
P2832,A03,F049,AIRPORT,FACILITY,outbound,0,0,"[""A03""]",[],A03,,A02,239.0,"[""A02"", ""A03"", ""A01""]",243.0,A03,F049,59,T1,1,607.5,2026-08-07 09:40,2026-08-09 11:35,shift,3,2995,2936,0
P2833,F002,A01,FACILITY,AIRPORT,inbound,0,0,[],"[""A01""]",,A01,A01,217.0,"[""A01"", ""A02"", ""A03""]",217.0,F002,A01,53,T1,0,542.5,2026-08-03 07:36,2026-08-03 11:32,production,2,236,183,0
P2834,F015,LAND,FACILITY,LAND,inbound,0,1,[],"[""A01"", ""A02"", ""A03""]",,,A01,191.0,"[""A01"", ""A02"", ""A03""]",191.0,F015,A01,46,T1,0,477.5,2026-08-08 10:20,2026-08-09 23:59,shift,3,2259,2213,0
P2835,LAND,F044,LAND,FACILITY,outbound,1,0,"[""A01"", ""A02"", ""A03""]",[],,,A03,317.0,"[""A03"", ""A02"", ""A01""]",317.0,A03,F044,87,T2,1,792.5,2026-08-04 07:31,2026-08-06 09:12,shift,3,2981,2894,0
P2836,LAND,F017,LAND,FACILITY,outbound,1,0,"[""A01"", ""A02"", ""A03""]",[],,,A01,153.0,"[""A01"", ""A02"", ""A03""]",153.0,A01,F017,37,T1,1,382.5,2026-08-08 10:11,2026-08-09 23:59,shift,3,2268,2231,0
P2837,LAND,F045,LAND,FACILITY,outbound,1,0,"[""A01"", ""A02"", ""A03""]",[],,,A03,260.0,"[""A03"", ""A02"", ""A01""]",260.0,A03,F045,71,T2,1,650.0,2026-08-06 15:11,2026-08-09 17:05,shift,3,4434,4363,0
P2838,LAND,F021,LAND,FACILITY,outbound,1,0,"[""A01"", ""A02"", ""A03""]",[],,,A01,218.0,"[""A01"", ""A02"", ""A03""]",218.0,A01,F021,53,T1,1,545.0,2026-08-03 00:00,2026-08-05 08:49,shift,3,3409,3356,0
P2839,LAND,F050,LAND,FACILITY,outbound,1,0,"[""A01"", ""A02"", ""A03""]",[],,,A03,403.0,"[""A03"", ""A02"", ""A01""]",403.0,A03,F050,128,T3,1,1007.5,2026-08-09 09:33,2026-08-09 23:59,shift,3,866,738,0
P2840,A01,F010,AIRPORT,FACILITY,outbound,0,0,"[""A01""]",[],A01,,A01,216.0,"[""A01"", ""A02"", ""A03""]",216.0,A01,F010,52,T1,1,540.0,2026-08-03 08:32,2026-08-06 09:31,shift,3,4379,4327,0
P2841,LAND,F045,LAND,FACILITY,outbound,1,0,"[""A01"", ""A02"", ""A03""]",[],,,A03,260.0,"[""A03"", ""A02"", ""A01""]",260.0,A03,F045,71,T2,1,650.0,2026-08-03 08:54,2026-08-06 10:48,shift,3,4434,4363,0
P2842,F036,F049,FACILITY,FACILITY,shuttle,0,0,[],[],,,A02,239.0,"[""A02"", ""A03"", ""A01""]",57.0,F036,F049,14,T1,1,142.5,2026-08-09 11:56,2026-08-09 23:59,shift,3,723,709,0
P2843,A03,F044,AIRPORT,FACILITY,outbound,0,0,"[""A03""]",[],A03,,A03,317.0,"[""A03"", ""A02"", ""A01""]",317.0,A03,F044,87,T2,1,792.5,2026-08-07 06:21,2026-08-08 08:02,shift,3,1541,1454,0
P2844,LAND,F014,LAND,FACILITY,outbound,1,0,"[""A01"", ""A02"", ""A03""]",[],,,A01,164.0,"[""A01"", ""A02"", ""A03""]",164.0,A01,F014,40,T1,1,410.0,2026-08-05 07:15,2026-08-07 08:07,shift,3,2932,2892,0
P2845,F046,F047,FACILITY,FACILITY,shuttle,0,0,[],[],,,A02,241.0,"[""A02"", ""A01"", ""A03""]",15.0,F046,F047,4,T1,1,37.5,2026-08-05 10:00,2026-08-08 10:05,shift,3,4325,4321,0
P2846,LAND,F040,LAND,FACILITY,outbound,1,0,"[""A01"", ""A02"", ""A03""]",[],,,A03,342.0,"[""A03"", ""A02"", ""A01""]",342.0,A03,F040,94,T2,1,855.0,2026-08-03 00:00,2026-08-04 07:53,shift,3,1913,1819,0
P2847,LAND,F051,LAND,FACILITY,outbound,1,0,"[""A01"", ""A02"", ""A03""]",[],,,A03,279.0,"[""A03"", ""A02"", ""A01""]",279.0,A03,F051,77,T2,1,697.5,2026-08-05 08:57,2026-08-07 10:47,shift,3,2990,2913,0
P2848,LAND,F025,LAND,FACILITY,outbound,1,0,"[""A01"", ""A02"", ""A03""]",[],,,A01,202.0,"[""A01"", ""A02"", ""A03""]",202.0,A01,F025,49,T1,1,505.0,2026-08-07 06:43,2026-08-08 08:14,shift,3,1531,1482,0
P2849,F014,LAND,FACILITY,LAND,inbound,0,1,[],"[""A01"", ""A02"", ""A03""]",,,A01,164.0,"[""A01"", ""A02"", ""A03""]",164.0,F014,A01,40,T1,0,410.0,2026-08-08 09:49,2026-08-09 23:59,shift,3,2290,2250,0
P2850,A03,F047,AIRPORT,FACILITY,outbound,0,0,"[""A03""]",[],A03,,A02,241.0,"[""A02"", ""A01"", ""A03""]",248.0,A03,F047,60,T1,1,620.0,2026-08-07 09:57,2026-08-09 11:40,shift,3,2983,2923,0
P2851,F021,LAND,FACILITY,LAND,inbound,0,1,[],"[""A01"", ""A02"", ""A03""]",,,A01,218.0,"[""A01"", ""A02"", ""A03""]",218.0,F021,A01,53,T1,0,545.0,2026-08-09 09:41,2026-08-09 23:59,shift,3,858,805,0
P2852,F022,LAND,FACILITY,LAND,inbound,0,1,[],"[""A01"", ""A02"", ""A03""]",,,A01,194.0,"[""A01"", ""A02"", ""A03""]",194.0,F022,A01,47,T1,0,485.0,2026-08-03 09:07,2026-08-05 09:57,shift,3,2930,2883,0
P2853,LAND,F034,LAND,FACILITY,outbound,1,0,"[""A01"", ""A02"", ""A03""]",[],,,A01,246.0,"[""A01"", ""A02"", ""A03""]",246.0,A01,F034,60,T1,1,615.0,2026-08-07 06:13,2026-08-09 07:55,shift,3,2982,2922,0
P2854,LAND,F049,LAND,FACILITY,outbound,1,0,"[""A01"", ""A02"", ""A03""]",[],,,A02,239.0,"[""A02"", ""A03"", ""A01""]",239.0,A02,F049,58,T1,1,597.5,2026-08-08 09:40,2026-08-09 23:59,shift,3,2299,2241,0
P2855,F009,F003,FACILITY,FACILITY,shuttle,0,0,[],[],,,A01,192.0,"[""A01"", ""A02"", ""A03""]",48.0,F009,F003,12,T1,1,120.0,2026-08-05 10:54,2026-08-06 11:38,shift,3,1484,1472,0
P2856,F038,LAND,FACILITY,LAND,inbound,0,1,[],"[""A01"", ""A02"", ""A03""]",,,A03,263.0,"[""A03"", ""A02"", ""A01""]",263.0,F038,A03,72,T2,0,657.5,2026-08-03 08:19,2026-08-05 09:31,shift,3,2952,2880,0
P2857,F040,A03,FACILITY,AIRPORT,inbound,0,0,[],"[""A03""]",,A03,A03,342.0,"[""A03"", ""A02"", ""A01""]",342.0,F040,A03,94,T2,0,855.0,2026-08-03 00:00,2026-08-05 10:13,shift,3,3493,3399,0
P2858,LAND,F048,LAND,FACILITY,outbound,1,0,"[""A01"", ""A02"", ""A03""]",[],,,A03,254.0,"[""A03"", ""A02"", ""A01""]",254.0,A03,F048,70,T2,1,635.0,2026-08-05 09:57,2026-08-06 11:34,shift,3,1537,1467,0
P2859,LAND,F009,LAND,FACILITY,outbound,1,0,"[""A01"", ""A02"", ""A03""]",[],,,A01,166.0,"[""A01"", ""A02"", ""A03""]",166.0,A01,F009,40,T1,1,415.0,2026-08-06 09:28,2026-08-09 10:14,temporary,4,4366,4326,0
P2860,F051,LAND,FACILITY,LAND,inbound,0,1,[],"[""A01"", ""A02"", ""A03""]",,,A03,279.0,"[""A03"", ""A02"", ""A01""]",279.0,F051,A03,77,T2,0,697.5,2026-08-09 09:13,2026-08-09 23:59,shift,3,886,809,0
P2861,F043,A03,FACILITY,AIRPORT,inbound,0,0,[],"[""A03""]",,A03,A03,303.0,"[""A03"", ""A02"", ""A01""]",303.0,F043,A03,83,T2,0,757.5,2026-08-04 12:13,2026-08-05 13:36,shift,3,1523,1440,0
P2862,F020,F019,FACILITY,FACILITY,shuttle,0,0,[],[],,,A01,204.0,"[""A01"", ""A02"", ""A03""]",36.0,F020,F019,9,T1,1,90.0,2026-08-03 10:48,2026-08-04 10:58,shift,3,1450,1441,0
P2863,A03,F046,AIRPORT,FACILITY,outbound,0,0,"[""A03""]",[],A03,,A02,227.0,"[""A02"", ""A03"", ""A01""]",234.0,A03,F046,57,T1,1,585.0,2026-08-08 09:19,2026-08-09 23:59,shift,3,2320,2263,0
P2864,LAND,F028,LAND,FACILITY,outbound,1,0,"[""A01"", ""A02"", ""A03""]",[],,,A01,217.0,"[""A01"", ""A02"", ""A03""]",217.0,A01,F028,53,T1,1,542.5,2026-08-07 06:10,2026-08-09 07:49,shift,3,2979,2926,0
P2865,F038,LAND,FACILITY,LAND,inbound,0,1,[],"[""A01"", ""A02"", ""A03""]",,,A03,263.0,"[""A03"", ""A02"", ""A01""]",263.0,F038,A03,72,T2,0,657.5,2026-08-06 09:16,2026-08-06 12:00,production,2,164,92,0
P2866,LAND,F001,LAND,FACILITY,outbound,1,0,"[""A01"", ""A02"", ""A03""]",[],,,A01,219.0,"[""A01"", ""A02"", ""A03""]",219.0,A01,F001,53,T1,1,547.5,2026-08-09 06:53,2026-08-09 23:59,shift,3,1026,973,0
P2867,LAND,F026,LAND,FACILITY,outbound,1,0,"[""A01"", ""A02"", ""A03""]",[],,,A01,204.0,"[""A01"", ""A02"", ""A03""]",204.0,A01,F026,49,T1,1,510.0,2026-08-04 07:14,2026-08-05 08:24,shift,3,1510,1461,0
P2868,F016,LAND,FACILITY,LAND,inbound,0,1,[],"[""A01"", ""A02"", ""A03""]",,,A01,181.0,"[""A01"", ""A02"", ""A03""]",181.0,F016,A01,44,T1,0,452.5,2026-08-06 15:16,2026-08-06 18:11,production,2,175,131,0
P2869,LAND,F010,LAND,FACILITY,outbound,1,0,"[""A01"", ""A02"", ""A03""]",[],,,A01,216.0,"[""A01"", ""A02"", ""A03""]",216.0,A01,F010,52,T1,1,540.0,2026-08-03 08:32,2026-08-05 09:31,shift,3,2939,2887,0
P2870,F047,F049,FACILITY,FACILITY,shuttle,0,0,[],[],,,A02,239.0,"[""A02"", ""A03"", ""A01""]",19.0,F047,F049,5,T1,1,47.5,2026-08-07 17:06,2026-08-09 17:12,shift,3,2886,2881,0
P2871,LAND,F041,LAND,FACILITY,outbound,1,0,"[""A01"", ""A02"", ""A03""]",[],,,A03,278.0,"[""A03"", ""A02"", ""A01""]",278.0,A03,F041,76,T2,1,695.0,2026-08-07 08:55,2026-08-07 13:13,production,2,258,182,0
P2872,F019,LAND,FACILITY,LAND,inbound,0,1,[],"[""A01"", ""A02"", ""A03""]",,,A01,204.0,"[""A01"", ""A02"", ""A03""]",204.0,F019,A01,49,T1,0,510.0,2026-08-03 00:00,2026-08-04 11:45,shift,3,2145,2096,0
P2873,LAND,F019,LAND,FACILITY,outbound,1,0,"[""A01"", ""A02"", ""A03""]",[],,,A01,204.0,"[""A01"", ""A02"", ""A03""]",204.0,A01,F019,49,T1,1,510.0,2026-08-06 15:14,2026-08-08 16:13,shift,3,2939,2890,0
P2874,F026,LAND,FACILITY,LAND,inbound,0,1,[],"[""A01"", ""A02"", ""A03""]",,,A01,204.0,"[""A01"", ""A02"", ""A03""]",204.0,F026,A01,49,T1,0,510.0,2026-08-06 08:53,2026-08-08 09:54,shift,3,2941,2892,0
P2875,F002,LAND,FACILITY,LAND,inbound,0,1,[],"[""A01"", ""A02"", ""A03""]",,,A01,217.0,"[""A01"", ""A02"", ""A03""]",217.0,F002,A01,53,T1,0,542.5,2026-08-06 08:48,2026-08-07 09:57,shift,3,1509,1456,0
P2876,LAND,F007,LAND,FACILITY,outbound,1,0,"[""A01"", ""A02"", ""A03""]",[],,,A01,233.0,"[""A01"", ""A02"", ""A03""]",233.0,A01,F007,56,T1,1,582.5,2026-08-07 07:30,2026-08-09 08:51,shift,3,2961,2905,0
P2877,LAND,F025,LAND,FACILITY,outbound,1,0,"[""A01"", ""A02"", ""A03""]",[],,,A01,202.0,"[""A01"", ""A02"", ""A03""]",202.0,A01,F025,49,T1,1,505.0,2026-08-04 15:15,2026-08-06 16:46,shift,3,2971,2922,0
P2878,LAND,F011,LAND,FACILITY,outbound,1,0,"[""A01"", ""A02"", ""A03""]",[],,,A01,201.0,"[""A01"", ""A02"", ""A03""]",201.0,A01,F011,49,T1,1,502.5,2026-08-03 09:43,2026-08-06 10:38,shift,3,4375,4326,0
P2879,F024,F027,FACILITY,FACILITY,shuttle,0,0,[],[],,,A01,191.0,"[""A01"", ""A02"", ""A03""]",20.0,F024,F027,5,T1,1,50.0,2026-08-04 16:19,2026-08-06 16:24,shift,3,2885,2880,0
P2880,LAND,F002,LAND,FACILITY,outbound,1,0,"[""A01"", ""A02"", ""A03""]",[],,,A01,217.0,"[""A01"", ""A02"", ""A03""]",217.0,A01,F002,53,T1,1,542.5,2026-08-06 07:29,2026-08-08 08:38,shift,3,2949,2896,0
P2881,LAND,F040,LAND,FACILITY,outbound,1,0,"[""A01"", ""A02"", ""A03""]",[],,,A03,342.0,"[""A03"", ""A02"", ""A01""]",342.0,A03,F040,94,T2,1,855.0,2026-08-03 00:00,2026-08-05 07:53,shift,3,3353,3259,0
P2882,F042,LAND,FACILITY,LAND,inbound,0,1,[],"[""A01"", ""A02"", ""A03""]",,,A03,368.0,"[""A03"", ""A02"", ""A01""]",368.0,F042,A03,101,T2,0,920.0,2026-08-06 08:20,2026-08-09 10:23,shift,3,4443,4342,0
P2883,F007,F002,FACILITY,FACILITY,shuttle,0,0,[],[],,,A01,217.0,"[""A01"", ""A02"", ""A03""]",30.0,F007,F002,8,T1,1,75.0,2026-08-04 10:22,2026-08-07 10:31,shift,3,4329,4321,0
P2884,F026,F033,FACILITY,FACILITY,shuttle,0,0,[],[],,,A01,227.0,"[""A01"", ""A02"", ""A03""]",35.0,F026,F033,9,T1,1,87.5,2026-08-05 07:45,2026-08-07 07:55,shift,3,2890,2881,0
P2885,LAND,F006,LAND,FACILITY,outbound,1,0,"[""A01"", ""A02"", ""A03""]",[],,,A01,235.0,"[""A01"", ""A02"", ""A03""]",235.0,A01,F006,57,T1,1,587.5,2026-08-06 07:00,2026-08-08 08:15,shift,3,2955,2898,0
P2886,F039,LAND,FACILITY,LAND,inbound,0,1,[],"[""A01"", ""A02"", ""A03""]",,,A03,223.0,"[""A03"", ""A02"", ""A01""]",223.0,F039,A03,54,T1,0,557.5,2026-08-03 00:00,2026-08-05 09:51,shift,3,3471,3417,0
P2887,F018,LAND,FACILITY,LAND,inbound,0,1,[],"[""A01"", ""A02"", ""A03""]",,,A01,196.0,"[""A01"", ""A02"", ""A03""]",196.0,F018,A01,48,T1,0,490.0,2026-08-06 10:32,2026-08-08 11:31,shift,3,2939,2891,0
P2888,F019,LAND,FACILITY,LAND,inbound,0,1,[],"[""A01"", ""A02"", ""A03""]",,,A01,204.0,"[""A01"", ""A02"", ""A03""]",204.0,F019,A01,49,T1,0,510.0,2026-08-03 00:00,2026-08-05 11:45,shift,3,3585,3536,0
P2889,LAND,F042,LAND,FACILITY,outbound,1,0,"[""A01"", ""A02"", ""A03""]",[],,,A03,368.0,"[""A03"", ""A02"", ""A01""]",368.0,A03,F042,101,T2,1,920.0,2026-08-03 09:02,2026-08-05 11:51,shift,3,3049,2948,0
P2890,F036,LAND,FACILITY,LAND,inbound,0,1,[],"[""A01"", ""A02"", ""A03""]",,,A02,215.0,"[""A02"", ""A01"", ""A03""]",215.0,F036,A02,52,T1,0,537.5,2026-08-08 16:40,2026-08-09 23:59,shift,3,1879,1827,0
P2891,F001,F016,FACILITY,FACILITY,shuttle,0,0,[],[],,,A01,181.0,"[""A01"", ""A02"", ""A03""]",41.0,F001,F016,10,T1,1,102.5,2026-08-03 00:00,2026-08-04 11:46,shift,3,2146,2136,0
P2892,F040,LAND,FACILITY,LAND,inbound,0,1,[],"[""A01"", ""A02"", ""A03""]",,,A03,342.0,"[""A03"", ""A02"", ""A01""]",342.0,F040,A03,94,T2,0,855.0,2026-08-03 07:26,2026-08-03 11:38,production,2,252,158,0
P2893,LAND,F049,LAND,FACILITY,outbound,1,0,"[""A01"", ""A02"", ""A03""]",[],,,A02,239.0,"[""A02"", ""A03"", ""A01""]",239.0,A02,F049,58,T1,1,597.5,2026-08-08 09:40,2026-08-09 23:59,shift,3,2299,2241,0
P2894,F004,F007,FACILITY,FACILITY,shuttle,0,0,[],[],,,A01,233.0,"[""A01"", ""A02"", ""A03""]",36.0,F004,F007,9,T1,1,90.0,2026-08-04 08:10,2026-08-06 08:22,shift,3,2892,2883,0
P2895,F024,F027,FACILITY,FACILITY,shuttle,0,0,[],[],,,A01,191.0,"[""A01"", ""A02"", ""A03""]",20.0,F024,F027,5,T1,1,50.0,2026-08-04 16:19,2026-08-06 16:24,shift,3,2885,2880,0
P2896,LAND,F034,LAND,FACILITY,outbound,1,0,"[""A01"", ""A02"", ""A03""]",[],,,A01,246.0,"[""A01"", ""A02"", ""A03""]",246.0,A01,F034,60,T1,1,615.0,2026-08-07 06:13,2026-08-09 07:55,shift,3,2982,2922,0
P2897,F025,F027,FACILITY,FACILITY,shuttle,0,0,[],[],,,A01,191.0,"[""A01"", ""A02"", ""A03""]",34.0,F025,F027,9,T1,1,85.0,2026-08-06 09:36,2026-08-07 10:11,shift,3,1475,1466,0
P2898,A01,F016,AIRPORT,FACILITY,outbound,0,0,"[""A01""]",[],A01,,A01,181.0,"[""A01"", ""A02"", ""A03""]",181.0,A01,F016,44,T1,1,452.5,2026-08-08 09:32,2026-08-09 23:59,shift,3,2307,2263,0
P2899,F042,F040,FACILITY,FACILITY,shuttle,0,0,[],[],,,A03,342.0,"[""A03"", ""A02"", ""A01""]",28.0,F042,F040,7,T1,1,70.0,2026-08-05 09:55,2026-08-06 10:04,shift,3,1449,1442,0
P2900,LAND,F031,LAND,FACILITY,outbound,1,0,"[""A01"", ""A02"", ""A03""]",[],,,A02,242.0,"[""A02"", ""A01"", ""A03""]",242.0,A02,F031,59,T1,1,605.0,2026-08-08 10:14,2026-08-09 11:20,shift,3,1506,1447,0
P2901,LAND,F038,LAND,FACILITY,outbound,1,0,"[""A01"", ""A02"", ""A03""]",[],,,A03,263.0,"[""A03"", ""A02"", ""A01""]",263.0,A03,F038,72,T2,1,657.5,2026-08-06 08:07,2026-08-08 09:31,shift,3,2964,2892,0
P2902,LAND,F023,LAND,FACILITY,outbound,1,0,"[""A01"", ""A02"", ""A03""]",[],,,A02,267.0,"[""A02"", ""A01"", ""A03""]",267.0,A02,F023,73,T2,1,667.5,2026-08-06 15:16,2026-08-09 16:41,shift,3,4405,4332,0
P2903,F006,LAND,FACILITY,LAND,inbound,0,1,[],"[""A01"", ""A02"", ""A03""]",,,A01,235.0,"[""A01"", ""A02"", ""A03""]",235.0,F006,A01,57,T1,0,587.5,2026-08-03 10:57,2026-08-04 12:02,shift,3,1505,1448,0
P2904,LAND,F018,LAND,FACILITY,outbound,1,0,"[""A01"", ""A02"", ""A03""]",[],,,A01,196.0,"[""A01"", ""A02"", ""A03""]",196.0,A01,F018,48,T1,1,490.0,2026-08-05 09:13,2026-08-07 10:12,shift,3,2939,2891,0
P2905,F033,A02,FACILITY,AIRPORT,inbound,0,0,[],"[""A02""]",,A02,A01,227.0,"[""A01"", ""A02"", ""A03""]",239.0,F033,A02,58,T1,0,597.5,2026-08-08 09:07,2026-08-09 23:59,shift,3,2332,2274,0
P2906,F020,LAND,FACILITY,LAND,inbound,0,1,[],"[""A01"", ""A02"", ""A03""]",,,A01,171.0,"[""A01"", ""A02"", ""A03""]",171.0,F020,A01,42,T1,0,427.5,2026-08-05 08:05,2026-08-08 08:56,shift,3,4371,4329,0
P2907,LAND,F024,LAND,FACILITY,outbound,1,0,"[""A01"", ""A02"", ""A03""]",[],,,A01,211.0,"[""A01"", ""A02"", ""A03""]",211.0,A01,F024,51,T1,1,527.5,2026-08-03 09:30,2026-08-06 10:30,shift,3,4380,4329,0
P2908,LAND,F014,LAND,FACILITY,outbound,1,0,"[""A01"", ""A02"", ""A03""]",[],,,A01,164.0,"[""A01"", ""A02"", ""A03""]",164.0,A01,F014,40,T1,1,410.0,2026-08-05 07:15,2026-08-06 08:07,shift,3,1492,1452,0
P2909,F010,LAND,FACILITY,LAND,inbound,0,1,[],"[""A01"", ""A02"", ""A03""]",,,A01,216.0,"[""A01"", ""A02"", ""A03""]",216.0,F010,A01,52,T1,0,540.0,2026-08-08 11:07,2026-08-09 23:59,shift,3,2212,2160,0
P2910,F017,LAND,FACILITY,LAND,inbound,0,1,[],"[""A01"", ""A02"", ""A03""]",,,A01,153.0,"[""A01"", ""A02"", ""A03""]",153.0,F017,A01,37,T1,0,382.5,2026-08-08 11:03,2026-08-09 23:59,shift,3,2216,2179,0
P2911,F008,F003,FACILITY,FACILITY,shuttle,0,0,[],[],,,A01,192.0,"[""A01"", ""A02"", ""A03""]",38.0,F008,F003,10,T1,1,95.0,2026-08-05 10:59,2026-08-06 11:10,shift,3,1451,1441,0
P2912,A03,F038,AIRPORT,FACILITY,outbound,0,0,"[""A03""]",[],A03,,A03,263.0,"[""A03"", ""A02"", ""A01""]",263.0,A03,F038,72,T2,1,657.5,2026-08-03 00:00,2026-08-04 07:59,shift,3,1919,1847,0
P2913,LAND,F039,LAND,FACILITY,outbound,1,0,"[""A01"", ""A02"", ""A03""]",[],,,A03,223.0,"[""A03"", ""A02"", ""A01""]",223.0,A03,F039,54,T1,1,557.5,2026-08-03 00:00,2026-08-05 08:30,shift,3,3390,3336,0
P2914,A03,F048,AIRPORT,FACILITY,outbound,0,0,"[""A03""]",[],A03,,A03,254.0,"[""A03"", ""A02"", ""A01""]",254.0,A03,F048,70,T2,1,635.0,2026-08-05 09:57,2026-08-06 11:34,shift,3,1537,1467,0
P2915,F038,A03,FACILITY,AIRPORT,inbound,0,0,[],"[""A03""]",,A03,A03,263.0,"[""A03"", ""A02"", ""A01""]",263.0,F038,A03,72,T2,0,657.5,2026-08-06 09:51,2026-08-08 11:15,shift,3,2964,2892,0
P2916,F005,LAND,FACILITY,LAND,inbound,0,1,[],"[""A01"", ""A02"", ""A03""]",,,A01,190.0,"[""A01"", ""A02"", ""A03""]",190.0,F005,A01,46,T1,0,475.0,2026-08-07 09:18,2026-08-07 11:55,production,2,157,111,0
P2917,F014,LAND,FACILITY,LAND,inbound,0,1,[],"[""A01"", ""A02"", ""A03""]",,,A01,164.0,"[""A01"", ""A02"", ""A03""]",164.0,F014,A01,40,T1,0,410.0,2026-08-09 09:49,2026-08-09 23:59,shift,3,850,810,0
P2918,F035,LAND,FACILITY,LAND,inbound,0,1,[],"[""A01"", ""A02"", ""A03""]",,,A01,258.0,"[""A01"", ""A02"", ""A03""]",258.0,F035,A01,71,T2,0,645.0,2026-08-09 10:17,2026-08-09 23:59,shift,3,822,751,0
P2919,F040,F041,FACILITY,FACILITY,shuttle,0,0,[],[],,,A03,278.0,"[""A03"", ""A02"", ""A01""]",66.0,F040,F041,16,T1,1,165.0,2026-08-03 08:40,2026-08-06 09:19,shift,3,4359,4343,0
P2920,F007,F002,FACILITY,FACILITY,shuttle,0,0,[],[],,,A01,217.0,"[""A01"", ""A02"", ""A03""]",30.0,F007,F002,8,T1,1,75.0,2026-08-04 10:22,2026-08-07 10:31,shift,3,4329,4321,0
P2921,F019,LAND,FACILITY,LAND,inbound,0,1,[],"[""A01"", ""A02"", ""A03""]",,,A01,204.0,"[""A01"", ""A02"", ""A03""]",204.0,F019,A01,49,T1,0,510.0,2026-08-03 10:16,2026-08-05 11:45,shift,3,2969,2920,0
P2922,LAND,F049,LAND,FACILITY,outbound,1,0,"[""A01"", ""A02"", ""A03""]",[],,,A02,239.0,"[""A02"", ""A03"", ""A01""]",239.0,A02,F049,58,T1,1,597.5,2026-08-05 06:00,2026-08-05 09:40,production,2,220,162,0
P2923,F024,A02,FACILITY,AIRPORT,inbound,0,0,[],"[""A02""]",,A02,A01,211.0,"[""A01"", ""A02"", ""A03""]",219.0,F024,A02,53,T1,0,547.5,2026-08-07 10:25,2026-08-07 13:45,production,2,200,147,0
P2924,F021,A02,FACILITY,AIRPORT,inbound,0,0,[],"[""A02""]",,A02,A01,218.0,"[""A01"", ""A02"", ""A03""]",220.0,F021,A02,53,T1,0,550.0,2026-08-05 09:04,2026-08-08 10:14,shift,3,4390,4337,0
P2925,F019,F033,FACILITY,FACILITY,shuttle,0,0,[],[],,,A01,227.0,"[""A01"", ""A02"", ""A03""]",24.0,F019,F033,6,T1,1,60.0,2026-08-03 09:47,2026-08-05 09:54,shift,3,2887,2881,0
P2926,F051,LAND,FACILITY,LAND,inbound,0,1,[],"[""A01"", ""A02"", ""A03""]",,,A03,279.0,"[""A03"", ""A02"", ""A01""]",279.0,F051,A03,77,T2,0,697.5,2026-08-05 10:57,2026-08-06 12:26,shift,3,1529,1452,0
P2927,F016,LAND,FACILITY,LAND,inbound,0,1,[],"[""A01"", ""A02"", ""A03""]",,,A01,181.0,"[""A01"", ""A02"", ""A03""]",181.0,F016,A01,44,T1,0,452.5,2026-08-05 16:00,2026-08-07 17:13,shift,3,2953,2909,0
P2928,LAND,F001,LAND,FACILITY,outbound,1,0,"[""A01"", ""A02"", ""A03""]",[],,,A01,219.0,"[""A01"", ""A02"", ""A03""]",219.0,A01,F001,53,T1,1,547.5,2026-08-03 06:26,2026-08-05 07:43,shift,3,2957,2904,0
P2929,A01,F003,AIRPORT,FACILITY,outbound,0,0,"[""A01""]",[],A01,,A01,192.0,"[""A01"", ""A02"", ""A03""]",192.0,A01,F003,47,T1,1,480.0,2026-08-03 00:00,2026-08-05 08:26,shift,3,3386,3339,0
P2930,LAND,F051,LAND,FACILITY,outbound,1,0,"[""A01"", ""A02"", ""A03""]",[],,,A03,279.0,"[""A03"", ""A02"", ""A01""]",279.0,A03,F051,77,T2,1,697.5,2026-08-04 08:57,2026-08-07 10:47,shift,3,4430,4353,0
P2931,F038,F045,FACILITY,FACILITY,shuttle,0,0,[],[],,,A03,260.0,"[""A03"", ""A02"", ""A01""]",31.0,F038,F045,8,T1,1,77.5,2026-08-03 00:00,2026-08-05 16:59,shift,3,3899,3891,0
P2932,LAND,F024,LAND,FACILITY,outbound,1,0,"[""A01"", ""A02"", ""A03""]",[],,,A01,211.0,"[""A01"", ""A02"", ""A03""]",211.0,A01,F024,51,T1,1,527.5,2026-08-04 09:30,2026-08-06 10:30,shift,3,2940,2889,0
P2933,LAND,F032,LAND,FACILITY,outbound,1,0,"[""A01"", ""A02"", ""A03""]",[],,,A02,279.0,"[""A02"", ""A01"", ""A03""]",279.0,A02,F032,77,T2,1,697.5,2026-08-07 06:58,2026-08-09 23:59,shift,3,3901,3824,0
P2934,F031,F021,FACILITY,FACILITY,shuttle,0,0,[],[],,,A01,218.0,"[""A01"", ""A02"", ""A03""]",44.0,F031,F021,11,T1,1,110.0,2026-08-08 11:14,2026-08-09 23:59,shift,3,2205,2194,0
P2935,LAND,F040,LAND,FACILITY,outbound,1,0,"[""A01"", ""A02"", ""A03""]",[],,,A03,342.0,"[""A03"", ""A02"", ""A01""]",342.0,A03,F040,94,T2,1,855.0,2026-08-03 06:05,2026-08-05 07:53,shift,3,2988,2894,0
P2936,F042,LAND,FACILITY,LAND,inbound,0,1,[],"[""A01"", ""A02"", ""A03""]",,,A03,368.0,"[""A03"", ""A02"", ""A01""]",368.0,F042,A03,101,T2,0,920.0,2026-08-06 08:20,2026-08-08 10:23,shift,3,3003,2902,0
P2937,F028,LAND,FACILITY,LAND,inbound,0,1,[],"[""A01"", ""A02"", ""A03""]",,,A01,217.0,"[""A01"", ""A02"", ""A03""]",217.0,F028,A01,53,T1,0,542.5,2026-08-05 07:45,2026-08-07 09:05,shift,3,2960,2907,0
P2938,LAND,F002,LAND,FACILITY,outbound,1,0,"[""A01"", ""A02"", ""A03""]",[],,,A01,217.0,"[""A01"", ""A02"", ""A03""]",217.0,A01,F002,53,T1,1,542.5,2026-08-05 07:29,2026-08-07 08:38,shift,3,2949,2896,0
P2939,A03,F045,AIRPORT,FACILITY,outbound,0,0,"[""A03""]",[],A03,,A03,260.0,"[""A03"", ""A02"", ""A01""]",260.0,A03,F045,71,T2,1,650.0,2026-08-06 15:11,2026-08-08 17:05,shift,3,2994,2923,0
P2940,LAND,F033,LAND,FACILITY,outbound,1,0,"[""A01"", ""A02"", ""A03""]",[],,,A01,227.0,"[""A01"", ""A02"", ""A03""]",227.0,A01,F033,55,T1,1,567.5,2026-08-08 07:26,2026-08-09 08:57,shift,3,1531,1476,0
P2941,F003,F008,FACILITY,FACILITY,shuttle,0,0,[],[],,,A01,221.0,"[""A01"", ""A02"", ""A03""]",38.0,F003,F008,10,T1,1,95.0,2026-08-03 10:06,2026-08-06 10:17,shift,3,4331,4321,0
P2942,A01,F001,AIRPORT,FACILITY,outbound,0,0,"[""A01""]",[],A01,,A01,219.0,"[""A01"", ""A02"", ""A03""]",219.0,A01,F001,53,T1,1,547.5,2026-08-09 06:53,2026-08-09 23:59,shift,3,1026,973,0
P2943,LAND,F023,LAND,FACILITY,outbound,1,0,"[""A01"", ""A02"", ""A03""]",[],,,A02,267.0,"[""A02"", ""A01"", ""A03""]",267.0,A02,F023,73,T2,1,667.5,2026-08-07 14:36,2026-08-07 17:38,production,2,182,109,0
P2944,F022,LAND,FACILITY,LAND,inbound,0,1,[],"[""A01"", ""A02"", ""A03""]",,,A01,194.0,"[""A01"", ""A02"", ""A03""]",194.0,F022,A01,47,T1,0,485.0,2026-08-06 09:41,2026-08-08 10:47,shift,3,2946,2899,0
P2945,LAND,F051,LAND,FACILITY,outbound,1,0,"[""A01"", ""A02"", ""A03""]",[],,,A03,279.0,"[""A03"", ""A02"", ""A01""]",279.0,A03,F051,77,T2,1,697.5,2026-08-04 08:57,2026-08-07 10:47,shift,3,4430,4353,0
P2946,F013,F002,FACILITY,FACILITY,shuttle,0,0,[],[],,,A01,217.0,"[""A01"", ""A02"", ""A03""]",67.0,F013,F002,17,T1,1,167.5,2026-08-05 08:45,2026-08-08 09:07,shift,3,4342,4325,0
P2947,F043,F051,FACILITY,FACILITY,shuttle,0,0,[],[],,,A03,279.0,"[""A03"", ""A02"", ""A01""]",35.0,F043,F051,9,T1,1,87.5,2026-08-04 10:17,2026-08-06 10:29,temporary,4,2892,2883,0
P2948,F048,LAND,FACILITY,LAND,inbound,0,1,[],"[""A01"", ""A02"", ""A03""]",,,A03,254.0,"[""A03"", ""A02"", ""A01""]",254.0,F048,A03,70,T2,0,635.0,2026-08-07 10:31,2026-08-09 23:59,shift,3,3688,3618,0
P2949,F029,LAND,FACILITY,LAND,inbound,0,1,[],"[""A01"", ""A02"", ""A03""]",,,A01,211.0,"[""A01"", ""A02"", ""A03""]",211.0,F029,A01,51,T1,0,527.5,2026-08-04 10:38,2026-08-07 11:37,shift,3,4379,4328,0
P2950,F030,LAND,FACILITY,LAND,inbound,0,1,[],"[""A01"", ""A02"", ""A03""]",,,A01,158.0,"[""A01"", ""A02"", ""A03""]",158.0,F030,A01,38,T1,0,395.0,2026-08-07 10:44,2026-08-09 11:34,shift,3,2930,2892,0
P2951,F052,F048,FACILITY,FACILITY,shuttle,0,0,[],[],,,A03,254.0,"[""A03"", ""A02"", ""A01""]",23.0,F052,F048,6,T1,1,57.5,2026-08-08 10:34,2026-08-09 23:59,shift,3,2245,2239,0
P2952,F002,LAND,FACILITY,LAND,inbound,0,1,[],"[""A01"", ""A02"", ""A03""]",,,A01,217.0,"[""A01"", ""A02"", ""A03""]",217.0,F002,A01,53,T1,0,542.5,2026-08-09 08:44,2026-08-09 23:59,shift,3,915,862,0
P2953,LAND,F014,LAND,FACILITY,outbound,1,0,"[""A01"", ""A02"", ""A03""]",[],,,A01,164.0,"[""A01"", ""A02"", ""A03""]",164.0,A01,F014,40,T1,1,410.0,2026-08-05 07:15,2026-08-06 08:07,shift,3,1492,1452,0
P2954,F045,F048,FACILITY,FACILITY,shuttle,0,0,[],[],,,A03,254.0,"[""A03"", ""A02"", ""A01""]",45.0,F045,F048,11,T1,1,112.5,2026-08-05 08:40,2026-08-09 09:14,temporary,4,5794,5783,0
P2955,LAND,F025,LAND,FACILITY,outbound,1,0,"[""A01"", ""A02"", ""A03""]",[],,,A01,202.0,"[""A01"", ""A02"", ""A03""]",202.0,A01,F025,49,T1,1,505.0,2026-08-06 06:43,2026-08-09 08:14,shift,3,4411,4362,0
P2956,A03,F037,AIRPORT,FACILITY,outbound,0,0,"[""A03""]",[],A03,,A03,359.0,"[""A03"", ""A02"", ""A01""]",359.0,A03,F037,98,T2,1,897.5,2026-08-05 06:53,2026-08-08 08:55,shift,3,4442,4344,0
P2957,F036,F046,FACILITY,FACILITY,shuttle,0,0,[],[],,,A02,227.0,"[""A02"", ""A03"", ""A01""]",41.0,F036,F046,10,T1,1,102.5,2026-08-03 08:00,2026-08-04 08:10,shift,3,1450,1440,0
P2958,F026,F033,FACILITY,FACILITY,shuttle,0,0,[],[],,,A01,227.0,"[""A01"", ""A02"", ""A03""]",35.0,F026,F033,9,T1,1,87.5,2026-08-06 07:45,2026-08-07 07:55,shift,3,1450,1441,0
P2959,F002,LAND,FACILITY,LAND,inbound,0,1,[],"[""A01"", ""A02"", ""A03""]",,,A01,217.0,"[""A01"", ""A02"", ""A03""]",217.0,F002,A01,53,T1,0,542.5,2026-08-09 08:44,2026-08-09 23:59,shift,3,915,862,0
P2960,F001,F016,FACILITY,FACILITY,shuttle,0,0,[],[],,,A01,181.0,"[""A01"", ""A02"", ""A03""]",41.0,F001,F016,10,T1,1,102.5,2026-08-03 11:33,2026-08-05 11:46,shift,3,2893,2883,0
P2961,F029,LAND,FACILITY,LAND,inbound,0,1,[],"[""A01"", ""A02"", ""A03""]",,,A01,211.0,"[""A01"", ""A02"", ""A03""]",211.0,F029,A01,51,T1,0,527.5,2026-08-04 10:38,2026-08-07 11:37,shift,3,4379,4328,0
P2962,F028,A02,FACILITY,AIRPORT,inbound,0,0,[],"[""A02""]",,A02,A01,217.0,"[""A01"", ""A02"", ""A03""]",243.0,F028,A02,59,T1,0,607.5,2026-08-06 07:59,2026-08-08 09:16,shift,3,2957,2898,0
P2963,F038,F045,FACILITY,FACILITY,shuttle,0,0,[],[],,,A03,260.0,"[""A03"", ""A02"", ""A01""]",31.0,F038,F045,8,T1,1,77.5,2026-08-03 16:49,2026-08-04 16:59,shift,3,1450,1442,0
P2964,F047,LAND,FACILITY,LAND,inbound,0,1,[],"[""A01"", ""A02"", ""A03""]",,,A02,241.0,"[""A02"", ""A01"", ""A03""]",241.0,F047,A02,58,T1,0,602.5,2026-08-05 11:11,2026-08-07 12:54,shift,3,2983,2925,0
P2965,LAND,F042,LAND,FACILITY,outbound,1,0,"[""A01"", ""A02"", ""A03""]",[],,,A03,368.0,"[""A03"", ""A02"", ""A01""]",368.0,A03,F042,101,T2,1,920.0,2026-08-06 06:07,2026-08-09 08:10,shift,3,4443,4342,0
P2966,LAND,F041,LAND,FACILITY,outbound,1,0,"[""A01"", ""A02"", ""A03""]",[],,,A03,278.0,"[""A03"", ""A02"", ""A01""]",278.0,A03,F041,76,T2,1,695.0,2026-08-04 08:33,2026-08-05 10:42,shift,3,1569,1493,0
P2967,F027,A02,FACILITY,AIRPORT,inbound,0,0,[],"[""A02""]",,A02,A01,191.0,"[""A01"", ""A02"", ""A03""]",198.0,F027,A02,48,T1,0,495.0,2026-08-06 16:20,2026-08-08 17:23,shift,3,2943,2895,0
P2968,LAND,F039,LAND,FACILITY,outbound,1,0,"[""A01"", ""A02"", ""A03""]",[],,,A03,223.0,"[""A03"", ""A02"", ""A01""]",223.0,A03,F039,54,T1,1,557.5,2026-08-06 09:16,2026-08-08 10:27,shift,3,2951,2897,0
P2969,A01,F014,AIRPORT,FACILITY,outbound,0,0,"[""A01""]",[],A01,,A01,164.0,"[""A01"", ""A02"", ""A03""]",164.0,A01,F014,40,T1,1,410.0,2026-08-08 08:19,2026-08-09 23:59,shift,3,2380,2340,0
P2970,F051,A03,FACILITY,AIRPORT,inbound,0,0,[],"[""A03""]",,A03,A03,279.0,"[""A03"", ""A02"", ""A01""]",279.0,F051,A03,77,T2,0,697.5,2026-08-04 10:57,2026-08-07 12:26,shift,3,4409,4332,0
P2971,LAND,F026,LAND,FACILITY,outbound,1,0,"[""A01"", ""A02"", ""A03""]",[],,,A01,204.0,"[""A01"", ""A02"", ""A03""]",204.0,A01,F026,49,T1,1,510.0,2026-08-04 07:14,2026-08-06 08:24,shift,3,2950,2901,0
P2972,A03,F050,AIRPORT,FACILITY,outbound,0,0,"[""A03""]",[],A03,,A03,403.0,"[""A03"", ""A02"", ""A01""]",403.0,A03,F050,128,T3,1,1007.5,2026-08-05 07:11,2026-08-07 09:24,shift,3,3013,2885,0
P2973,F050,A03,FACILITY,AIRPORT,inbound,0,0,[],"[""A03""]",,A03,A03,403.0,"[""A03"", ""A02"", ""A01""]",403.0,F050,A03,128,T3,0,1007.5,2026-08-04 09:44,2026-08-07 11:57,shift,3,4453,4325,0
P2974,LAND,F036,LAND,FACILITY,outbound,1,0,"[""A01"", ""A02"", ""A03""]",[],,,A02,215.0,"[""A02"", ""A01"", ""A03""]",215.0,A02,F036,52,T1,1,537.5,2026-08-06 10:09,2026-08-07 11:47,shift,3,1538,1486,0
P2975,F014,A01,FACILITY,AIRPORT,inbound,0,0,[],"[""A01""]",,A01,A01,164.0,"[""A01"", ""A02"", ""A03""]",164.0,F014,A01,40,T1,0,410.0,2026-08-05 08:17,2026-08-06 09:09,shift,3,1492,1452,0
P2976,F025,LAND,FACILITY,LAND,inbound,0,1,[],"[""A01"", ""A02"", ""A03""]",,,A01,202.0,"[""A01"", ""A02"", ""A03""]",202.0,F025,A01,49,T1,0,505.0,2026-08-06 08:24,2026-08-09 09:20,shift,3,4376,4327,0
P2977,F045,A03,FACILITY,AIRPORT,inbound,0,0,[],"[""A03""]",,A03,A03,260.0,"[""A03"", ""A02"", ""A01""]",260.0,F045,A03,71,T2,0,650.0,2026-08-03 10:58,2026-08-06 12:21,shift,3,4403,4332,0
P2978,LAND,F011,LAND,FACILITY,outbound,1,0,"[""A01"", ""A02"", ""A03""]",[],,,A01,201.0,"[""A01"", ""A02"", ""A03""]",201.0,A01,F011,49,T1,1,502.5,2026-08-03 09:43,2026-08-06 10:38,shift,3,4375,4326,0
P2979,F037,F040,FACILITY,FACILITY,shuttle,0,0,[],[],,,A03,342.0,"[""A03"", ""A02"", ""A01""]",27.0,F037,F040,7,T1,1,67.5,2026-08-03 12:15,2026-08-04 12:23,shift,3,1448,1441,0
P2980,F013,LAND,FACILITY,LAND,inbound,0,1,[],"[""A01"", ""A02"", ""A03""]",,,A01,279.0,"[""A01"", ""A02"", ""A03""]",279.0,F013,A01,77,T2,0,697.5,2026-08-08 09:53,2026-08-09 23:59,shift,3,2286,2209,0
P2981,F020,LAND,FACILITY,LAND,inbound,0,1,[],"[""A01"", ""A02"", ""A03""]",,,A01,171.0,"[""A01"", ""A02"", ""A03""]",171.0,F020,A01,42,T1,0,427.5,2026-08-03 08:07,2026-08-04 09:06,shift,3,1499,1457,0
P2982,LAND,F009,LAND,FACILITY,outbound,1,0,"[""A01"", ""A02"", ""A03""]",[],,,A01,166.0,"[""A01"", ""A02"", ""A03""]",166.0,A01,F009,40,T1,1,415.0,2026-08-03 07:53,2026-08-05 08:33,shift,3,2920,2880,0
P2983,F048,LAND,FACILITY,LAND,inbound,0,1,[],"[""A01"", ""A02"", ""A03""]",,,A03,254.0,"[""A03"", ""A02"", ""A01""]",254.0,F048,A03,70,T2,0,635.0,2026-08-07 10:31,2026-08-09 23:59,shift,3,3688,3618,0
P2984,A03,F042,AIRPORT,FACILITY,outbound,0,0,"[""A03""]",[],A03,,A03,368.0,"[""A03"", ""A02"", ""A01""]",368.0,A03,F042,101,T2,1,920.0,2026-08-06 06:07,2026-08-09 08:10,shift,3,4443,4342,0
P2985,F007,LAND,FACILITY,LAND,inbound,0,1,[],"[""A01"", ""A02"", ""A03""]",,,A01,233.0,"[""A01"", ""A02"", ""A03""]",233.0,F007,A01,56,T1,0,582.5,2026-08-07 09:01,2026-08-09 23:59,shift,3,3778,3722,0
P2986,F034,LAND,FACILITY,LAND,inbound,0,1,[],"[""A01"", ""A02"", ""A03""]",,,A01,246.0,"[""A01"", ""A02"", ""A03""]",246.0,F034,A01,60,T1,0,615.0,2026-08-04 10:04,2026-08-06 11:25,shift,3,2961,2901,0
P2987,F039,LAND,FACILITY,LAND,inbound,0,1,[],"[""A01"", ""A02"", ""A03""]",,,A03,223.0,"[""A03"", ""A02"", ""A01""]",223.0,F039,A03,54,T1,0,557.5,2026-08-06 10:37,2026-08-07 11:48,shift,3,1511,1457,0
P2988,F026,LAND,FACILITY,LAND,inbound,0,1,[],"[""A01"", ""A02"", ""A03""]",,,A01,204.0,"[""A01"", ""A02"", ""A03""]",204.0,F026,A01,49,T1,0,510.0,2026-08-07 07:59,2026-08-07 11:00,production,2,181,132,0
P2989,F013,F002,FACILITY,FACILITY,shuttle,0,0,[],[],,,A01,217.0,"[""A01"", ""A02"", ""A03""]",67.0,F013,F002,17,T1,1,167.5,2026-08-05 08:45,2026-08-08 09:07,shift,3,4342,4325,0
P2990,LAND,F008,LAND,FACILITY,outbound,1,0,"[""A01"", ""A02"", ""A03""]",[],,,A01,221.0,"[""A01"", ""A02"", ""A03""]",221.0,A01,F008,54,T1,1,552.5,2026-08-04 07:10,2026-08-06 08:27,shift,3,2957,2903,0
P2991,LAND,F009,LAND,FACILITY,outbound,1,0,"[""A01"", ""A02"", ""A03""]",[],,,A01,166.0,"[""A01"", ""A02"", ""A03""]",166.0,A01,F009,40,T1,1,415.0,2026-08-04 07:53,2026-08-06 08:33,shift,3,2920,2880,0
P2992,F030,LAND,FACILITY,LAND,inbound,0,1,[],"[""A01"", ""A02"", ""A03""]",,,A01,158.0,"[""A01"", ""A02"", ""A03""]",158.0,F030,A01,38,T1,0,395.0,2026-08-05 10:40,2026-08-06 11:30,shift,3,1490,1452,0
P2993,F019,F033,FACILITY,FACILITY,shuttle,0,0,[],[],,,A01,227.0,"[""A01"", ""A02"", ""A03""]",24.0,F019,F033,6,T1,1,60.0,2026-08-03 00:00,2026-08-05 09:54,shift,3,3474,3468,0
P2994,F010,F007,FACILITY,FACILITY,shuttle,0,0,[],[],,,A01,233.0,"[""A01"", ""A02"", ""A03""]",37.0,F010,F007,9,T1,1,92.5,2026-08-05 07:11,2026-08-05 09:38,production,2,147,138,0
P2995,F042,LAND,FACILITY,LAND,inbound,0,1,[],"[""A01"", ""A02"", ""A03""]",,,A03,368.0,"[""A03"", ""A02"", ""A01""]",368.0,F042,A03,101,T2,0,920.0,2026-08-06 08:20,2026-08-09 10:23,shift,3,4443,4342,0
P2996,LAND,F001,LAND,FACILITY,outbound,1,0,"[""A01"", ""A02"", ""A03""]",[],,,A01,219.0,"[""A01"", ""A02"", ""A03""]",219.0,A01,F001,53,T1,1,547.5,2026-08-08 06:53,2026-08-09 23:59,shift,3,2466,2413,0
P2997,F036,LAND,FACILITY,LAND,inbound,0,1,[],"[""A01"", ""A02"", ""A03""]",,,A02,215.0,"[""A02"", ""A01"", ""A03""]",215.0,F036,A02,52,T1,0,537.5,2026-08-03 15:55,2026-08-03 19:09,production,2,194,142,0
P2998,LAND,F046,LAND,FACILITY,outbound,1,0,"[""A01"", ""A02"", ""A03""]",[],,,A02,227.0,"[""A02"", ""A03"", ""A01""]",227.0,A02,F046,55,T1,1,567.5,2026-08-08 08:34,2026-08-08 11:47,production,2,193,138,0
P2999,A01,F017,AIRPORT,FACILITY,outbound,0,0,"[""A01""]",[],A01,,A01,153.0,"[""A01"", ""A02"", ""A03""]",153.0,A01,F017,37,T1,1,382.5,2026-08-09 10:11,2026-08-09 23:59,shift,3,828,791,0
P3000,F015,LAND,FACILITY,LAND,inbound,0,1,[],"[""A01"", ""A02"", ""A03""]",,,A01,191.0,"[""A01"", ""A02"", ""A03""]",191.0,F015,A01,46,T1,0,477.5,2026-08-06 08:29,2026-08-07 09:15,shift,3,1486,1440,0
P3001,F031,F021,FACILITY,FACILITY,shuttle,0,0,[],[],,,A01,218.0,"[""A01"", ""A02"", ""A03""]",44.0,F031,F021,11,T1,1,110.0,2026-08-09 11:14,2026-08-09 23:59,shift,3,765,754,0
P3002,LAND,F033,LAND,FACILITY,outbound,1,0,"[""A01"", ""A02"", ""A03""]",[],,,A01,227.0,"[""A01"", ""A02"", ""A03""]",227.0,A01,F033,55,T1,1,567.5,2026-08-05 07:32,2026-08-07 08:48,shift,3,2956,2901,0
P3003,F023,LAND,FACILITY,LAND,inbound,0,1,[],"[""A01"", ""A02"", ""A03""]",,,A02,267.0,"[""A02"", ""A01"", ""A03""]",267.0,F023,A02,73,T2,0,667.5,2026-08-07 16:51,2026-08-09 18:16,shift,3,2965,2892,0
P3004,LAND,F038,LAND,FACILITY,outbound,1,0,"[""A01"", ""A02"", ""A03""]",[],,,A03,263.0,"[""A03"", ""A02"", ""A01""]",263.0,A03,F038,72,T2,1,657.5,2026-08-03 06:47,2026-08-04 07:59,shift,3,1512,1440,0
P3005,F026,LAND,FACILITY,LAND,inbound,0,1,[],"[""A01"", ""A02"", ""A03""]",,,A01,204.0,"[""A01"", ""A02"", ""A03""]",204.0,F026,A01,49,T1,0,510.0,2026-08-03 08:34,2026-08-05 09:44,shift,3,2950,2901,0
P3006,LAND,F009,LAND,FACILITY,outbound,1,0,"[""A01"", ""A02"", ""A03""]",[],,,A01,166.0,"[""A01"", ""A02"", ""A03""]",166.0,A01,F009,40,T1,1,415.0,2026-08-07 09:28,2026-08-09 10:14,shift,3,2926,2886,0
P3007,F014,F017,FACILITY,FACILITY,shuttle,0,0,[],[],,,A01,153.0,"[""A01"", ""A02"", ""A03""]",38.0,F014,F017,10,T1,1,95.0,2026-08-04 09:23,2026-08-08 10:07,temporary,4,5804,5794,0
P3008,LAND,F044,LAND,FACILITY,outbound,1,0,"[""A01"", ""A02"", ""A03""]",[],,,A03,317.0,"[""A03"", ""A02"", ""A01""]",317.0,A03,F044,87,T2,1,792.5,2026-08-03 07:31,2026-08-06 09:12,shift,3,4421,4334,0
P3009,F028,LAND,FACILITY,LAND,inbound,0,1,[],"[""A01"", ""A02"", ""A03""]",,,A01,217.0,"[""A01"", ""A02"", ""A03""]",217.0,F028,A01,53,T1,0,542.5,2026-08-07 07:59,2026-08-09 09:16,shift,3,2957,2904,0
P3010,F019,LAND,FACILITY,LAND,inbound,0,1,[],"[""A01"", ""A02"", ""A03""]",,,A01,204.0,"[""A01"", ""A02"", ""A03""]",204.0,F019,A01,49,T1,0,510.0,2026-08-06 16:23,2026-08-07 17:52,shift,3,1529,1480,0
P3011,F022,F033,FACILITY,FACILITY,shuttle,0,0,[],[],,,A01,227.0,"[""A01"", ""A02"", ""A03""]",33.0,F022,F033,8,T1,1,82.5,2026-08-03 09:47,2026-08-05 09:55,shift,3,2888,2880,0
P3012,F026,LAND,FACILITY,LAND,inbound,0,1,[],"[""A01"", ""A02"", ""A03""]",,,A01,204.0,"[""A01"", ""A02"", ""A03""]",204.0,F026,A01,49,T1,0,510.0,2026-08-04 08:34,2026-08-06 09:44,shift,3,2950,2901,0
P3013,A02,F026,AIRPORT,FACILITY,outbound,0,0,"[""A02""]",[],A02,,A01,204.0,"[""A01"", ""A02"", ""A03""]",221.0,A02,F026,54,T1,1,552.5,2026-08-04 07:14,2026-08-05 08:24,shift,3,1510,1456,0
P3014,F006,LAND,FACILITY,LAND,inbound,0,1,[],"[""A01"", ""A02"", ""A03""]",,,A01,235.0,"[""A01"", ""A02"", ""A03""]",235.0,F006,A01,57,T1,0,587.5,2026-08-07 08:35,2026-08-08 09:50,shift,3,1515,1458,0
P3015,F021,F027,FACILITY,FACILITY,shuttle,0,0,[],[],,,A01,191.0,"[""A01"", ""A02"", ""A03""]",37.0,F021,F027,9,T1,1,92.5,2026-08-03 00:00,2026-08-06 08:06,temporary,4,4806,4797,0
P3016,F040,F041,FACILITY,FACILITY,shuttle,0,0,[],[],,,A03,278.0,"[""A03"", ""A02"", ""A01""]",66.0,F040,F041,16,T1,1,165.0,2026-08-04 08:40,2026-08-06 09:19,shift,3,2919,2903,0
P3017,F051,F038,FACILITY,FACILITY,shuttle,0,0,[],[],,,A03,263.0,"[""A03"", ""A02"", ""A01""]",17.0,F051,F038,5,T1,1,42.5,2026-08-07 09:23,2026-08-09 09:28,shift,3,2885,2880,0
P3018,F031,LAND,FACILITY,LAND,inbound,0,1,[],"[""A01"", ""A02"", ""A03""]",,,A02,242.0,"[""A02"", ""A01"", ""A03""]",242.0,F031,A02,59,T1,0,605.0,2026-08-05 11:38,2026-08-06 12:44,shift,3,1506,1447,0
P3019,F027,LAND,FACILITY,LAND,inbound,0,1,[],"[""A01"", ""A02"", ""A03""]",,,A01,191.0,"[""A01"", ""A02"", ""A03""]",191.0,F027,A01,46,T1,0,477.5,2026-08-06 16:20,2026-08-08 17:23,shift,3,2943,2897,0
P3020,F038,F045,FACILITY,FACILITY,shuttle,0,0,[],[],,,A03,260.0,"[""A03"", ""A02"", ""A01""]",31.0,F038,F045,8,T1,1,77.5,2026-08-03 16:49,2026-08-04 16:59,shift,3,1450,1442,0
P3021,F018,A02,FACILITY,AIRPORT,inbound,0,0,[],"[""A02""]",,A02,A01,196.0,"[""A01"", ""A02"", ""A03""]",214.0,F018,A02,52,T1,0,535.0,2026-08-03 00:00,2026-08-05 10:00,shift,3,3480,3428,0
P3022,LAND,F036,LAND,FACILITY,outbound,1,0,"[""A01"", ""A02"", ""A03""]",[],,,A02,215.0,"[""A02"", ""A01"", ""A03""]",215.0,A02,F036,52,T1,1,537.5,2026-08-03 00:00,2026-08-05 16:39,shift,3,3879,3827,0
P3023,A03,F043,AIRPORT,FACILITY,outbound,0,0,"[""A03""]",[],A03,,A03,303.0,"[""A03"", ""A02"", ""A01""]",303.0,A03,F043,83,T2,1,757.5,2026-08-07 07:00,2026-08-09 08:46,shift,3,2986,2903,0
P3024,F048,LAND,FACILITY,LAND,inbound,0,1,[],"[""A01"", ""A02"", ""A03""]",,,A03,254.0,"[""A03"", ""A02"", ""A01""]",254.0,F048,A03,70,T2,0,635.0,2026-08-04 11:44,2026-08-06 12:54,shift,3,2950,2880,0
P3025,LAND,F002,LAND,FACILITY,outbound,1,0,"[""A01"", ""A02"", ""A03""]",[],,,A01,217.0,"[""A01"", ""A02"", ""A03""]",217.0,A01,F002,53,T1,1,542.5,2026-08-03 06:58,2026-08-05 08:26,shift,3,2968,2915,0
P3026,LAND,F020,LAND,FACILITY,outbound,1,0,"[""A01"", ""A02"", ""A03""]",[],,,A01,171.0,"[""A01"", ""A02"", ""A03""]",171.0,A01,F020,42,T1,1,427.5,2026-08-06 07:04,2026-08-08 07:55,shift,3,2931,2889,0
P3027,LAND,F048,LAND,FACILITY,outbound,1,0,"[""A01"", ""A02"", ""A03""]",[],,,A03,254.0,"[""A03"", ""A02"", ""A01""]",254.0,A03,F048,70,T2,1,635.0,2026-08-05 09:57,2026-08-07 11:34,shift,3,2977,2907,0
P3028,LAND,F042,LAND,FACILITY,outbound,1,0,"[""A01"", ""A02"", ""A03""]",[],,,A03,368.0,"[""A03"", ""A02"", ""A01""]",368.0,A03,F042,101,T2,1,920.0,2026-08-05 06:07,2026-08-09 23:59,temporary,4,6832,6731,0
P3029,F052,LAND,FACILITY,LAND,inbound,0,1,[],"[""A01"", ""A02"", ""A03""]",,,A02,259.0,"[""A02"", ""A03"", ""A01""]",259.0,F052,A02,71,T2,0,647.5,2026-08-06 11:19,2026-08-07 13:10,shift,3,1551,1480,0
P3030,F044,LAND,FACILITY,LAND,inbound,0,1,[],"[""A01"", ""A02"", ""A03""]",,,A03,317.0,"[""A03"", ""A02"", ""A01""]",317.0,F044,A03,87,T2,0,792.5,2026-08-03 09:32,2026-08-06 11:13,shift,3,4421,4334,0
P3031,F008,F003,FACILITY,FACILITY,shuttle,0,0,[],[],,,A01,192.0,"[""A01"", ""A02"", ""A03""]",38.0,F008,F003,10,T1,1,95.0,2026-08-04 10:59,2026-08-07 11:10,shift,3,4331,4321,0
P3032,F018,LAND,FACILITY,LAND,inbound,0,1,[],"[""A01"", ""A02"", ""A03""]",,,A01,196.0,"[""A01"", ""A02"", ""A03""]",196.0,F018,A01,48,T1,0,490.0,2026-08-06 10:32,2026-08-07 11:31,shift,3,1499,1451,0
P3033,F001,F005,FACILITY,FACILITY,shuttle,0,0,[],[],,,A01,190.0,"[""A01"", ""A02"", ""A03""]",50.0,F001,F005,12,T1,1,125.0,2026-08-08 10:14,2026-08-09 10:48,shift,3,1474,1462,0
P3034,F020,LAND,FACILITY,LAND,inbound,0,1,[],"[""A01"", ""A02"", ""A03""]",,,A01,171.0,"[""A01"", ""A02"", ""A03""]",171.0,F020,A01,42,T1,0,427.5,2026-08-03 08:07,2026-08-05 09:06,shift,3,2939,2897,0
P3035,F002,LAND,FACILITY,LAND,inbound,0,1,[],"[""A01"", ""A02"", ""A03""]",,,A01,217.0,"[""A01"", ""A02"", ""A03""]",217.0,F002,A01,53,T1,0,542.5,2026-08-08 08:44,2026-08-09 23:59,shift,3,2355,2302,0
P3036,F026,F033,FACILITY,FACILITY,shuttle,0,0,[],[],,,A01,227.0,"[""A01"", ""A02"", ""A03""]",35.0,F026,F033,9,T1,1,87.5,2026-08-06 06:50,2026-08-06 08:55,production,2,125,116,0
P3037,F001,F016,FACILITY,FACILITY,shuttle,0,0,[],[],,,A01,181.0,"[""A01"", ""A02"", ""A03""]",41.0,F001,F016,10,T1,1,102.5,2026-08-03 00:00,2026-08-05 11:46,shift,3,3586,3576,0
P3038,F045,F048,FACILITY,FACILITY,shuttle,0,0,[],[],,,A03,254.0,"[""A03"", ""A02"", ""A01""]",45.0,F045,F048,11,T1,1,112.5,2026-08-06 08:40,2026-08-07 09:14,shift,3,1474,1463,0
P3039,LAND,F004,LAND,FACILITY,outbound,1,0,"[""A01"", ""A02"", ""A03""]",[],,,A01,197.0,"[""A01"", ""A02"", ""A03""]",197.0,A01,F004,48,T1,1,492.5,2026-08-03 08:18,2026-08-05 09:12,shift,3,2934,2886,0
P3040,F001,F016,FACILITY,FACILITY,shuttle,0,0,[],[],,,A01,181.0,"[""A01"", ""A02"", ""A03""]",41.0,F001,F016,10,T1,1,102.5,2026-08-03 11:33,2026-08-04 11:46,shift,3,1453,1443,0
P3041,A02,F031,AIRPORT,FACILITY,outbound,0,0,"[""A02""]",[],A02,,A02,242.0,"[""A02"", ""A01"", ""A03""]",242.0,A02,F031,59,T1,1,605.0,2026-08-05 10:12,2026-08-06 11:18,shift,3,1506,1447,0
P3042,LAND,F022,LAND,FACILITY,outbound,1,0,"[""A01"", ""A02"", ""A03""]",[],,,A01,194.0,"[""A01"", ""A02"", ""A03""]",194.0,A01,F022,47,T1,1,485.0,2026-08-06 08:25,2026-08-08 09:31,shift,3,2946,2899,0
P3043,F046,A03,FACILITY,AIRPORT,inbound,0,0,[],"[""A03""]",,A03,A02,227.0,"[""A02"", ""A03"", ""A01""]",234.0,F046,A03,57,T1,0,585.0,2026-08-04 10:41,2026-08-06 12:24,shift,3,2983,2926,0
P3044,A02,F019,AIRPORT,FACILITY,outbound,0,0,"[""A02""]",[],A02,,A01,204.0,"[""A01"", ""A02"", ""A03""]",216.0,A02,F019,52,T1,1,540.0,2026-08-09 07:11,2026-08-09 23:59,shift,3,1008,956,0
P3045,F003,F008,FACILITY,FACILITY,shuttle,0,0,[],[],,,A01,221.0,"[""A01"", ""A02"", ""A03""]",38.0,F003,F008,10,T1,1,95.0,2026-08-04 09:22,2026-08-04 11:11,production,2,109,99,0
P3046,F024,F027,FACILITY,FACILITY,shuttle,0,0,[],[],,,A01,191.0,"[""A01"", ""A02"", ""A03""]",20.0,F024,F027,5,T1,1,50.0,2026-08-05 16:19,2026-08-07 16:24,shift,3,2885,2880,0
P3047,F018,LAND,FACILITY,LAND,inbound,0,1,[],"[""A01"", ""A02"", ""A03""]",,,A01,196.0,"[""A01"", ""A02"", ""A03""]",196.0,F018,A01,48,T1,0,490.0,2026-08-08 10:23,2026-08-09 23:59,shift,3,2256,2208,0
P3048,A03,F039,AIRPORT,FACILITY,outbound,0,0,"[""A03""]",[],A03,,A03,223.0,"[""A03"", ""A02"", ""A01""]",223.0,A03,F039,54,T1,1,557.5,2026-08-03 00:00,2026-08-04 08:30,shift,3,1950,1896,0
P3049,F034,A02,FACILITY,AIRPORT,inbound,0,0,[],"[""A02""]",,A02,A01,246.0,"[""A01"", ""A02"", ""A03""]",255.0,F034,A02,70,T2,0,637.5,2026-08-05 10:04,2026-08-06 11:25,shift,3,1521,1451,0
P3050,LAND,F001,LAND,FACILITY,outbound,1,0,"[""A01"", ""A02"", ""A03""]",[],,,A01,219.0,"[""A01"", ""A02"", ""A03""]",219.0,A01,F001,53,T1,1,547.5,2026-08-08 06:53,2026-08-09 23:59,shift,3,2466,2413,0
P3051,F039,F052,FACILITY,FACILITY,shuttle,0,0,[],[],,,A02,259.0,"[""A02"", ""A03"", ""A01""]",44.0,F039,F052,11,T1,1,110.0,2026-08-03 10:59,2026-08-06 11:42,shift,3,4363,4352,0
P3052,F030,LAND,FACILITY,LAND,inbound,0,1,[],"[""A01"", ""A02"", ""A03""]",,,A01,158.0,"[""A01"", ""A02"", ""A03""]",158.0,F030,A01,38,T1,0,395.0,2026-08-08 10:44,2026-08-09 23:59,shift,3,2235,2197,0
P3053,LAND,F004,LAND,FACILITY,outbound,1,0,"[""A01"", ""A02"", ""A03""]",[],,,A01,197.0,"[""A01"", ""A02"", ""A03""]",197.0,A01,F004,48,T1,1,492.5,2026-08-06 07:55,2026-08-09 08:43,shift,3,4368,4320,0
P3054,F044,F037,FACILITY,FACILITY,shuttle,0,0,[],[],,,A03,359.0,"[""A03"", ""A02"", ""A01""]",54.0,F044,F037,13,T1,1,135.0,2026-08-05 12:07,2026-08-07 12:20,shift,3,2893,2880,0
P3055,LAND,F002,LAND,FACILITY,outbound,1,0,"[""A01"", ""A02"", ""A03""]",[],,,A01,217.0,"[""A01"", ""A02"", ""A03""]",217.0,A01,F002,53,T1,1,542.5,2026-08-08 07:25,2026-08-09 23:59,shift,3,2434,2381,0
P3056,F019,LAND,FACILITY,LAND,inbound,0,1,[],"[""A01"", ""A02"", ""A03""]",,,A01,204.0,"[""A01"", ""A02"", ""A03""]",204.0,F019,A01,49,T1,0,510.0,2026-08-09 07:29,2026-08-09 10:57,production,2,208,159,0
P3057,F044,F037,FACILITY,FACILITY,shuttle,0,0,[],[],,,A03,359.0,"[""A03"", ""A02"", ""A01""]",54.0,F044,F037,13,T1,1,135.0,2026-08-05 12:07,2026-08-08 12:20,shift,3,4333,4320,0
P3058,F029,LAND,FACILITY,LAND,inbound,0,1,[],"[""A01"", ""A02"", ""A03""]",,,A01,211.0,"[""A01"", ""A02"", ""A03""]",211.0,F029,A01,51,T1,0,527.5,2026-08-05 10:38,2026-08-06 11:37,shift,3,1499,1448,0
P3059,F008,A01,FACILITY,AIRPORT,inbound,0,0,[],"[""A01""]",,A01,A01,221.0,"[""A01"", ""A02"", ""A03""]",221.0,F008,A01,54,T1,0,552.5,2026-08-03 08:37,2026-08-06 09:54,shift,3,4397,4343,0
P3060,LAND,F020,LAND,FACILITY,outbound,1,0,"[""A01"", ""A02"", ""A03""]",[],,,A01,171.0,"[""A01"", ""A02"", ""A03""]",171.0,A01,F020,42,T1,1,427.5,2026-08-08 07:48,2026-08-09 23:59,shift,3,2411,2369,0
P3061,F024,LAND,FACILITY,LAND,inbound,0,1,[],"[""A01"", ""A02"", ""A03""]",,,A01,211.0,"[""A01"", ""A02"", ""A03""]",211.0,F024,A01,51,T1,0,527.5,2026-08-03 10:50,2026-08-06 11:50,shift,3,4380,4329,0
P3062,LAND,F034,LAND,FACILITY,outbound,1,0,"[""A01"", ""A02"", ""A03""]",[],,,A01,246.0,"[""A01"", ""A02"", ""A03""]",246.0,A01,F034,60,T1,1,615.0,2026-08-07 06:13,2026-08-09 23:59,shift,3,3946,3886,0
P3063,LAND,F003,LAND,FACILITY,outbound,1,0,"[""A01"", ""A02"", ""A03""]",[],,,A01,192.0,"[""A01"", ""A02"", ""A03""]",192.0,A01,F003,47,T1,1,480.0,2026-08-07 07:12,2026-08-09 07:59,shift,3,2927,2880,0
P3064,F002,LAND,FACILITY,LAND,inbound,0,1,[],"[""A01"", ""A02"", ""A03""]",,,A01,217.0,"[""A01"", ""A02"", ""A03""]",217.0,F002,A01,53,T1,0,542.5,2026-08-09 08:44,2026-08-09 23:59,shift,3,915,862,0
P3065,F044,LAND,FACILITY,LAND,inbound,0,1,[],"[""A01"", ""A02"", ""A03""]",,,A03,317.0,"[""A03"", ""A02"", ""A01""]",317.0,F044,A03,87,T2,0,792.5,2026-08-06 08:22,2026-08-09 10:03,shift,3,4421,4334,0
P3066,F031,LAND,FACILITY,LAND,inbound,0,1,[],"[""A01"", ""A02"", ""A03""]",,,A02,242.0,"[""A02"", ""A01"", ""A03""]",242.0,F031,A02,59,T1,0,605.0,2026-08-08 11:40,2026-08-09 23:59,shift,3,2179,2120,0
P3067,LAND,F039,LAND,FACILITY,outbound,1,0,"[""A01"", ""A02"", ""A03""]",[],,,A03,223.0,"[""A03"", ""A02"", ""A01""]",223.0,A03,F039,54,T1,1,557.5,2026-08-05 09:16,2026-08-07 10:27,shift,3,2951,2897,0
P3068,F006,F007,FACILITY,FACILITY,shuttle,0,0,[],[],,,A01,233.0,"[""A01"", ""A02"", ""A03""]",14.0,F006,F007,4,T1,1,35.0,2026-08-05 09:19,2026-08-06 09:23,shift,3,1444,1440,0
P3069,F044,LAND,FACILITY,LAND,inbound,0,1,[],"[""A01"", ""A02"", ""A03""]",,,A03,317.0,"[""A03"", ""A02"", ""A01""]",317.0,F044,A03,87,T2,0,792.5,2026-08-03 09:32,2026-08-06 11:13,shift,3,4421,4334,0
P3070,F049,F048,FACILITY,FACILITY,shuttle,0,0,[],[],,,A03,254.0,"[""A03"", ""A02"", ""A01""]",34.0,F049,F048,9,T1,1,85.0,2026-08-08 07:02,2026-08-08 09:06,production,2,124,115,0
P3071,F050,A03,FACILITY,AIRPORT,inbound,0,0,[],"[""A03""]",,A03,A03,403.0,"[""A03"", ""A02"", ""A01""]",403.0,F050,A03,128,T3,0,1007.5,2026-08-05 09:44,2026-08-06 11:57,shift,3,1573,1445,0
P3072,F021,A02,FACILITY,AIRPORT,inbound,0,0,[],"[""A02""]",,A02,A01,218.0,"[""A01"", ""A02"", ""A03""]",220.0,F021,A02,53,T1,0,550.0,2026-08-09 09:41,2026-08-09 23:59,shift,3,858,805,0
P3073,F023,F032,FACILITY,FACILITY,shuttle,0,0,[],[],,,A02,279.0,"[""A02"", ""A01"", ""A03""]",14.0,F023,F032,4,T1,1,35.0,2026-08-04 11:47,2026-08-05 11:51,shift,3,1444,1440,0
P3074,LAND,F005,LAND,FACILITY,outbound,1,0,"[""A01"", ""A02"", ""A03""]",[],,,A01,190.0,"[""A01"", ""A02"", ""A03""]",190.0,A01,F005,46,T1,1,475.0,2026-08-03 00:00,2026-08-05 09:40,shift,3,3460,3414,0
P3075,LAND,F010,LAND,FACILITY,outbound,1,0,"[""A01"", ""A02"", ""A03""]",[],,,A01,216.0,"[""A01"", ""A02"", ""A03""]",216.0,A01,F010,52,T1,1,540.0,2026-08-03 08:32,2026-08-05 09:31,shift,3,2939,2887,0
P3076,F052,F048,FACILITY,FACILITY,shuttle,0,0,[],[],,,A03,254.0,"[""A03"", ""A02"", ""A01""]",23.0,F052,F048,6,T1,1,57.5,2026-08-07 10:34,2026-08-09 10:42,shift,3,2888,2882,0
P3077,LAND,F001,LAND,FACILITY,outbound,1,0,"[""A01"", ""A02"", ""A03""]",[],,,A01,219.0,"[""A01"", ""A02"", ""A03""]",219.0,A01,F001,53,T1,1,547.5,2026-08-03 06:26,2026-08-05 07:43,shift,3,2957,2904,0
P3078,F040,F041,FACILITY,FACILITY,shuttle,0,0,[],[],,,A03,278.0,"[""A03"", ""A02"", ""A01""]",66.0,F040,F041,16,T1,1,165.0,2026-08-03 08:40,2026-08-05 09:19,shift,3,2919,2903,0
P3079,LAND,F022,LAND,FACILITY,outbound,1,0,"[""A01"", ""A02"", ""A03""]",[],,,A01,194.0,"[""A01"", ""A02"", ""A03""]",194.0,A01,F022,47,T1,1,485.0,2026-08-06 08:25,2026-08-07 09:31,shift,3,1506,1459,0
P3080,F050,F043,FACILITY,FACILITY,shuttle,0,0,[],[],,,A03,303.0,"[""A03"", ""A02"", ""A01""]",115.0,F050,F043,28,T1,1,287.5,2026-08-08 09:47,2026-08-09 23:59,shift,3,2292,2264,0
P3081,F025,LAND,FACILITY,LAND,inbound,0,1,[],"[""A01"", ""A02"", ""A03""]",,,A01,202.0,"[""A01"", ""A02"", ""A03""]",202.0,F025,A01,49,T1,0,505.0,2026-08-07 08:24,2026-08-09 09:20,shift,3,2936,2887,0
P3082,LAND,F051,LAND,FACILITY,outbound,1,0,"[""A01"", ""A02"", ""A03""]",[],,,A03,279.0,"[""A03"", ""A02"", ""A01""]",279.0,A03,F051,77,T2,1,697.5,2026-08-05 08:57,2026-08-07 10:47,shift,3,2990,2913,0
P3083,A02,F022,AIRPORT,FACILITY,outbound,0,0,"[""A02""]",[],A02,,A01,194.0,"[""A01"", ""A02"", ""A03""]",208.0,A02,F022,50,T1,1,520.0,2026-08-06 08:25,2026-08-07 09:31,shift,3,1506,1456,0
P3084,LAND,F037,LAND,FACILITY,outbound,1,0,"[""A01"", ""A02"", ""A03""]",[],,,A03,359.0,"[""A03"", ""A02"", ""A01""]",359.0,A03,F037,98,T2,1,897.5,2026-08-03 00:00,2026-08-05 11:30,shift,3,3570,3472,0
P3085,F040,A03,FACILITY,AIRPORT,inbound,0,0,[],"[""A03""]",,A03,A03,342.0,"[""A03"", ""A02"", ""A01""]",342.0,F040,A03,94,T2,0,855.0,2026-08-03 00:00,2026-08-05 10:13,shift,3,3493,3399,0
P3086,F021,LAND,FACILITY,LAND,inbound,0,1,[],"[""A01"", ""A02"", ""A03""]",,,A01,218.0,"[""A01"", ""A02"", ""A03""]",218.0,F021,A01,53,T1,0,545.0,2026-08-03 00:00,2026-08-04 10:09,shift,3,2049,1996,0
P3087,LAND,F023,LAND,FACILITY,outbound,1,0,"[""A01"", ""A02"", ""A03""]",[],,,A02,267.0,"[""A02"", ""A01"", ""A03""]",267.0,A02,F023,73,T2,1,667.5,2026-08-03 06:17,2026-08-06 07:30,shift,3,4393,4320,0
P3088,LAND,F006,LAND,FACILITY,outbound,1,0,"[""A01"", ""A02"", ""A03""]",[],,,A01,235.0,"[""A01"", ""A02"", ""A03""]",235.0,A01,F006,57,T1,1,587.5,2026-08-07 07:00,2026-08-08 08:15,shift,3,1515,1458,0
P3089,LAND,F041,LAND,FACILITY,outbound,1,0,"[""A01"", ""A02"", ""A03""]",[],,,A03,278.0,"[""A03"", ""A02"", ""A01""]",278.0,A03,F041,76,T2,1,695.0,2026-08-06 09:51,2026-08-08 12:00,shift,3,3009,2933,0
P3090,LAND,F024,LAND,FACILITY,outbound,1,0,"[""A01"", ""A02"", ""A03""]",[],,,A01,211.0,"[""A01"", ""A02"", ""A03""]",211.0,A01,F024,51,T1,1,527.5,2026-08-03 09:30,2026-08-06 10:30,shift,3,4380,4329,0
P3091,F017,F014,FACILITY,FACILITY,shuttle,0,0,[],[],,,A01,164.0,"[""A01"", ""A02"", ""A03""]",38.0,F017,F014,10,T1,1,95.0,2026-08-06 08:42,2026-08-08 08:54,shift,3,2892,2882,0
P3092,A01,F013,AIRPORT,FACILITY,outbound,0,0,"[""A01""]",[],A01,,A01,279.0,"[""A01"", ""A02"", ""A03""]",279.0,A01,F013,77,T2,1,697.5,2026-08-07 07:53,2026-08-09 23:59,shift,3,3846,3769,0
P3093,LAND,F020,LAND,FACILITY,outbound,1,0,"[""A01"", ""A02"", ""A03""]",[],,,A01,171.0,"[""A01"", ""A02"", ""A03""]",171.0,A01,F020,42,T1,1,427.5,2026-08-03 06:58,2026-08-05 07:57,shift,3,2939,2897,0
P3094,LAND,F043,LAND,FACILITY,outbound,1,0,"[""A01"", ""A02"", ""A03""]",[],,,A03,303.0,"[""A03"", ""A02"", ""A01""]",303.0,A03,F043,83,T2,1,757.5,2026-08-07 07:00,2026-08-09 08:46,shift,3,2986,2903,0
P3095,F017,LAND,FACILITY,LAND,inbound,0,1,[],"[""A01"", ""A02"", ""A03""]",,,A01,153.0,"[""A01"", ""A02"", ""A03""]",153.0,F017,A01,37,T1,0,382.5,2026-08-06 10:31,2026-08-07 11:13,shift,3,1482,1445,0
P3096,LAND,F030,LAND,FACILITY,outbound,1,0,"[""A01"", ""A02"", ""A03""]",[],,,A01,158.0,"[""A01"", ""A02"", ""A03""]",158.0,A01,F030,38,T1,1,395.0,2026-08-08 09:44,2026-08-09 23:59,shift,3,2295,2257,0
P3097,F007,LAND,FACILITY,LAND,inbound,0,1,[],"[""A01"", ""A02"", ""A03""]",,,A01,233.0,"[""A01"", ""A02"", ""A03""]",233.0,F007,A01,56,T1,0,582.5,2026-08-03 00:00,2026-08-05 09:29,shift,3,3449,3393,0
P3098,LAND,F015,LAND,FACILITY,outbound,1,0,"[""A01"", ""A02"", ""A03""]",[],,,A01,191.0,"[""A01"", ""A02"", ""A03""]",191.0,A01,F015,46,T1,1,477.5,2026-08-09 08:53,2026-08-09 23:59,shift,3,906,860,0
P3099,F044,LAND,FACILITY,LAND,inbound,0,1,[],"[""A01"", ""A02"", ""A03""]",,,A03,317.0,"[""A03"", ""A02"", ""A01""]",317.0,F044,A03,87,T2,0,792.5,2026-08-06 08:22,2026-08-08 10:03,shift,3,2981,2894,0
P3100,F016,LAND,FACILITY,LAND,inbound,0,1,[],"[""A01"", ""A02"", ""A03""]",,,A01,181.0,"[""A01"", ""A02"", ""A03""]",181.0,F016,A01,44,T1,0,452.5,2026-08-08 10:32,2026-08-09 23:59,shift,3,2247,2203,0
P3101,A02,F027,AIRPORT,FACILITY,outbound,0,0,"[""A02""]",[],A02,,A01,191.0,"[""A01"", ""A02"", ""A03""]",198.0,A02,F027,48,T1,1,495.0,2026-08-06 15:07,2026-08-08 16:10,shift,3,2943,2895,0
P3102,F032,LAND,FACILITY,LAND,inbound,0,1,[],"[""A01"", ""A02"", ""A03""]",,,A02,279.0,"[""A02"", ""A01"", ""A03""]",279.0,F032,A02,77,T2,0,697.5,2026-08-04 08:41,2026-08-07 09:58,shift,3,4397,4320,0
P3103,F038,F045,FACILITY,FACILITY,shuttle,0,0,[],[],,,A03,260.0,"[""A03"", ""A02"", ""A01""]",31.0,F038,F045,8,T1,1,77.5,2026-08-03 15:54,2026-08-03 17:48,production,2,114,106,0
P3104,A02,F027,AIRPORT,FACILITY,outbound,0,0,"[""A02""]",[],A02,,A01,191.0,"[""A01"", ""A02"", ""A03""]",198.0,A02,F027,48,T1,1,495.0,2026-08-07 15:07,2026-08-08 16:10,shift,3,1503,1455,0
P3105,LAND,F052,LAND,FACILITY,outbound,1,0,"[""A01"", ""A02"", ""A03""]",[],,,A02,259.0,"[""A02"", ""A03"", ""A01""]",259.0,A02,F052,71,T2,1,647.5,2026-08-08 08:03,2026-08-09 23:59,shift,3,2396,2325,0
P3106,F020,LAND,FACILITY,LAND,inbound,0,1,[],"[""A01"", ""A02"", ""A03""]",,,A01,171.0,"[""A01"", ""A02"", ""A03""]",171.0,F020,A01,42,T1,0,427.5,2026-08-08 08:49,2026-08-09 23:59,shift,3,2350,2308,0
P3107,F049,A03,FACILITY,AIRPORT,inbound,0,0,[],"[""A03""]",,A03,A02,239.0,"[""A02"", ""A03"", ""A01""]",243.0,F049,A03,59,T1,0,607.5,2026-08-04 08:33,2026-08-06 09:40,shift,3,2947,2888,0
P3108,A01,F011,AIRPORT,FACILITY,outbound,0,0,"[""A01""]",[],A01,,A01,201.0,"[""A01"", ""A02"", ""A03""]",201.0,A01,F011,49,T1,1,502.5,2026-08-03 09:43,2026-08-06 10:38,shift,3,4375,4326,0
P3109,A02,F027,AIRPORT,FACILITY,outbound,0,0,"[""A02""]",[],A02,,A01,191.0,"[""A01"", ""A02"", ""A03""]",198.0,A02,F027,48,T1,1,495.0,2026-08-07 15:07,2026-08-09 16:10,shift,3,2943,2895,0
P3110,F019,F033,FACILITY,FACILITY,shuttle,0,0,[],[],,,A01,227.0,"[""A01"", ""A02"", ""A03""]",24.0,F019,F033,6,T1,1,60.0,2026-08-03 09:10,2026-08-03 10:41,production,2,91,85,0
P3111,F032,A02,FACILITY,AIRPORT,inbound,0,0,[],"[""A02""]",,A02,A02,279.0,"[""A02"", ""A01"", ""A03""]",279.0,F032,A02,77,T2,0,697.5,2026-08-08 08:45,2026-08-09 10:02,shift,3,1517,1440,0
P3112,LAND,F017,LAND,FACILITY,outbound,1,0,"[""A01"", ""A02"", ""A03""]",[],,,A01,153.0,"[""A01"", ""A02"", ""A03""]",153.0,A01,F017,37,T1,1,382.5,2026-08-08 10:11,2026-08-09 23:59,shift,3,2268,2231,0
P3113,A01,F004,AIRPORT,FACILITY,outbound,0,0,"[""A01""]",[],A01,,A01,197.0,"[""A01"", ""A02"", ""A03""]",197.0,A01,F004,48,T1,1,492.5,2026-08-03 00:00,2026-08-04 09:12,shift,3,1992,1944,0
P3114,A02,F018,AIRPORT,FACILITY,outbound,0,0,"[""A02""]",[],A02,,A01,196.0,"[""A01"", ""A02"", ""A03""]",214.0,A02,F018,52,T1,1,535.0,2026-08-09 09:11,2026-08-09 23:59,shift,3,888,836,0
P3115,F042,F040,FACILITY,FACILITY,shuttle,0,0,[],[],,,A03,342.0,"[""A03"", ""A02"", ""A01""]",28.0,F042,F040,7,T1,1,70.0,2026-08-05 09:24,2026-08-05 11:11,production,2,107,100,0
P3116,F005,LAND,FACILITY,LAND,inbound,0,1,[],"[""A01"", ""A02"", ""A03""]",,,A01,190.0,"[""A01"", ""A02"", ""A03""]",190.0,F005,A01,46,T1,0,475.0,2026-08-06 10:12,2026-08-08 11:04,shift,3,2932,2886,0
P3117,LAND,F030,LAND,FACILITY,outbound,1,0,"[""A01"", ""A02"", ""A03""]",[],,,A01,158.0,"[""A01"", ""A02"", ""A03""]",158.0,A01,F030,38,T1,1,395.0,2026-08-05 09:40,2026-08-06 10:30,shift,3,1490,1452,0
P3118,A01,F009,AIRPORT,FACILITY,outbound,0,0,"[""A01""]",[],A01,,A01,166.0,"[""A01"", ""A02"", ""A03""]",166.0,A01,F009,40,T1,1,415.0,2026-08-07 09:28,2026-08-09 23:59,shift,3,3751,3711,0
P3119,LAND,F004,LAND,FACILITY,outbound,1,0,"[""A01"", ""A02"", ""A03""]",[],,,A01,197.0,"[""A01"", ""A02"", ""A03""]",197.0,A01,F004,48,T1,1,492.5,2026-08-06 07:55,2026-08-09 08:43,shift,3,4368,4320,0
P3120,LAND,F031,LAND,FACILITY,outbound,1,0,"[""A01"", ""A02"", ""A03""]",[],,,A02,242.0,"[""A02"", ""A01"", ""A03""]",242.0,A02,F031,59,T1,1,605.0,2026-08-04 10:12,2026-08-06 11:18,shift,3,2946,2887,0
P3121,F020,LAND,FACILITY,LAND,inbound,0,1,[],"[""A01"", ""A02"", ""A03""]",,,A01,171.0,"[""A01"", ""A02"", ""A03""]",171.0,F020,A01,42,T1,0,427.5,2026-08-03 00:00,2026-08-04 09:06,shift,3,1986,1944,0
P3122,F036,F046,FACILITY,FACILITY,shuttle,0,0,[],[],,,A02,227.0,"[""A02"", ""A03"", ""A01""]",41.0,F036,F046,10,T1,1,102.5,2026-08-03 00:00,2026-08-04 08:10,temporary,4,1930,1920,0
P3123,F024,LAND,FACILITY,LAND,inbound,0,1,[],"[""A01"", ""A02"", ""A03""]",,,A01,211.0,"[""A01"", ""A02"", ""A03""]",211.0,F024,A01,51,T1,0,527.5,2026-08-07 11:21,2026-08-09 12:21,shift,3,2940,2889,0
P3124,F036,F049,FACILITY,FACILITY,shuttle,0,0,[],[],,,A02,239.0,"[""A02"", ""A03"", ""A01""]",57.0,F036,F049,14,T1,1,142.5,2026-08-09 11:22,2026-08-09 13:03,production,2,101,87,0
P3125,LAND,F001,LAND,FACILITY,outbound,1,0,"[""A01"", ""A02"", ""A03""]",[],,,A01,219.0,"[""A01"", ""A02"", ""A03""]",219.0,A01,F001,53,T1,1,547.5,2026-08-09 06:53,2026-08-09 23:59,shift,3,1026,973,0
P3126,LAND,F038,LAND,FACILITY,outbound,1,0,"[""A01"", ""A02"", ""A03""]",[],,,A03,263.0,"[""A03"", ""A02"", ""A01""]",263.0,A03,F038,72,T2,1,657.5,2026-08-04 08:07,2026-08-07 09:31,temporary,4,4404,4332,0
P3127,F014,LAND,FACILITY,LAND,inbound,0,1,[],"[""A01"", ""A02"", ""A03""]",,,A01,164.0,"[""A01"", ""A02"", ""A03""]",164.0,F014,A01,40,T1,0,410.0,2026-08-09 09:49,2026-08-09 23:59,shift,3,850,810,0
P3128,F022,LAND,FACILITY,LAND,inbound,0,1,[],"[""A01"", ""A02"", ""A03""]",,,A01,194.0,"[""A01"", ""A02"", ""A03""]",194.0,F022,A01,47,T1,0,485.0,2026-08-06 10:15,2026-08-09 23:59,temporary,4,5144,5097,0
P3129,F040,F041,FACILITY,FACILITY,shuttle,0,0,[],[],,,A03,278.0,"[""A03"", ""A02"", ""A01""]",66.0,F040,F041,16,T1,1,165.0,2026-08-03 08:40,2026-08-07 09:19,temporary,4,5799,5783,0
P3130,F046,LAND,FACILITY,LAND,inbound,0,1,[],"[""A01"", ""A02"", ""A03""]",,,A02,227.0,"[""A02"", ""A03"", ""A01""]",227.0,F046,A02,55,T1,0,567.5,2026-08-07 11:12,2026-08-09 23:59,shift,3,3647,3592,0
P3131,F041,LAND,FACILITY,LAND,inbound,0,1,[],"[""A01"", ""A02"", ""A03""]",,,A03,278.0,"[""A03"", ""A02"", ""A01""]",278.0,F041,A03,76,T2,0,695.0,2026-08-04 10:52,2026-08-05 13:37,shift,3,1605,1529,0
P3132,F012,A01,FACILITY,AIRPORT,inbound,0,0,[],"[""A01""]",,A01,A01,208.0,"[""A01"", ""A02"", ""A03""]",208.0,F012,A01,50,T1,0,520.0,2026-08-08 08:30,2026-08-09 09:36,shift,3,1506,1456,0
P3133,F026,LAND,FACILITY,LAND,inbound,0,1,[],"[""A01"", ""A02"", ""A03""]",,,A01,204.0,"[""A01"", ""A02"", ""A03""]",204.0,F026,A01,49,T1,0,510.0,2026-08-03 08:34,2026-08-06 09:44,shift,3,4390,4341,0
P3134,F004,F007,FACILITY,FACILITY,shuttle,0,0,[],[],,,A01,233.0,"[""A01"", ""A02"", ""A03""]",36.0,F004,F007,9,T1,1,90.0,2026-08-04 08:10,2026-08-05 08:22,shift,3,1452,1443,0
P3135,F047,LAND,FACILITY,LAND,inbound,0,1,[],"[""A01"", ""A02"", ""A03""]",,,A02,241.0,"[""A02"", ""A01"", ""A03""]",241.0,F047,A02,58,T1,0,602.5,2026-08-08 11:50,2026-08-09 23:59,shift,3,2169,2111,0
P3136,LAND,F025,LAND,FACILITY,outbound,1,0,"[""A01"", ""A02"", ""A03""]",[],,,A01,202.0,"[""A01"", ""A02"", ""A03""]",202.0,A01,F025,49,T1,1,505.0,2026-08-04 06:43,2026-08-09 23:59,temporary,4,8236,8187,0
P3137,A01,F009,AIRPORT,FACILITY,outbound,0,0,"[""A01""]",[],A01,,A01,166.0,"[""A01"", ""A02"", ""A03""]",166.0,A01,F009,40,T1,1,415.0,2026-08-07 09:28,2026-08-09 10:14,shift,3,2926,2886,0
P3138,LAND,F001,LAND,FACILITY,outbound,1,0,"[""A01"", ""A02"", ""A03""]",[],,,A01,219.0,"[""A01"", ""A02"", ""A03""]",219.0,A01,F001,53,T1,1,547.5,2026-08-03 06:26,2026-08-04 07:43,shift,3,1517,1464,0
P3139,F011,LAND,FACILITY,LAND,inbound,0,1,[],"[""A01"", ""A02"", ""A03""]",,,A01,201.0,"[""A01"", ""A02"", ""A03""]",201.0,F011,A01,49,T1,0,502.5,2026-08-03 10:58,2026-08-06 11:53,shift,3,4375,4326,0
P3140,F007,LAND,FACILITY,LAND,inbound,0,1,[],"[""A01"", ""A02"", ""A03""]",,,A01,233.0,"[""A01"", ""A02"", ""A03""]",233.0,F007,A01,56,T1,0,582.5,2026-08-03 00:00,2026-08-05 09:29,temporary,4,3449,3393,0
P3141,F039,F052,FACILITY,FACILITY,shuttle,0,0,[],[],,,A02,259.0,"[""A02"", ""A03"", ""A01""]",44.0,F039,F052,11,T1,1,110.0,2026-08-04 10:59,2026-08-06 11:42,shift,3,2923,2912,0
P3142,F006,LAND,FACILITY,LAND,inbound,0,1,[],"[""A01"", ""A02"", ""A03""]",,,A01,235.0,"[""A01"", ""A02"", ""A03""]",235.0,F006,A01,57,T1,0,587.5,2026-08-03 00:00,2026-08-05 12:02,shift,3,3602,3545,0
P3143,F020,LAND,FACILITY,LAND,inbound,0,1,[],"[""A01"", ""A02"", ""A03""]",,,A01,171.0,"[""A01"", ""A02"", ""A03""]",171.0,F020,A01,42,T1,0,427.5,2026-08-03 00:00,2026-08-05 09:06,shift,3,3426,3384,0
P3144,F029,LAND,FACILITY,LAND,inbound,0,1,[],"[""A01"", ""A02"", ""A03""]",,,A01,211.0,"[""A01"", ""A02"", ""A03""]",211.0,F029,A01,51,T1,0,527.5,2026-08-08 10:34,2026-08-09 11:26,shift,3,1492,1441,0
P3145,F011,LAND,FACILITY,LAND,inbound,0,1,[],"[""A01"", ""A02"", ""A03""]",,,A01,201.0,"[""A01"", ""A02"", ""A03""]",201.0,F011,A01,49,T1,0,502.5,2026-08-08 07:51,2026-08-09 08:46,shift,3,1495,1446,0
P3146,F014,LAND,FACILITY,LAND,inbound,0,1,[],"[""A01"", ""A02"", ""A03""]",,,A01,164.0,"[""A01"", ""A02"", ""A03""]",164.0,F014,A01,40,T1,0,410.0,2026-08-04 08:17,2026-08-07 09:09,shift,3,4372,4332,0
P3147,F019,LAND,FACILITY,LAND,inbound,0,1,[],"[""A01"", ""A02"", ""A03""]",,,A01,204.0,"[""A01"", ""A02"", ""A03""]",204.0,F019,A01,49,T1,0,510.0,2026-08-03 00:00,2026-08-05 11:45,shift,3,3585,3536,0
P3148,F003,F008,FACILITY,FACILITY,shuttle,0,0,[],[],,,A01,221.0,"[""A01"", ""A02"", ""A03""]",38.0,F003,F008,10,T1,1,95.0,2026-08-03 10:06,2026-08-05 10:17,shift,3,2891,2881,0
P3149,LAND,F049,LAND,FACILITY,outbound,1,0,"[""A01"", ""A02"", ""A03""]",[],,,A02,239.0,"[""A02"", ""A03"", ""A01""]",239.0,A02,F049,58,T1,1,597.5,2026-08-04 06:41,2026-08-07 08:23,shift,3,4422,4364,0
P3150,A01,F013,AIRPORT,FACILITY,outbound,0,0,"[""A01""]",[],A01,,A01,279.0,"[""A01"", ""A02"", ""A03""]",279.0,A01,F013,77,T2,1,697.5,2026-08-05 06:47,2026-08-07 08:16,shift,3,2969,2892,0
P3151,F052,LAND,FACILITY,LAND,inbound,0,1,[],"[""A01"", ""A02"", ""A03""]",,,A02,259.0,"[""A02"", ""A03"", ""A01""]",259.0,F052,A02,71,T2,0,647.5,2026-08-08 09:56,2026-08-09 23:59,shift,3,2283,2212,0
P3152,F002,F003,FACILITY,FACILITY,shuttle,0,0,[],[],,,A01,192.0,"[""A01"", ""A02"", ""A03""]",53.0,F002,F003,13,T1,1,132.5,2026-08-08 09:21,2026-08-09 23:59,shift,3,2318,2305,0
P3153,F047,LAND,FACILITY,LAND,inbound,0,1,[],"[""A01"", ""A02"", ""A03""]",,,A02,241.0,"[""A02"", ""A01"", ""A03""]",241.0,F047,A02,58,T1,0,602.5,2026-08-07 11:50,2026-08-09 23:59,shift,3,3609,3551,0
P3154,F031,LAND,FACILITY,LAND,inbound,0,1,[],"[""A01"", ""A02"", ""A03""]",,,A02,242.0,"[""A02"", ""A01"", ""A03""]",242.0,F031,A02,59,T1,0,605.0,2026-08-04 11:38,2026-08-07 12:44,shift,3,4386,4327,0
P3155,LAND,F044,LAND,FACILITY,outbound,1,0,"[""A01"", ""A02"", ""A03""]",[],,,A03,317.0,"[""A03"", ""A02"", ""A01""]",317.0,A03,F044,87,T2,1,792.5,2026-08-03 07:31,2026-08-05 09:12,shift,3,2981,2894,0
P3156,LAND,F037,LAND,FACILITY,outbound,1,0,"[""A01"", ""A02"", ""A03""]",[],,,A03,359.0,"[""A03"", ""A02"", ""A01""]",359.0,A03,F037,98,T2,1,897.5,2026-08-05 06:53,2026-08-08 08:55,shift,3,4442,4344,0
P3157,F026,LAND,FACILITY,LAND,inbound,0,1,[],"[""A01"", ""A02"", ""A03""]",,,A01,204.0,"[""A01"", ""A02"", ""A03""]",204.0,F026,A01,49,T1,0,510.0,2026-08-07 08:53,2026-08-09 09:54,shift,3,2941,2892,0
P3158,A02,F021,AIRPORT,FACILITY,outbound,0,0,"[""A02""]",[],A02,,A01,218.0,"[""A01"", ""A02"", ""A03""]",220.0,A02,F021,53,T1,1,550.0,2026-08-03 06:40,2026-08-03 09:47,production,2,187,134,0
P3159,LAND,F004,LAND,FACILITY,outbound,1,0,"[""A01"", ""A02"", ""A03""]",[],,,A01,197.0,"[""A01"", ""A02"", ""A03""]",197.0,A01,F004,48,T1,1,492.5,2026-08-06 07:55,2026-08-08 08:43,shift,3,2928,2880,0
P3160,LAND,F014,LAND,FACILITY,outbound,1,0,"[""A01"", ""A02"", ""A03""]",[],,,A01,164.0,"[""A01"", ""A02"", ""A03""]",164.0,A01,F014,40,T1,1,410.0,2026-08-04 07:15,2026-08-07 08:07,shift,3,4372,4332,0
P3161,F035,LAND,FACILITY,LAND,inbound,0,1,[],"[""A01"", ""A02"", ""A03""]",,,A01,258.0,"[""A01"", ""A02"", ""A03""]",258.0,F035,A01,71,T2,0,645.0,2026-08-05 09:43,2026-08-08 11:10,shift,3,4407,4336,0
P3162,F018,LAND,FACILITY,LAND,inbound,0,1,[],"[""A01"", ""A02"", ""A03""]",,,A01,196.0,"[""A01"", ""A02"", ""A03""]",196.0,F018,A01,48,T1,0,490.0,2026-08-06 10:32,2026-08-07 11:31,shift,3,1499,1451,0
P3163,F005,LAND,FACILITY,LAND,inbound,0,1,[],"[""A01"", ""A02"", ""A03""]",,,A01,190.0,"[""A01"", ""A02"", ""A03""]",190.0,F005,A01,46,T1,0,475.0,2026-08-06 10:12,2026-08-09 11:04,temporary,4,4372,4326,0
P3164,LAND,F010,LAND,FACILITY,outbound,1,0,"[""A01"", ""A02"", ""A03""]",[],,,A01,216.0,"[""A01"", ""A02"", ""A03""]",216.0,A01,F010,52,T1,1,540.0,2026-08-07 09:58,2026-08-09 10:57,shift,3,2939,2887,0
P3165,F006,F007,FACILITY,FACILITY,shuttle,0,0,[],[],,,A01,233.0,"[""A01"", ""A02"", ""A03""]",14.0,F006,F007,4,T1,1,35.0,2026-08-04 09:19,2026-08-07 09:23,shift,3,4324,4320,0
P3166,F011,LAND,FACILITY,LAND,inbound,0,1,[],"[""A01"", ""A02"", ""A03""]",,,A01,201.0,"[""A01"", ""A02"", ""A03""]",201.0,F011,A01,49,T1,0,502.5,2026-08-04 10:58,2026-08-05 11:53,shift,3,1495,1446,0
P3167,LAND,F051,LAND,FACILITY,outbound,1,0,"[""A01"", ""A02"", ""A03""]",[],,,A03,279.0,"[""A03"", ""A02"", ""A01""]",279.0,A03,F051,77,T2,1,697.5,2026-08-08 07:26,2026-08-09 23:59,shift,3,2433,2356,0
P3168,F036,F049,FACILITY,FACILITY,shuttle,0,0,[],[],,,A02,239.0,"[""A02"", ""A03"", ""A01""]",57.0,F036,F049,14,T1,1,142.5,2026-08-09 11:01,2026-08-09 13:14,production,2,133,119,0
P3169,LAND,F036,LAND,FACILITY,outbound,1,0,"[""A01"", ""A02"", ""A03""]",[],,,A02,215.0,"[""A02"", ""A01"", ""A03""]",215.0,A02,F036,52,T1,1,537.5,2026-08-09 15:17,2026-08-09 23:59,shift,3,522,470,0
P3170,LAND,F016,LAND,FACILITY,outbound,1,0,"[""A01"", ""A02"", ""A03""]",[],,,A01,181.0,"[""A01"", ""A02"", ""A03""]",181.0,A01,F016,44,T1,1,452.5,2026-08-05 15:06,2026-08-09 15:50,temporary,4,5804,5760,0
P3171,LAND,F032,LAND,FACILITY,outbound,1,0,"[""A01"", ""A02"", ""A03""]",[],,,A02,279.0,"[""A02"", ""A01"", ""A03""]",279.0,A02,F032,77,T2,1,697.5,2026-08-05 06:54,2026-08-07 08:31,shift,3,2977,2900,0
P3172,F001,LAND,FACILITY,LAND,inbound,0,1,[],"[""A01"", ""A02"", ""A03""]",,,A01,219.0,"[""A01"", ""A02"", ""A03""]",219.0,F001,A01,53,T1,0,547.5,2026-08-09 08:03,2026-08-09 23:59,shift,3,956,903,0
P3173,F015,F009,FACILITY,FACILITY,shuttle,0,0,[],[],,,A01,166.0,"[""A01"", ""A02"", ""A03""]",38.0,F015,F009,10,T1,1,95.0,2026-08-07 10:47,2026-08-08 10:58,shift,3,1451,1441,0
P3174,LAND,F026,LAND,FACILITY,outbound,1,0,"[""A01"", ""A02"", ""A03""]",[],,,A01,204.0,"[""A01"", ""A02"", ""A03""]",204.0,A01,F026,49,T1,1,510.0,2026-08-07 07:20,2026-08-08 08:43,shift,3,1523,1474,0
P3175,A01,F011,AIRPORT,FACILITY,outbound,0,0,"[""A01""]",[],A01,,A01,201.0,"[""A01"", ""A02"", ""A03""]",201.0,A01,F011,49,T1,1,502.5,2026-08-03 09:43,2026-08-05 10:38,shift,3,2935,2886,0
P3176,A01,F013,AIRPORT,FACILITY,outbound,0,0,"[""A01""]",[],A01,,A01,279.0,"[""A01"", ""A02"", ""A03""]",279.0,A01,F013,77,T2,1,697.5,2026-08-08 07:53,2026-08-09 09:43,shift,3,1550,1473,0
P3177,LAND,F025,LAND,FACILITY,outbound,1,0,"[""A01"", ""A02"", ""A03""]",[],,,A01,202.0,"[""A01"", ""A02"", ""A03""]",202.0,A01,F025,49,T1,1,505.0,2026-08-03 15:15,2026-08-05 16:46,shift,3,2971,2922,0
P3178,F039,F052,FACILITY,FACILITY,shuttle,0,0,[],[],,,A02,259.0,"[""A02"", ""A03"", ""A01""]",44.0,F039,F052,11,T1,1,110.0,2026-08-03 10:59,2026-08-06 11:42,shift,3,4363,4352,0
P3179,F046,LAND,FACILITY,LAND,inbound,0,1,[],"[""A01"", ""A02"", ""A03""]",,,A02,227.0,"[""A02"", ""A03"", ""A01""]",227.0,F046,A02,55,T1,0,567.5,2026-08-05 10:41,2026-08-07 12:24,shift,3,2983,2928,0
P3180,F040,LAND,FACILITY,LAND,inbound,0,1,[],"[""A01"", ""A02"", ""A03""]",,,A03,342.0,"[""A03"", ""A02"", ""A01""]",342.0,F040,A03,94,T2,0,855.0,2026-08-03 00:00,2026-08-04 10:13,shift,3,2053,1959,0
P3181,F031,A02,FACILITY,AIRPORT,inbound,0,0,[],"[""A02""]",,A02,A02,242.0,"[""A02"", ""A01"", ""A03""]",242.0,F031,A02,59,T1,0,605.0,2026-08-04 11:38,2026-08-06 12:44,shift,3,2946,2887,0
P3182,LAND,F032,LAND,FACILITY,outbound,1,0,"[""A01"", ""A02"", ""A03""]",[],,,A02,279.0,"[""A02"", ""A01"", ""A03""]",279.0,A02,F032,77,T2,1,697.5,2026-08-08 06:58,2026-08-09 08:35,shift,3,1537,1460,0
P3183,F044,LAND,FACILITY,LAND,inbound,0,1,[],"[""A01"", ""A02"", ""A03""]",,,A03,317.0,"[""A03"", ""A02"", ""A01""]",317.0,F044,A03,87,T2,0,792.5,2026-08-06 08:22,2026-08-09 10:03,shift,3,4421,4334,0
P3184,LAND,F051,LAND,FACILITY,outbound,1,0,"[""A01"", ""A02"", ""A03""]",[],,,A03,279.0,"[""A03"", ""A02"", ""A01""]",279.0,A03,F051,77,T2,1,697.5,2026-08-05 08:57,2026-08-07 10:47,shift,3,2990,2913,0
P3185,F009,A01,FACILITY,AIRPORT,inbound,0,0,[],"[""A01""]",,A01,A01,166.0,"[""A01"", ""A02"", ""A03""]",166.0,F009,A01,40,T1,0,415.0,2026-08-08 10:24,2026-08-09 23:59,shift,3,2255,2215,0
P3186,F016,F005,FACILITY,FACILITY,shuttle,0,0,[],[],,,A01,190.0,"[""A01"", ""A02"", ""A03""]",25.0,F016,F005,6,T1,1,62.5,2026-08-06 11:22,2026-08-08 11:29,shift,3,2887,2881,0
P3187,F027,LAND,FACILITY,LAND,inbound,0,1,[],"[""A01"", ""A02"", ""A03""]",,,A01,191.0,"[""A01"", ""A02"", ""A03""]",191.0,F027,A01,46,T1,0,477.5,2026-08-04 09:06,2026-08-05 10:09,shift,3,1503,1457,0
P3188,F012,LAND,FACILITY,LAND,inbound,0,1,[],"[""A01"", ""A02"", ""A03""]",,,A01,208.0,"[""A01"", ""A02"", ""A03""]",208.0,F012,A01,50,T1,0,520.0,2026-08-03 11:41,2026-08-06 12:47,shift,3,4386,4336,0
P3189,F006,LAND,FACILITY,LAND,inbound,0,1,[],"[""A01"", ""A02"", ""A03""]",,,A01,235.0,"[""A01"", ""A02"", ""A03""]",235.0,F006,A01,57,T1,0,587.5,2026-08-03 00:00,2026-08-05 12:02,shift,3,3602,3545,0
P3190,A02,F024,AIRPORT,FACILITY,outbound,0,0,"[""A02""]",[],A02,,A01,211.0,"[""A01"", ""A02"", ""A03""]",219.0,A02,F024,53,T1,1,547.5,2026-08-03 00:00,2026-08-06 10:30,temporary,4,4950,4897,0
P3191,LAND,F049,LAND,FACILITY,outbound,1,0,"[""A01"", ""A02"", ""A03""]",[],,,A02,239.0,"[""A02"", ""A03"", ""A01""]",239.0,A02,F049,58,T1,1,597.5,2026-08-07 09:40,2026-08-09 11:35,temporary,4,2995,2937,0
P3192,LAND,F016,LAND,FACILITY,outbound,1,0,"[""A01"", ""A02"", ""A03""]",[],,,A01,181.0,"[""A01"", ""A02"", ""A03""]",181.0,A01,F016,44,T1,1,452.5,2026-08-06 15:06,2026-08-08 15:50,shift,3,2924,2880,0
P3193,F028,F018,FACILITY,FACILITY,shuttle,0,0,[],[],,,A01,196.0,"[""A01"", ""A02"", ""A03""]",65.0,F028,F018,16,T1,1,162.5,2026-08-06 10:44,2026-08-08 11:02,shift,3,2898,2882,0
P3194,F020,A02,FACILITY,AIRPORT,inbound,0,0,[],"[""A02""]",,A02,A01,171.0,"[""A01"", ""A02"", ""A03""]",185.0,F020,A02,45,T1,0,462.5,2026-08-03 08:07,2026-08-05 09:06,shift,3,2939,2894,0
P3195,F025,F027,FACILITY,FACILITY,shuttle,0,0,[],[],,,A01,191.0,"[""A01"", ""A02"", ""A03""]",34.0,F025,F027,9,T1,1,85.0,2026-08-06 09:05,2026-08-06 11:04,production,2,119,110,0
P3196,F046,LAND,FACILITY,LAND,inbound,0,1,[],"[""A01"", ""A02"", ""A03""]",,,A02,227.0,"[""A02"", ""A03"", ""A01""]",227.0,F046,A02,55,T1,0,567.5,2026-08-03 00:00,2026-08-06 12:24,temporary,4,5064,5009,0
P3197,F008,A01,FACILITY,AIRPORT,inbound,0,0,[],"[""A01""]",,A01,A01,221.0,"[""A01"", ""A02"", ""A03""]",221.0,F008,A01,54,T1,0,552.5,2026-08-08 09:32,2026-08-09 10:49,shift,3,1517,1463,0
P3198,LAND,F011,LAND,FACILITY,outbound,1,0,"[""A01"", ""A02"", ""A03""]",[],,,A01,201.0,"[""A01"", ""A02"", ""A03""]",201.0,A01,F011,49,T1,1,502.5,2026-08-08 06:36,2026-08-09 07:31,shift,3,1495,1446,0
P3199,F010,F007,FACILITY,FACILITY,shuttle,0,0,[],[],,,A01,233.0,"[""A01"", ""A02"", ""A03""]",37.0,F010,F007,9,T1,1,92.5,2026-08-04 07:53,2026-08-06 08:27,shift,3,2914,2905,0
P3200,F028,A02,FACILITY,AIRPORT,inbound,0,0,[],"[""A02""]",,A02,A01,217.0,"[""A01"", ""A02"", ""A03""]",243.0,F028,A02,59,T1,0,607.5,2026-08-07 07:59,2026-08-08 09:16,shift,3,1517,1458,0
P3201,F013,F002,FACILITY,FACILITY,shuttle,0,0,[],[],,,A01,217.0,"[""A01"", ""A02"", ""A03""]",67.0,F013,F002,17,T1,1,167.5,2026-08-06 08:45,2026-08-08 09:07,shift,3,2902,2885,0
P3202,LAND,F013,LAND,FACILITY,outbound,1,0,"[""A01"", ""A02"", ""A03""]",[],,,A01,279.0,"[""A01"", ""A02"", ""A03""]",279.0,A01,F013,77,T2,1,697.5,2026-08-08 07:53,2026-08-09 09:43,shift,3,1550,1473,0
P3203,F041,LAND,FACILITY,LAND,inbound,0,1,[],"[""A01"", ""A02"", ""A03""]",,,A03,278.0,"[""A03"", ""A02"", ""A01""]",278.0,F041,A03,76,T2,0,695.0,2026-08-03 10:52,2026-08-06 13:37,shift,3,4485,4409,0
P3204,F050,F043,FACILITY,FACILITY,shuttle,0,0,[],[],,,A03,303.0,"[""A03"", ""A02"", ""A01""]",115.0,F050,F043,28,T1,1,287.5,2026-08-07 09:47,2026-08-09 23:59,shift,3,3732,3704,0
P3205,LAND,F049,LAND,FACILITY,outbound,1,0,"[""A01"", ""A02"", ""A03""]",[],,,A02,239.0,"[""A02"", ""A03"", ""A01""]",239.0,A02,F049,58,T1,1,597.5,2026-08-07 09:40,2026-08-09 11:35,shift,3,2995,2937,0
P3206,F038,F045,FACILITY,FACILITY,shuttle,0,0,[],[],,,A03,260.0,"[""A03"", ""A02"", ""A01""]",31.0,F038,F045,8,T1,1,77.5,2026-08-03 16:04,2026-08-03 18:18,production,2,134,126,0
P3207,F036,LAND,FACILITY,LAND,inbound,0,1,[],"[""A01"", ""A02"", ""A03""]",,,A02,215.0,"[""A02"", ""A01"", ""A03""]",215.0,F036,A02,52,T1,0,537.5,2026-08-05 11:57,2026-08-08 13:00,shift,3,4383,4331,0
P3208,F001,A01,FACILITY,AIRPORT,inbound,0,0,[],"[""A01""]",,A01,A01,219.0,"[""A01"", ""A02"", ""A03""]",219.0,F001,A01,53,T1,0,547.5,2026-08-09 08:03,2026-08-09 23:59,shift,3,956,903,0
P3209,LAND,F044,LAND,FACILITY,outbound,1,0,"[""A01"", ""A02"", ""A03""]",[],,,A03,317.0,"[""A03"", ""A02"", ""A01""]",317.0,A03,F044,87,T2,1,792.5,2026-08-04 07:31,2026-08-06 09:12,shift,3,2981,2894,0
P3210,LAND,F050,LAND,FACILITY,outbound,1,0,"[""A01"", ""A02"", ""A03""]",[],,,A03,403.0,"[""A03"", ""A02"", ""A01""]",403.0,A03,F050,128,T3,1,1007.5,2026-08-08 09:33,2026-08-09 23:59,shift,3,2306,2178,0
P3211,A01,F012,AIRPORT,FACILITY,outbound,0,0,"[""A01""]",[],A01,,A01,208.0,"[""A01"", ""A02"", ""A03""]",208.0,A01,F012,50,T1,1,520.0,2026-08-03 00:00,2026-08-06 11:31,temporary,4,5011,4961,0
P3212,LAND,F011,LAND,FACILITY,outbound,1,0,"[""A01"", ""A02"", ""A03""]",[],,,A01,201.0,"[""A01"", ""A02"", ""A03""]",201.0,A01,F011,49,T1,1,502.5,2026-08-08 06:36,2026-08-09 07:31,shift,3,1495,1446,0
P3213,LAND,F039,LAND,FACILITY,outbound,1,0,"[""A01"", ""A02"", ""A03""]",[],,,A03,223.0,"[""A03"", ""A02"", ""A01""]",223.0,A03,F039,54,T1,1,557.5,2026-08-06 08:37,2026-08-06 11:42,production,2,185,131,0
P3214,F049,LAND,FACILITY,LAND,inbound,0,1,[],"[""A01"", ""A02"", ""A03""]",,,A02,239.0,"[""A02"", ""A03"", ""A01""]",239.0,F049,A02,58,T1,0,597.5,2026-08-07 11:45,2026-08-09 13:02,shift,3,2957,2899,0
P3215,F023,A02,FACILITY,AIRPORT,inbound,0,0,[],"[""A02""]",,A02,A02,267.0,"[""A02"", ""A01"", ""A03""]",267.0,F023,A02,73,T2,0,667.5,2026-08-06 16:51,2026-08-08 18:16,shift,3,2965,2892,0
P3216,LAND,F025,LAND,FACILITY,outbound,1,0,"[""A01"", ""A02"", ""A03""]",[],,,A01,202.0,"[""A01"", ""A02"", ""A03""]",202.0,A01,F025,49,T1,1,505.0,2026-08-04 15:15,2026-08-06 16:46,shift,3,2971,2922,0
P3217,F001,LAND,FACILITY,LAND,inbound,0,1,[],"[""A01"", ""A02"", ""A03""]",,,A01,219.0,"[""A01"", ""A02"", ""A03""]",219.0,F001,A01,53,T1,0,547.5,2026-08-08 08:03,2026-08-09 23:59,shift,3,2396,2343,0
P3218,F032,LAND,FACILITY,LAND,inbound,0,1,[],"[""A01"", ""A02"", ""A03""]",,,A02,279.0,"[""A02"", ""A01"", ""A03""]",279.0,F032,A02,77,T2,0,697.5,2026-08-05 07:51,2026-08-05 11:26,production,2,215,138,0
P3219,F032,F025,FACILITY,FACILITY,shuttle,0,0,[],[],,,A01,202.0,"[""A01"", ""A02"", ""A03""]",79.0,F032,F025,19,T1,1,197.5,2026-08-09 08:20,2026-08-09 23:59,shift,3,939,920,0
P3220,F004,LAND,FACILITY,LAND,inbound,0,1,[],"[""A01"", ""A02"", ""A03""]",,,A01,197.0,"[""A01"", ""A02"", ""A03""]",197.0,F004,A01,48,T1,0,492.5,2026-08-03 00:00,2026-08-05 10:16,shift,3,3496,3448,0
P3221,F039,LAND,FACILITY,LAND,inbound,0,1,[],"[""A01"", ""A02"", ""A03""]",,,A03,223.0,"[""A03"", ""A02"", ""A01""]",223.0,F039,A03,54,T1,0,557.5,2026-08-03 07:52,2026-08-03 11:18,production,2,206,152,0
P3222,LAND,F040,LAND,FACILITY,outbound,1,0,"[""A01"", ""A02"", ""A03""]",[],,,A03,342.0,"[""A03"", ""A02"", ""A01""]",342.0,A03,F040,94,T2,1,855.0,2026-08-03 00:00,2026-08-04 07:53,shift,3,1913,1819,0
P3223,F023,LAND,FACILITY,LAND,inbound,0,1,[],"[""A01"", ""A02"", ""A03""]",,,A02,267.0,"[""A02"", ""A01"", ""A03""]",267.0,F023,A02,73,T2,0,667.5,2026-08-06 16:51,2026-08-09 18:16,shift,3,4405,4332,0
P3224,F011,LAND,FACILITY,LAND,inbound,0,1,[],"[""A01"", ""A02"", ""A03""]",,,A01,201.0,"[""A01"", ""A02"", ""A03""]",201.0,F011,A01,49,T1,0,502.5,2026-08-08 07:51,2026-08-09 23:59,shift,3,2408,2359,0
P3225,LAND,F038,LAND,FACILITY,outbound,1,0,"[""A01"", ""A02"", ""A03""]",[],,,A03,263.0,"[""A03"", ""A02"", ""A01""]",263.0,A03,F038,72,T2,1,657.5,2026-08-03 08:07,2026-08-08 09:31,temporary,4,7284,7212,0
P3226,F012,LAND,FACILITY,LAND,inbound,0,1,[],"[""A01"", ""A02"", ""A03""]",,,A01,208.0,"[""A01"", ""A02"", ""A03""]",208.0,F012,A01,50,T1,0,520.0,2026-08-04 11:41,2026-08-05 12:47,shift,3,1506,1456,0
P3227,LAND,F052,LAND,FACILITY,outbound,1,0,"[""A01"", ""A02"", ""A03""]",[],,,A02,259.0,"[""A02"", ""A03"", ""A01""]",259.0,A02,F052,71,T2,1,647.5,2026-08-08 08:03,2026-08-09 23:59,shift,3,2396,2325,0
P3228,F039,F052,FACILITY,FACILITY,shuttle,0,0,[],[],,,A02,259.0,"[""A02"", ""A03"", ""A01""]",44.0,F039,F052,11,T1,1,110.0,2026-08-04 10:16,2026-08-04 12:36,production,2,140,129,0
P3229,F010,LAND,FACILITY,LAND,inbound,0,1,[],"[""A01"", ""A02"", ""A03""]",,,A01,216.0,"[""A01"", ""A02"", ""A03""]",216.0,F010,A01,52,T1,0,540.0,2026-08-08 11:07,2026-08-09 23:59,shift,3,2212,2160,0
P3230,F040,LAND,FACILITY,LAND,inbound,0,1,[],"[""A01"", ""A02"", ""A03""]",,,A03,342.0,"[""A03"", ""A02"", ""A01""]",342.0,F040,A03,94,T2,0,855.0,2026-08-07 12:05,2026-08-09 14:47,shift,3,3042,2948,0
P3231,LAND,F007,LAND,FACILITY,outbound,1,0,"[""A01"", ""A02"", ""A03""]",[],,,A01,233.0,"[""A01"", ""A02"", ""A03""]",233.0,A01,F007,56,T1,1,582.5,2026-08-08 07:30,2026-08-09 08:51,shift,3,1521,1465,0
P3232,F027,LAND,FACILITY,LAND,inbound,0,1,[],"[""A01"", ""A02"", ""A03""]",,,A01,191.0,"[""A01"", ""A02"", ""A03""]",191.0,F027,A01,46,T1,0,477.5,2026-08-07 16:20,2026-08-09 17:23,shift,3,2943,2897,0
P3233,F030,LAND,FACILITY,LAND,inbound,0,1,[],"[""A01"", ""A02"", ""A03""]",,,A01,158.0,"[""A01"", ""A02"", ""A03""]",158.0,F030,A01,38,T1,0,395.0,2026-08-07 10:44,2026-08-09 11:34,temporary,4,2930,2892,0
P3234,LAND,F015,LAND,FACILITY,outbound,1,0,"[""A01"", ""A02"", ""A03""]",[],,,A01,191.0,"[""A01"", ""A02"", ""A03""]",191.0,A01,F015,46,T1,1,477.5,2026-08-09 08:53,2026-08-09 23:59,shift,3,906,860,0
P3235,LAND,F050,LAND,FACILITY,outbound,1,0,"[""A01"", ""A02"", ""A03""]",[],,,A03,403.0,"[""A03"", ""A02"", ""A01""]",403.0,A03,F050,128,T3,1,1007.5,2026-08-08 09:33,2026-08-09 23:59,shift,3,2306,2178,0
P3236,F031,LAND,FACILITY,LAND,inbound,0,1,[],"[""A01"", ""A02"", ""A03""]",,,A02,242.0,"[""A02"", ""A01"", ""A03""]",242.0,F031,A02,59,T1,0,605.0,2026-08-07 11:40,2026-08-09 12:46,shift,3,2946,2887,0
P3237,F001,LAND,FACILITY,LAND,inbound,0,1,[],"[""A01"", ""A02"", ""A03""]",,,A01,219.0,"[""A01"", ""A02"", ""A03""]",219.0,F001,A01,53,T1,0,547.5,2026-08-03 00:00,2026-08-04 09:10,shift,3,1990,1937,0
P3238,A03,F044,AIRPORT,FACILITY,outbound,0,0,"[""A03""]",[],A03,,A03,317.0,"[""A03"", ""A02"", ""A01""]",317.0,A03,F044,87,T2,1,792.5,2026-08-03 07:31,2026-08-06 09:12,shift,3,4421,4334,0
P3239,F041,LAND,FACILITY,LAND,inbound,0,1,[],"[""A01"", ""A02"", ""A03""]",,,A03,278.0,"[""A03"", ""A02"", ""A01""]",278.0,F041,A03,76,T2,0,695.0,2026-08-06 12:10,2026-08-09 14:55,shift,3,4485,4409,0
P3240,LAND,F017,LAND,FACILITY,outbound,1,0,"[""A01"", ""A02"", ""A03""]",[],,,A01,153.0,"[""A01"", ""A02"", ""A03""]",153.0,A01,F017,37,T1,1,382.5,2026-08-06 08:44,2026-08-06 11:49,production,2,185,148,0
P3241,F043,A03,FACILITY,AIRPORT,inbound,0,0,[],"[""A03""]",,A03,A03,303.0,"[""A03"", ""A02"", ""A01""]",303.0,F043,A03,83,T2,0,757.5,2026-08-06 08:56,2026-08-09 10:19,shift,3,4403,4320,0
P3242,F032,LAND,FACILITY,LAND,inbound,0,1,[],"[""A01"", ""A02"", ""A03""]",,,A02,279.0,"[""A02"", ""A01"", ""A03""]",279.0,F032,A02,77,T2,0,697.5,2026-08-08 07:46,2026-08-08 11:12,production,2,206,129,0
P3243,LAND,F004,LAND,FACILITY,outbound,1,0,"[""A01"", ""A02"", ""A03""]",[],,,A01,197.0,"[""A01"", ""A02"", ""A03""]",197.0,A01,F004,48,T1,1,492.5,2026-08-06 07:55,2026-08-09 08:43,shift,3,4368,4320,0
P3244,F024,LAND,FACILITY,LAND,inbound,0,1,[],"[""A01"", ""A02"", ""A03""]",,,A01,211.0,"[""A01"", ""A02"", ""A03""]",211.0,F024,A01,51,T1,0,527.5,2026-08-07 11:21,2026-08-08 12:21,shift,3,1500,1449,0
P3245,F006,F007,FACILITY,FACILITY,shuttle,0,0,[],[],,,A01,233.0,"[""A01"", ""A02"", ""A03""]",14.0,F006,F007,4,T1,1,35.0,2026-08-04 09:19,2026-08-06 09:23,shift,3,2884,2880,0
P3246,F021,F027,FACILITY,FACILITY,shuttle,0,0,[],[],,,A01,191.0,"[""A01"", ""A02"", ""A03""]",37.0,F021,F027,9,T1,1,92.5,2026-08-03 00:00,2026-08-05 08:06,temporary,4,3366,3357,0
P3247,F018,A02,FACILITY,AIRPORT,inbound,0,0,[],"[""A02""]",,A02,A01,196.0,"[""A01"", ""A02"", ""A03""]",214.0,F018,A02,52,T1,0,535.0,2026-08-06 10:32,2026-08-07 11:31,shift,3,1499,1447,0
P3248,F002,LAND,FACILITY,LAND,inbound,0,1,[],"[""A01"", ""A02"", ""A03""]",,,A01,217.0,"[""A01"", ""A02"", ""A03""]",217.0,F002,A01,53,T1,0,542.5,2026-08-08 08:44,2026-08-09 23:59,shift,3,2355,2302,0
P3249,LAND,F011,LAND,FACILITY,outbound,1,0,"[""A01"", ""A02"", ""A03""]",[],,,A01,201.0,"[""A01"", ""A02"", ""A03""]",201.0,A01,F011,49,T1,1,502.5,2026-08-08 06:36,2026-08-09 07:31,shift,3,1495,1446,0
P3250,LAND,F011,LAND,FACILITY,outbound,1,0,"[""A01"", ""A02"", ""A03""]",[],,,A01,201.0,"[""A01"", ""A02"", ""A03""]",201.0,A01,F011,49,T1,1,502.5,2026-08-04 09:43,2026-08-06 10:38,shift,3,2935,2886,0
P3251,F050,F043,FACILITY,FACILITY,shuttle,0,0,[],[],,,A03,303.0,"[""A03"", ""A02"", ""A01""]",115.0,F050,F043,28,T1,1,287.5,2026-08-08 09:47,2026-08-09 10:39,shift,3,1492,1464,0
P3252,F001,LAND,FACILITY,LAND,inbound,0,1,[],"[""A01"", ""A02"", ""A03""]",,,A01,219.0,"[""A01"", ""A02"", ""A03""]",219.0,F001,A01,53,T1,0,547.5,2026-08-08 08:03,2026-08-09 23:59,shift,3,2396,2343,0
P3253,LAND,F051,LAND,FACILITY,outbound,1,0,"[""A01"", ""A02"", ""A03""]",[],,,A03,279.0,"[""A03"", ""A02"", ""A01""]",279.0,A03,F051,77,T2,1,697.5,2026-08-08 07:26,2026-08-09 23:59,shift,3,2433,2356,0
P3254,F052,LAND,FACILITY,LAND,inbound,0,1,[],"[""A01"", ""A02"", ""A03""]",,,A02,259.0,"[""A02"", ""A03"", ""A01""]",259.0,F052,A02,71,T2,0,647.5,2026-08-09 09:56,2026-08-09 23:59,shift,3,843,772,0
P3255,F020,LAND,FACILITY,LAND,inbound,0,1,[],"[""A01"", ""A02"", ""A03""]",,,A01,171.0,"[""A01"", ""A02"", ""A03""]",171.0,F020,A01,42,T1,0,427.5,2026-08-06 07:05,2026-08-06 09:59,production,2,174,132,0
P3256,F009,LAND,FACILITY,LAND,inbound,0,1,[],"[""A01"", ""A02"", ""A03""]",,,A01,166.0,"[""A01"", ""A02"", ""A03""]",166.0,F009,A01,40,T1,0,415.0,2026-08-04 08:43,2026-08-06 10:01,shift,3,2958,2918,0
P3257,LAND,F045,LAND,FACILITY,outbound,1,0,"[""A01"", ""A02"", ""A03""]",[],,,A03,260.0,"[""A03"", ""A02"", ""A01""]",260.0,A03,F045,71,T2,1,650.0,2026-08-07 14:37,2026-08-07 18:04,production,2,207,136,0
P3258,F041,F045,FACILITY,FACILITY,shuttle,0,0,[],[],,,A03,260.0,"[""A03"", ""A02"", ""A01""]",20.0,F041,F045,5,T1,1,50.0,2026-08-04 10:20,2026-08-06 10:27,shift,3,2887,2882,0
P3259,F027,LAND,FACILITY,LAND,inbound,0,1,[],"[""A01"", ""A02"", ""A03""]",,,A01,191.0,"[""A01"", ""A02"", ""A03""]",191.0,F027,A01,46,T1,0,477.5,2026-08-03 09:06,2026-08-06 10:09,shift,3,4383,4337,0
P3260,A03,F044,AIRPORT,FACILITY,outbound,0,0,"[""A03""]",[],A03,,A03,317.0,"[""A03"", ""A02"", ""A01""]",317.0,A03,F044,87,T2,1,792.5,2026-08-03 07:31,2026-08-06 09:12,shift,3,4421,4334,0
P3261,F019,F033,FACILITY,FACILITY,shuttle,0,0,[],[],,,A01,227.0,"[""A01"", ""A02"", ""A03""]",24.0,F019,F033,6,T1,1,60.0,2026-08-03 09:13,2026-08-03 10:39,production,2,86,80,0
P3262,F015,LAND,FACILITY,LAND,inbound,0,1,[],"[""A01"", ""A02"", ""A03""]",,,A01,191.0,"[""A01"", ""A02"", ""A03""]",191.0,F015,A01,46,T1,0,477.5,2026-08-09 10:20,2026-08-09 23:59,shift,3,819,773,0
P3263,F052,A03,FACILITY,AIRPORT,inbound,0,0,[],"[""A03""]",,A03,A02,259.0,"[""A02"", ""A03"", ""A01""]",261.0,F052,A03,72,T2,0,652.5,2026-08-08 09:56,2026-08-09 23:59,shift,3,2283,2211,0
P3264,LAND,F019,LAND,FACILITY,outbound,1,0,"[""A01"", ""A02"", ""A03""]",[],,,A01,204.0,"[""A01"", ""A02"", ""A03""]",204.0,A01,F019,49,T1,1,510.0,2026-08-05 15:14,2026-08-08 16:13,temporary,4,4379,4330,0
P3265,LAND,F019,LAND,FACILITY,outbound,1,0,"[""A01"", ""A02"", ""A03""]",[],,,A01,204.0,"[""A01"", ""A02"", ""A03""]",204.0,A01,F019,49,T1,1,510.0,2026-08-09 07:11,2026-08-09 23:59,shift,3,1008,959,0
P3266,F003,F007,FACILITY,FACILITY,shuttle,0,0,[],[],,,A01,233.0,"[""A01"", ""A02"", ""A03""]",48.0,F003,F007,12,T1,1,120.0,2026-08-08 09:19,2026-08-09 23:59,shift,3,2320,2308,0
P3267,A03,F048,AIRPORT,FACILITY,outbound,0,0,"[""A03""]",[],A03,,A03,254.0,"[""A03"", ""A02"", ""A01""]",254.0,A03,F048,70,T2,1,635.0,2026-08-04 09:57,2026-08-06 11:34,shift,3,2977,2907,0
P3268,LAND,F003,LAND,FACILITY,outbound,1,0,"[""A01"", ""A02"", ""A03""]",[],,,A01,192.0,"[""A01"", ""A02"", ""A03""]",192.0,A01,F003,47,T1,1,480.0,2026-08-03 00:00,2026-08-05 08:26,shift,3,3386,3339,0
P3269,F006,LAND,FACILITY,LAND,inbound,0,1,[],"[""A01"", ""A02"", ""A03""]",,,A01,235.0,"[""A01"", ""A02"", ""A03""]",235.0,F006,A01,57,T1,0,587.5,2026-08-03 10:13,2026-08-03 13:01,production,2,168,111,0
P3270,A03,F043,AIRPORT,FACILITY,outbound,0,0,"[""A03""]",[],A03,,A03,303.0,"[""A03"", ""A02"", ""A01""]",303.0,A03,F043,83,T2,1,757.5,2026-08-07 07:00,2026-08-08 08:46,shift,3,1546,1463,0
P3271,A01,F006,AIRPORT,FACILITY,outbound,0,0,"[""A01""]",[],A01,,A01,235.0,"[""A01"", ""A02"", ""A03""]",235.0,A01,F006,57,T1,1,587.5,2026-08-07 06:15,2026-08-07 09:32,production,2,197,140,0
P3272,F036,LAND,FACILITY,LAND,inbound,0,1,[],"[""A01"", ""A02"", ""A03""]",,,A02,215.0,"[""A02"", ""A01"", ""A03""]",215.0,F036,A02,52,T1,0,537.5,2026-08-05 11:57,2026-08-07 13:00,shift,3,2943,2891,0
P3273,F013,LAND,FACILITY,LAND,inbound,0,1,[],"[""A01"", ""A02"", ""A03""]",,,A01,279.0,"[""A01"", ""A02"", ""A03""]",279.0,F013,A01,77,T2,0,697.5,2026-08-08 09:53,2026-08-09 23:59,shift,3,2286,2209,0
P3274,F043,A03,FACILITY,AIRPORT,inbound,0,0,[],"[""A03""]",,A03,A03,303.0,"[""A03"", ""A02"", ""A01""]",303.0,F043,A03,83,T2,0,757.5,2026-08-04 11:16,2026-08-04 14:32,production,2,196,113,0
P3275,F003,LAND,FACILITY,LAND,inbound,0,1,[],"[""A01"", ""A02"", ""A03""]",,,A01,192.0,"[""A01"", ""A02"", ""A03""]",192.0,F003,A01,47,T1,0,480.0,2026-08-07 08:09,2026-08-09 09:30,shift,3,2961,2914,0
P3276,A03,F049,AIRPORT,FACILITY,outbound,0,0,"[""A03""]",[],A03,,A02,239.0,"[""A02"", ""A03"", ""A01""]",243.0,A03,F049,59,T1,1,607.5,2026-08-04 06:41,2026-08-07 08:23,shift,3,4422,4363,0
P3277,LAND,F013,LAND,FACILITY,outbound,1,0,"[""A01"", ""A02"", ""A03""]",[],,,A01,279.0,"[""A01"", ""A02"", ""A03""]",279.0,A01,F013,77,T2,1,697.5,2026-08-08 07:53,2026-08-09 23:59,shift,3,2406,2329,0
P3278,LAND,F020,LAND,FACILITY,outbound,1,0,"[""A01"", ""A02"", ""A03""]",[],,,A01,171.0,"[""A01"", ""A02"", ""A03""]",171.0,A01,F020,42,T1,1,427.5,2026-08-09 07:48,2026-08-09 23:59,shift,3,971,929,0
P3279,LAND,F017,LAND,FACILITY,outbound,1,0,"[""A01"", ""A02"", ""A03""]",[],,,A01,153.0,"[""A01"", ""A02"", ""A03""]",153.0,A01,F017,37,T1,1,382.5,2026-08-09 10:11,2026-08-09 23:59,shift,3,828,791,0
P3280,LAND,F009,LAND,FACILITY,outbound,1,0,"[""A01"", ""A02"", ""A03""]",[],,,A01,166.0,"[""A01"", ""A02"", ""A03""]",166.0,A01,F009,40,T1,1,415.0,2026-08-03 07:53,2026-08-06 08:33,shift,3,4360,4320,0
P3281,F030,F026,FACILITY,FACILITY,shuttle,0,0,[],[],,,A01,204.0,"[""A01"", ""A02"", ""A03""]",59.0,F030,F026,15,T1,1,147.5,2026-08-08 16:11,2026-08-09 16:30,shift,3,1459,1444,0
P3282,LAND,F034,LAND,FACILITY,outbound,1,0,"[""A01"", ""A02"", ""A03""]",[],,,A01,246.0,"[""A01"", ""A02"", ""A03""]",246.0,A01,F034,60,T1,1,615.0,2026-08-08 06:00,2026-08-08 09:18,production,2,198,138,0
P3283,LAND,F028,LAND,FACILITY,outbound,1,0,"[""A01"", ""A02"", ""A03""]",[],,,A01,217.0,"[""A01"", ""A02"", ""A03""]",217.0,A01,F028,53,T1,1,542.5,2026-08-07 06:10,2026-08-09 07:49,shift,3,2979,2926,0
P3284,F038,F039,FACILITY,FACILITY,shuttle,0,0,[],[],,,A03,223.0,"[""A03"", ""A02"", ""A01""]",42.0,F038,F039,11,T1,1,105.0,2026-08-09 10:20,2026-08-09 23:59,shift,3,819,808,0
P3285,F031,LAND,FACILITY,LAND,inbound,0,1,[],"[""A01"", ""A02"", ""A03""]",,,A02,242.0,"[""A02"", ""A01"", ""A03""]",242.0,F031,A02,59,T1,0,605.0,2026-08-08 11:40,2026-08-09 23:59,shift,3,2179,2120,0
P3286,F039,LAND,FACILITY,LAND,inbound,0,1,[],"[""A01"", ""A02"", ""A03""]",,,A03,223.0,"[""A03"", ""A02"", ""A01""]",223.0,F039,A03,54,T1,0,557.5,2026-08-03 08:40,2026-08-05 09:51,shift,3,2951,2897,0
P3287,LAND,F040,LAND,FACILITY,outbound,1,0,"[""A01"", ""A02"", ""A03""]",[],,,A03,342.0,"[""A03"", ""A02"", ""A01""]",342.0,A03,F040,94,T2,1,855.0,2026-08-07 09:13,2026-08-09 11:55,shift,3,3042,2948,0
P3288,A02,F019,AIRPORT,FACILITY,outbound,0,0,"[""A02""]",[],A02,,A01,204.0,"[""A01"", ""A02"", ""A03""]",216.0,A02,F019,52,T1,1,540.0,2026-08-09 07:11,2026-08-09 23:59,shift,3,1008,956,0
P3289,F007,LAND,FACILITY,LAND,inbound,0,1,[],"[""A01"", ""A02"", ""A03""]",,,A01,233.0,"[""A01"", ""A02"", ""A03""]",233.0,F007,A01,56,T1,0,582.5,2026-08-03 00:00,2026-08-04 09:29,shift,3,2009,1953,0
P3290,F009,F003,FACILITY,FACILITY,shuttle,0,0,[],[],,,A01,192.0,"[""A01"", ""A02"", ""A03""]",48.0,F009,F003,12,T1,1,120.0,2026-08-04 10:54,2026-08-08 11:38,temporary,4,5804,5792,0
P3291,F016,A01,FACILITY,AIRPORT,inbound,0,0,[],"[""A01""]",,A01,A01,181.0,"[""A01"", ""A02"", ""A03""]",181.0,F016,A01,44,T1,0,452.5,2026-08-06 16:00,2026-08-07 17:13,shift,3,1513,1469,0
P3292,LAND,F007,LAND,FACILITY,outbound,1,0,"[""A01"", ""A02"", ""A03""]",[],,,A01,233.0,"[""A01"", ""A02"", ""A03""]",233.0,A01,F007,56,T1,1,582.5,2026-08-03 00:00,2026-08-05 08:05,shift,3,3365,3309,0
P3293,F014,LAND,FACILITY,LAND,inbound,0,1,[],"[""A01"", ""A02"", ""A03""]",,,A01,164.0,"[""A01"", ""A02"", ""A03""]",164.0,F014,A01,40,T1,0,410.0,2026-08-04 08:17,2026-08-06 09:09,shift,3,2932,2892,0
P3294,F024,LAND,FACILITY,LAND,inbound,0,1,[],"[""A01"", ""A02"", ""A03""]",,,A01,211.0,"[""A01"", ""A02"", ""A03""]",211.0,F024,A01,51,T1,0,527.5,2026-08-04 10:50,2026-08-05 11:50,shift,3,1500,1449,0
P3295,F021,LAND,FACILITY,LAND,inbound,0,1,[],"[""A01"", ""A02"", ""A03""]",,,A01,218.0,"[""A01"", ""A02"", ""A03""]",218.0,F021,A01,53,T1,0,545.0,2026-08-06 09:04,2026-08-08 10:14,shift,3,2950,2897,0
P3296,F010,LAND,FACILITY,LAND,inbound,0,1,[],"[""A01"", ""A02"", ""A03""]",,,A01,216.0,"[""A01"", ""A02"", ""A03""]",216.0,F010,A01,52,T1,0,540.0,2026-08-07 11:07,2026-08-09 23:59,shift,3,3652,3600,0
P3297,F045,LAND,FACILITY,LAND,inbound,0,1,[],"[""A01"", ""A02"", ""A03""]",,,A03,260.0,"[""A03"", ""A02"", ""A01""]",260.0,F045,A03,71,T2,0,650.0,2026-08-03 10:58,2026-08-06 12:21,shift,3,4403,4332,0
P3298,F013,F002,FACILITY,FACILITY,shuttle,0,0,[],[],,,A01,217.0,"[""A01"", ""A02"", ""A03""]",67.0,F013,F002,17,T1,1,167.5,2026-08-06 08:45,2026-08-08 09:07,shift,3,2902,2885,0
P3299,F039,F052,FACILITY,FACILITY,shuttle,0,0,[],[],,,A02,259.0,"[""A02"", ""A03"", ""A01""]",44.0,F039,F052,11,T1,1,110.0,2026-08-04 10:47,2026-08-04 11:54,emergency,1,67,56,0
P3300,F007,F002,FACILITY,FACILITY,shuttle,0,0,[],[],,,A01,217.0,"[""A01"", ""A02"", ""A03""]",30.0,F007,F002,8,T1,1,75.0,2026-08-04 10:22,2026-08-06 10:31,shift,3,2889,2881,0
P3301,F044,A03,FACILITY,AIRPORT,inbound,0,0,[],"[""A03""]",,A03,A03,317.0,"[""A03"", ""A02"", ""A01""]",317.0,F044,A03,87,T2,0,792.5,2026-08-04 09:32,2026-08-06 11:13,shift,3,2981,2894,0
P3302,LAND,F028,LAND,FACILITY,outbound,1,0,"[""A01"", ""A02"", ""A03""]",[],,,A01,217.0,"[""A01"", ""A02"", ""A03""]",217.0,A01,F028,53,T1,1,542.5,2026-08-06 06:10,2026-08-09 07:49,shift,3,4419,4366,0
P3303,LAND,F033,LAND,FACILITY,outbound,1,0,"[""A01"", ""A02"", ""A03""]",[],,,A01,227.0,"[""A01"", ""A02"", ""A03""]",227.0,A01,F033,55,T1,1,567.5,2026-08-05 07:32,2026-08-07 08:48,shift,3,2956,2901,0
P3304,LAND,F008,LAND,FACILITY,outbound,1,0,"[""A01"", ""A02"", ""A03""]",[],,,A01,221.0,"[""A01"", ""A02"", ""A03""]",221.0,A01,F008,54,T1,1,552.5,2026-08-08 08:05,2026-08-09 23:59,shift,3,2394,2340,0
P3305,LAND,F021,LAND,FACILITY,outbound,1,0,"[""A01"", ""A02"", ""A03""]",[],,,A01,218.0,"[""A01"", ""A02"", ""A03""]",218.0,A01,F021,53,T1,1,545.0,2026-08-06 07:44,2026-08-07 08:54,shift,3,1510,1457,0
P3306,F010,LAND,FACILITY,LAND,inbound,0,1,[],"[""A01"", ""A02"", ""A03""]",,,A01,216.0,"[""A01"", ""A02"", ""A03""]",216.0,F010,A01,52,T1,0,540.0,2026-08-08 11:07,2026-08-09 23:59,shift,3,2212,2160,0
P3307,F030,F026,FACILITY,FACILITY,shuttle,0,0,[],[],,,A01,204.0,"[""A01"", ""A02"", ""A03""]",59.0,F030,F026,15,T1,1,147.5,2026-08-07 16:11,2026-08-09 23:59,shift,3,3348,3333,0
P3308,LAND,F028,LAND,FACILITY,outbound,1,0,"[""A01"", ""A02"", ""A03""]",[],,,A01,217.0,"[""A01"", ""A02"", ""A03""]",217.0,A01,F028,53,T1,1,542.5,2026-08-04 06:15,2026-08-06 07:35,shift,3,2960,2907,0
P3309,LAND,F042,LAND,FACILITY,outbound,1,0,"[""A01"", ""A02"", ""A03""]",[],,,A03,368.0,"[""A03"", ""A02"", ""A01""]",368.0,A03,F042,101,T2,1,920.0,2026-08-07 06:07,2026-08-09 08:10,shift,3,3003,2902,0
P3310,LAND,F017,LAND,FACILITY,outbound,1,0,"[""A01"", ""A02"", ""A03""]",[],,,A01,153.0,"[""A01"", ""A02"", ""A03""]",153.0,A01,F017,37,T1,1,382.5,2026-08-09 10:11,2026-08-09 23:59,shift,3,828,791,0
P3311,LAND,F047,LAND,FACILITY,outbound,1,0,"[""A01"", ""A02"", ""A03""]",[],,,A02,241.0,"[""A02"", ""A01"", ""A03""]",241.0,A02,F047,58,T1,1,602.5,2026-08-04 09:18,2026-08-06 11:01,shift,3,2983,2925,0
P3312,LAND,F018,LAND,FACILITY,outbound,1,0,"[""A01"", ""A02"", ""A03""]",[],,,A01,196.0,"[""A01"", ""A02"", ""A03""]",196.0,A01,F018,48,T1,1,490.0,2026-08-09 08:40,2026-08-09 11:24,production,2,164,116,0
P3313,LAND,F021,LAND,FACILITY,outbound,1,0,"[""A01"", ""A02"", ""A03""]",[],,,A01,218.0,"[""A01"", ""A02"", ""A03""]",218.0,A01,F021,53,T1,1,545.0,2026-08-03 00:00,2026-08-04 08:49,shift,3,1969,1916,0
P3314,F038,F039,FACILITY,FACILITY,shuttle,0,0,[],[],,,A03,223.0,"[""A03"", ""A02"", ""A01""]",42.0,F038,F039,11,T1,1,105.0,2026-08-09 10:20,2026-08-09 23:59,shift,3,819,808,0
P3315,F015,A01,FACILITY,AIRPORT,inbound,0,0,[],"[""A01""]",,A01,A01,191.0,"[""A01"", ""A02"", ""A03""]",191.0,F015,A01,46,T1,0,477.5,2026-08-06 07:31,2026-08-06 10:35,production,2,184,138,0
P3316,LAND,F016,LAND,FACILITY,outbound,1,0,"[""A01"", ""A02"", ""A03""]",[],,,A01,181.0,"[""A01"", ""A02"", ""A03""]",181.0,A01,F016,44,T1,1,452.5,2026-08-09 09:32,2026-08-09 23:59,shift,3,867,823,0
P3317,F032,A02,FACILITY,AIRPORT,inbound,0,0,[],"[""A02""]",,A02,A02,279.0,"[""A02"", ""A01"", ""A03""]",279.0,F032,A02,77,T2,0,697.5,2026-08-05 08:41,2026-08-06 09:58,shift,3,1517,1440,0
P3318,F046,F047,FACILITY,FACILITY,shuttle,0,0,[],[],,,A02,241.0,"[""A02"", ""A01"", ""A03""]",15.0,F046,F047,4,T1,1,37.5,2026-08-06 10:00,2026-08-08 10:05,shift,3,2885,2881,0
P3319,F030,LAND,FACILITY,LAND,inbound,0,1,[],"[""A01"", ""A02"", ""A03""]",,,A01,158.0,"[""A01"", ""A02"", ""A03""]",158.0,F030,A01,38,T1,0,395.0,2026-08-07 10:44,2026-08-09 11:34,shift,3,2930,2892,0
P3320,LAND,F026,LAND,FACILITY,outbound,1,0,"[""A01"", ""A02"", ""A03""]",[],,,A01,204.0,"[""A01"", ""A02"", ""A03""]",204.0,A01,F026,49,T1,1,510.0,2026-08-07 07:20,2026-08-08 08:43,shift,3,1523,1474,0
P3321,F047,F049,FACILITY,FACILITY,shuttle,0,0,[],[],,,A02,239.0,"[""A02"", ""A03"", ""A01""]",19.0,F047,F049,5,T1,1,47.5,2026-08-07 17:06,2026-08-08 17:12,shift,3,1446,1441,0
P3322,LAND,F040,LAND,FACILITY,outbound,1,0,"[""A01"", ""A02"", ""A03""]",[],,,A03,342.0,"[""A03"", ""A02"", ""A01""]",342.0,A03,F040,94,T2,1,855.0,2026-08-03 06:00,2026-08-03 09:16,production,2,196,102,0
P3323,F003,LAND,FACILITY,LAND,inbound,0,1,[],"[""A01"", ""A02"", ""A03""]",,,A01,192.0,"[""A01"", ""A02"", ""A03""]",192.0,F003,A01,47,T1,0,480.0,2026-08-07 08:09,2026-08-09 09:30,shift,3,2961,2914,0
P3324,F017,F014,FACILITY,FACILITY,shuttle,0,0,[],[],,,A01,164.0,"[""A01"", ""A02"", ""A03""]",38.0,F017,F014,10,T1,1,95.0,2026-08-06 08:42,2026-08-09 08:54,shift,3,4332,4322,0
P3325,LAND,F044,LAND,FACILITY,outbound,1,0,"[""A01"", ""A02"", ""A03""]",[],,,A03,317.0,"[""A03"", ""A02"", ""A01""]",317.0,A03,F044,87,T2,1,792.5,2026-08-07 06:21,2026-08-08 08:02,shift,3,1541,1454,0
P3326,LAND,F028,LAND,FACILITY,outbound,1,0,"[""A01"", ""A02"", ""A03""]",[],,,A01,217.0,"[""A01"", ""A02"", ""A03""]",217.0,A01,F028,53,T1,1,542.5,2026-08-07 06:10,2026-08-08 07:49,shift,3,1539,1486,0
P3327,LAND,F007,LAND,FACILITY,outbound,1,0,"[""A01"", ""A02"", ""A03""]",[],,,A01,233.0,"[""A01"", ""A02"", ""A03""]",233.0,A01,F007,56,T1,1,582.5,2026-08-03 00:00,2026-08-04 08:05,shift,3,1925,1869,0
P3328,F032,A02,FACILITY,AIRPORT,inbound,0,0,[],"[""A02""]",,A02,A02,279.0,"[""A02"", ""A01"", ""A03""]",279.0,F032,A02,77,T2,0,697.5,2026-08-05 08:41,2026-08-06 09:58,shift,3,1517,1440,0
P3329,LAND,F018,LAND,FACILITY,outbound,1,0,"[""A01"", ""A02"", ""A03""]",[],,,A01,196.0,"[""A01"", ""A02"", ""A03""]",196.0,A01,F018,48,T1,1,490.0,2026-08-03 00:00,2026-08-04 08:48,shift,3,1968,1920,0
P3330,LAND,F036,LAND,FACILITY,outbound,1,0,"[""A01"", ""A02"", ""A03""]",[],,,A02,215.0,"[""A02"", ""A01"", ""A03""]",215.0,A02,F036,52,T1,1,537.5,2026-08-09 15:17,2026-08-09 23:59,shift,3,522,470,0
P3331,F018,A02,FACILITY,AIRPORT,inbound,0,0,[],"[""A02""]",,A02,A01,196.0,"[""A01"", ""A02"", ""A03""]",214.0,F018,A02,52,T1,0,535.0,2026-08-08 10:23,2026-08-09 23:59,shift,3,2256,2204,0
P3332,F016,LAND,FACILITY,LAND,inbound,0,1,[],"[""A01"", ""A02"", ""A03""]",,,A01,181.0,"[""A01"", ""A02"", ""A03""]",181.0,F016,A01,44,T1,0,452.5,2026-08-08 10:32,2026-08-09 23:59,shift,3,2247,2203,0
P3333,F039,LAND,FACILITY,LAND,inbound,0,1,[],"[""A01"", ""A02"", ""A03""]",,,A03,223.0,"[""A03"", ""A02"", ""A01""]",223.0,F039,A03,54,T1,0,557.5,2026-08-05 10:37,2026-08-07 11:48,shift,3,2951,2897,0
P3334,A03,F044,AIRPORT,FACILITY,outbound,0,0,"[""A03""]",[],A03,,A03,317.0,"[""A03"", ""A02"", ""A01""]",317.0,A03,F044,87,T2,1,792.5,2026-08-03 07:31,2026-08-06 09:12,shift,3,4421,4334,0
P3335,F025,F027,FACILITY,FACILITY,shuttle,0,0,[],[],,,A01,191.0,"[""A01"", ""A02"", ""A03""]",34.0,F025,F027,9,T1,1,85.0,2026-08-05 09:36,2026-08-07 10:11,shift,3,2915,2906,0
P3336,F038,F039,FACILITY,FACILITY,shuttle,0,0,[],[],,,A03,223.0,"[""A03"", ""A02"", ""A01""]",42.0,F038,F039,11,T1,1,105.0,2026-08-09 10:20,2026-08-09 23:59,shift,3,819,808,0
P3337,F042,LAND,FACILITY,LAND,inbound,0,1,[],"[""A01"", ""A02"", ""A03""]",,,A03,368.0,"[""A03"", ""A02"", ""A01""]",368.0,F042,A03,101,T2,0,920.0,2026-08-07 08:20,2026-08-08 10:23,shift,3,1563,1462,0
P3338,F046,F047,FACILITY,FACILITY,shuttle,0,0,[],[],,,A02,241.0,"[""A02"", ""A01"", ""A03""]",15.0,F046,F047,4,T1,1,37.5,2026-08-06 10:00,2026-08-07 10:05,shift,3,1445,1441,0
P3339,F001,F016,FACILITY,FACILITY,shuttle,0,0,[],[],,,A01,181.0,"[""A01"", ""A02"", ""A03""]",41.0,F001,F016,10,T1,1,102.5,2026-08-03 00:00,2026-08-04 11:46,shift,3,2146,2136,0
P3340,F028,F018,FACILITY,FACILITY,shuttle,0,0,[],[],,,A01,196.0,"[""A01"", ""A02"", ""A03""]",65.0,F028,F018,16,T1,1,162.5,2026-08-06 10:44,2026-08-08 11:02,shift,3,2898,2882,0
P3341,LAND,F020,LAND,FACILITY,outbound,1,0,"[""A01"", ""A02"", ""A03""]",[],,,A01,171.0,"[""A01"", ""A02"", ""A03""]",171.0,A01,F020,42,T1,1,427.5,2026-08-09 06:56,2026-08-09 10:02,production,2,186,144,0
P3342,F036,LAND,FACILITY,LAND,inbound,0,1,[],"[""A01"", ""A02"", ""A03""]",,,A02,215.0,"[""A02"", ""A01"", ""A03""]",215.0,F036,A02,52,T1,0,537.5,2026-08-05 11:57,2026-08-08 13:00,shift,3,4383,4331,0
P3343,F045,F048,FACILITY,FACILITY,shuttle,0,0,[],[],,,A03,254.0,"[""A03"", ""A02"", ""A01""]",45.0,F045,F048,11,T1,1,112.5,2026-08-06 08:40,2026-08-08 09:14,shift,3,2914,2903,0
P3344,LAND,F031,LAND,FACILITY,outbound,1,0,"[""A01"", ""A02"", ""A03""]",[],,,A02,242.0,"[""A02"", ""A01"", ""A03""]",242.0,A02,F031,59,T1,1,605.0,2026-08-05 10:12,2026-08-06 11:18,shift,3,1506,1447,0
P3345,LAND,F022,LAND,FACILITY,outbound,1,0,"[""A01"", ""A02"", ""A03""]",[],,,A01,194.0,"[""A01"", ""A02"", ""A03""]",194.0,A01,F022,47,T1,1,485.0,2026-08-09 08:59,2026-08-09 23:59,shift,3,900,853,0
P3346,LAND,F042,LAND,FACILITY,outbound,1,0,"[""A01"", ""A02"", ""A03""]",[],,,A03,368.0,"[""A03"", ""A02"", ""A01""]",368.0,A03,F042,101,T2,1,920.0,2026-08-07 06:07,2026-08-08 08:10,shift,3,1563,1462,0
P3347,F038,F045,FACILITY,FACILITY,shuttle,0,0,[],[],,,A03,260.0,"[""A03"", ""A02"", ""A01""]",31.0,F038,F045,8,T1,1,77.5,2026-08-03 16:49,2026-08-04 16:59,shift,3,1450,1442,0
P3348,LAND,F039,LAND,FACILITY,outbound,1,0,"[""A01"", ""A02"", ""A03""]",[],,,A03,223.0,"[""A03"", ""A02"", ""A01""]",223.0,A03,F039,54,T1,1,557.5,2026-08-03 00:00,2026-08-04 08:30,shift,3,1950,1896,0
P3349,F041,LAND,FACILITY,LAND,inbound,0,1,[],"[""A01"", ""A02"", ""A03""]",,,A03,278.0,"[""A03"", ""A02"", ""A01""]",278.0,F041,A03,76,T2,0,695.0,2026-08-07 11:33,2026-08-07 15:46,production,2,253,177,0
P3350,F026,LAND,FACILITY,LAND,inbound,0,1,[],"[""A01"", ""A02"", ""A03""]",,,A01,204.0,"[""A01"", ""A02"", ""A03""]",204.0,F026,A01,49,T1,0,510.0,2026-08-06 08:53,2026-08-08 09:54,shift,3,2941,2892,0
P3351,F022,LAND,FACILITY,LAND,inbound,0,1,[],"[""A01"", ""A02"", ""A03""]",,,A01,194.0,"[""A01"", ""A02"", ""A03""]",194.0,F022,A01,47,T1,0,485.0,2026-08-08 10:15,2026-08-09 23:59,shift,3,2264,2217,0
P3352,LAND,F033,LAND,FACILITY,outbound,1,0,"[""A01"", ""A02"", ""A03""]",[],,,A01,227.0,"[""A01"", ""A02"", ""A03""]",227.0,A01,F033,55,T1,1,567.5,2026-08-04 07:32,2026-08-07 08:48,shift,3,4396,4341,0
P3353,F050,LAND,FACILITY,LAND,inbound,0,1,[],"[""A01"", ""A02"", ""A03""]",,,A03,403.0,"[""A03"", ""A02"", ""A01""]",403.0,F050,A03,128,T3,0,1007.5,2026-08-05 09:44,2026-08-07 11:57,shift,3,3013,2885,0
P3354,LAND,F007,LAND,FACILITY,outbound,1,0,"[""A01"", ""A02"", ""A03""]",[],,,A01,233.0,"[""A01"", ""A02"", ""A03""]",233.0,A01,F007,56,T1,1,582.5,2026-08-03 00:00,2026-08-05 08:05,shift,3,3365,3309,0
P3355,F003,LAND,FACILITY,LAND,inbound,0,1,[],"[""A01"", ""A02"", ""A03""]",,,A01,192.0,"[""A01"", ""A02"", ""A03""]",192.0,F003,A01,47,T1,0,480.0,2026-08-06 08:09,2026-08-08 09:30,temporary,4,2961,2914,0
P3356,LAND,F016,LAND,FACILITY,outbound,1,0,"[""A01"", ""A02"", ""A03""]",[],,,A01,181.0,"[""A01"", ""A02"", ""A03""]",181.0,A01,F016,44,T1,1,452.5,2026-08-06 15:06,2026-08-08 15:50,shift,3,2924,2880,0
P3357,F013,F002,FACILITY,FACILITY,shuttle,0,0,[],[],,,A01,217.0,"[""A01"", ""A02"", ""A03""]",67.0,F013,F002,17,T1,1,167.5,2026-08-06 08:45,2026-08-08 09:07,shift,3,2902,2885,0
P3358,F022,F033,FACILITY,FACILITY,shuttle,0,0,[],[],,,A01,227.0,"[""A01"", ""A02"", ""A03""]",33.0,F022,F033,8,T1,1,82.5,2026-08-03 09:47,2026-08-06 09:55,temporary,4,4328,4320,0
P3359,F021,LAND,FACILITY,LAND,inbound,0,1,[],"[""A01"", ""A02"", ""A03""]",,,A01,218.0,"[""A01"", ""A02"", ""A03""]",218.0,F021,A01,53,T1,0,545.0,2026-08-03 08:59,2026-08-04 10:09,shift,3,1510,1457,0
P3360,LAND,F035,LAND,FACILITY,outbound,1,0,"[""A01"", ""A02"", ""A03""]",[],,,A01,258.0,"[""A01"", ""A02"", ""A03""]",258.0,A01,F035,71,T2,1,645.0,2026-08-06 07:13,2026-08-06 10:56,production,2,223,152,0
P3361,F028,LAND,FACILITY,LAND,inbound,0,1,[],"[""A01"", ""A02"", ""A03""]",,,A01,217.0,"[""A01"", ""A02"", ""A03""]",217.0,F028,A01,53,T1,0,542.5,2026-08-07 07:59,2026-08-09 09:16,shift,3,2957,2904,0
P3362,LAND,F001,LAND,FACILITY,outbound,1,0,"[""A01"", ""A02"", ""A03""]",[],,,A01,219.0,"[""A01"", ""A02"", ""A03""]",219.0,A01,F001,53,T1,1,547.5,2026-08-05 10:08,2026-08-07 11:08,shift,3,2940,2887,0
P3363,LAND,F005,LAND,FACILITY,outbound,1,0,"[""A01"", ""A02"", ""A03""]",[],,,A01,190.0,"[""A01"", ""A02"", ""A03""]",190.0,A01,F005,46,T1,1,475.0,2026-08-03 08:48,2026-08-05 09:40,shift,3,2932,2886,0
P3364,F036,F049,FACILITY,FACILITY,shuttle,0,0,[],[],,,A02,239.0,"[""A02"", ""A03"", ""A01""]",57.0,F036,F049,14,T1,1,142.5,2026-08-08 11:56,2026-08-09 23:59,shift,3,2163,2149,0
P3365,LAND,F034,LAND,FACILITY,outbound,1,0,"[""A01"", ""A02"", ""A03""]",[],,,A01,246.0,"[""A01"", ""A02"", ""A03""]",246.0,A01,F034,60,T1,1,615.0,2026-08-04 08:12,2026-08-06 09:54,shift,3,2982,2922,0
P3366,LAND,F032,LAND,FACILITY,outbound,1,0,"[""A01"", ""A02"", ""A03""]",[],,,A02,279.0,"[""A02"", ""A01"", ""A03""]",279.0,A02,F032,77,T2,1,697.5,2026-08-04 06:54,2026-08-06 08:31,shift,3,2977,2900,0
P3367,F033,LAND,FACILITY,LAND,inbound,0,1,[],"[""A01"", ""A02"", ""A03""]",,,A01,227.0,"[""A01"", ""A02"", ""A03""]",227.0,F033,A01,55,T1,0,567.5,2026-08-08 09:07,2026-08-09 23:59,shift,3,2332,2277,0
P3368,LAND,F027,LAND,FACILITY,outbound,1,0,"[""A01"", ""A02"", ""A03""]",[],,,A01,191.0,"[""A01"", ""A02"", ""A03""]",191.0,A01,F027,46,T1,1,477.5,2026-08-03 07:53,2026-08-05 08:56,shift,3,2943,2897,0
P3369,LAND,F046,LAND,FACILITY,outbound,1,0,"[""A01"", ""A02"", ""A03""]",[],,,A02,227.0,"[""A02"", ""A03"", ""A01""]",227.0,A02,F046,55,T1,1,567.5,2026-08-07 09:19,2026-08-09 23:59,shift,3,3760,3705,0
P3370,LAND,F036,LAND,FACILITY,outbound,1,0,"[""A01"", ""A02"", ""A03""]",[],,,A02,215.0,"[""A02"", ""A01"", ""A03""]",215.0,A02,F036,52,T1,1,537.5,2026-08-05 10:09,2026-08-08 11:47,shift,3,4418,4366,0
P3371,F037,LAND,FACILITY,LAND,inbound,0,1,[],"[""A01"", ""A02"", ""A03""]",,,A03,359.0,"[""A03"", ""A02"", ""A01""]",359.0,F037,A03,98,T2,0,897.5,2026-08-03 11:40,2026-08-04 13:42,shift,3,1562,1464,0
P3372,F011,LAND,FACILITY,LAND,inbound,0,1,[],"[""A01"", ""A02"", ""A03""]",,,A01,201.0,"[""A01"", ""A02"", ""A03""]",201.0,F011,A01,49,T1,0,502.5,2026-08-07 07:51,2026-08-09 08:46,shift,3,2935,2886,0
P3373,F022,LAND,FACILITY,LAND,inbound,0,1,[],"[""A01"", ""A02"", ""A03""]",,,A01,194.0,"[""A01"", ""A02"", ""A03""]",194.0,F022,A01,47,T1,0,485.0,2026-08-04 09:07,2026-08-06 09:57,shift,3,2930,2883,0
P3374,F009,LAND,FACILITY,LAND,inbound,0,1,[],"[""A01"", ""A02"", ""A03""]",,,A01,166.0,"[""A01"", ""A02"", ""A03""]",166.0,F009,A01,40,T1,0,415.0,2026-08-08 10:24,2026-08-09 11:10,shift,3,1486,1446,0
P3375,LAND,F004,LAND,FACILITY,outbound,1,0,"[""A01"", ""A02"", ""A03""]",[],,,A01,197.0,"[""A01"", ""A02"", ""A03""]",197.0,A01,F004,48,T1,1,492.5,2026-08-03 00:00,2026-08-05 09:12,shift,3,3432,3384,0
P3376,F038,LAND,FACILITY,LAND,inbound,0,1,[],"[""A01"", ""A02"", ""A03""]",,,A03,263.0,"[""A03"", ""A02"", ""A01""]",263.0,F038,A03,72,T2,0,657.5,2026-08-05 09:51,2026-08-08 11:15,shift,3,4404,4332,0
P3377,F021,LAND,FACILITY,LAND,inbound,0,1,[],"[""A01"", ""A02"", ""A03""]",,,A01,218.0,"[""A01"", ""A02"", ""A03""]",218.0,F021,A01,53,T1,0,545.0,2026-08-09 09:41,2026-08-09 23:59,shift,3,858,805,0
P3378,F013,F002,FACILITY,FACILITY,shuttle,0,0,[],[],,,A01,217.0,"[""A01"", ""A02"", ""A03""]",67.0,F013,F002,17,T1,1,167.5,2026-08-05 08:45,2026-08-07 09:07,temporary,4,2902,2885,0
P3379,F042,LAND,FACILITY,LAND,inbound,0,1,[],"[""A01"", ""A02"", ""A03""]",,,A03,368.0,"[""A03"", ""A02"", ""A01""]",368.0,F042,A03,101,T2,0,920.0,2026-08-04 12:01,2026-08-05 14:50,shift,3,1609,1508,0
P3380,F050,LAND,FACILITY,LAND,inbound,0,1,[],"[""A01"", ""A02"", ""A03""]",,,A03,403.0,"[""A03"", ""A02"", ""A01""]",403.0,F050,A03,128,T3,0,1007.5,2026-08-09 12:50,2026-08-09 23:59,shift,3,669,541,0
P3381,LAND,F018,LAND,FACILITY,outbound,1,0,"[""A01"", ""A02"", ""A03""]",[],,,A01,196.0,"[""A01"", ""A02"", ""A03""]",196.0,A01,F018,48,T1,1,490.0,2026-08-05 09:13,2026-08-08 10:12,shift,3,4379,4331,0
P3382,F049,LAND,FACILITY,LAND,inbound,0,1,[],"[""A01"", ""A02"", ""A03""]",,,A02,239.0,"[""A02"", ""A03"", ""A01""]",239.0,F049,A02,58,T1,0,597.5,2026-08-04 08:33,2026-08-07 09:40,shift,3,4387,4329,0
P3383,F014,F017,FACILITY,FACILITY,shuttle,0,0,[],[],,,A01,153.0,"[""A01"", ""A02"", ""A03""]",38.0,F014,F017,10,T1,1,95.0,2026-08-06 09:23,2026-08-08 10:07,shift,3,2924,2914,0
P3384,F042,LAND,FACILITY,LAND,inbound,0,1,[],"[""A01"", ""A02"", ""A03""]",,,A03,368.0,"[""A03"", ""A02"", ""A01""]",368.0,F042,A03,101,T2,0,920.0,2026-08-04 12:01,2026-08-05 14:50,shift,3,1609,1508,0
P3385,A02,F032,AIRPORT,FACILITY,outbound,0,0,"[""A02""]",[],A02,,A02,279.0,"[""A02"", ""A01"", ""A03""]",279.0,A02,F032,77,T2,1,697.5,2026-08-08 06:58,2026-08-09 08:35,shift,3,1537,1460,0
P3386,F041,LAND,FACILITY,LAND,inbound,0,1,[],"[""A01"", ""A02"", ""A03""]",,,A03,278.0,"[""A03"", ""A02"", ""A01""]",278.0,F041,A03,76,T2,0,695.0,2026-08-07 12:10,2026-08-08 14:55,shift,3,1605,1529,0
P3387,F002,LAND,FACILITY,LAND,inbound,0,1,[],"[""A01"", ""A02"", ""A03""]",,,A01,217.0,"[""A01"", ""A02"", ""A03""]",217.0,F002,A01,53,T1,0,542.5,2026-08-05 08:48,2026-08-07 09:57,shift,3,2949,2896,0
P3388,F014,F017,FACILITY,FACILITY,shuttle,0,0,[],[],,,A01,153.0,"[""A01"", ""A02"", ""A03""]",38.0,F014,F017,10,T1,1,95.0,2026-08-07 09:23,2026-08-08 10:07,shift,3,1484,1474,0
P3389,F003,F008,FACILITY,FACILITY,shuttle,0,0,[],[],,,A01,221.0,"[""A01"", ""A02"", ""A03""]",38.0,F003,F008,10,T1,1,95.0,2026-08-04 10:06,2026-08-05 10:17,shift,3,1451,1441,0
P3390,F025,F027,FACILITY,FACILITY,shuttle,0,0,[],[],,,A01,191.0,"[""A01"", ""A02"", ""A03""]",34.0,F025,F027,9,T1,1,85.0,2026-08-05 09:36,2026-08-07 10:11,shift,3,2915,2906,0
P3391,F041,LAND,FACILITY,LAND,inbound,0,1,[],"[""A01"", ""A02"", ""A03""]",,,A03,278.0,"[""A03"", ""A02"", ""A01""]",278.0,F041,A03,76,T2,0,695.0,2026-08-04 10:52,2026-08-05 13:37,shift,3,1605,1529,0
P3392,F043,F051,FACILITY,FACILITY,shuttle,0,0,[],[],,,A03,279.0,"[""A03"", ""A02"", ""A01""]",35.0,F043,F051,9,T1,1,87.5,2026-08-04 10:17,2026-08-06 10:29,shift,3,2892,2883,0
P3393,F039,LAND,FACILITY,LAND,inbound,0,1,[],"[""A01"", ""A02"", ""A03""]",,,A03,223.0,"[""A03"", ""A02"", ""A01""]",223.0,F039,A03,54,T1,0,557.5,2026-08-06 09:42,2026-08-06 12:55,production,2,193,139,0
P3394,LAND,F006,LAND,FACILITY,outbound,1,0,"[""A01"", ""A02"", ""A03""]",[],,,A01,235.0,"[""A01"", ""A02"", ""A03""]",235.0,A01,F006,57,T1,1,587.5,2026-08-03 08:50,2026-08-03 11:25,production,2,155,98,0
P3395,F013,LAND,FACILITY,LAND,inbound,0,1,[],"[""A01"", ""A02"", ""A03""]",,,A01,279.0,"[""A01"", ""A02"", ""A03""]",279.0,F013,A01,77,T2,0,697.5,2026-08-04 08:26,2026-08-06 09:55,shift,3,2969,2892,0
P3396,F034,A02,FACILITY,AIRPORT,inbound,0,0,[],"[""A02""]",,A02,A01,246.0,"[""A01"", ""A02"", ""A03""]",255.0,F034,A02,70,T2,0,637.5,2026-08-04 10:04,2026-08-07 11:25,shift,3,4401,4331,0
P3397,F025,LAND,FACILITY,LAND,inbound,0,1,[],"[""A01"", ""A02"", ""A03""]",,,A01,202.0,"[""A01"", ""A02"", ""A03""]",202.0,F025,A01,49,T1,0,505.0,2026-08-06 08:24,2026-08-08 09:20,shift,3,2936,2887,0
P3398,F019,LAND,FACILITY,LAND,inbound,0,1,[],"[""A01"", ""A02"", ""A03""]",,,A01,204.0,"[""A01"", ""A02"", ""A03""]",204.0,F019,A01,49,T1,0,510.0,2026-08-06 16:23,2026-08-08 17:52,shift,3,2969,2920,0
P3399,F025,F027,FACILITY,FACILITY,shuttle,0,0,[],[],,,A01,191.0,"[""A01"", ""A02"", ""A03""]",34.0,F025,F027,9,T1,1,85.0,2026-08-05 09:36,2026-08-07 10:11,shift,3,2915,2906,0
P3400,F034,LAND,FACILITY,LAND,inbound,0,1,[],"[""A01"", ""A02"", ""A03""]",,,A01,246.0,"[""A01"", ""A02"", ""A03""]",246.0,F034,A01,60,T1,0,615.0,2026-08-07 08:05,2026-08-09 23:59,shift,3,3834,3774,0
P3401,F020,F019,FACILITY,FACILITY,shuttle,0,0,[],[],,,A01,204.0,"[""A01"", ""A02"", ""A03""]",36.0,F020,F019,9,T1,1,90.0,2026-08-03 00:00,2026-08-05 10:58,shift,3,3538,3529,0
P3402,LAND,F029,LAND,FACILITY,outbound,1,0,"[""A01"", ""A02"", ""A03""]",[],,,A01,211.0,"[""A01"", ""A02"", ""A03""]",211.0,A01,F029,51,T1,1,527.5,2026-08-08 09:07,2026-08-09 23:59,shift,3,2332,2281,0
P3403,A01,F005,AIRPORT,FACILITY,outbound,0,0,"[""A01""]",[],A01,,A01,190.0,"[""A01"", ""A02"", ""A03""]",190.0,A01,F005,46,T1,1,475.0,2026-08-06 09:10,2026-08-09 10:02,shift,3,4372,4326,0
P3404,F011,LAND,FACILITY,LAND,inbound,0,1,[],"[""A01"", ""A02"", ""A03""]",,,A01,201.0,"[""A01"", ""A02"", ""A03""]",201.0,F011,A01,49,T1,0,502.5,2026-08-07 07:51,2026-08-09 23:59,shift,3,3848,3799,0
P3405,F006,F007,FACILITY,FACILITY,shuttle,0,0,[],[],,,A01,233.0,"[""A01"", ""A02"", ""A03""]",14.0,F006,F007,4,T1,1,35.0,2026-08-05 09:08,2026-08-05 09:48,emergency,1,40,36,0
P3406,LAND,F021,LAND,FACILITY,outbound,1,0,"[""A01"", ""A02"", ""A03""]",[],,,A01,218.0,"[""A01"", ""A02"", ""A03""]",218.0,A01,F021,53,T1,1,545.0,2026-08-03 00:00,2026-08-04 08:49,shift,3,1969,1916,0
P3407,F026,F033,FACILITY,FACILITY,shuttle,0,0,[],[],,,A01,227.0,"[""A01"", ""A02"", ""A03""]",35.0,F026,F033,9,T1,1,87.5,2026-08-06 07:45,2026-08-07 07:55,shift,3,1450,1441,0
P3408,F039,F048,FACILITY,FACILITY,shuttle,0,0,[],[],,,A03,254.0,"[""A03"", ""A02"", ""A01""]",31.0,F039,F048,8,T1,1,77.5,2026-08-09 07:36,2026-08-09 23:59,shift,3,983,975,0
P3409,A02,F019,AIRPORT,FACILITY,outbound,0,0,"[""A02""]",[],A02,,A01,204.0,"[""A01"", ""A02"", ""A03""]",216.0,A02,F019,52,T1,1,540.0,2026-08-09 07:11,2026-08-09 23:59,shift,3,1008,956,0
P3410,A01,F008,AIRPORT,FACILITY,outbound,0,0,"[""A01""]",[],A01,,A01,221.0,"[""A01"", ""A02"", ""A03""]",221.0,A01,F008,54,T1,1,552.5,2026-08-04 07:10,2026-08-05 08:27,shift,3,1517,1463,0
P3411,F037,LAND,FACILITY,LAND,inbound,0,1,[],"[""A01"", ""A02"", ""A03""]",,,A03,359.0,"[""A03"", ""A02"", ""A01""]",359.0,F037,A03,98,T2,0,897.5,2026-08-03 00:00,2026-08-04 13:42,shift,3,2262,2164,0
P3412,F008,F003,FACILITY,FACILITY,shuttle,0,0,[],[],,,A01,192.0,"[""A01"", ""A02"", ""A03""]",38.0,F008,F003,10,T1,1,95.0,2026-08-05 10:59,2026-08-06 11:10,shift,3,1451,1441,0
P3413,F032,LAND,FACILITY,LAND,inbound,0,1,[],"[""A01"", ""A02"", ""A03""]",,,A02,279.0,"[""A02"", ""A01"", ""A03""]",279.0,F032,A02,77,T2,0,697.5,2026-08-07 08:45,2026-08-09 10:02,shift,3,2957,2880,0
P3414,F024,LAND,FACILITY,LAND,inbound,0,1,[],"[""A01"", ""A02"", ""A03""]",,,A01,211.0,"[""A01"", ""A02"", ""A03""]",211.0,F024,A01,51,T1,0,527.5,2026-08-07 10:51,2026-08-07 13:44,production,2,173,122,0
P3415,F011,LAND,FACILITY,LAND,inbound,0,1,[],"[""A01"", ""A02"", ""A03""]",,,A01,201.0,"[""A01"", ""A02"", ""A03""]",201.0,F011,A01,49,T1,0,502.5,2026-08-03 10:58,2026-08-06 11:53,shift,3,4375,4326,0
P3416,LAND,F049,LAND,FACILITY,outbound,1,0,"[""A01"", ""A02"", ""A03""]",[],,,A02,239.0,"[""A02"", ""A03"", ""A01""]",239.0,A02,F049,58,T1,1,597.5,2026-08-07 09:40,2026-08-09 23:59,shift,3,3739,3681,0
P3417,F031,F021,FACILITY,FACILITY,shuttle,0,0,[],[],,,A01,218.0,"[""A01"", ""A02"", ""A03""]",44.0,F031,F021,11,T1,1,110.0,2026-08-09 11:08,2026-08-09 11:36,emergency,1,28,17,1
P3418,LAND,F001,LAND,FACILITY,outbound,1,0,"[""A01"", ""A02"", ""A03""]",[],,,A01,219.0,"[""A01"", ""A02"", ""A03""]",219.0,A01,F001,53,T1,1,547.5,2026-08-06 10:08,2026-08-08 11:08,shift,3,2940,2887,0
P3419,F002,F004,FACILITY,FACILITY,shuttle,0,0,[],[],,,A01,197.0,"[""A01"", ""A02"", ""A03""]",33.0,F002,F004,8,T1,1,82.5,2026-08-04 08:15,2026-08-05 08:56,shift,3,1481,1473,0
P3420,LAND,F034,LAND,FACILITY,outbound,1,0,"[""A01"", ""A02"", ""A03""]",[],,,A01,246.0,"[""A01"", ""A02"", ""A03""]",246.0,A01,F034,60,T1,1,615.0,2026-08-08 06:04,2026-08-08 08:12,emergency,1,128,68,0
P3421,F004,A01,FACILITY,AIRPORT,inbound,0,0,[],"[""A01""]",,A01,A01,197.0,"[""A01"", ""A02"", ""A03""]",197.0,F004,A01,48,T1,0,492.5,2026-08-07 08:53,2026-08-08 10:20,shift,3,1527,1479,0
P3422,LAND,F018,LAND,FACILITY,outbound,1,0,"[""A01"", ""A02"", ""A03""]",[],,,A01,196.0,"[""A01"", ""A02"", ""A03""]",196.0,A01,F018,48,T1,1,490.0,2026-08-03 07:02,2026-08-03 10:09,production,2,187,139,0
P3423,LAND,F041,LAND,FACILITY,outbound,1,0,"[""A01"", ""A02"", ""A03""]",[],,,A03,278.0,"[""A03"", ""A02"", ""A01""]",278.0,A03,F041,76,T2,1,695.0,2026-08-03 08:33,2026-08-06 10:42,shift,3,4449,4373,0
P3424,F010,LAND,FACILITY,LAND,inbound,0,1,[],"[""A01"", ""A02"", ""A03""]",,,A01,216.0,"[""A01"", ""A02"", ""A03""]",216.0,F010,A01,52,T1,0,540.0,2026-08-03 09:41,2026-08-06 11:09,shift,3,4408,4356,0
P3425,LAND,F001,LAND,FACILITY,outbound,1,0,"[""A01"", ""A02"", ""A03""]",[],,,A01,219.0,"[""A01"", ""A02"", ""A03""]",219.0,A01,F001,53,T1,1,547.5,2026-08-05 10:08,2026-08-08 11:08,shift,3,4380,4327,0
P3426,F025,LAND,FACILITY,LAND,inbound,0,1,[],"[""A01"", ""A02"", ""A03""]",,,A01,202.0,"[""A01"", ""A02"", ""A03""]",202.0,F025,A01,49,T1,0,505.0,2026-08-03 16:56,2026-08-05 17:52,shift,3,2936,2887,0
P3427,LAND,F016,LAND,FACILITY,outbound,1,0,"[""A01"", ""A02"", ""A03""]",[],,,A01,181.0,"[""A01"", ""A02"", ""A03""]",181.0,A01,F016,44,T1,1,452.5,2026-08-08 09:32,2026-08-09 23:59,shift,3,2307,2263,0
P3428,LAND,F042,LAND,FACILITY,outbound,1,0,"[""A01"", ""A02"", ""A03""]",[],,,A03,368.0,"[""A03"", ""A02"", ""A01""]",368.0,A03,F042,101,T2,1,920.0,2026-08-04 09:02,2026-08-06 11:51,shift,3,3049,2948,0
P3429,F050,LAND,FACILITY,LAND,inbound,0,1,[],"[""A01"", ""A02"", ""A03""]",,,A03,403.0,"[""A03"", ""A02"", ""A01""]",403.0,F050,A03,128,T3,0,1007.5,2026-08-05 09:44,2026-08-06 11:57,shift,3,1573,1445,0
P3430,F003,F008,FACILITY,FACILITY,shuttle,0,0,[],[],,,A01,221.0,"[""A01"", ""A02"", ""A03""]",38.0,F003,F008,10,T1,1,95.0,2026-08-03 10:06,2026-08-06 10:17,shift,3,4331,4321,0
P3431,F023,LAND,FACILITY,LAND,inbound,0,1,[],"[""A01"", ""A02"", ""A03""]",,,A02,267.0,"[""A02"", ""A01"", ""A03""]",267.0,F023,A02,73,T2,0,667.5,2026-08-04 06:48,2026-08-04 10:39,production,2,231,158,0
P3432,F020,LAND,FACILITY,LAND,inbound,0,1,[],"[""A01"", ""A02"", ""A03""]",,,A01,171.0,"[""A01"", ""A02"", ""A03""]",171.0,F020,A01,42,T1,0,427.5,2026-08-08 08:49,2026-08-09 23:59,shift,3,2350,2308,0
P3433,LAND,F012,LAND,FACILITY,outbound,1,0,"[""A01"", ""A02"", ""A03""]",[],,,A01,208.0,"[""A01"", ""A02"", ""A03""]",208.0,A01,F012,50,T1,1,520.0,2026-08-07 07:14,2026-08-09 08:20,shift,3,2946,2896,0
P3434,F009,LAND,FACILITY,LAND,inbound,0,1,[],"[""A01"", ""A02"", ""A03""]",,,A01,166.0,"[""A01"", ""A02"", ""A03""]",166.0,F009,A01,40,T1,0,415.0,2026-08-08 10:24,2026-08-09 23:59,shift,3,2255,2215,0
P3435,F051,F038,FACILITY,FACILITY,shuttle,0,0,[],[],,,A03,263.0,"[""A03"", ""A02"", ""A01""]",17.0,F051,F038,5,T1,1,42.5,2026-08-07 09:23,2026-08-09 23:59,shift,3,3756,3751,0
P3436,LAND,F031,LAND,FACILITY,outbound,1,0,"[""A01"", ""A02"", ""A03""]",[],,,A02,242.0,"[""A02"", ""A01"", ""A03""]",242.0,A02,F031,59,T1,1,605.0,2026-08-07 10:14,2026-08-09 23:59,shift,3,3705,3646,0
P3437,LAND,F002,LAND,FACILITY,outbound,1,0,"[""A01"", ""A02"", ""A03""]",[],,,A01,217.0,"[""A01"", ""A02"", ""A03""]",217.0,A01,F002,53,T1,1,542.5,2026-08-03 06:58,2026-08-04 08:26,shift,3,1528,1475,0
P3438,F038,A03,FACILITY,AIRPORT,inbound,0,0,[],"[""A03""]",,A03,A03,263.0,"[""A03"", ""A02"", ""A01""]",263.0,F038,A03,72,T2,0,657.5,2026-08-03 00:00,2026-08-04 09:31,shift,3,2011,1939,0
P3439,F030,LAND,FACILITY,LAND,inbound,0,1,[],"[""A01"", ""A02"", ""A03""]",,,A01,158.0,"[""A01"", ""A02"", ""A03""]",158.0,F030,A01,38,T1,0,395.0,2026-08-08 10:44,2026-08-09 11:34,shift,3,1490,1452,0
P3440,LAND,F052,LAND,FACILITY,outbound,1,0,"[""A01"", ""A02"", ""A03""]",[],,,A02,259.0,"[""A02"", ""A03"", ""A01""]",259.0,A02,F052,71,T2,1,647.5,2026-08-06 08:58,2026-08-07 11:09,shift,3,1571,1500,0
P3441,LAND,F019,LAND,FACILITY,outbound,1,0,"[""A01"", ""A02"", ""A03""]",[],,,A01,204.0,"[""A01"", ""A02"", ""A03""]",204.0,A01,F019,49,T1,1,510.0,2026-08-05 15:14,2026-08-08 16:13,shift,3,4379,4330,0
P3442,F045,F048,FACILITY,FACILITY,shuttle,0,0,[],[],,,A03,254.0,"[""A03"", ""A02"", ""A01""]",45.0,F045,F048,11,T1,1,112.5,2026-08-06 08:40,2026-08-07 09:14,shift,3,1474,1463,0
P3443,LAND,F050,LAND,FACILITY,outbound,1,0,"[""A01"", ""A02"", ""A03""]",[],,,A03,403.0,"[""A03"", ""A02"", ""A01""]",403.0,A03,F050,128,T3,1,1007.5,2026-08-09 09:33,2026-08-09 23:59,shift,3,866,738,0
P3444,F039,LAND,FACILITY,LAND,inbound,0,1,[],"[""A01"", ""A02"", ""A03""]",,,A03,223.0,"[""A03"", ""A02"", ""A01""]",223.0,F039,A03,54,T1,0,557.5,2026-08-03 00:00,2026-08-04 09:51,shift,3,2031,1977,0
P3445,LAND,F012,LAND,FACILITY,outbound,1,0,"[""A01"", ""A02"", ""A03""]",[],,,A01,208.0,"[""A01"", ""A02"", ""A03""]",208.0,A01,F012,50,T1,1,520.0,2026-08-04 09:39,2026-08-04 12:25,production,2,166,116,0
P3446,F002,LAND,FACILITY,LAND,inbound,0,1,[],"[""A01"", ""A02"", ""A03""]",,,A01,217.0,"[""A01"", ""A02"", ""A03""]",217.0,F002,A01,53,T1,0,542.5,2026-08-06 08:14,2026-08-06 11:15,production,2,181,128,0
P3447,F009,LAND,FACILITY,LAND,inbound,0,1,[],"[""A01"", ""A02"", ""A03""]",,,A01,166.0,"[""A01"", ""A02"", ""A03""]",166.0,F009,A01,40,T1,0,415.0,2026-08-08 10:24,2026-08-09 23:59,shift,3,2255,2215,0
P3448,F016,LAND,FACILITY,LAND,inbound,0,1,[],"[""A01"", ""A02"", ""A03""]",,,A01,181.0,"[""A01"", ""A02"", ""A03""]",181.0,F016,A01,44,T1,0,452.5,2026-08-08 10:32,2026-08-09 23:59,shift,3,2247,2203,0
P3449,F048,LAND,FACILITY,LAND,inbound,0,1,[],"[""A01"", ""A02"", ""A03""]",,,A03,254.0,"[""A03"", ""A02"", ""A01""]",254.0,F048,A03,70,T2,0,635.0,2026-08-05 11:44,2026-08-07 12:54,shift,3,2950,2880,0
P3450,F012,LAND,FACILITY,LAND,inbound,0,1,[],"[""A01"", ""A02"", ""A03""]",,,A01,208.0,"[""A01"", ""A02"", ""A03""]",208.0,F012,A01,50,T1,0,520.0,2026-08-03 11:41,2026-08-06 12:47,shift,3,4386,4336,0
P3451,F038,LAND,FACILITY,LAND,inbound,0,1,[],"[""A01"", ""A02"", ""A03""]",,,A03,263.0,"[""A03"", ""A02"", ""A01""]",263.0,F038,A03,72,T2,0,657.5,2026-08-03 00:00,2026-08-05 09:31,shift,3,3451,3379,0
P3452,LAND,F049,LAND,FACILITY,outbound,1,0,"[""A01"", ""A02"", ""A03""]",[],,,A02,239.0,"[""A02"", ""A03"", ""A01""]",239.0,A02,F049,58,T1,1,597.5,2026-08-08 09:40,2026-08-09 23:59,shift,3,2299,2241,0
P3453,F044,F037,FACILITY,FACILITY,shuttle,0,0,[],[],,,A03,359.0,"[""A03"", ""A02"", ""A01""]",54.0,F044,F037,13,T1,1,135.0,2026-08-05 12:07,2026-08-08 12:20,shift,3,4333,4320,0
P3454,F022,LAND,FACILITY,LAND,inbound,0,1,[],"[""A01"", ""A02"", ""A03""]",,,A01,194.0,"[""A01"", ""A02"", ""A03""]",194.0,F022,A01,47,T1,0,485.0,2026-08-03 09:07,2026-08-06 09:57,shift,3,4370,4323,0
P3455,F034,LAND,FACILITY,LAND,inbound,0,1,[],"[""A01"", ""A02"", ""A03""]",,,A01,246.0,"[""A01"", ""A02"", ""A03""]",246.0,F034,A01,60,T1,0,615.0,2026-08-04 10:04,2026-08-06 11:25,shift,3,2961,2901,0
P3456,F049,F048,FACILITY,FACILITY,shuttle,0,0,[],[],,,A03,254.0,"[""A03"", ""A02"", ""A01""]",34.0,F049,F048,9,T1,1,85.0,2026-08-08 07:52,2026-08-09 23:59,shift,3,2407,2398,0
P3457,LAND,F001,LAND,FACILITY,outbound,1,0,"[""A01"", ""A02"", ""A03""]",[],,,A01,219.0,"[""A01"", ""A02"", ""A03""]",219.0,A01,F001,53,T1,1,547.5,2026-08-03 00:00,2026-08-04 07:43,shift,3,1903,1850,0
P3458,F003,F008,FACILITY,FACILITY,shuttle,0,0,[],[],,,A01,221.0,"[""A01"", ""A02"", ""A03""]",38.0,F003,F008,10,T1,1,95.0,2026-08-04 10:06,2026-08-06 10:17,shift,3,2891,2881,0
P3459,LAND,F043,LAND,FACILITY,outbound,1,0,"[""A01"", ""A02"", ""A03""]",[],,,A03,303.0,"[""A03"", ""A02"", ""A01""]",303.0,A03,F043,83,T2,1,757.5,2026-08-03 10:17,2026-08-05 12:03,shift,3,2986,2903,0
P3460,F029,LAND,FACILITY,LAND,inbound,0,1,[],"[""A01"", ""A02"", ""A03""]",,,A01,211.0,"[""A01"", ""A02"", ""A03""]",211.0,F029,A01,51,T1,0,527.5,2026-08-04 10:38,2026-08-06 11:37,shift,3,2939,2888,0
P3461,LAND,F034,LAND,FACILITY,outbound,1,0,"[""A01"", ""A02"", ""A03""]",[],,,A01,246.0,"[""A01"", ""A02"", ""A03""]",246.0,A01,F034,60,T1,1,615.0,2026-08-04 08:12,2026-08-07 09:54,shift,3,4422,4362,0
P3462,LAND,F039,LAND,FACILITY,outbound,1,0,"[""A01"", ""A02"", ""A03""]",[],,,A03,223.0,"[""A03"", ""A02"", ""A01""]",223.0,A03,F039,54,T1,1,557.5,2026-08-03 00:00,2026-08-05 08:30,shift,3,3390,3336,0
P3463,F037,F040,FACILITY,FACILITY,shuttle,0,0,[],[],,,A03,342.0,"[""A03"", ""A02"", ""A01""]",27.0,F037,F040,7,T1,1,67.5,2026-08-03 00:00,2026-08-04 12:23,shift,3,2183,2176,0
P3464,LAND,F009,LAND,FACILITY,outbound,1,0,"[""A01"", ""A02"", ""A03""]",[],,,A01,166.0,"[""A01"", ""A02"", ""A03""]",166.0,A01,F009,40,T1,1,415.0,2026-08-08 09:28,2026-08-09 10:14,shift,3,1486,1446,0
P3465,F012,A01,FACILITY,AIRPORT,inbound,0,0,[],"[""A01""]",,A01,A01,208.0,"[""A01"", ""A02"", ""A03""]",208.0,F012,A01,50,T1,0,520.0,2026-08-08 08:30,2026-08-09 23:59,shift,3,2369,2319,0
P3466,LAND,F013,LAND,FACILITY,outbound,1,0,"[""A01"", ""A02"", ""A03""]",[],,,A01,279.0,"[""A01"", ""A02"", ""A03""]",279.0,A01,F013,77,T2,1,697.5,2026-08-04 06:47,2026-08-07 08:16,shift,3,4409,4332,0
P3467,F012,F015,FACILITY,FACILITY,shuttle,0,0,[],[],,,A01,191.0,"[""A01"", ""A02"", ""A03""]",33.0,F012,F015,8,T1,1,82.5,2026-08-06 10:21,2026-08-08 10:30,shift,3,2889,2881,0
P3468,F028,LAND,FACILITY,LAND,inbound,0,1,[],"[""A01"", ""A02"", ""A03""]",,,A01,217.0,"[""A01"", ""A02"", ""A03""]",217.0,F028,A01,53,T1,0,542.5,2026-08-06 07:59,2026-08-08 09:16,shift,3,2957,2904,0
P3469,LAND,F039,LAND,FACILITY,outbound,1,0,"[""A01"", ""A02"", ""A03""]",[],,,A03,223.0,"[""A03"", ""A02"", ""A01""]",223.0,A03,F039,54,T1,1,557.5,2026-08-05 09:16,2026-08-08 10:27,shift,3,4391,4337,0
P3470,F044,A03,FACILITY,AIRPORT,inbound,0,0,[],"[""A03""]",,A03,A03,317.0,"[""A03"", ""A02"", ""A01""]",317.0,F044,A03,87,T2,0,792.5,2026-08-07 08:11,2026-08-07 10:25,emergency,1,134,47,0
P3471,A03,F048,AIRPORT,FACILITY,outbound,0,0,"[""A03""]",[],A03,,A03,254.0,"[""A03"", ""A02"", ""A01""]",254.0,A03,F048,70,T2,1,635.0,2026-08-07 08:31,2026-08-09 10:21,shift,3,2990,2920,0
P3472,F038,F045,FACILITY,FACILITY,shuttle,0,0,[],[],,,A03,260.0,"[""A03"", ""A02"", ""A01""]",31.0,F038,F045,8,T1,1,77.5,2026-08-03 00:00,2026-08-04 16:59,shift,3,2459,2451,0
P3473,LAND,F023,LAND,FACILITY,outbound,1,0,"[""A01"", ""A02"", ""A03""]",[],,,A02,267.0,"[""A02"", ""A01"", ""A03""]",267.0,A02,F023,73,T2,1,667.5,2026-08-03 06:17,2026-08-06 07:30,shift,3,4393,4320,0
P3474,F002,LAND,FACILITY,LAND,inbound,0,1,[],"[""A01"", ""A02"", ""A03""]",,,A01,217.0,"[""A01"", ""A02"", ""A03""]",217.0,F002,A01,53,T1,0,542.5,2026-08-03 00:00,2026-08-05 10:04,shift,3,3484,3431,0
P3475,LAND,F014,LAND,FACILITY,outbound,1,0,"[""A01"", ""A02"", ""A03""]",[],,,A01,164.0,"[""A01"", ""A02"", ""A03""]",164.0,A01,F014,40,T1,1,410.0,2026-08-06 08:19,2026-08-09 23:59,temporary,4,5260,5220,0
P3476,LAND,F010,LAND,FACILITY,outbound,1,0,"[""A01"", ""A02"", ""A03""]",[],,,A01,216.0,"[""A01"", ""A02"", ""A03""]",216.0,A01,F010,52,T1,1,540.0,2026-08-07 09:58,2026-08-09 23:59,shift,3,3721,3669,0
P3477,LAND,F040,LAND,FACILITY,outbound,1,0,"[""A01"", ""A02"", ""A03""]",[],,,A03,342.0,"[""A03"", ""A02"", ""A01""]",342.0,A03,F040,94,T2,1,855.0,2026-08-07 08:17,2026-08-07 12:40,production,2,263,169,0
P3478,LAND,F009,LAND,FACILITY,outbound,1,0,"[""A01"", ""A02"", ""A03""]",[],,,A01,166.0,"[""A01"", ""A02"", ""A03""]",166.0,A01,F009,40,T1,1,415.0,2026-08-06 09:28,2026-08-09 10:14,temporary,4,4366,4326,0
P3479,F036,LAND,FACILITY,LAND,inbound,0,1,[],"[""A01"", ""A02"", ""A03""]",,,A02,215.0,"[""A02"", ""A01"", ""A03""]",215.0,F036,A02,52,T1,0,537.5,2026-08-04 11:57,2026-08-09 13:00,temporary,4,7263,7211,0
P3480,F038,F045,FACILITY,FACILITY,shuttle,0,0,[],[],,,A03,260.0,"[""A03"", ""A02"", ""A01""]",31.0,F038,F045,8,T1,1,77.5,2026-08-03 16:49,2026-08-04 16:59,shift,3,1450,1442,0
P3481,F003,F008,FACILITY,FACILITY,shuttle,0,0,[],[],,,A01,221.0,"[""A01"", ""A02"", ""A03""]",38.0,F003,F008,10,T1,1,95.0,2026-08-04 10:06,2026-08-06 10:17,shift,3,2891,2881,0
P3482,F006,LAND,FACILITY,LAND,inbound,0,1,[],"[""A01"", ""A02"", ""A03""]",,,A01,235.0,"[""A01"", ""A02"", ""A03""]",235.0,F006,A01,57,T1,0,587.5,2026-08-07 08:35,2026-08-08 09:50,shift,3,1515,1458,0
P3483,LAND,F020,LAND,FACILITY,outbound,1,0,"[""A01"", ""A02"", ""A03""]",[],,,A01,171.0,"[""A01"", ""A02"", ""A03""]",171.0,A01,F020,42,T1,1,427.5,2026-08-06 07:04,2026-08-07 07:55,shift,3,1491,1449,0
P3484,F019,LAND,FACILITY,LAND,inbound,0,1,[],"[""A01"", ""A02"", ""A03""]",,,A01,204.0,"[""A01"", ""A02"", ""A03""]",204.0,F019,A01,49,T1,0,510.0,2026-08-03 00:00,2026-08-04 11:45,shift,3,2145,2096,0
P3485,F012,LAND,FACILITY,LAND,inbound,0,1,[],"[""A01"", ""A02"", ""A03""]",,,A01,208.0,"[""A01"", ""A02"", ""A03""]",208.0,F012,A01,50,T1,0,520.0,2026-08-07 08:30,2026-08-09 23:59,shift,3,3809,3759,0
P3486,F013,F002,FACILITY,FACILITY,shuttle,0,0,[],[],,,A01,217.0,"[""A01"", ""A02"", ""A03""]",67.0,F013,F002,17,T1,1,167.5,2026-08-06 08:45,2026-08-08 09:07,shift,3,2902,2885,0
P3487,F051,LAND,FACILITY,LAND,inbound,0,1,[],"[""A01"", ""A02"", ""A03""]",,,A03,279.0,"[""A03"", ""A02"", ""A01""]",279.0,F051,A03,77,T2,0,697.5,2026-08-09 08:29,2026-08-09 11:37,production,2,188,111,0
P3488,LAND,F024,LAND,FACILITY,outbound,1,0,"[""A01"", ""A02"", ""A03""]",[],,,A01,211.0,"[""A01"", ""A02"", ""A03""]",211.0,A01,F024,51,T1,1,527.5,2026-08-04 09:30,2026-08-05 10:30,shift,3,1500,1449,0
P3489,F018,F026,FACILITY,FACILITY,shuttle,0,0,[],[],,,A01,204.0,"[""A01"", ""A02"", ""A03""]",14.0,F018,F026,4,T1,1,35.0,2026-08-03 08:39,2026-08-05 08:43,shift,3,2884,2880,0
P3490,F012,A01,FACILITY,AIRPORT,inbound,0,0,[],"[""A01""]",,A01,A01,208.0,"[""A01"", ""A02"", ""A03""]",208.0,F012,A01,50,T1,0,520.0,2026-08-03 11:41,2026-08-05 12:47,shift,3,2946,2896,0
P3491,F026,A02,FACILITY,AIRPORT,inbound,0,0,[],"[""A02""]",,A02,A01,204.0,"[""A01"", ""A02"", ""A03""]",221.0,F026,A02,54,T1,0,552.5,2026-08-05 08:53,2026-08-08 09:54,temporary,4,4381,4327,0
P3492,F022,A02,FACILITY,AIRPORT,inbound,0,0,[],"[""A02""]",,A02,A01,194.0,"[""A01"", ""A02"", ""A03""]",208.0,F022,A02,50,T1,0,520.0,2026-08-09 09:33,2026-08-09 12:14,production,2,161,111,0
P3493,F024,LAND,FACILITY,LAND,inbound,0,1,[],"[""A01"", ""A02"", ""A03""]",,,A01,211.0,"[""A01"", ""A02"", ""A03""]",211.0,F024,A01,51,T1,0,527.5,2026-08-07 11:21,2026-08-09 12:21,shift,3,2940,2889,0
P3494,F012,LAND,FACILITY,LAND,inbound,0,1,[],"[""A01"", ""A02"", ""A03""]",,,A01,208.0,"[""A01"", ""A02"", ""A03""]",208.0,F012,A01,50,T1,0,520.0,2026-08-08 08:30,2026-08-09 09:36,shift,3,1506,1456,0
P3495,A01,F008,AIRPORT,FACILITY,outbound,0,0,"[""A01""]",[],A01,,A01,221.0,"[""A01"", ""A02"", ""A03""]",221.0,A01,F008,54,T1,1,552.5,2026-08-07 08:05,2026-08-09 23:59,shift,3,3834,3780,0
P3496,F007,A01,FACILITY,AIRPORT,inbound,0,0,[],"[""A01""]",,A01,A01,233.0,"[""A01"", ""A02"", ""A03""]",233.0,F007,A01,56,T1,0,582.5,2026-08-03 08:15,2026-08-05 09:29,shift,3,2954,2898,0
P3497,LAND,F008,LAND,FACILITY,outbound,1,0,"[""A01"", ""A02"", ""A03""]",[],,,A01,221.0,"[""A01"", ""A02"", ""A03""]",221.0,A01,F008,54,T1,1,552.5,2026-08-08 07:30,2026-08-08 10:31,production,2,181,127,0
P3498,F032,F025,FACILITY,FACILITY,shuttle,0,0,[],[],,,A01,202.0,"[""A01"", ""A02"", ""A03""]",79.0,F032,F025,19,T1,1,197.5,2026-08-09 08:20,2026-08-09 23:59,shift,3,939,920,0
P3499,F025,LAND,FACILITY,LAND,inbound,0,1,[],"[""A01"", ""A02"", ""A03""]",,,A01,202.0,"[""A01"", ""A02"", ""A03""]",202.0,F025,A01,49,T1,0,505.0,2026-08-03 16:56,2026-08-05 17:52,shift,3,2936,2887,0
P3500,F018,LAND,FACILITY,LAND,inbound,0,1,[],"[""A01"", ""A02"", ""A03""]",,,A01,196.0,"[""A01"", ""A02"", ""A03""]",196.0,F018,A01,48,T1,0,490.0,2026-08-09 10:23,2026-08-09 23:59,shift,3,816,768,0
P3501,F042,A03,FACILITY,AIRPORT,inbound,0,0,[],"[""A03""]",,A03,A03,368.0,"[""A03"", ""A02"", ""A01""]",368.0,F042,A03,101,T2,0,920.0,2026-08-07 08:20,2026-08-08 10:23,shift,3,1563,1462,0
P3502,F013,F002,FACILITY,FACILITY,shuttle,0,0,[],[],,,A01,217.0,"[""A01"", ""A02"", ""A03""]",67.0,F013,F002,17,T1,1,167.5,2026-08-06 08:45,2026-08-07 09:07,shift,3,1462,1445,0
P3503,F039,F048,FACILITY,FACILITY,shuttle,0,0,[],[],,,A03,254.0,"[""A03"", ""A02"", ""A01""]",31.0,F039,F048,8,T1,1,77.5,2026-08-09 07:36,2026-08-09 23:59,shift,3,983,975,0
P3504,F017,F014,FACILITY,FACILITY,shuttle,0,0,[],[],,,A01,164.0,"[""A01"", ""A02"", ""A03""]",38.0,F017,F014,10,T1,1,95.0,2026-08-07 08:42,2026-08-09 08:54,shift,3,2892,2882,0
P3505,LAND,F036,LAND,FACILITY,outbound,1,0,"[""A01"", ""A02"", ""A03""]",[],,,A02,215.0,"[""A02"", ""A01"", ""A03""]",215.0,A02,F036,52,T1,1,537.5,2026-08-05 10:09,2026-08-08 11:47,shift,3,4418,4366,0
P3506,LAND,F025,LAND,FACILITY,outbound,1,0,"[""A01"", ""A02"", ""A03""]",[],,,A01,202.0,"[""A01"", ""A02"", ""A03""]",202.0,A01,F025,49,T1,1,505.0,2026-08-03 15:15,2026-08-06 16:46,shift,3,4411,4362,0
P3507,LAND,F036,LAND,FACILITY,outbound,1,0,"[""A01"", ""A02"", ""A03""]",[],,,A02,215.0,"[""A02"", ""A01"", ""A03""]",215.0,A02,F036,52,T1,1,537.5,2026-08-08 15:17,2026-08-09 23:59,shift,3,1962,1910,0
P3508,F013,LAND,FACILITY,LAND,inbound,0,1,[],"[""A01"", ""A02"", ""A03""]",,,A01,279.0,"[""A01"", ""A02"", ""A03""]",279.0,F013,A01,77,T2,0,697.5,2026-08-08 09:53,2026-08-09 23:59,shift,3,2286,2209,0
P3509,LAND,F022,LAND,FACILITY,outbound,1,0,"[""A01"", ""A02"", ""A03""]",[],,,A01,194.0,"[""A01"", ""A02"", ""A03""]",194.0,A01,F022,47,T1,1,485.0,2026-08-09 08:29,2026-08-09 11:28,production,2,179,132,0
P3510,LAND,F043,LAND,FACILITY,outbound,1,0,"[""A01"", ""A02"", ""A03""]",[],,,A03,303.0,"[""A03"", ""A02"", ""A01""]",303.0,A03,F043,83,T2,1,757.5,2026-08-07 07:00,2026-08-09 08:46,shift,3,2986,2903,0
P3511,F023,F032,FACILITY,FACILITY,shuttle,0,0,[],[],,,A02,279.0,"[""A02"", ""A01"", ""A03""]",14.0,F023,F032,4,T1,1,35.0,2026-08-04 11:47,2026-08-05 11:51,shift,3,1444,1440,0
P3512,F003,F008,FACILITY,FACILITY,shuttle,0,0,[],[],,,A01,221.0,"[""A01"", ""A02"", ""A03""]",38.0,F003,F008,10,T1,1,95.0,2026-08-04 10:06,2026-08-05 10:17,shift,3,1451,1441,0
P3513,F031,F021,FACILITY,FACILITY,shuttle,0,0,[],[],,,A01,218.0,"[""A01"", ""A02"", ""A03""]",44.0,F031,F021,11,T1,1,110.0,2026-08-08 11:14,2026-08-09 23:59,shift,3,2205,2194,0
P3514,F050,LAND,FACILITY,LAND,inbound,0,1,[],"[""A01"", ""A02"", ""A03""]",,,A03,403.0,"[""A03"", ""A02"", ""A01""]",403.0,F050,A03,128,T3,0,1007.5,2026-08-05 08:44,2026-08-05 13:12,production,2,268,140,0
P3515,F020,LAND,FACILITY,LAND,inbound,0,1,[],"[""A01"", ""A02"", ""A03""]",,,A01,171.0,"[""A01"", ""A02"", ""A03""]",171.0,F020,A01,42,T1,0,427.5,2026-08-03 07:27,2026-08-03 10:29,production,2,182,140,0
P3516,LAND,F031,LAND,FACILITY,outbound,1,0,"[""A01"", ""A02"", ""A03""]",[],,,A02,242.0,"[""A02"", ""A01"", ""A03""]",242.0,A02,F031,59,T1,1,605.0,2026-08-05 10:12,2026-08-07 11:18,shift,3,2946,2887,0
P3517,F052,LAND,FACILITY,LAND,inbound,0,1,[],"[""A01"", ""A02"", ""A03""]",,,A02,259.0,"[""A02"", ""A03"", ""A01""]",259.0,F052,A02,71,T2,0,647.5,2026-08-08 09:56,2026-08-09 23:59,shift,3,2283,2212,0
P3518,LAND,F002,LAND,FACILITY,outbound,1,0,"[""A01"", ""A02"", ""A03""]",[],,,A01,217.0,"[""A01"", ""A02"", ""A03""]",217.0,A01,F002,53,T1,1,542.5,2026-08-06 06:59,2026-08-06 09:40,production,2,161,108,0
P3519,F051,LAND,FACILITY,LAND,inbound,0,1,[],"[""A01"", ""A02"", ""A03""]",,,A03,279.0,"[""A03"", ""A02"", ""A01""]",279.0,F051,A03,77,T2,0,697.5,2026-08-09 09:13,2026-08-09 23:59,shift,3,886,809,0
P3520,F043,LAND,FACILITY,LAND,inbound,0,1,[],"[""A01"", ""A02"", ""A03""]",,,A03,303.0,"[""A03"", ""A02"", ""A01""]",303.0,F043,A03,83,T2,0,757.5,2026-08-04 12:13,2026-08-06 13:36,shift,3,2963,2880,0
P3521,F044,F037,FACILITY,FACILITY,shuttle,0,0,[],[],,,A03,359.0,"[""A03"", ""A02"", ""A01""]",54.0,F044,F037,13,T1,1,135.0,2026-08-05 12:07,2026-08-07 12:20,shift,3,2893,2880,0
P3522,F020,LAND,FACILITY,LAND,inbound,0,1,[],"[""A01"", ""A02"", ""A03""]",,,A01,171.0,"[""A01"", ""A02"", ""A03""]",171.0,F020,A01,42,T1,0,427.5,2026-08-03 00:00,2026-08-04 09:06,shift,3,1986,1944,0
P3523,F025,LAND,FACILITY,LAND,inbound,0,1,[],"[""A01"", ""A02"", ""A03""]",,,A01,202.0,"[""A01"", ""A02"", ""A03""]",202.0,F025,A01,49,T1,0,505.0,2026-08-06 08:24,2026-08-09 09:20,shift,3,4376,4327,0
P3524,A02,F019,AIRPORT,FACILITY,outbound,0,0,"[""A02""]",[],A02,,A01,204.0,"[""A01"", ""A02"", ""A03""]",216.0,A02,F019,52,T1,1,540.0,2026-08-06 15:14,2026-08-07 16:13,shift,3,1499,1447,0
P3525,F047,F049,FACILITY,FACILITY,shuttle,0,0,[],[],,,A02,239.0,"[""A02"", ""A03"", ""A01""]",19.0,F047,F049,5,T1,1,47.5,2026-08-07 17:06,2026-08-09 17:12,shift,3,2886,2881,0
P3526,F014,LAND,FACILITY,LAND,inbound,0,1,[],"[""A01"", ""A02"", ""A03""]",,,A01,164.0,"[""A01"", ""A02"", ""A03""]",164.0,F014,A01,40,T1,0,410.0,2026-08-05 07:47,2026-08-05 10:19,production,2,152,112,0
P3527,F001,LAND,FACILITY,LAND,inbound,0,1,[],"[""A01"", ""A02"", ""A03""]",,,A01,219.0,"[""A01"", ""A02"", ""A03""]",219.0,F001,A01,53,T1,0,547.5,2026-08-06 11:08,2026-08-06 12:57,emergency,1,109,56,0
P3528,F004,F007,FACILITY,FACILITY,shuttle,0,0,[],[],,,A01,233.0,"[""A01"", ""A02"", ""A03""]",36.0,F004,F007,9,T1,1,90.0,2026-08-04 08:10,2026-08-05 08:22,shift,3,1452,1443,0
P3529,F006,F007,FACILITY,FACILITY,shuttle,0,0,[],[],,,A01,233.0,"[""A01"", ""A02"", ""A03""]",14.0,F006,F007,4,T1,1,35.0,2026-08-04 09:19,2026-08-07 09:23,shift,3,4324,4320,0
P3530,LAND,F037,LAND,FACILITY,outbound,1,0,"[""A01"", ""A02"", ""A03""]",[],,,A03,359.0,"[""A03"", ""A02"", ""A01""]",359.0,A03,F037,98,T2,1,897.5,2026-08-03 00:00,2026-08-04 11:30,shift,3,2130,2032,0
P3531,LAND,F030,LAND,FACILITY,outbound,1,0,"[""A01"", ""A02"", ""A03""]",[],,,A01,158.0,"[""A01"", ""A02"", ""A03""]",158.0,A01,F030,38,T1,1,395.0,2026-08-08 09:44,2026-08-09 10:34,shift,3,1490,1452,0
P3532,LAND,F022,LAND,FACILITY,outbound,1,0,"[""A01"", ""A02"", ""A03""]",[],,,A01,194.0,"[""A01"", ""A02"", ""A03""]",194.0,A01,F022,47,T1,1,485.0,2026-08-06 08:25,2026-08-07 09:31,shift,3,1506,1459,0
P3533,LAND,F019,LAND,FACILITY,outbound,1,0,"[""A01"", ""A02"", ""A03""]",[],,,A01,204.0,"[""A01"", ""A02"", ""A03""]",204.0,A01,F019,49,T1,1,510.0,2026-08-06 15:14,2026-08-07 16:13,shift,3,1499,1450,0
P3534,F008,LAND,FACILITY,LAND,inbound,0,1,[],"[""A01"", ""A02"", ""A03""]",,,A01,221.0,"[""A01"", ""A02"", ""A03""]",221.0,F008,A01,54,T1,0,552.5,2026-08-07 09:32,2026-08-09 10:49,shift,3,2957,2903,0
P3535,F008,LAND,FACILITY,LAND,inbound,0,1,[],"[""A01"", ""A02"", ""A03""]",,,A01,221.0,"[""A01"", ""A02"", ""A03""]",221.0,F008,A01,54,T1,0,552.5,2026-08-04 08:37,2026-08-05 09:54,shift,3,1517,1463,0
P3536,F033,A02,FACILITY,AIRPORT,inbound,0,0,[],"[""A02""]",,A02,A01,227.0,"[""A01"", ""A02"", ""A03""]",239.0,F033,A02,58,T1,0,597.5,2026-08-05 08:21,2026-08-05 11:01,production,2,160,102,0
P3537,F008,LAND,FACILITY,LAND,inbound,0,1,[],"[""A01"", ""A02"", ""A03""]",,,A01,221.0,"[""A01"", ""A02"", ""A03""]",221.0,F008,A01,54,T1,0,552.5,2026-08-03 08:37,2026-08-05 09:54,shift,3,2957,2903,0
P3538,LAND,F039,LAND,FACILITY,outbound,1,0,"[""A01"", ""A02"", ""A03""]",[],,,A03,223.0,"[""A03"", ""A02"", ""A01""]",223.0,A03,F039,54,T1,1,557.5,2026-08-03 00:00,2026-08-04 08:30,shift,3,1950,1896,0
P3539,F016,F005,FACILITY,FACILITY,shuttle,0,0,[],[],,,A01,190.0,"[""A01"", ""A02"", ""A03""]",25.0,F016,F005,6,T1,1,62.5,2026-08-07 11:22,2026-08-09 11:29,shift,3,2887,2881,0
P3540,F036,A03,FACILITY,AIRPORT,inbound,0,0,[],"[""A03""]",,A03,A02,215.0,"[""A02"", ""A01"", ""A03""]",231.0,F036,A03,56,T1,0,577.5,2026-08-06 11:57,2026-08-08 13:00,shift,3,2943,2887,0
P3541,LAND,F045,LAND,FACILITY,outbound,1,0,"[""A01"", ""A02"", ""A03""]",[],,,A03,260.0,"[""A03"", ""A02"", ""A01""]",260.0,A03,F045,71,T2,1,650.0,2026-08-07 15:11,2026-08-09 17:05,shift,3,2994,2923,0
P3542,LAND,F033,LAND,FACILITY,outbound,1,0,"[""A01"", ""A02"", ""A03""]",[],,,A01,227.0,"[""A01"", ""A02"", ""A03""]",227.0,A01,F033,55,T1,1,567.5,2026-08-04 07:32,2026-08-07 08:48,shift,3,4396,4341,0
P3543,LAND,F028,LAND,FACILITY,outbound,1,0,"[""A01"", ""A02"", ""A03""]",[],,,A01,217.0,"[""A01"", ""A02"", ""A03""]",217.0,A01,F028,53,T1,1,542.5,2026-08-07 06:10,2026-08-08 07:49,shift,3,1539,1486,0
P3544,LAND,F021,LAND,FACILITY,outbound,1,0,"[""A01"", ""A02"", ""A03""]",[],,,A01,218.0,"[""A01"", ""A02"", ""A03""]",218.0,A01,F021,53,T1,1,545.0,2026-08-08 08:21,2026-08-09 23:59,shift,3,2378,2325,0
P3545,LAND,F050,LAND,FACILITY,outbound,1,0,"[""A01"", ""A02"", ""A03""]",[],,,A03,403.0,"[""A03"", ""A02"", ""A01""]",403.0,A03,F050,128,T3,1,1007.5,2026-08-08 09:33,2026-08-09 23:59,shift,3,2306,2178,0
P3546,LAND,F019,LAND,FACILITY,outbound,1,0,"[""A01"", ""A02"", ""A03""]",[],,,A01,204.0,"[""A01"", ""A02"", ""A03""]",204.0,A01,F019,49,T1,1,510.0,2026-08-03 15:14,2026-08-07 16:13,temporary,4,5819,5770,0
P3547,LAND,F040,LAND,FACILITY,outbound,1,0,"[""A01"", ""A02"", ""A03""]",[],,,A03,342.0,"[""A03"", ""A02"", ""A01""]",342.0,A03,F040,94,T2,1,855.0,2026-08-07 09:13,2026-08-08 11:55,shift,3,1602,1508,0
P3548,F019,A02,FACILITY,AIRPORT,inbound,0,0,[],"[""A02""]",,A02,A01,204.0,"[""A01"", ""A02"", ""A03""]",216.0,F019,A02,52,T1,0,540.0,2026-08-03 00:00,2026-08-05 11:45,shift,3,3585,3533,0
P3549,F018,LAND,FACILITY,LAND,inbound,0,1,[],"[""A01"", ""A02"", ""A03""]",,,A01,196.0,"[""A01"", ""A02"", ""A03""]",196.0,F018,A01,48,T1,0,490.0,2026-08-03 00:00,2026-08-05 10:00,shift,3,3480,3432,0
P3550,F009,LAND,FACILITY,LAND,inbound,0,1,[],"[""A01"", ""A02"", ""A03""]",,,A01,166.0,"[""A01"", ""A02"", ""A03""]",166.0,F009,A01,40,T1,0,415.0,2026-08-03 08:43,2026-08-06 10:01,shift,3,4398,4358,0
P3551,LAND,F006,LAND,FACILITY,outbound,1,0,"[""A01"", ""A02"", ""A03""]",[],,,A01,235.0,"[""A01"", ""A02"", ""A03""]",235.0,A01,F006,57,T1,1,587.5,2026-08-07 07:00,2026-08-09 08:15,shift,3,2955,2898,0
P3552,LAND,F035,LAND,FACILITY,outbound,1,0,"[""A01"", ""A02"", ""A03""]",[],,,A01,258.0,"[""A01"", ""A02"", ""A03""]",258.0,A01,F035,71,T2,1,645.0,2026-08-05 08:06,2026-08-08 09:33,shift,3,4407,4336,0
P3553,F001,LAND,FACILITY,LAND,inbound,0,1,[],"[""A01"", ""A02"", ""A03""]",,,A01,219.0,"[""A01"", ""A02"", ""A03""]",219.0,F001,A01,53,T1,0,547.5,2026-08-03 00:00,2026-08-04 09:10,shift,3,1990,1937,0
P3554,LAND,F014,LAND,FACILITY,outbound,1,0,"[""A01"", ""A02"", ""A03""]",[],,,A01,164.0,"[""A01"", ""A02"", ""A03""]",164.0,A01,F014,40,T1,1,410.0,2026-08-05 07:10,2026-08-05 08:25,emergency,1,75,35,0
P3555,F010,LAND,FACILITY,LAND,inbound,0,1,[],"[""A01"", ""A02"", ""A03""]",,,A01,216.0,"[""A01"", ""A02"", ""A03""]",216.0,F010,A01,52,T1,0,540.0,2026-08-08 11:07,2026-08-09 12:35,shift,3,1528,1476,0
P3556,F020,F019,FACILITY,FACILITY,shuttle,0,0,[],[],,,A01,204.0,"[""A01"", ""A02"", ""A03""]",36.0,F020,F019,9,T1,1,90.0,2026-08-03 10:48,2026-08-04 10:58,shift,3,1450,1441,0
P3557,F007,LAND,FACILITY,LAND,inbound,0,1,[],"[""A01"", ""A02"", ""A03""]",,,A01,233.0,"[""A01"", ""A02"", ""A03""]",233.0,F007,A01,56,T1,0,582.5,2026-08-03 00:00,2026-08-05 09:29,shift,3,3449,3393,0
P3558,F045,F048,FACILITY,FACILITY,shuttle,0,0,[],[],,,A03,254.0,"[""A03"", ""A02"", ""A01""]",45.0,F045,F048,11,T1,1,112.5,2026-08-06 08:40,2026-08-07 09:14,shift,3,1474,1463,0
P3559,F024,LAND,FACILITY,LAND,inbound,0,1,[],"[""A01"", ""A02"", ""A03""]",,,A01,211.0,"[""A01"", ""A02"", ""A03""]",211.0,F024,A01,51,T1,0,527.5,2026-08-03 10:50,2026-08-05 11:50,shift,3,2940,2889,0
P3560,LAND,F025,LAND,FACILITY,outbound,1,0,"[""A01"", ""A02"", ""A03""]",[],,,A01,202.0,"[""A01"", ""A02"", ""A03""]",202.0,A01,F025,49,T1,1,505.0,2026-08-04 14:38,2026-08-04 18:15,production,2,217,168,0
P3561,F040,F041,FACILITY,FACILITY,shuttle,0,0,[],[],,,A03,278.0,"[""A03"", ""A02"", ""A01""]",66.0,F040,F041,16,T1,1,165.0,2026-08-03 00:00,2026-08-07 09:19,temporary,4,6319,6303,0
P3562,F032,LAND,FACILITY,LAND,inbound,0,1,[],"[""A01"", ""A02"", ""A03""]",,,A02,279.0,"[""A02"", ""A01"", ""A03""]",279.0,F032,A02,77,T2,0,697.5,2026-08-08 08:45,2026-08-09 23:59,shift,3,2354,2277,0
P3563,F033,LAND,FACILITY,LAND,inbound,0,1,[],"[""A01"", ""A02"", ""A03""]",,,A01,227.0,"[""A01"", ""A02"", ""A03""]",227.0,F033,A01,55,T1,0,567.5,2026-08-04 08:58,2026-08-07 10:14,shift,3,4396,4341,0
P3564,F024,LAND,FACILITY,LAND,inbound,0,1,[],"[""A01"", ""A02"", ""A03""]",,,A01,211.0,"[""A01"", ""A02"", ""A03""]",211.0,F024,A01,51,T1,0,527.5,2026-08-04 10:50,2026-08-05 11:50,shift,3,1500,1449,0
P3565,F016,LAND,FACILITY,LAND,inbound,0,1,[],"[""A01"", ""A02"", ""A03""]",,,A01,181.0,"[""A01"", ""A02"", ""A03""]",181.0,F016,A01,44,T1,0,452.5,2026-08-08 10:32,2026-08-09 23:59,shift,3,2247,2203,0
P3566,F047,F049,FACILITY,FACILITY,shuttle,0,0,[],[],,,A02,239.0,"[""A02"", ""A03"", ""A01""]",19.0,F047,F049,5,T1,1,47.5,2026-08-07 17:06,2026-08-09 17:12,shift,3,2886,2881,0
P3567,F014,LAND,FACILITY,LAND,inbound,0,1,[],"[""A01"", ""A02"", ""A03""]",,,A01,164.0,"[""A01"", ""A02"", ""A03""]",164.0,F014,A01,40,T1,0,410.0,2026-08-03 00:00,2026-08-07 09:09,temporary,4,6309,6269,0
P3568,F023,A02,FACILITY,AIRPORT,inbound,0,0,[],"[""A02""]",,A02,A02,267.0,"[""A02"", ""A01"", ""A03""]",267.0,F023,A02,73,T2,0,667.5,2026-08-04 07:05,2026-08-04 10:13,production,2,188,115,0
P3569,F026,A02,FACILITY,AIRPORT,inbound,0,0,[],"[""A02""]",,A02,A01,204.0,"[""A01"", ""A02"", ""A03""]",221.0,F026,A02,54,T1,0,552.5,2026-08-07 08:53,2026-08-08 09:54,shift,3,1501,1447,0
P3570,F048,F039,FACILITY,FACILITY,shuttle,0,0,[],[],,,A03,223.0,"[""A03"", ""A02"", ""A01""]",31.0,F048,F039,8,T1,1,77.5,2026-08-07 10:52,2026-08-09 11:02,shift,3,2890,2882,0
P3571,F018,F026,FACILITY,FACILITY,shuttle,0,0,[],[],,,A01,204.0,"[""A01"", ""A02"", ""A03""]",14.0,F018,F026,4,T1,1,35.0,2026-08-03 00:00,2026-08-05 08:43,shift,3,3403,3399,0
P3572,LAND,F013,LAND,FACILITY,outbound,1,0,"[""A01"", ""A02"", ""A03""]",[],,,A01,279.0,"[""A01"", ""A02"", ""A03""]",279.0,A01,F013,77,T2,1,697.5,2026-08-08 06:56,2026-08-08 10:49,production,2,233,156,0
P3573,LAND,F012,LAND,FACILITY,outbound,1,0,"[""A01"", ""A02"", ""A03""]",[],,,A01,208.0,"[""A01"", ""A02"", ""A03""]",208.0,A01,F012,50,T1,1,520.0,2026-08-03 10:25,2026-08-06 11:31,shift,3,4386,4336,0
P3574,LAND,F031,LAND,FACILITY,outbound,1,0,"[""A01"", ""A02"", ""A03""]",[],,,A02,242.0,"[""A02"", ""A01"", ""A03""]",242.0,A02,F031,59,T1,1,605.0,2026-08-07 10:14,2026-08-09 11:20,shift,3,2946,2887,0
P3575,LAND,F006,LAND,FACILITY,outbound,1,0,"[""A01"", ""A02"", ""A03""]",[],,,A01,235.0,"[""A01"", ""A02"", ""A03""]",235.0,A01,F006,57,T1,1,587.5,2026-08-03 00:00,2026-08-05 10:37,temporary,4,3517,3460,0
P3576,A03,F039,AIRPORT,FACILITY,outbound,0,0,"[""A03""]",[],A03,,A03,223.0,"[""A03"", ""A02"", ""A01""]",223.0,A03,F039,54,T1,1,557.5,2026-08-05 09:16,2026-08-08 10:27,shift,3,4391,4337,0
P3577,F020,F019,FACILITY,FACILITY,shuttle,0,0,[],[],,,A01,204.0,"[""A01"", ""A02"", ""A03""]",36.0,F020,F019,9,T1,1,90.0,2026-08-03 10:48,2026-08-05 10:58,shift,3,2890,2881,0
P3578,F021,F027,FACILITY,FACILITY,shuttle,0,0,[],[],,,A01,191.0,"[""A01"", ""A02"", ""A03""]",37.0,F021,F027,9,T1,1,92.5,2026-08-03 07:31,2026-08-05 08:06,shift,3,2915,2906,0
P3579,LAND,F023,LAND,FACILITY,outbound,1,0,"[""A01"", ""A02"", ""A03""]",[],,,A02,267.0,"[""A02"", ""A01"", ""A03""]",267.0,A02,F023,73,T2,1,667.5,2026-08-06 15:16,2026-08-08 16:41,shift,3,2965,2892,0
P3580,F049,LAND,FACILITY,LAND,inbound,0,1,[],"[""A01"", ""A02"", ""A03""]",,,A02,239.0,"[""A02"", ""A03"", ""A01""]",239.0,F049,A02,58,T1,0,597.5,2026-08-08 11:45,2026-08-09 23:59,shift,3,2174,2116,0
P3581,F013,LAND,FACILITY,LAND,inbound,0,1,[],"[""A01"", ""A02"", ""A03""]",,,A01,279.0,"[""A01"", ""A02"", ""A03""]",279.0,F013,A01,77,T2,0,697.5,2026-08-08 09:14,2026-08-08 12:52,production,2,218,141,0
P3582,LAND,F026,LAND,FACILITY,outbound,1,0,"[""A01"", ""A02"", ""A03""]",[],,,A01,204.0,"[""A01"", ""A02"", ""A03""]",204.0,A01,F026,49,T1,1,510.0,2026-08-07 07:20,2026-08-08 08:43,shift,3,1523,1474,0
P3583,F037,F044,FACILITY,FACILITY,shuttle,0,0,[],[],,,A03,317.0,"[""A03"", ""A02"", ""A01""]",54.0,F037,F044,13,T1,1,135.0,2026-08-08 09:04,2026-08-09 23:59,shift,3,2335,2322,0
P3584,LAND,F025,LAND,FACILITY,outbound,1,0,"[""A01"", ""A02"", ""A03""]",[],,,A01,202.0,"[""A01"", ""A02"", ""A03""]",202.0,A01,F025,49,T1,1,505.0,2026-08-05 06:43,2026-08-09 23:59,temporary,4,6796,6747,0
P3585,LAND,F004,LAND,FACILITY,outbound,1,0,"[""A01"", ""A02"", ""A03""]",[],,,A01,197.0,"[""A01"", ""A02"", ""A03""]",197.0,A01,F004,48,T1,1,492.5,2026-08-07 07:55,2026-08-08 08:43,shift,3,1488,1440,0
P3586,LAND,F006,LAND,FACILITY,outbound,1,0,"[""A01"", ""A02"", ""A03""]",[],,,A01,235.0,"[""A01"", ""A02"", ""A03""]",235.0,A01,F006,57,T1,1,587.5,2026-08-07 07:00,2026-08-08 08:15,shift,3,1515,1458,0
P3587,LAND,F052,LAND,FACILITY,outbound,1,0,"[""A01"", ""A02"", ""A03""]",[],,,A02,259.0,"[""A02"", ""A03"", ""A01""]",259.0,A02,F052,71,T2,1,647.5,2026-08-09 07:26,2026-08-09 11:03,production,2,217,146,0
P3588,LAND,F039,LAND,FACILITY,outbound,1,0,"[""A01"", ""A02"", ""A03""]",[],,,A03,223.0,"[""A03"", ""A02"", ""A01""]",223.0,A03,F039,54,T1,1,557.5,2026-08-05 09:16,2026-08-08 10:27,shift,3,4391,4337,0
P3589,LAND,F048,LAND,FACILITY,outbound,1,0,"[""A01"", ""A02"", ""A03""]",[],,,A03,254.0,"[""A03"", ""A02"", ""A01""]",254.0,A03,F048,70,T2,1,635.0,2026-08-05 08:31,2026-08-09 23:59,temporary,4,6688,6618,0
P3590,F036,LAND,FACILITY,LAND,inbound,0,1,[],"[""A01"", ""A02"", ""A03""]",,,A02,215.0,"[""A02"", ""A01"", ""A03""]",215.0,F036,A02,52,T1,0,537.5,2026-08-05 11:57,2026-08-07 13:00,temporary,4,2943,2891,0
P3591,LAND,F044,LAND,FACILITY,outbound,1,0,"[""A01"", ""A02"", ""A03""]",[],,,A03,317.0,"[""A03"", ""A02"", ""A01""]",317.0,A03,F044,87,T2,1,792.5,2026-08-03 07:31,2026-08-06 09:12,shift,3,4421,4334,0
P3592,A01,F002,AIRPORT,FACILITY,outbound,0,0,"[""A01""]",[],A01,,A01,217.0,"[""A01"", ""A02"", ""A03""]",217.0,A01,F002,53,T1,1,542.5,2026-08-08 07:25,2026-08-09 23:59,shift,3,2434,2381,0
P3593,F040,LAND,FACILITY,LAND,inbound,0,1,[],"[""A01"", ""A02"", ""A03""]",,,A03,342.0,"[""A03"", ""A02"", ""A01""]",342.0,F040,A03,94,T2,0,855.0,2026-08-06 12:05,2026-08-08 14:47,shift,3,3042,2948,0
P3594,F039,F052,FACILITY,FACILITY,shuttle,0,0,[],[],,,A02,259.0,"[""A02"", ""A03"", ""A01""]",44.0,F039,F052,11,T1,1,110.0,2026-08-03 10:59,2026-08-05 11:42,shift,3,2923,2912,0
P3595,LAND,F046,LAND,FACILITY,outbound,1,0,"[""A01"", ""A02"", ""A03""]",[],,,A02,227.0,"[""A02"", ""A03"", ""A01""]",227.0,A02,F046,55,T1,1,567.5,2026-08-04 08:48,2026-08-07 10:31,shift,3,4423,4368,0
P3596,F013,LAND,FACILITY,LAND,inbound,0,1,[],"[""A01"", ""A02"", ""A03""]",,,A01,279.0,"[""A01"", ""A02"", ""A03""]",279.0,F013,A01,77,T2,0,697.5,2026-08-08 09:53,2026-08-09 11:22,shift,3,1529,1452,0
P3597,F039,LAND,FACILITY,LAND,inbound,0,1,[],"[""A01"", ""A02"", ""A03""]",,,A03,223.0,"[""A03"", ""A02"", ""A01""]",223.0,F039,A03,54,T1,0,557.5,2026-08-03 08:40,2026-08-04 09:51,shift,3,1511,1457,0
P3598,LAND,F004,LAND,FACILITY,outbound,1,0,"[""A01"", ""A02"", ""A03""]",[],,,A01,197.0,"[""A01"", ""A02"", ""A03""]",197.0,A01,F004,48,T1,1,492.5,2026-08-06 07:55,2026-08-09 08:43,shift,3,4368,4320,0
P3599,LAND,F048,LAND,FACILITY,outbound,1,0,"[""A01"", ""A02"", ""A03""]",[],,,A03,254.0,"[""A03"", ""A02"", ""A01""]",254.0,A03,F048,70,T2,1,635.0,2026-08-05 09:57,2026-08-07 11:34,shift,3,2977,2907,0
P3600,F003,F007,FACILITY,FACILITY,shuttle,0,0,[],[],,,A01,233.0,"[""A01"", ""A02"", ""A03""]",48.0,F003,F007,12,T1,1,120.0,2026-08-08 09:19,2026-08-09 23:59,shift,3,2320,2308,0
P3601,LAND,F031,LAND,FACILITY,outbound,1,0,"[""A01"", ""A02"", ""A03""]",[],,,A02,242.0,"[""A02"", ""A01"", ""A03""]",242.0,A02,F031,59,T1,1,605.0,2026-08-04 10:12,2026-08-06 11:18,shift,3,2946,2887,0
P3602,LAND,F022,LAND,FACILITY,outbound,1,0,"[""A01"", ""A02"", ""A03""]",[],,,A01,194.0,"[""A01"", ""A02"", ""A03""]",194.0,A01,F022,47,T1,1,485.0,2026-08-08 08:59,2026-08-09 23:59,shift,3,2340,2293,0
P3603,LAND,F024,LAND,FACILITY,outbound,1,0,"[""A01"", ""A02"", ""A03""]",[],,,A01,211.0,"[""A01"", ""A02"", ""A03""]",211.0,A01,F024,51,T1,1,527.5,2026-08-07 09:02,2026-08-07 12:30,production,2,208,157,0
P3604,F021,F027,FACILITY,FACILITY,shuttle,0,0,[],[],,,A01,191.0,"[""A01"", ""A02"", ""A03""]",37.0,F021,F027,9,T1,1,92.5,2026-08-03 06:34,2026-08-03 09:07,production,2,153,144,0
P3605,F021,LAND,FACILITY,LAND,inbound,0,1,[],"[""A01"", ""A02"", ""A03""]",,,A01,218.0,"[""A01"", ""A02"", ""A03""]",218.0,F021,A01,53,T1,0,545.0,2026-08-06 08:29,2026-08-06 11:14,production,2,165,112,0
P3606,F024,LAND,FACILITY,LAND,inbound,0,1,[],"[""A01"", ""A02"", ""A03""]",,,A01,211.0,"[""A01"", ""A02"", ""A03""]",211.0,F024,A01,51,T1,0,527.5,2026-08-07 11:21,2026-08-09 12:21,shift,3,2940,2889,0
P3607,F022,F033,FACILITY,FACILITY,shuttle,0,0,[],[],,,A01,227.0,"[""A01"", ""A02"", ""A03""]",33.0,F022,F033,8,T1,1,82.5,2026-08-04 09:47,2026-08-06 09:55,shift,3,2888,2880,0
P3608,LAND,F003,LAND,FACILITY,outbound,1,0,"[""A01"", ""A02"", ""A03""]",[],,,A01,192.0,"[""A01"", ""A02"", ""A03""]",192.0,A01,F003,47,T1,1,480.0,2026-08-03 07:39,2026-08-05 08:26,shift,3,2927,2880,0
P3609,F003,LAND,FACILITY,LAND,inbound,0,1,[],"[""A01"", ""A02"", ""A03""]",,,A01,192.0,"[""A01"", ""A02"", ""A03""]",192.0,F003,A01,47,T1,0,480.0,2026-08-03 00:00,2026-08-04 09:57,shift,3,2037,1990,0
P3610,LAND,F038,LAND,FACILITY,outbound,1,0,"[""A01"", ""A02"", ""A03""]",[],,,A03,263.0,"[""A03"", ""A02"", ""A01""]",263.0,A03,F038,72,T2,1,657.5,2026-08-05 08:07,2026-08-07 09:31,shift,3,2964,2892,0
P3611,LAND,F052,LAND,FACILITY,outbound,1,0,"[""A01"", ""A02"", ""A03""]",[],,,A02,259.0,"[""A02"", ""A03"", ""A01""]",259.0,A02,F052,71,T2,1,647.5,2026-08-06 08:58,2026-08-07 11:09,shift,3,1571,1500,0
P3612,LAND,F038,LAND,FACILITY,outbound,1,0,"[""A01"", ""A02"", ""A03""]",[],,,A03,263.0,"[""A03"", ""A02"", ""A01""]",263.0,A03,F038,72,T2,1,657.5,2026-08-03 06:00,2026-08-03 09:14,production,2,194,122,0
P3613,LAND,F009,LAND,FACILITY,outbound,1,0,"[""A01"", ""A02"", ""A03""]",[],,,A01,166.0,"[""A01"", ""A02"", ""A03""]",166.0,A01,F009,40,T1,1,415.0,2026-08-03 07:53,2026-08-06 08:33,shift,3,4360,4320,0
P3614,A01,F014,AIRPORT,FACILITY,outbound,0,0,"[""A01""]",[],A01,,A01,164.0,"[""A01"", ""A02"", ""A03""]",164.0,A01,F014,40,T1,1,410.0,2026-08-04 07:15,2026-08-07 08:07,shift,3,4372,4332,0
P3615,LAND,F030,LAND,FACILITY,outbound,1,0,"[""A01"", ""A02"", ""A03""]",[],,,A01,158.0,"[""A01"", ""A02"", ""A03""]",158.0,A01,F030,38,T1,1,395.0,2026-08-08 09:44,2026-08-09 10:34,shift,3,1490,1452,0
P3616,F046,F047,FACILITY,FACILITY,shuttle,0,0,[],[],,,A02,241.0,"[""A02"", ""A01"", ""A03""]",15.0,F046,F047,4,T1,1,37.5,2026-08-06 10:00,2026-08-07 10:05,shift,3,1445,1441,0
P3617,F048,LAND,FACILITY,LAND,inbound,0,1,[],"[""A01"", ""A02"", ""A03""]",,,A03,254.0,"[""A03"", ""A02"", ""A01""]",254.0,F048,A03,70,T2,0,635.0,2026-08-05 11:07,2026-08-05 14:12,production,2,185,115,0
P3618,F036,A03,FACILITY,AIRPORT,inbound,0,0,[],"[""A03""]",,A03,A02,215.0,"[""A02"", ""A01"", ""A03""]",231.0,F036,A03,56,T1,0,577.5,2026-08-09 16:10,2026-08-09 18:42,production,2,152,96,0
P3619,F043,F051,FACILITY,FACILITY,shuttle,0,0,[],[],,,A03,279.0,"[""A03"", ""A02"", ""A01""]",35.0,F043,F051,9,T1,1,87.5,2026-08-05 10:17,2026-08-07 10:29,shift,3,2892,2883,0
P3620,F034,LAND,FACILITY,LAND,inbound,0,1,[],"[""A01"", ""A02"", ""A03""]",,,A01,246.0,"[""A01"", ""A02"", ""A03""]",246.0,F034,A01,60,T1,0,615.0,2026-08-07 08:05,2026-08-09 09:26,shift,3,2961,2901,0
P3621,A01,F008,AIRPORT,FACILITY,outbound,0,0,"[""A01""]",[],A01,,A01,221.0,"[""A01"", ""A02"", ""A03""]",221.0,A01,F008,54,T1,1,552.5,2026-08-07 08:05,2026-08-09 23:59,shift,3,3834,3780,0
P3622,F049,F048,FACILITY,FACILITY,shuttle,0,0,[],[],,,A03,254.0,"[""A03"", ""A02"", ""A01""]",34.0,F049,F048,9,T1,1,85.0,2026-08-07 07:52,2026-08-09 23:59,shift,3,3847,3838,0
P3623,LAND,F022,LAND,FACILITY,outbound,1,0,"[""A01"", ""A02"", ""A03""]",[],,,A01,194.0,"[""A01"", ""A02"", ""A03""]",194.0,A01,F022,47,T1,1,485.0,2026-08-09 08:52,2026-08-09 10:24,emergency,1,92,45,0
P3624,LAND,F005,LAND,FACILITY,outbound,1,0,"[""A01"", ""A02"", ""A03""]",[],,,A01,190.0,"[""A01"", ""A02"", ""A03""]",190.0,A01,F005,46,T1,1,475.0,2026-08-06 09:10,2026-08-08 10:02,shift,3,2932,2886,0
P3625,LAND,F046,LAND,FACILITY,outbound,1,0,"[""A01"", ""A02"", ""A03""]",[],,,A02,227.0,"[""A02"", ""A03"", ""A01""]",227.0,A02,F046,55,T1,1,567.5,2026-08-04 08:48,2026-08-06 10:31,temporary,4,2983,2928,0
P3626,LAND,F029,LAND,FACILITY,outbound,1,0,"[""A01"", ""A02"", ""A03""]",[],,,A01,211.0,"[""A01"", ""A02"", ""A03""]",211.0,A01,F029,51,T1,1,527.5,2026-08-05 08:05,2026-08-05 11:51,production,2,226,175,0
P3627,A03,F050,AIRPORT,FACILITY,outbound,0,0,"[""A03""]",[],A03,,A03,403.0,"[""A03"", ""A02"", ""A01""]",403.0,A03,F050,128,T3,1,1007.5,2026-08-04 07:11,2026-08-06 09:24,shift,3,3013,2885,0
P3628,F031,LAND,FACILITY,LAND,inbound,0,1,[],"[""A01"", ""A02"", ""A03""]",,,A02,242.0,"[""A02"", ""A01"", ""A03""]",242.0,F031,A02,59,T1,0,605.0,2026-08-05 11:38,2026-08-06 12:44,shift,3,1506,1447,0
P3629,F018,LAND,FACILITY,LAND,inbound,0,1,[],"[""A01"", ""A02"", ""A03""]",,,A01,196.0,"[""A01"", ""A02"", ""A03""]",196.0,F018,A01,48,T1,0,490.0,2026-08-05 10:32,2026-08-08 11:31,shift,3,4379,4331,0
P3630,F019,LAND,FACILITY,LAND,inbound,0,1,[],"[""A01"", ""A02"", ""A03""]",,,A01,204.0,"[""A01"", ""A02"", ""A03""]",204.0,F019,A01,49,T1,0,510.0,2026-08-05 16:23,2026-08-09 17:52,temporary,4,5849,5800,0
P3631,LAND,F003,LAND,FACILITY,outbound,1,0,"[""A01"", ""A02"", ""A03""]",[],,,A01,192.0,"[""A01"", ""A02"", ""A03""]",192.0,A01,F003,47,T1,1,480.0,2026-08-07 06:37,2026-08-07 09:02,production,2,145,98,0
P3632,F011,LAND,FACILITY,LAND,inbound,0,1,[],"[""A01"", ""A02"", ""A03""]",,,A01,201.0,"[""A01"", ""A02"", ""A03""]",201.0,F011,A01,49,T1,0,502.5,2026-08-03 10:58,2026-08-05 11:53,shift,3,2935,2886,0
P3633,LAND,F020,LAND,FACILITY,outbound,1,0,"[""A01"", ""A02"", ""A03""]",[],,,A01,171.0,"[""A01"", ""A02"", ""A03""]",171.0,A01,F020,42,T1,1,427.5,2026-08-03 00:00,2026-08-04 07:57,shift,3,1917,1875,0
P3634,LAND,F014,LAND,FACILITY,outbound,1,0,"[""A01"", ""A02"", ""A03""]",[],,,A01,164.0,"[""A01"", ""A02"", ""A03""]",164.0,A01,F014,40,T1,1,410.0,2026-08-04 07:15,2026-08-06 08:07,shift,3,2932,2892,0
P3635,F014,LAND,FACILITY,LAND,inbound,0,1,[],"[""A01"", ""A02"", ""A03""]",,,A01,164.0,"[""A01"", ""A02"", ""A03""]",164.0,F014,A01,40,T1,0,410.0,2026-08-04 08:17,2026-08-07 09:09,temporary,4,4372,4332,0
P3636,LAND,F001,LAND,FACILITY,outbound,1,0,"[""A01"", ""A02"", ""A03""]",[],,,A01,219.0,"[""A01"", ""A02"", ""A03""]",219.0,A01,F001,53,T1,1,547.5,2026-08-03 00:00,2026-08-05 07:43,shift,3,3343,3290,0
P3637,LAND,F037,LAND,FACILITY,outbound,1,0,"[""A01"", ""A02"", ""A03""]",[],,,A03,359.0,"[""A03"", ""A02"", ""A01""]",359.0,A03,F037,98,T2,1,897.5,2026-08-03 08:49,2026-08-03 12:21,production,2,212,114,0
P3638,F045,LAND,FACILITY,LAND,inbound,0,1,[],"[""A01"", ""A02"", ""A03""]",,,A03,260.0,"[""A03"", ""A02"", ""A01""]",260.0,F045,A03,71,T2,0,650.0,2026-08-03 10:58,2026-08-06 12:21,shift,3,4403,4332,0
P3639,F026,A02,FACILITY,AIRPORT,inbound,0,0,[],"[""A02""]",,A02,A01,204.0,"[""A01"", ""A02"", ""A03""]",221.0,F026,A02,54,T1,0,552.5,2026-08-06 08:53,2026-08-09 09:54,shift,3,4381,4327,0
P3640,LAND,F052,LAND,FACILITY,outbound,1,0,"[""A01"", ""A02"", ""A03""]",[],,,A02,259.0,"[""A02"", ""A03"", ""A01""]",259.0,A02,F052,71,T2,1,647.5,2026-08-06 08:58,2026-08-08 11:09,shift,3,3011,2940,0
P3641,F047,F049,FACILITY,FACILITY,shuttle,0,0,[],[],,,A02,239.0,"[""A02"", ""A03"", ""A01""]",19.0,F047,F049,5,T1,1,47.5,2026-08-07 17:06,2026-08-08 17:12,shift,3,1446,1441,0
P3642,F035,LAND,FACILITY,LAND,inbound,0,1,[],"[""A01"", ""A02"", ""A03""]",,,A01,258.0,"[""A01"", ""A02"", ""A03""]",258.0,F035,A01,71,T2,0,645.0,2026-08-06 09:43,2026-08-07 11:10,shift,3,1527,1456,0
P3643,F028,F018,FACILITY,FACILITY,shuttle,0,0,[],[],,,A01,196.0,"[""A01"", ""A02"", ""A03""]",65.0,F028,F018,16,T1,1,162.5,2026-08-06 10:44,2026-08-09 11:02,shift,3,4338,4322,0
P3644,A01,F010,AIRPORT,FACILITY,outbound,0,0,"[""A01""]",[],A01,,A01,216.0,"[""A01"", ""A02"", ""A03""]",216.0,A01,F010,52,T1,1,540.0,2026-08-08 09:58,2026-08-09 23:59,shift,3,2281,2229,0
P3645,F044,A03,FACILITY,AIRPORT,inbound,0,0,[],"[""A03""]",,A03,A03,317.0,"[""A03"", ""A02"", ""A01""]",317.0,F044,A03,87,T2,0,792.5,2026-08-07 08:22,2026-08-09 10:03,shift,3,2981,2894,0
P3646,F017,LAND,FACILITY,LAND,inbound,0,1,[],"[""A01"", ""A02"", ""A03""]",,,A01,153.0,"[""A01"", ""A02"", ""A03""]",153.0,F017,A01,37,T1,0,382.5,2026-08-05 10:31,2026-08-08 11:13,shift,3,4362,4325,0
P3647,F043,LAND,FACILITY,LAND,inbound,0,1,[],"[""A01"", ""A02"", ""A03""]",,,A03,303.0,"[""A03"", ""A02"", ""A01""]",303.0,F043,A03,83,T2,0,757.5,2026-08-04 12:13,2026-08-06 13:36,shift,3,2963,2880,0
P3648,F003,LAND,FACILITY,LAND,inbound,0,1,[],"[""A01"", ""A02"", ""A03""]",,,A01,192.0,"[""A01"", ""A02"", ""A03""]",192.0,F003,A01,47,T1,0,480.0,2026-08-06 08:09,2026-08-09 09:30,shift,3,4401,4354,0
P3649,LAND,F033,LAND,FACILITY,outbound,1,0,"[""A01"", ""A02"", ""A03""]",[],,,A01,227.0,"[""A01"", ""A02"", ""A03""]",227.0,A01,F033,55,T1,1,567.5,2026-08-05 07:32,2026-08-07 08:48,shift,3,2956,2901,0
P3650,LAND,F008,LAND,FACILITY,outbound,1,0,"[""A01"", ""A02"", ""A03""]",[],,,A01,221.0,"[""A01"", ""A02"", ""A03""]",221.0,A01,F008,54,T1,1,552.5,2026-08-04 07:10,2026-08-06 08:27,shift,3,2957,2903,0
P3651,LAND,F014,LAND,FACILITY,outbound,1,0,"[""A01"", ""A02"", ""A03""]",[],,,A01,164.0,"[""A01"", ""A02"", ""A03""]",164.0,A01,F014,40,T1,1,410.0,2026-08-04 07:15,2026-08-07 08:07,shift,3,4372,4332,0
P3652,A02,F035,AIRPORT,FACILITY,outbound,0,0,"[""A02""]",[],A02,,A01,258.0,"[""A01"", ""A02"", ""A03""]",261.0,A02,F035,72,T2,1,652.5,2026-08-06 08:06,2026-08-08 09:33,shift,3,2967,2895,0
P3653,F018,LAND,FACILITY,LAND,inbound,0,1,[],"[""A01"", ""A02"", ""A03""]",,,A01,196.0,"[""A01"", ""A02"", ""A03""]",196.0,F018,A01,48,T1,0,490.0,2026-08-05 10:32,2026-08-07 11:31,shift,3,2939,2891,0
P3654,F020,LAND,FACILITY,LAND,inbound,0,1,[],"[""A01"", ""A02"", ""A03""]",,,A01,171.0,"[""A01"", ""A02"", ""A03""]",171.0,F020,A01,42,T1,0,427.5,2026-08-06 08:05,2026-08-07 08:56,shift,3,1491,1449,0
P3655,LAND,F017,LAND,FACILITY,outbound,1,0,"[""A01"", ""A02"", ""A03""]",[],,,A01,153.0,"[""A01"", ""A02"", ""A03""]",153.0,A01,F017,37,T1,1,382.5,2026-08-08 10:11,2026-08-09 23:59,shift,3,2268,2231,0
P3656,LAND,F044,LAND,FACILITY,outbound,1,0,"[""A01"", ""A02"", ""A03""]",[],,,A03,317.0,"[""A03"", ""A02"", ""A01""]",317.0,A03,F044,87,T2,1,792.5,2026-08-06 06:21,2026-08-08 08:02,shift,3,2981,2894,0
P3657,F017,LAND,FACILITY,LAND,inbound,0,1,[],"[""A01"", ""A02"", ""A03""]",,,A01,153.0,"[""A01"", ""A02"", ""A03""]",153.0,F017,A01,37,T1,0,382.5,2026-08-09 11:03,2026-08-09 23:59,shift,3,776,739,0
P3658,A02,F026,AIRPORT,FACILITY,outbound,0,0,"[""A02""]",[],A02,,A01,204.0,"[""A01"", ""A02"", ""A03""]",221.0,A02,F026,54,T1,1,552.5,2026-08-07 07:20,2026-08-08 08:43,shift,3,1523,1469,0
P3659,F022,LAND,FACILITY,LAND,inbound,0,1,[],"[""A01"", ""A02"", ""A03""]",,,A01,194.0,"[""A01"", ""A02"", ""A03""]",194.0,F022,A01,47,T1,0,485.0,2026-08-06 09:41,2026-08-07 10:47,shift,3,1506,1459,0
P3660,F028,F018,FACILITY,FACILITY,shuttle,0,0,[],[],,,A01,196.0,"[""A01"", ""A02"", ""A03""]",65.0,F028,F018,16,T1,1,162.5,2026-08-06 10:44,2026-08-09 11:02,shift,3,4338,4322,0
P3661,F029,F021,FACILITY,FACILITY,shuttle,0,0,[],[],,,A01,218.0,"[""A01"", ""A02"", ""A03""]",17.0,F029,F021,5,T1,1,42.5,2026-08-08 09:49,2026-08-09 09:54,shift,3,1445,1440,0
P3662,F050,F043,FACILITY,FACILITY,shuttle,0,0,[],[],,,A03,303.0,"[""A03"", ""A02"", ""A01""]",115.0,F050,F043,28,T1,1,287.5,2026-08-07 09:47,2026-08-09 10:39,shift,3,2932,2904,0
P3663,F038,F039,FACILITY,FACILITY,shuttle,0,0,[],[],,,A03,223.0,"[""A03"", ""A02"", ""A01""]",42.0,F038,F039,11,T1,1,105.0,2026-08-09 09:28,2026-08-09 12:01,production,2,153,142,0
P3664,LAND,F046,LAND,FACILITY,outbound,1,0,"[""A01"", ""A02"", ""A03""]",[],,,A02,227.0,"[""A02"", ""A03"", ""A01""]",227.0,A02,F046,55,T1,1,567.5,2026-08-05 08:12,2026-08-05 11:24,production,2,192,137,0
P3665,F046,F047,FACILITY,FACILITY,shuttle,0,0,[],[],,,A02,241.0,"[""A02"", ""A01"", ""A03""]",15.0,F046,F047,4,T1,1,37.5,2026-08-05 10:00,2026-08-08 10:05,shift,3,4325,4321,0
P3666,F031,F021,FACILITY,FACILITY,shuttle,0,0,[],[],,,A01,218.0,"[""A01"", ""A02"", ""A03""]",44.0,F031,F021,11,T1,1,110.0,2026-08-08 11:14,2026-08-09 23:59,shift,3,2205,2194,0
P3667,F027,LAND,FACILITY,LAND,inbound,0,1,[],"[""A01"", ""A02"", ""A03""]",,,A01,191.0,"[""A01"", ""A02"", ""A03""]",191.0,F027,A01,46,T1,0,477.5,2026-08-07 16:20,2026-08-08 17:23,shift,3,1503,1457,0
P3668,F049,F048,FACILITY,FACILITY,shuttle,0,0,[],[],,,A03,254.0,"[""A03"", ""A02"", ""A01""]",34.0,F049,F048,9,T1,1,85.0,2026-08-08 07:52,2026-08-09 08:02,shift,3,1450,1441,0
P3669,F004,F007,FACILITY,FACILITY,shuttle,0,0,[],[],,,A01,233.0,"[""A01"", ""A02"", ""A03""]",36.0,F004,F007,9,T1,1,90.0,2026-08-04 08:10,2026-08-06 08:22,shift,3,2892,2883,0
P3670,F002,LAND,FACILITY,LAND,inbound,0,1,[],"[""A01"", ""A02"", ""A03""]",,,A01,217.0,"[""A01"", ""A02"", ""A03""]",217.0,F002,A01,53,T1,0,542.5,2026-08-06 08:48,2026-08-08 09:57,shift,3,2949,2896,0
P3671,F033,A02,FACILITY,AIRPORT,inbound,0,0,[],"[""A02""]",,A02,A01,227.0,"[""A01"", ""A02"", ""A03""]",239.0,F033,A02,58,T1,0,597.5,2026-08-08 09:07,2026-08-09 10:13,shift,3,1506,1448,0
P3672,F036,F046,FACILITY,FACILITY,shuttle,0,0,[],[],,,A02,227.0,"[""A02"", ""A03"", ""A01""]",41.0,F036,F046,10,T1,1,102.5,2026-08-03 00:00,2026-08-04 08:10,shift,3,1930,1920,0
P3673,F012,LAND,FACILITY,LAND,inbound,0,1,[],"[""A01"", ""A02"", ""A03""]",,,A01,208.0,"[""A01"", ""A02"", ""A03""]",208.0,F012,A01,50,T1,0,520.0,2026-08-08 08:30,2026-08-09 09:36,shift,3,1506,1456,0
P3674,A03,F038,AIRPORT,FACILITY,outbound,0,0,"[""A03""]",[],A03,,A03,263.0,"[""A03"", ""A02"", ""A01""]",263.0,A03,F038,72,T2,1,657.5,2026-08-03 00:00,2026-08-06 07:59,temporary,4,4799,4727,0
P3675,F010,F007,FACILITY,FACILITY,shuttle,0,0,[],[],,,A01,233.0,"[""A01"", ""A02"", ""A03""]",37.0,F010,F007,9,T1,1,92.5,2026-08-05 07:53,2026-08-07 08:27,shift,3,2914,2905,0
P3676,LAND,F013,LAND,FACILITY,outbound,1,0,"[""A01"", ""A02"", ""A03""]",[],,,A01,279.0,"[""A01"", ""A02"", ""A03""]",279.0,A01,F013,77,T2,1,697.5,2026-08-05 06:47,2026-08-07 08:16,shift,3,2969,2892,0
P3677,F012,LAND,FACILITY,LAND,inbound,0,1,[],"[""A01"", ""A02"", ""A03""]",,,A01,208.0,"[""A01"", ""A02"", ""A03""]",208.0,F012,A01,50,T1,0,520.0,2026-08-04 11:41,2026-08-06 12:47,shift,3,2946,2896,0
P3678,F021,LAND,FACILITY,LAND,inbound,0,1,[],"[""A01"", ""A02"", ""A03""]",,,A01,218.0,"[""A01"", ""A02"", ""A03""]",218.0,F021,A01,53,T1,0,545.0,2026-08-05 09:04,2026-08-07 10:14,shift,3,2950,2897,0
P3679,F001,LAND,FACILITY,LAND,inbound,0,1,[],"[""A01"", ""A02"", ""A03""]",,,A01,219.0,"[""A01"", ""A02"", ""A03""]",219.0,F001,A01,53,T1,0,547.5,2026-08-08 08:03,2026-08-09 23:59,shift,3,2396,2343,0
P3680,F020,F019,FACILITY,FACILITY,shuttle,0,0,[],[],,,A01,204.0,"[""A01"", ""A02"", ""A03""]",36.0,F020,F019,9,T1,1,90.0,2026-08-03 00:00,2026-08-05 10:58,shift,3,3538,3529,0
P3681,F031,F021,FACILITY,FACILITY,shuttle,0,0,[],[],,,A01,218.0,"[""A01"", ""A02"", ""A03""]",44.0,F031,F021,11,T1,1,110.0,2026-08-09 11:14,2026-08-09 23:59,shift,3,765,754,0
P3682,F047,F049,FACILITY,FACILITY,shuttle,0,0,[],[],,,A02,239.0,"[""A02"", ""A03"", ""A01""]",19.0,F047,F049,5,T1,1,47.5,2026-08-07 17:06,2026-08-09 17:12,shift,3,2886,2881,0
P3683,F046,F047,FACILITY,FACILITY,shuttle,0,0,[],[],,,A02,241.0,"[""A02"", ""A01"", ""A03""]",15.0,F046,F047,4,T1,1,37.5,2026-08-06 10:00,2026-08-07 10:05,shift,3,1445,1441,0
P3684,LAND,F017,LAND,FACILITY,outbound,1,0,"[""A01"", ""A02"", ""A03""]",[],,,A01,153.0,"[""A01"", ""A02"", ""A03""]",153.0,A01,F017,37,T1,1,382.5,2026-08-06 09:39,2026-08-08 10:21,shift,3,2922,2885,0
P3685,LAND,F018,LAND,FACILITY,outbound,1,0,"[""A01"", ""A02"", ""A03""]",[],,,A01,196.0,"[""A01"", ""A02"", ""A03""]",196.0,A01,F018,48,T1,1,490.0,2026-08-03 00:00,2026-08-04 08:48,shift,3,1968,1920,0
P3686,LAND,F030,LAND,FACILITY,outbound,1,0,"[""A01"", ""A02"", ""A03""]",[],,,A01,158.0,"[""A01"", ""A02"", ""A03""]",158.0,A01,F030,38,T1,1,395.0,2026-08-05 09:40,2026-08-06 10:30,shift,3,1490,1452,0
P3687,F037,F040,FACILITY,FACILITY,shuttle,0,0,[],[],,,A03,342.0,"[""A03"", ""A02"", ""A01""]",27.0,F037,F040,7,T1,1,67.5,2026-08-03 00:00,2026-08-05 12:23,shift,3,3623,3616,0
P3688,F007,LAND,FACILITY,LAND,inbound,0,1,[],"[""A01"", ""A02"", ""A03""]",,,A01,233.0,"[""A01"", ""A02"", ""A03""]",233.0,F007,A01,56,T1,0,582.5,2026-08-03 00:00,2026-08-04 09:29,shift,3,2009,1953,0
P3689,F022,LAND,FACILITY,LAND,inbound,0,1,[],"[""A01"", ""A02"", ""A03""]",,,A01,194.0,"[""A01"", ""A02"", ""A03""]",194.0,F022,A01,47,T1,0,485.0,2026-08-05 09:41,2026-08-08 10:47,shift,3,4386,4339,0
P3690,F014,LAND,FACILITY,LAND,inbound,0,1,[],"[""A01"", ""A02"", ""A03""]",,,A01,164.0,"[""A01"", ""A02"", ""A03""]",164.0,F014,A01,40,T1,0,410.0,2026-08-05 08:17,2026-08-07 09:09,shift,3,2932,2892,0
P3691,F045,F048,FACILITY,FACILITY,shuttle,0,0,[],[],,,A03,254.0,"[""A03"", ""A02"", ""A01""]",45.0,F045,F048,11,T1,1,112.5,2026-08-05 08:40,2026-08-08 09:14,shift,3,4354,4343,0
P3692,F046,F047,FACILITY,FACILITY,shuttle,0,0,[],[],,,A02,241.0,"[""A02"", ""A01"", ""A03""]",15.0,F046,F047,4,T1,1,37.5,2026-08-05 10:00,2026-08-08 10:05,shift,3,4325,4321,0
P3693,LAND,F011,LAND,FACILITY,outbound,1,0,"[""A01"", ""A02"", ""A03""]",[],,,A01,201.0,"[""A01"", ""A02"", ""A03""]",201.0,A01,F011,49,T1,1,502.5,2026-08-04 09:43,2026-08-06 10:38,shift,3,2935,2886,0
P3694,LAND,F026,LAND,FACILITY,outbound,1,0,"[""A01"", ""A02"", ""A03""]",[],,,A01,204.0,"[""A01"", ""A02"", ""A03""]",204.0,A01,F026,49,T1,1,510.0,2026-08-03 07:14,2026-08-06 08:24,shift,3,4390,4341,0
P3695,F049,F048,FACILITY,FACILITY,shuttle,0,0,[],[],,,A03,254.0,"[""A03"", ""A02"", ""A01""]",34.0,F049,F048,9,T1,1,85.0,2026-08-08 07:52,2026-08-09 23:59,shift,3,2407,2398,0
P3696,F043,F051,FACILITY,FACILITY,shuttle,0,0,[],[],,,A03,279.0,"[""A03"", ""A02"", ""A01""]",35.0,F043,F051,9,T1,1,87.5,2026-08-04 10:17,2026-08-06 10:29,shift,3,2892,2883,0
P3697,F036,LAND,FACILITY,LAND,inbound,0,1,[],"[""A01"", ""A02"", ""A03""]",,,A02,215.0,"[""A02"", ""A01"", ""A03""]",215.0,F036,A02,52,T1,0,537.5,2026-08-06 11:57,2026-08-07 13:00,shift,3,1503,1451,0
P3698,A03,F036,AIRPORT,FACILITY,outbound,0,0,"[""A03""]",[],A03,,A02,215.0,"[""A02"", ""A01"", ""A03""]",231.0,A03,F036,56,T1,1,577.5,2026-08-03 00:00,2026-08-05 16:39,shift,3,3879,3823,0
P3699,LAND,F048,LAND,FACILITY,outbound,1,0,"[""A01"", ""A02"", ""A03""]",[],,,A03,254.0,"[""A03"", ""A02"", ""A01""]",254.0,A03,F048,70,T2,1,635.0,2026-08-07 08:31,2026-08-09 23:59,shift,3,3808,3738,0
P3700,F027,A02,FACILITY,AIRPORT,inbound,0,0,[],"[""A02""]",,A02,A01,191.0,"[""A01"", ""A02"", ""A03""]",198.0,F027,A02,48,T1,0,495.0,2026-08-04 09:06,2026-08-05 10:09,shift,3,1503,1455,0
P3701,F027,F021,FACILITY,FACILITY,shuttle,0,0,[],[],,,A01,218.0,"[""A01"", ""A02"", ""A03""]",37.0,F027,F021,9,T1,1,92.5,2026-08-06 07:19,2026-08-09 07:52,shift,3,4353,4344,0
P3702,F034,LAND,FACILITY,LAND,inbound,0,1,[],"[""A01"", ""A02"", ""A03""]",,,A01,246.0,"[""A01"", ""A02"", ""A03""]",246.0,F034,A01,60,T1,0,615.0,2026-08-04 10:04,2026-08-06 11:25,shift,3,2961,2901,0
P3703,A03,F049,AIRPORT,FACILITY,outbound,0,0,"[""A03""]",[],A03,,A02,239.0,"[""A02"", ""A03"", ""A01""]",243.0,A03,F049,59,T1,1,607.5,2026-08-08 09:40,2026-08-09 11:35,shift,3,1555,1496,0
P3704,F049,LAND,FACILITY,LAND,inbound,0,1,[],"[""A01"", ""A02"", ""A03""]",,,A02,239.0,"[""A02"", ""A03"", ""A01""]",239.0,F049,A02,58,T1,0,597.5,2026-08-08 11:04,2026-08-08 13:50,production,2,166,108,0
P3705,F016,LAND,FACILITY,LAND,inbound,0,1,[],"[""A01"", ""A02"", ""A03""]",,,A01,181.0,"[""A01"", ""A02"", ""A03""]",181.0,F016,A01,44,T1,0,452.5,2026-08-06 16:00,2026-08-07 17:13,shift,3,1513,1469,0
P3706,LAND,F005,LAND,FACILITY,outbound,1,0,"[""A01"", ""A02"", ""A03""]",[],,,A01,190.0,"[""A01"", ""A02"", ""A03""]",190.0,A01,F005,46,T1,1,475.0,2026-08-07 08:13,2026-08-07 10:55,production,2,162,116,0
P3707,F003,LAND,FACILITY,LAND,inbound,0,1,[],"[""A01"", ""A02"", ""A03""]",,,A01,192.0,"[""A01"", ""A02"", ""A03""]",192.0,F003,A01,47,T1,0,480.0,2026-08-03 08:36,2026-08-05 09:57,shift,3,2961,2914,0
P3708,A03,F051,AIRPORT,FACILITY,outbound,0,0,"[""A03""]",[],A03,,A03,279.0,"[""A03"", ""A02"", ""A01""]",279.0,A03,F051,77,T2,1,697.5,2026-08-08 07:26,2026-08-09 23:59,shift,3,2433,2356,0
P3709,F041,F045,FACILITY,FACILITY,shuttle,0,0,[],[],,,A03,260.0,"[""A03"", ""A02"", ""A01""]",20.0,F041,F045,5,T1,1,50.0,2026-08-03 10:20,2026-08-06 10:27,shift,3,4327,4322,0
P3710,F031,F021,FACILITY,FACILITY,shuttle,0,0,[],[],,,A01,218.0,"[""A01"", ""A02"", ""A03""]",44.0,F031,F021,11,T1,1,110.0,2026-08-08 11:14,2026-08-09 23:59,shift,3,2205,2194,0
P3711,A02,F019,AIRPORT,FACILITY,outbound,0,0,"[""A02""]",[],A02,,A01,204.0,"[""A01"", ""A02"", ""A03""]",216.0,A02,F019,52,T1,1,540.0,2026-08-06 15:07,2026-08-06 16:38,emergency,1,91,39,0
P3712,F015,LAND,FACILITY,LAND,inbound,0,1,[],"[""A01"", ""A02"", ""A03""]",,,A01,191.0,"[""A01"", ""A02"", ""A03""]",191.0,F015,A01,46,T1,0,477.5,2026-08-09 09:29,2026-08-09 12:26,production,2,177,131,0
P3713,F034,LAND,FACILITY,LAND,inbound,0,1,[],"[""A01"", ""A02"", ""A03""]",,,A01,246.0,"[""A01"", ""A02"", ""A03""]",246.0,F034,A01,60,T1,0,615.0,2026-08-07 08:05,2026-08-09 23:59,shift,3,3834,3774,0
P3714,LAND,F007,LAND,FACILITY,outbound,1,0,"[""A01"", ""A02"", ""A03""]",[],,,A01,233.0,"[""A01"", ""A02"", ""A03""]",233.0,A01,F007,56,T1,1,582.5,2026-08-07 07:30,2026-08-09 08:51,shift,3,2961,2905,0
P3715,F027,A02,FACILITY,AIRPORT,inbound,0,0,[],"[""A02""]",,A02,A01,191.0,"[""A01"", ""A02"", ""A03""]",198.0,F027,A02,48,T1,0,495.0,2026-08-03 09:06,2026-08-05 10:09,shift,3,2943,2895,0
P3716,F023,LAND,FACILITY,LAND,inbound,0,1,[],"[""A01"", ""A02"", ""A03""]",,,A02,267.0,"[""A02"", ""A01"", ""A03""]",267.0,F023,A02,73,T2,0,667.5,2026-08-07 16:51,2026-08-08 18:16,shift,3,1525,1452,0
P3717,LAND,F037,LAND,FACILITY,outbound,1,0,"[""A01"", ""A02"", ""A03""]",[],,,A03,359.0,"[""A03"", ""A02"", ""A01""]",359.0,A03,F037,98,T2,1,897.5,2026-08-06 06:16,2026-08-06 10:18,production,2,242,144,0
P3718,LAND,F027,LAND,FACILITY,outbound,1,0,"[""A01"", ""A02"", ""A03""]",[],,,A01,191.0,"[""A01"", ""A02"", ""A03""]",191.0,A01,F027,46,T1,1,477.5,2026-08-07 15:07,2026-08-08 16:10,shift,3,1503,1457,0
P3719,F005,LAND,FACILITY,LAND,inbound,0,1,[],"[""A01"", ""A02"", ""A03""]",,,A01,190.0,"[""A01"", ""A02"", ""A03""]",190.0,F005,A01,46,T1,0,475.0,2026-08-03 09:50,2026-08-04 10:42,shift,3,1492,1446,0
P3720,F034,LAND,FACILITY,LAND,inbound,0,1,[],"[""A01"", ""A02"", ""A03""]",,,A01,246.0,"[""A01"", ""A02"", ""A03""]",246.0,F034,A01,60,T1,0,615.0,2026-08-04 10:04,2026-08-07 11:25,shift,3,4401,4341,0
P3721,LAND,F040,LAND,FACILITY,outbound,1,0,"[""A01"", ""A02"", ""A03""]",[],,,A03,342.0,"[""A03"", ""A02"", ""A01""]",342.0,A03,F040,94,T2,1,855.0,2026-08-06 09:13,2026-08-08 11:55,shift,3,3042,2948,0
P3722,F045,LAND,FACILITY,LAND,inbound,0,1,[],"[""A01"", ""A02"", ""A03""]",,,A03,260.0,"[""A03"", ""A02"", ""A01""]",260.0,F045,A03,71,T2,0,650.0,2026-08-07 17:15,2026-08-09 18:38,shift,3,2963,2892,0
P3723,F014,LAND,FACILITY,LAND,inbound,0,1,[],"[""A01"", ""A02"", ""A03""]",,,A01,164.0,"[""A01"", ""A02"", ""A03""]",164.0,F014,A01,40,T1,0,410.0,2026-08-05 07:23,2026-08-05 10:38,production,2,195,155,0
P3724,F047,F049,FACILITY,FACILITY,shuttle,0,0,[],[],,,A02,239.0,"[""A02"", ""A03"", ""A01""]",19.0,F047,F049,5,T1,1,47.5,2026-08-07 16:56,2026-08-07 17:30,emergency,1,34,29,1
P3725,LAND,F009,LAND,FACILITY,outbound,1,0,"[""A01"", ""A02"", ""A03""]",[],,,A01,166.0,"[""A01"", ""A02"", ""A03""]",166.0,A01,F009,40,T1,1,415.0,2026-08-04 07:53,2026-08-06 08:33,shift,3,2920,2880,0
P3726,F004,LAND,FACILITY,LAND,inbound,0,1,[],"[""A01"", ""A02"", ""A03""]",,,A01,197.0,"[""A01"", ""A02"", ""A03""]",197.0,F004,A01,48,T1,0,492.5,2026-08-03 00:00,2026-08-05 10:16,shift,3,3496,3448,0
P3727,LAND,F020,LAND,FACILITY,outbound,1,0,"[""A01"", ""A02"", ""A03""]",[],,,A01,171.0,"[""A01"", ""A02"", ""A03""]",171.0,A01,F020,42,T1,1,427.5,2026-08-03 06:58,2026-08-04 07:57,shift,3,1499,1457,0
P3728,F038,F039,FACILITY,FACILITY,shuttle,0,0,[],[],,,A03,223.0,"[""A03"", ""A02"", ""A01""]",42.0,F038,F039,11,T1,1,105.0,2026-08-09 10:20,2026-08-09 23:59,shift,3,819,808,0
P3729,F016,F005,FACILITY,FACILITY,shuttle,0,0,[],[],,,A01,190.0,"[""A01"", ""A02"", ""A03""]",25.0,F016,F005,6,T1,1,62.5,2026-08-07 11:22,2026-08-08 11:29,shift,3,1447,1441,0
P3730,A03,F050,AIRPORT,FACILITY,outbound,0,0,"[""A03""]",[],A03,,A03,403.0,"[""A03"", ""A02"", ""A01""]",403.0,A03,F050,128,T3,1,1007.5,2026-08-09 09:33,2026-08-09 23:59,shift,3,866,738,0
P3731,F021,LAND,FACILITY,LAND,inbound,0,1,[],"[""A01"", ""A02"", ""A03""]",,,A01,218.0,"[""A01"", ""A02"", ""A03""]",218.0,F021,A01,53,T1,0,545.0,2026-08-06 08:25,2026-08-06 11:22,production,2,177,124,0
P3732,F029,LAND,FACILITY,LAND,inbound,0,1,[],"[""A01"", ""A02"", ""A03""]",,,A01,211.0,"[""A01"", ""A02"", ""A03""]",211.0,F029,A01,51,T1,0,527.5,2026-08-08 10:34,2026-08-09 11:26,shift,3,1492,1441,0
P3733,F015,F009,FACILITY,FACILITY,shuttle,0,0,[],[],,,A01,166.0,"[""A01"", ""A02"", ""A03""]",38.0,F015,F009,10,T1,1,95.0,2026-08-06 10:47,2026-08-09 10:58,shift,3,4331,4321,0
P3734,LAND,F021,LAND,FACILITY,outbound,1,0,"[""A01"", ""A02"", ""A03""]",[],,,A01,218.0,"[""A01"", ""A02"", ""A03""]",218.0,A01,F021,53,T1,1,545.0,2026-08-05 07:44,2026-08-08 08:54,shift,3,4390,4337,0
P3735,F006,LAND,FACILITY,LAND,inbound,0,1,[],"[""A01"", ""A02"", ""A03""]",,,A01,235.0,"[""A01"", ""A02"", ""A03""]",235.0,F006,A01,57,T1,0,587.5,2026-08-03 10:09,2026-08-03 13:16,production,2,187,130,0
P3736,F004,LAND,FACILITY,LAND,inbound,0,1,[],"[""A01"", ""A02"", ""A03""]",,,A01,197.0,"[""A01"", ""A02"", ""A03""]",197.0,F004,A01,48,T1,0,492.5,2026-08-03 09:22,2026-08-05 10:16,shift,3,2934,2886,0
P3737,F020,LAND,FACILITY,LAND,inbound,0,1,[],"[""A01"", ""A02"", ""A03""]",,,A01,171.0,"[""A01"", ""A02"", ""A03""]",171.0,F020,A01,42,T1,0,427.5,2026-08-08 08:49,2026-08-09 23:59,shift,3,2350,2308,0
P3738,F037,F044,FACILITY,FACILITY,shuttle,0,0,[],[],,,A03,317.0,"[""A03"", ""A02"", ""A01""]",54.0,F037,F044,13,T1,1,135.0,2026-08-08 09:04,2026-08-09 23:59,shift,3,2335,2322,0
P3739,F021,LAND,FACILITY,LAND,inbound,0,1,[],"[""A01"", ""A02"", ""A03""]",,,A01,218.0,"[""A01"", ""A02"", ""A03""]",218.0,F021,A01,53,T1,0,545.0,2026-08-03 00:00,2026-08-05 10:09,shift,3,3489,3436,0
P3740,F016,LAND,FACILITY,LAND,inbound,0,1,[],"[""A01"", ""A02"", ""A03""]",,,A01,181.0,"[""A01"", ""A02"", ""A03""]",181.0,F016,A01,44,T1,0,452.5,2026-08-06 16:00,2026-08-07 17:13,shift,3,1513,1469,0
P3741,LAND,F029,LAND,FACILITY,outbound,1,0,"[""A01"", ""A02"", ""A03""]",[],,,A01,211.0,"[""A01"", ""A02"", ""A03""]",211.0,A01,F029,51,T1,1,527.5,2026-08-07 09:07,2026-08-09 23:59,shift,3,3772,3721,0
P3742,F044,LAND,FACILITY,LAND,inbound,0,1,[],"[""A01"", ""A02"", ""A03""]",,,A03,317.0,"[""A03"", ""A02"", ""A01""]",317.0,F044,A03,87,T2,0,792.5,2026-08-07 08:12,2026-08-07 10:28,emergency,1,136,49,0
P3743,F023,A02,FACILITY,AIRPORT,inbound,0,0,[],"[""A02""]",,A02,A02,267.0,"[""A02"", ""A01"", ""A03""]",267.0,F023,A02,73,T2,0,667.5,2026-08-04 07:40,2026-08-05 09:13,shift,3,1533,1460,0
P3744,F005,F017,FACILITY,FACILITY,shuttle,0,0,[],[],,,A01,153.0,"[""A01"", ""A02"", ""A03""]",40.0,F005,F017,10,T1,1,100.0,2026-08-04 08:24,2026-08-06 09:00,shift,3,2916,2906,0
P3745,F039,LAND,FACILITY,LAND,inbound,0,1,[],"[""A01"", ""A02"", ""A03""]",,,A03,223.0,"[""A03"", ""A02"", ""A01""]",223.0,F039,A03,54,T1,0,557.5,2026-08-06 10:37,2026-08-07 11:48,shift,3,1511,1457,0
P3746,F015,LAND,FACILITY,LAND,inbound,0,1,[],"[""A01"", ""A02"", ""A03""]",,,A01,191.0,"[""A01"", ""A02"", ""A03""]",191.0,F015,A01,46,T1,0,477.5,2026-08-05 08:29,2026-08-07 09:15,shift,3,2926,2880,0
P3747,F013,LAND,FACILITY,LAND,inbound,0,1,[],"[""A01"", ""A02"", ""A03""]",,,A01,279.0,"[""A01"", ""A02"", ""A03""]",279.0,F013,A01,77,T2,0,697.5,2026-08-07 09:53,2026-08-09 11:22,shift,3,2969,2892,0
P3748,F042,F040,FACILITY,FACILITY,shuttle,0,0,[],[],,,A03,342.0,"[""A03"", ""A02"", ""A01""]",28.0,F042,F040,7,T1,1,70.0,2026-08-04 09:55,2026-08-07 10:04,shift,3,4329,4322,0
P3749,LAND,F021,LAND,FACILITY,outbound,1,0,"[""A01"", ""A02"", ""A03""]",[],,,A01,218.0,"[""A01"", ""A02"", ""A03""]",218.0,A01,F021,53,T1,1,545.0,2026-08-05 07:44,2026-08-08 08:54,shift,3,4390,4337,0
P3750,F016,F005,FACILITY,FACILITY,shuttle,0,0,[],[],,,A01,190.0,"[""A01"", ""A02"", ""A03""]",25.0,F016,F005,6,T1,1,62.5,2026-08-06 11:22,2026-08-09 11:29,shift,3,4327,4321,0
P3751,LAND,F022,LAND,FACILITY,outbound,1,0,"[""A01"", ""A02"", ""A03""]",[],,,A01,194.0,"[""A01"", ""A02"", ""A03""]",194.0,A01,F022,47,T1,1,485.0,2026-08-03 07:37,2026-08-06 08:57,shift,3,4400,4353,0
P3752,LAND,F019,LAND,FACILITY,outbound,1,0,"[""A01"", ""A02"", ""A03""]",[],,,A01,204.0,"[""A01"", ""A02"", ""A03""]",204.0,A01,F019,49,T1,1,510.0,2026-08-03 00:00,2026-08-04 10:06,shift,3,2046,1997,0
P3753,F032,F025,FACILITY,FACILITY,shuttle,0,0,[],[],,,A01,202.0,"[""A01"", ""A02"", ""A03""]",79.0,F032,F025,19,T1,1,197.5,2026-08-09 08:20,2026-08-09 23:59,shift,3,939,920,0
P3754,F037,LAND,FACILITY,LAND,inbound,0,1,[],"[""A01"", ""A02"", ""A03""]",,,A03,359.0,"[""A03"", ""A02"", ""A01""]",359.0,F037,A03,98,T2,0,897.5,2026-08-03 11:40,2026-08-04 13:42,shift,3,1562,1464,0
P3755,A03,F036,AIRPORT,FACILITY,outbound,0,0,"[""A03""]",[],A03,,A02,215.0,"[""A02"", ""A01"", ""A03""]",231.0,A03,F036,56,T1,1,577.5,2026-08-09 15:17,2026-08-09 23:59,shift,3,522,466,0
P3756,LAND,F028,LAND,FACILITY,outbound,1,0,"[""A01"", ""A02"", ""A03""]",[],,,A01,217.0,"[""A01"", ""A02"", ""A03""]",217.0,A01,F028,53,T1,1,542.5,2026-08-05 06:15,2026-08-06 07:35,shift,3,1520,1467,0
P3757,LAND,F034,LAND,FACILITY,outbound,1,0,"[""A01"", ""A02"", ""A03""]",[],,,A01,246.0,"[""A01"", ""A02"", ""A03""]",246.0,A01,F034,60,T1,1,615.0,2026-08-03 00:00,2026-08-06 09:54,temporary,4,4914,4854,0
P3758,LAND,F036,LAND,FACILITY,outbound,1,0,"[""A01"", ""A02"", ""A03""]",[],,,A02,215.0,"[""A02"", ""A01"", ""A03""]",215.0,A02,F036,52,T1,1,537.5,2026-08-03 00:00,2026-08-04 16:39,shift,3,2439,2387,0
P3759,F039,LAND,FACILITY,LAND,inbound,0,1,[],"[""A01"", ""A02"", ""A03""]",,,A03,223.0,"[""A03"", ""A02"", ""A01""]",223.0,F039,A03,54,T1,0,557.5,2026-08-03 00:00,2026-08-05 09:51,shift,3,3471,3417,0
P3760,LAND,F010,LAND,FACILITY,outbound,1,0,"[""A01"", ""A02"", ""A03""]",[],,,A01,216.0,"[""A01"", ""A02"", ""A03""]",216.0,A01,F010,52,T1,1,540.0,2026-08-08 09:08,2026-08-08 11:48,production,2,160,108,0
P3761,LAND,F004,LAND,FACILITY,outbound,1,0,"[""A01"", ""A02"", ""A03""]",[],,,A01,197.0,"[""A01"", ""A02"", ""A03""]",197.0,A01,F004,48,T1,1,492.5,2026-08-03 00:00,2026-08-05 09:12,shift,3,3432,3384,0
P3762,LAND,F044,LAND,FACILITY,outbound,1,0,"[""A01"", ""A02"", ""A03""]",[],,,A03,317.0,"[""A03"", ""A02"", ""A01""]",317.0,A03,F044,87,T2,1,792.5,2026-08-07 06:21,2026-08-09 08:02,shift,3,2981,2894,0
P3763,LAND,F046,LAND,FACILITY,outbound,1,0,"[""A01"", ""A02"", ""A03""]",[],,,A02,227.0,"[""A02"", ""A03"", ""A01""]",227.0,A02,F046,55,T1,1,567.5,2026-08-08 09:19,2026-08-09 11:02,shift,3,1543,1488,0
P3764,F013,F002,FACILITY,FACILITY,shuttle,0,0,[],[],,,A01,217.0,"[""A01"", ""A02"", ""A03""]",67.0,F013,F002,17,T1,1,167.5,2026-08-06 08:45,2026-08-07 09:07,shift,3,1462,1445,0
P3765,F017,LAND,FACILITY,LAND,inbound,0,1,[],"[""A01"", ""A02"", ""A03""]",,,A01,153.0,"[""A01"", ""A02"", ""A03""]",153.0,F017,A01,37,T1,0,382.5,2026-08-06 10:31,2026-08-08 11:13,shift,3,2922,2885,0
P3766,F001,F005,FACILITY,FACILITY,shuttle,0,0,[],[],,,A01,190.0,"[""A01"", ""A02"", ""A03""]",50.0,F001,F005,12,T1,1,125.0,2026-08-07 10:14,2026-08-09 23:59,shift,3,3705,3693,0
P3767,F021,LAND,FACILITY,LAND,inbound,0,1,[],"[""A01"", ""A02"", ""A03""]",,,A01,218.0,"[""A01"", ""A02"", ""A03""]",218.0,F021,A01,53,T1,0,545.0,2026-08-09 09:41,2026-08-09 23:59,shift,3,858,805,0
P3768,F012,LAND,FACILITY,LAND,inbound,0,1,[],"[""A01"", ""A02"", ""A03""]",,,A01,208.0,"[""A01"", ""A02"", ""A03""]",208.0,F012,A01,50,T1,0,520.0,2026-08-04 11:41,2026-08-05 12:47,shift,3,1506,1456,0
P3769,F015,LAND,FACILITY,LAND,inbound,0,1,[],"[""A01"", ""A02"", ""A03""]",,,A01,191.0,"[""A01"", ""A02"", ""A03""]",191.0,F015,A01,46,T1,0,477.5,2026-08-06 10:20,2026-08-09 23:59,temporary,4,5139,5093,0
P3770,A03,F036,AIRPORT,FACILITY,outbound,0,0,"[""A03""]",[],A03,,A02,215.0,"[""A02"", ""A01"", ""A03""]",231.0,A03,F036,56,T1,1,577.5,2026-08-09 15:17,2026-08-09 23:59,shift,3,522,466,0
P3771,LAND,F049,LAND,FACILITY,outbound,1,0,"[""A01"", ""A02"", ""A03""]",[],,,A02,239.0,"[""A02"", ""A03"", ""A01""]",239.0,A02,F049,58,T1,1,597.5,2026-08-08 09:40,2026-08-09 23:59,shift,3,2299,2241,0
P3772,F035,LAND,FACILITY,LAND,inbound,0,1,[],"[""A01"", ""A02"", ""A03""]",,,A01,258.0,"[""A01"", ""A02"", ""A03""]",258.0,F035,A01,71,T2,0,645.0,2026-08-05 09:43,2026-08-08 11:10,shift,3,4407,4336,0
P3773,F002,LAND,FACILITY,LAND,inbound,0,1,[],"[""A01"", ""A02"", ""A03""]",,,A01,217.0,"[""A01"", ""A02"", ""A03""]",217.0,F002,A01,53,T1,0,542.5,2026-08-06 08:48,2026-08-07 09:57,shift,3,1509,1456,0
P3774,LAND,F043,LAND,FACILITY,outbound,1,0,"[""A01"", ""A02"", ""A03""]",[],,,A03,303.0,"[""A03"", ""A02"", ""A01""]",303.0,A03,F043,83,T2,1,757.5,2026-08-03 10:17,2026-08-06 12:03,shift,3,4426,4343,0
P3775,A01,F010,AIRPORT,FACILITY,outbound,0,0,"[""A01""]",[],A01,,A01,216.0,"[""A01"", ""A02"", ""A03""]",216.0,A01,F010,52,T1,1,540.0,2026-08-08 09:58,2026-08-09 10:57,shift,3,1499,1447,0
P3776,F002,F004,FACILITY,FACILITY,shuttle,0,0,[],[],,,A01,197.0,"[""A01"", ""A02"", ""A03""]",33.0,F002,F004,8,T1,1,82.5,2026-08-03 08:15,2026-08-05 08:56,shift,3,2921,2913,0
P3777,F037,F040,FACILITY,FACILITY,shuttle,0,0,[],[],,,A03,342.0,"[""A03"", ""A02"", ""A01""]",27.0,F037,F040,7,T1,1,67.5,2026-08-03 00:00,2026-08-04 12:23,shift,3,2183,2176,0
P3778,F001,F016,FACILITY,FACILITY,shuttle,0,0,[],[],,,A01,181.0,"[""A01"", ""A02"", ""A03""]",41.0,F001,F016,10,T1,1,102.5,2026-08-03 11:33,2026-08-04 11:46,shift,3,1453,1443,0
P3779,LAND,F002,LAND,FACILITY,outbound,1,0,"[""A01"", ""A02"", ""A03""]",[],,,A01,217.0,"[""A01"", ""A02"", ""A03""]",217.0,A01,F002,53,T1,1,542.5,2026-08-08 07:25,2026-08-09 23:59,shift,3,2434,2381,0
P3780,LAND,F031,LAND,FACILITY,outbound,1,0,"[""A01"", ""A02"", ""A03""]",[],,,A02,242.0,"[""A02"", ""A01"", ""A03""]",242.0,A02,F031,59,T1,1,605.0,2026-08-07 10:14,2026-08-09 23:59,shift,3,3705,3646,0
P3781,F042,F040,FACILITY,FACILITY,shuttle,0,0,[],[],,,A03,342.0,"[""A03"", ""A02"", ""A01""]",28.0,F042,F040,7,T1,1,70.0,2026-08-05 09:15,2026-08-05 11:02,production,2,107,100,0
P3782,LAND,F022,LAND,FACILITY,outbound,1,0,"[""A01"", ""A02"", ""A03""]",[],,,A01,194.0,"[""A01"", ""A02"", ""A03""]",194.0,A01,F022,47,T1,1,485.0,2026-08-06 08:25,2026-08-07 09:31,shift,3,1506,1459,0
P3783,F022,LAND,FACILITY,LAND,inbound,0,1,[],"[""A01"", ""A02"", ""A03""]",,,A01,194.0,"[""A01"", ""A02"", ""A03""]",194.0,F022,A01,47,T1,0,485.0,2026-08-05 09:41,2026-08-08 10:47,shift,3,4386,4339,0
P3784,F009,LAND,FACILITY,LAND,inbound,0,1,[],"[""A01"", ""A02"", ""A03""]",,,A01,166.0,"[""A01"", ""A02"", ""A03""]",166.0,F009,A01,40,T1,0,415.0,2026-08-07 10:24,2026-08-09 23:59,shift,3,3695,3655,0
P3785,F043,LAND,FACILITY,LAND,inbound,0,1,[],"[""A01"", ""A02"", ""A03""]",,,A03,303.0,"[""A03"", ""A02"", ""A01""]",303.0,F043,A03,83,T2,0,757.5,2026-08-04 11:35,2026-08-04 14:48,production,2,193,110,0
P3786,LAND,F011,LAND,FACILITY,outbound,1,0,"[""A01"", ""A02"", ""A03""]",[],,,A01,201.0,"[""A01"", ""A02"", ""A03""]",201.0,A01,F011,49,T1,1,502.5,2026-08-05 06:36,2026-08-09 07:31,temporary,4,5815,5766,0
P3787,F019,F033,FACILITY,FACILITY,shuttle,0,0,[],[],,,A01,227.0,"[""A01"", ""A02"", ""A03""]",24.0,F019,F033,6,T1,1,60.0,2026-08-03 09:47,2026-08-04 09:54,shift,3,1447,1441,0
P3788,F022,A02,FACILITY,AIRPORT,inbound,0,0,[],"[""A02""]",,A02,A01,194.0,"[""A01"", ""A02"", ""A03""]",208.0,F022,A02,50,T1,0,520.0,2026-08-08 10:15,2026-08-09 23:59,shift,3,2264,2214,0
P3789,F008,A01,FACILITY,AIRPORT,inbound,0,0,[],"[""A01""]",,A01,A01,221.0,"[""A01"", ""A02"", ""A03""]",221.0,F008,A01,54,T1,0,552.5,2026-08-07 09:32,2026-08-09 10:49,shift,3,2957,2903,0
P3790,F024,F027,FACILITY,FACILITY,shuttle,0,0,[],[],,,A01,191.0,"[""A01"", ""A02"", ""A03""]",20.0,F024,F027,5,T1,1,50.0,2026-08-05 16:19,2026-08-06 16:24,shift,3,1445,1440,0
P3791,LAND,F032,LAND,FACILITY,outbound,1,0,"[""A01"", ""A02"", ""A03""]",[],,,A02,279.0,"[""A02"", ""A01"", ""A03""]",279.0,A02,F032,77,T2,1,697.5,2026-08-08 06:58,2026-08-09 08:35,shift,3,1537,1460,0
P3792,F020,LAND,FACILITY,LAND,inbound,0,1,[],"[""A01"", ""A02"", ""A03""]",,,A01,171.0,"[""A01"", ""A02"", ""A03""]",171.0,F020,A01,42,T1,0,427.5,2026-08-08 08:49,2026-08-09 23:59,shift,3,2350,2308,0
P3793,LAND,F043,LAND,FACILITY,outbound,1,0,"[""A01"", ""A02"", ""A03""]",[],,,A03,303.0,"[""A03"", ""A02"", ""A01""]",303.0,A03,F043,83,T2,1,757.5,2026-08-06 07:00,2026-08-08 08:46,shift,3,2986,2903,0
P3794,F021,F027,FACILITY,FACILITY,shuttle,0,0,[],[],,,A01,191.0,"[""A01"", ""A02"", ""A03""]",37.0,F021,F027,9,T1,1,92.5,2026-08-03 00:00,2026-08-04 08:06,shift,3,1926,1917,0
P3795,F043,F051,FACILITY,FACILITY,shuttle,0,0,[],[],,,A03,279.0,"[""A03"", ""A02"", ""A01""]",35.0,F043,F051,9,T1,1,87.5,2026-08-04 10:17,2026-08-07 10:29,shift,3,4332,4323,0
P3796,F001,LAND,FACILITY,LAND,inbound,0,1,[],"[""A01"", ""A02"", ""A03""]",,,A01,219.0,"[""A01"", ""A02"", ""A03""]",219.0,F001,A01,53,T1,0,547.5,2026-08-09 07:12,2026-08-09 10:43,production,2,211,158,0
P3797,LAND,F013,LAND,FACILITY,outbound,1,0,"[""A01"", ""A02"", ""A03""]",[],,,A01,279.0,"[""A01"", ""A02"", ""A03""]",279.0,A01,F013,77,T2,1,697.5,2026-08-08 07:53,2026-08-09 09:43,shift,3,1550,1473,0
P3798,F033,LAND,FACILITY,LAND,inbound,0,1,[],"[""A01"", ""A02"", ""A03""]",,,A01,227.0,"[""A01"", ""A02"", ""A03""]",227.0,F033,A01,55,T1,0,567.5,2026-08-08 09:07,2026-08-09 23:59,shift,3,2332,2277,0
P3799,LAND,F030,LAND,FACILITY,outbound,1,0,"[""A01"", ""A02"", ""A03""]",[],,,A01,158.0,"[""A01"", ""A02"", ""A03""]",158.0,A01,F030,38,T1,1,395.0,2026-08-04 09:40,2026-08-06 10:30,shift,3,2930,2892,0
P3800,F045,LAND,FACILITY,LAND,inbound,0,1,[],"[""A01"", ""A02"", ""A03""]",,,A03,260.0,"[""A03"", ""A02"", ""A01""]",260.0,F045,A03,71,T2,0,650.0,2026-08-07 16:22,2026-08-07 20:08,production,2,226,155,0
P3801,F039,LAND,FACILITY,LAND,inbound,0,1,[],"[""A01"", ""A02"", ""A03""]",,,A03,223.0,"[""A03"", ""A02"", ""A01""]",223.0,F039,A03,54,T1,0,557.5,2026-08-03 00:00,2026-08-05 09:51,shift,3,3471,3417,0
P3802,F026,F033,FACILITY,FACILITY,shuttle,0,0,[],[],,,A01,227.0,"[""A01"", ""A02"", ""A03""]",35.0,F026,F033,9,T1,1,87.5,2026-08-06 07:45,2026-08-08 07:55,shift,3,2890,2881,0
P3803,F041,A03,FACILITY,AIRPORT,inbound,0,0,[],"[""A03""]",,A03,A03,278.0,"[""A03"", ""A02"", ""A01""]",278.0,F041,A03,76,T2,0,695.0,2026-08-03 10:52,2026-08-06 13:37,shift,3,4485,4409,0
P3804,F038,F039,FACILITY,FACILITY,shuttle,0,0,[],[],,,A03,223.0,"[""A03"", ""A02"", ""A01""]",42.0,F038,F039,11,T1,1,105.0,2026-08-09 09:45,2026-08-09 12:02,production,2,137,126,0
P3805,F032,LAND,FACILITY,LAND,inbound,0,1,[],"[""A01"", ""A02"", ""A03""]",,,A02,279.0,"[""A02"", ""A01"", ""A03""]",279.0,F032,A02,77,T2,0,697.5,2026-08-08 08:45,2026-08-09 10:02,shift,3,1517,1440,0
P3806,F022,LAND,FACILITY,LAND,inbound,0,1,[],"[""A01"", ""A02"", ""A03""]",,,A01,194.0,"[""A01"", ""A02"", ""A03""]",194.0,F022,A01,47,T1,0,485.0,2026-08-04 09:07,2026-08-06 09:57,shift,3,2930,2883,0
P3807,LAND,F009,LAND,FACILITY,outbound,1,0,"[""A01"", ""A02"", ""A03""]",[],,,A01,166.0,"[""A01"", ""A02"", ""A03""]",166.0,A01,F009,40,T1,1,415.0,2026-08-06 09:28,2026-08-09 23:59,temporary,4,5191,5151,0
P3808,LAND,F014,LAND,FACILITY,outbound,1,0,"[""A01"", ""A02"", ""A03""]",[],,,A01,164.0,"[""A01"", ""A02"", ""A03""]",164.0,A01,F014,40,T1,1,410.0,2026-08-03 00:00,2026-08-07 08:07,temporary,4,6247,6207,0
P3809,LAND,F021,LAND,FACILITY,outbound,1,0,"[""A01"", ""A02"", ""A03""]",[],,,A01,218.0,"[""A01"", ""A02"", ""A03""]",218.0,A01,F021,53,T1,1,545.0,2026-08-03 07:39,2026-08-05 08:49,shift,3,2950,2897,0
P3810,LAND,F023,LAND,FACILITY,outbound,1,0,"[""A01"", ""A02"", ""A03""]",[],,,A02,267.0,"[""A02"", ""A01"", ""A03""]",267.0,A02,F023,73,T2,1,667.5,2026-08-03 06:17,2026-08-05 07:30,shift,3,2953,2880,0
P3811,LAND,F006,LAND,FACILITY,outbound,1,0,"[""A01"", ""A02"", ""A03""]",[],,,A01,235.0,"[""A01"", ""A02"", ""A03""]",235.0,A01,F006,57,T1,1,587.5,2026-08-03 00:00,2026-08-05 10:37,shift,3,3517,3460,0
P3812,F003,LAND,FACILITY,LAND,inbound,0,1,[],"[""A01"", ""A02"", ""A03""]",,,A01,192.0,"[""A01"", ""A02"", ""A03""]",192.0,F003,A01,47,T1,0,480.0,2026-08-03 00:00,2026-08-06 09:57,temporary,4,4917,4870,0
P3813,F051,F038,FACILITY,FACILITY,shuttle,0,0,[],[],,,A03,263.0,"[""A03"", ""A02"", ""A01""]",17.0,F051,F038,5,T1,1,42.5,2026-08-08 09:23,2026-08-09 09:28,shift,3,1445,1440,0
P3814,LAND,F005,LAND,FACILITY,outbound,1,0,"[""A01"", ""A02"", ""A03""]",[],,,A01,190.0,"[""A01"", ""A02"", ""A03""]",190.0,A01,F005,46,T1,1,475.0,2026-08-03 08:48,2026-08-04 09:40,shift,3,1492,1446,0
P3815,LAND,F025,LAND,FACILITY,outbound,1,0,"[""A01"", ""A02"", ""A03""]",[],,,A01,202.0,"[""A01"", ""A02"", ""A03""]",202.0,A01,F025,49,T1,1,505.0,2026-08-03 15:15,2026-08-05 16:46,shift,3,2971,2922,0
P3816,LAND,F027,LAND,FACILITY,outbound,1,0,"[""A01"", ""A02"", ""A03""]",[],,,A01,191.0,"[""A01"", ""A02"", ""A03""]",191.0,A01,F027,46,T1,1,477.5,2026-08-03 07:53,2026-08-05 08:56,shift,3,2943,2897,0
P3817,LAND,F010,LAND,FACILITY,outbound,1,0,"[""A01"", ""A02"", ""A03""]",[],,,A01,216.0,"[""A01"", ""A02"", ""A03""]",216.0,A01,F010,52,T1,1,540.0,2026-08-03 08:32,2026-08-06 09:31,shift,3,4379,4327,0
P3818,F052,LAND,FACILITY,LAND,inbound,0,1,[],"[""A01"", ""A02"", ""A03""]",,,A02,259.0,"[""A02"", ""A03"", ""A01""]",259.0,F052,A02,71,T2,0,647.5,2026-08-05 11:19,2026-08-08 13:10,shift,3,4431,4360,0
P3819,F052,F048,FACILITY,FACILITY,shuttle,0,0,[],[],,,A03,254.0,"[""A03"", ""A02"", ""A01""]",23.0,F052,F048,6,T1,1,57.5,2026-08-08 10:34,2026-08-09 10:42,shift,3,1448,1442,0
P3820,F042,A03,FACILITY,AIRPORT,inbound,0,0,[],"[""A03""]",,A03,A03,368.0,"[""A03"", ""A02"", ""A01""]",368.0,F042,A03,101,T2,0,920.0,2026-08-06 08:20,2026-08-09 10:23,shift,3,4443,4342,0
P3821,F027,LAND,FACILITY,LAND,inbound,0,1,[],"[""A01"", ""A02"", ""A03""]",,,A01,191.0,"[""A01"", ""A02"", ""A03""]",191.0,F027,A01,46,T1,0,477.5,2026-08-07 15:22,2026-08-07 18:32,production,2,190,144,0
P3822,LAND,F020,LAND,FACILITY,outbound,1,0,"[""A01"", ""A02"", ""A03""]",[],,,A01,171.0,"[""A01"", ""A02"", ""A03""]",171.0,A01,F020,42,T1,1,427.5,2026-08-03 06:58,2026-08-05 07:57,shift,3,2939,2897,0
P3823,LAND,F027,LAND,FACILITY,outbound,1,0,"[""A01"", ""A02"", ""A03""]",[],,,A01,191.0,"[""A01"", ""A02"", ""A03""]",191.0,A01,F027,46,T1,1,477.5,2026-08-03 07:53,2026-08-05 08:56,shift,3,2943,2897,0
P3824,LAND,F007,LAND,FACILITY,outbound,1,0,"[""A01"", ""A02"", ""A03""]",[],,,A01,233.0,"[""A01"", ""A02"", ""A03""]",233.0,A01,F007,56,T1,1,582.5,2026-08-03 06:51,2026-08-05 08:05,shift,3,2954,2898,0
P3825,F044,LAND,FACILITY,LAND,inbound,0,1,[],"[""A01"", ""A02"", ""A03""]",,,A03,317.0,"[""A03"", ""A02"", ""A01""]",317.0,F044,A03,87,T2,0,792.5,2026-08-06 08:22,2026-08-08 10:03,shift,3,2981,2894,0
P3826,F040,LAND,FACILITY,LAND,inbound,0,1,[],"[""A01"", ""A02"", ""A03""]",,,A03,342.0,"[""A03"", ""A02"", ""A01""]",342.0,F040,A03,94,T2,0,855.0,2026-08-06 12:05,2026-08-09 14:47,shift,3,4482,4388,0
P3827,F025,LAND,FACILITY,LAND,inbound,0,1,[],"[""A01"", ""A02"", ""A03""]",,,A01,202.0,"[""A01"", ""A02"", ""A03""]",202.0,F025,A01,49,T1,0,505.0,2026-08-07 07:35,2026-08-07 10:30,production,2,175,126,0
P3828,F019,F033,FACILITY,FACILITY,shuttle,0,0,[],[],,,A01,227.0,"[""A01"", ""A02"", ""A03""]",24.0,F019,F033,6,T1,1,60.0,2026-08-03 00:00,2026-08-04 09:54,temporary,4,2034,2028,0
P3829,F039,F048,FACILITY,FACILITY,shuttle,0,0,[],[],,,A03,254.0,"[""A03"", ""A02"", ""A01""]",31.0,F039,F048,8,T1,1,77.5,2026-08-09 07:36,2026-08-09 23:59,shift,3,983,975,0
P3830,F001,LAND,FACILITY,LAND,inbound,0,1,[],"[""A01"", ""A02"", ""A03""]",,,A01,219.0,"[""A01"", ""A02"", ""A03""]",219.0,F001,A01,53,T1,0,547.5,2026-08-05 11:18,2026-08-07 12:42,shift,3,2964,2911,0
P3831,F027,LAND,FACILITY,LAND,inbound,0,1,[],"[""A01"", ""A02"", ""A03""]",,,A01,191.0,"[""A01"", ""A02"", ""A03""]",191.0,F027,A01,46,T1,0,477.5,2026-08-06 16:20,2026-08-08 17:23,shift,3,2943,2897,0
P3832,F019,LAND,FACILITY,LAND,inbound,0,1,[],"[""A01"", ""A02"", ""A03""]",,,A01,204.0,"[""A01"", ""A02"", ""A03""]",204.0,F019,A01,49,T1,0,510.0,2026-08-08 08:20,2026-08-09 23:59,shift,3,2379,2330,0
P3833,F045,F048,FACILITY,FACILITY,shuttle,0,0,[],[],,,A03,254.0,"[""A03"", ""A02"", ""A01""]",45.0,F045,F048,11,T1,1,112.5,2026-08-05 08:40,2026-08-07 09:14,shift,3,2914,2903,0
P3834,F019,F033,FACILITY,FACILITY,shuttle,0,0,[],[],,,A01,227.0,"[""A01"", ""A02"", ""A03""]",24.0,F019,F033,6,T1,1,60.0,2026-08-03 09:47,2026-08-05 09:54,shift,3,2887,2881,0
P3835,F033,LAND,FACILITY,LAND,inbound,0,1,[],"[""A01"", ""A02"", ""A03""]",,,A01,227.0,"[""A01"", ""A02"", ""A03""]",227.0,F033,A01,55,T1,0,567.5,2026-08-05 08:58,2026-08-07 10:14,shift,3,2956,2901,0
P3836,LAND,F015,LAND,FACILITY,outbound,1,0,"[""A01"", ""A02"", ""A03""]",[],,,A01,191.0,"[""A01"", ""A02"", ""A03""]",191.0,A01,F015,46,T1,1,477.5,2026-08-09 08:53,2026-08-09 23:59,shift,3,906,860,0
P3837,F037,F044,FACILITY,FACILITY,shuttle,0,0,[],[],,,A03,317.0,"[""A03"", ""A02"", ""A01""]",54.0,F037,F044,13,T1,1,135.0,2026-08-08 09:04,2026-08-09 23:59,shift,3,2335,2322,0
P3838,F037,A03,FACILITY,AIRPORT,inbound,0,0,[],"[""A03""]",,A03,A03,359.0,"[""A03"", ""A02"", ""A01""]",359.0,F037,A03,98,T2,0,897.5,2026-08-05 09:05,2026-08-08 11:07,shift,3,4442,4344,0
P3839,F004,LAND,FACILITY,LAND,inbound,0,1,[],"[""A01"", ""A02"", ""A03""]",,,A01,197.0,"[""A01"", ""A02"", ""A03""]",197.0,F004,A01,48,T1,0,492.5,2026-08-07 08:53,2026-08-09 10:20,shift,3,2967,2919,0
P3840,LAND,F031,LAND,FACILITY,outbound,1,0,"[""A01"", ""A02"", ""A03""]",[],,,A02,242.0,"[""A02"", ""A01"", ""A03""]",242.0,A02,F031,59,T1,1,605.0,2026-08-05 10:12,2026-08-06 11:18,shift,3,1506,1447,0
P3841,F026,F033,FACILITY,FACILITY,shuttle,0,0,[],[],,,A01,227.0,"[""A01"", ""A02"", ""A03""]",35.0,F026,F033,9,T1,1,87.5,2026-08-05 07:45,2026-08-07 07:55,shift,3,2890,2881,0
P3842,F030,LAND,FACILITY,LAND,inbound,0,1,[],"[""A01"", ""A02"", ""A03""]",,,A01,158.0,"[""A01"", ""A02"", ""A03""]",158.0,F030,A01,38,T1,0,395.0,2026-08-08 10:14,2026-08-08 12:58,production,2,164,126,0
P3843,LAND,F006,LAND,FACILITY,outbound,1,0,"[""A01"", ""A02"", ""A03""]",[],,,A01,235.0,"[""A01"", ""A02"", ""A03""]",235.0,A01,F006,57,T1,1,587.5,2026-08-07 07:00,2026-08-08 08:15,shift,3,1515,1458,0
P3844,A02,F035,AIRPORT,FACILITY,outbound,0,0,"[""A02""]",[],A02,,A01,258.0,"[""A01"", ""A02"", ""A03""]",261.0,A02,F035,72,T2,1,652.5,2026-08-06 07:29,2026-08-06 10:42,production,2,193,121,0
P3845,F008,LAND,FACILITY,LAND,inbound,0,1,[],"[""A01"", ""A02"", ""A03""]",,,A01,221.0,"[""A01"", ""A02"", ""A03""]",221.0,F008,A01,54,T1,0,552.5,2026-08-03 08:37,2026-08-06 09:54,shift,3,4397,4343,0
P3846,LAND,F037,LAND,FACILITY,outbound,1,0,"[""A01"", ""A02"", ""A03""]",[],,,A03,359.0,"[""A03"", ""A02"", ""A01""]",359.0,A03,F037,98,T2,1,897.5,2026-08-06 06:47,2026-08-06 09:08,emergency,1,141,43,0
P3847,LAND,F030,LAND,FACILITY,outbound,1,0,"[""A01"", ""A02"", ""A03""]",[],,,A01,158.0,"[""A01"", ""A02"", ""A03""]",158.0,A01,F030,38,T1,1,395.0,2026-08-08 09:44,2026-08-09 23:59,shift,3,2295,2257,0
P3848,LAND,F020,LAND,FACILITY,outbound,1,0,"[""A01"", ""A02"", ""A03""]",[],,,A01,171.0,"[""A01"", ""A02"", ""A03""]",171.0,A01,F020,42,T1,1,427.5,2026-08-03 06:16,2026-08-03 09:08,production,2,172,130,0
P3849,LAND,F013,LAND,FACILITY,outbound,1,0,"[""A01"", ""A02"", ""A03""]",[],,,A01,279.0,"[""A01"", ""A02"", ""A03""]",279.0,A01,F013,77,T2,1,697.5,2026-08-08 07:53,2026-08-09 23:59,shift,3,2406,2329,0
P3850,LAND,F031,LAND,FACILITY,outbound,1,0,"[""A01"", ""A02"", ""A03""]",[],,,A02,242.0,"[""A02"", ""A01"", ""A03""]",242.0,A02,F031,59,T1,1,605.0,2026-08-05 10:12,2026-08-06 11:18,shift,3,1506,1447,0
P3851,LAND,F037,LAND,FACILITY,outbound,1,0,"[""A01"", ""A02"", ""A03""]",[],,,A03,359.0,"[""A03"", ""A02"", ""A01""]",359.0,A03,F037,98,T2,1,897.5,2026-08-03 09:28,2026-08-04 11:30,shift,3,1562,1464,0
P3852,LAND,F006,LAND,FACILITY,outbound,1,0,"[""A01"", ""A02"", ""A03""]",[],,,A01,235.0,"[""A01"", ""A02"", ""A03""]",235.0,A01,F006,57,T1,1,587.5,2026-08-07 07:00,2026-08-09 08:15,shift,3,2955,2898,0
P3853,F045,LAND,FACILITY,LAND,inbound,0,1,[],"[""A01"", ""A02"", ""A03""]",,,A03,260.0,"[""A03"", ""A02"", ""A01""]",260.0,F045,A03,71,T2,0,650.0,2026-08-03 10:58,2026-08-06 12:21,shift,3,4403,4332,0
P3854,F007,LAND,FACILITY,LAND,inbound,0,1,[],"[""A01"", ""A02"", ""A03""]",,,A01,233.0,"[""A01"", ""A02"", ""A03""]",233.0,F007,A01,56,T1,0,582.5,2026-08-03 08:15,2026-08-05 09:29,shift,3,2954,2898,0
P3855,F047,LAND,FACILITY,LAND,inbound,0,1,[],"[""A01"", ""A02"", ""A03""]",,,A02,241.0,"[""A02"", ""A01"", ""A03""]",241.0,F047,A02,58,T1,0,602.5,2026-08-08 10:53,2026-08-08 14:35,production,2,222,164,0
P3856,LAND,F039,LAND,FACILITY,outbound,1,0,"[""A01"", ""A02"", ""A03""]",[],,,A03,223.0,"[""A03"", ""A02"", ""A01""]",223.0,A03,F039,54,T1,1,557.5,2026-08-06 09:16,2026-08-07 10:27,shift,3,1511,1457,0
P3857,F005,LAND,FACILITY,LAND,inbound,0,1,[],"[""A01"", ""A02"", ""A03""]",,,A01,190.0,"[""A01"", ""A02"", ""A03""]",190.0,F005,A01,46,T1,0,475.0,2026-08-03 09:50,2026-08-05 10:42,shift,3,2932,2886,0
P3858,F021,A02,FACILITY,AIRPORT,inbound,0,0,[],"[""A02""]",,A02,A01,218.0,"[""A01"", ""A02"", ""A03""]",220.0,F021,A02,53,T1,0,550.0,2026-08-06 09:04,2026-08-07 10:14,shift,3,1510,1457,0
P3859,LAND,F019,LAND,FACILITY,outbound,1,0,"[""A01"", ""A02"", ""A03""]",[],,,A01,204.0,"[""A01"", ""A02"", ""A03""]",204.0,A01,F019,49,T1,1,510.0,2026-08-08 07:11,2026-08-09 23:59,shift,3,2448,2399,0
P3860,F026,LAND,FACILITY,LAND,inbound,0,1,[],"[""A01"", ""A02"", ""A03""]",,,A01,204.0,"[""A01"", ""A02"", ""A03""]",204.0,F026,A01,49,T1,0,510.0,2026-08-07 08:53,2026-08-08 09:54,shift,3,1501,1452,0
P3861,F037,LAND,FACILITY,LAND,inbound,0,1,[],"[""A01"", ""A02"", ""A03""]",,,A03,359.0,"[""A03"", ""A02"", ""A01""]",359.0,F037,A03,98,T2,0,897.5,2026-08-06 09:05,2026-08-07 11:07,shift,3,1562,1464,0
P3862,LAND,F026,LAND,FACILITY,outbound,1,0,"[""A01"", ""A02"", ""A03""]",[],,,A01,204.0,"[""A01"", ""A02"", ""A03""]",204.0,A01,F026,49,T1,1,510.0,2026-08-07 07:20,2026-08-09 08:43,shift,3,2963,2914,0
P3863,F022,LAND,FACILITY,LAND,inbound,0,1,[],"[""A01"", ""A02"", ""A03""]",,,A01,194.0,"[""A01"", ""A02"", ""A03""]",194.0,F022,A01,47,T1,0,485.0,2026-08-06 09:41,2026-08-07 10:47,shift,3,1506,1459,0
P3864,F041,F045,FACILITY,FACILITY,shuttle,0,0,[],[],,,A03,260.0,"[""A03"", ""A02"", ""A01""]",20.0,F041,F045,5,T1,1,50.0,2026-08-04 10:20,2026-08-06 10:27,shift,3,2887,2882,0
P3865,F046,LAND,FACILITY,LAND,inbound,0,1,[],"[""A01"", ""A02"", ""A03""]",,,A02,227.0,"[""A02"", ""A03"", ""A01""]",227.0,F046,A02,55,T1,0,567.5,2026-08-05 09:59,2026-08-05 13:16,production,2,197,142,0
P3866,F005,F017,FACILITY,FACILITY,shuttle,0,0,[],[],,,A01,153.0,"[""A01"", ""A02"", ""A03""]",40.0,F005,F017,10,T1,1,100.0,2026-08-04 08:24,2026-08-06 09:00,shift,3,2916,2906,0
P3867,F005,LAND,FACILITY,LAND,inbound,0,1,[],"[""A01"", ""A02"", ""A03""]",,,A01,190.0,"[""A01"", ""A02"", ""A03""]",190.0,F005,A01,46,T1,0,475.0,2026-08-07 10:12,2026-08-09 11:04,shift,3,2932,2886,0
P3868,LAND,F049,LAND,FACILITY,outbound,1,0,"[""A01"", ""A02"", ""A03""]",[],,,A02,239.0,"[""A02"", ""A03"", ""A01""]",239.0,A02,F049,58,T1,1,597.5,2026-08-07 09:40,2026-08-09 23:59,shift,3,3739,3681,0
P3869,F014,F017,FACILITY,FACILITY,shuttle,0,0,[],[],,,A01,153.0,"[""A01"", ""A02"", ""A03""]",38.0,F014,F017,10,T1,1,95.0,2026-08-07 08:33,2026-08-07 11:27,production,2,174,164,0
P3870,F027,LAND,FACILITY,LAND,inbound,0,1,[],"[""A01"", ""A02"", ""A03""]",,,A01,191.0,"[""A01"", ""A02"", ""A03""]",191.0,F027,A01,46,T1,0,477.5,2026-08-07 16:20,2026-08-09 17:23,shift,3,2943,2897,0
P3871,F012,F015,FACILITY,FACILITY,shuttle,0,0,[],[],,,A01,191.0,"[""A01"", ""A02"", ""A03""]",33.0,F012,F015,8,T1,1,82.5,2026-08-06 10:21,2026-08-07 10:30,shift,3,1449,1441,0
P3872,A02,F024,AIRPORT,FACILITY,outbound,0,0,"[""A02""]",[],A02,,A01,211.0,"[""A01"", ""A02"", ""A03""]",219.0,A02,F024,53,T1,1,547.5,2026-08-04 09:30,2026-08-06 10:30,shift,3,2940,2887,0
P3873,F046,F047,FACILITY,FACILITY,shuttle,0,0,[],[],,,A02,241.0,"[""A02"", ""A01"", ""A03""]",15.0,F046,F047,4,T1,1,37.5,2026-08-06 10:00,2026-08-08 10:05,shift,3,2885,2881,0
P3874,F012,LAND,FACILITY,LAND,inbound,0,1,[],"[""A01"", ""A02"", ""A03""]",,,A01,208.0,"[""A01"", ""A02"", ""A03""]",208.0,F012,A01,50,T1,0,520.0,2026-08-07 08:30,2026-08-09 23:59,shift,3,3809,3759,0
P3875,LAND,F002,LAND,FACILITY,outbound,1,0,"[""A01"", ""A02"", ""A03""]",[],,,A01,217.0,"[""A01"", ""A02"", ""A03""]",217.0,A01,F002,53,T1,1,542.5,2026-08-03 06:58,2026-08-05 08:26,shift,3,2968,2915,0
P3876,F004,F007,FACILITY,FACILITY,shuttle,0,0,[],[],,,A01,233.0,"[""A01"", ""A02"", ""A03""]",36.0,F004,F007,9,T1,1,90.0,2026-08-04 07:28,2026-08-04 09:07,production,2,99,90,0
P3877,LAND,F021,LAND,FACILITY,outbound,1,0,"[""A01"", ""A02"", ""A03""]",[],,,A01,218.0,"[""A01"", ""A02"", ""A03""]",218.0,A01,F021,53,T1,1,545.0,2026-08-03 07:39,2026-08-05 08:49,shift,3,2950,2897,0
P3878,F022,F033,FACILITY,FACILITY,shuttle,0,0,[],[],,,A01,227.0,"[""A01"", ""A02"", ""A03""]",33.0,F022,F033,8,T1,1,82.5,2026-08-03 09:47,2026-08-05 09:55,shift,3,2888,2880,0
P3879,LAND,F034,LAND,FACILITY,outbound,1,0,"[""A01"", ""A02"", ""A03""]",[],,,A01,246.0,"[""A01"", ""A02"", ""A03""]",246.0,A01,F034,60,T1,1,615.0,2026-08-04 08:12,2026-08-06 09:54,shift,3,2982,2922,0
P3880,LAND,F009,LAND,FACILITY,outbound,1,0,"[""A01"", ""A02"", ""A03""]",[],,,A01,166.0,"[""A01"", ""A02"", ""A03""]",166.0,A01,F009,40,T1,1,415.0,2026-08-07 09:28,2026-08-09 23:59,shift,3,3751,3711,0
P3881,F025,F027,FACILITY,FACILITY,shuttle,0,0,[],[],,,A01,191.0,"[""A01"", ""A02"", ""A03""]",34.0,F025,F027,9,T1,1,85.0,2026-08-06 09:36,2026-08-07 10:11,shift,3,1475,1466,0
P3882,A01,F005,AIRPORT,FACILITY,outbound,0,0,"[""A01""]",[],A01,,A01,190.0,"[""A01"", ""A02"", ""A03""]",190.0,A01,F005,46,T1,1,475.0,2026-08-07 09:10,2026-08-08 10:02,shift,3,1492,1446,0
P3883,F027,LAND,FACILITY,LAND,inbound,0,1,[],"[""A01"", ""A02"", ""A03""]",,,A01,191.0,"[""A01"", ""A02"", ""A03""]",191.0,F027,A01,46,T1,0,477.5,2026-08-03 09:06,2026-08-06 10:09,shift,3,4383,4337,0
P3884,LAND,F002,LAND,FACILITY,outbound,1,0,"[""A01"", ""A02"", ""A03""]",[],,,A01,217.0,"[""A01"", ""A02"", ""A03""]",217.0,A01,F002,53,T1,1,542.5,2026-08-06 07:29,2026-08-07 08:38,shift,3,1509,1456,0
P3885,LAND,F048,LAND,FACILITY,outbound,1,0,"[""A01"", ""A02"", ""A03""]",[],,,A03,254.0,"[""A03"", ""A02"", ""A01""]",254.0,A03,F048,70,T2,1,635.0,2026-08-05 09:57,2026-08-07 11:34,shift,3,2977,2907,0
P3886,F024,LAND,FACILITY,LAND,inbound,0,1,[],"[""A01"", ""A02"", ""A03""]",,,A01,211.0,"[""A01"", ""A02"", ""A03""]",211.0,F024,A01,51,T1,0,527.5,2026-08-06 11:21,2026-08-09 12:21,shift,3,4380,4329,0
P3887,F012,LAND,FACILITY,LAND,inbound,0,1,[],"[""A01"", ""A02"", ""A03""]",,,A01,208.0,"[""A01"", ""A02"", ""A03""]",208.0,F012,A01,50,T1,0,520.0,2026-08-03 11:41,2026-08-06 12:47,shift,3,4386,4336,0
P3888,LAND,F002,LAND,FACILITY,outbound,1,0,"[""A01"", ""A02"", ""A03""]",[],,,A01,217.0,"[""A01"", ""A02"", ""A03""]",217.0,A01,F002,53,T1,1,542.5,2026-08-08 07:25,2026-08-09 23:59,shift,3,2434,2381,0
P3889,LAND,F050,LAND,FACILITY,outbound,1,0,"[""A01"", ""A02"", ""A03""]",[],,,A03,403.0,"[""A03"", ""A02"", ""A01""]",403.0,A03,F050,128,T3,1,1007.5,2026-08-09 08:48,2026-08-09 13:30,production,2,282,154,0
P3890,F018,LAND,FACILITY,LAND,inbound,0,1,[],"[""A01"", ""A02"", ""A03""]",,,A01,196.0,"[""A01"", ""A02"", ""A03""]",196.0,F018,A01,48,T1,0,490.0,2026-08-03 09:08,2026-08-04 10:00,shift,3,1492,1444,0
P3891,F005,LAND,FACILITY,LAND,inbound,0,1,[],"[""A01"", ""A02"", ""A03""]",,,A01,190.0,"[""A01"", ""A02"", ""A03""]",190.0,F005,A01,46,T1,0,475.0,2026-08-07 10:12,2026-08-08 11:04,shift,3,1492,1446,0
P3892,LAND,F010,LAND,FACILITY,outbound,1,0,"[""A01"", ""A02"", ""A03""]",[],,,A01,216.0,"[""A01"", ""A02"", ""A03""]",216.0,A01,F010,52,T1,1,540.0,2026-08-08 09:58,2026-08-09 10:57,shift,3,1499,1447,0
P3893,F047,LAND,FACILITY,LAND,inbound,0,1,[],"[""A01"", ""A02"", ""A03""]",,,A02,241.0,"[""A02"", ""A01"", ""A03""]",241.0,F047,A02,58,T1,0,602.5,2026-08-08 11:42,2026-08-08 13:56,emergency,1,134,76,0
P3894,F013,LAND,FACILITY,LAND,inbound,0,1,[],"[""A01"", ""A02"", ""A03""]",,,A01,279.0,"[""A01"", ""A02"", ""A03""]",279.0,F013,A01,77,T2,0,697.5,2026-08-04 08:26,2026-08-07 09:55,shift,3,4409,4332,0
P3895,LAND,F021,LAND,FACILITY,outbound,1,0,"[""A01"", ""A02"", ""A03""]",[],,,A01,218.0,"[""A01"", ""A02"", ""A03""]",218.0,A01,F021,53,T1,1,545.0,2026-08-06 07:44,2026-08-07 08:54,shift,3,1510,1457,0
P3896,F010,F007,FACILITY,FACILITY,shuttle,0,0,[],[],,,A01,233.0,"[""A01"", ""A02"", ""A03""]",37.0,F010,F007,9,T1,1,92.5,2026-08-05 07:53,2026-08-06 08:27,shift,3,1474,1465,0
P3897,LAND,F044,LAND,FACILITY,outbound,1,0,"[""A01"", ""A02"", ""A03""]",[],,,A03,317.0,"[""A03"", ""A02"", ""A01""]",317.0,A03,F044,87,T2,1,792.5,2026-08-06 06:21,2026-08-09 08:02,shift,3,4421,4334,0
P3898,LAND,F050,LAND,FACILITY,outbound,1,0,"[""A01"", ""A02"", ""A03""]",[],,,A03,403.0,"[""A03"", ""A02"", ""A01""]",403.0,A03,F050,128,T3,1,1007.5,2026-08-05 07:11,2026-08-06 09:24,shift,3,1573,1445,0
P3899,F007,F002,FACILITY,FACILITY,shuttle,0,0,[],[],,,A01,217.0,"[""A01"", ""A02"", ""A03""]",30.0,F007,F002,8,T1,1,75.0,2026-08-04 10:22,2026-08-07 10:31,shift,3,4329,4321,0
P3900,F021,LAND,FACILITY,LAND,inbound,0,1,[],"[""A01"", ""A02"", ""A03""]",,,A01,218.0,"[""A01"", ""A02"", ""A03""]",218.0,F021,A01,53,T1,0,545.0,2026-08-08 09:41,2026-08-09 23:59,shift,3,2298,2245,0
P3901,F021,LAND,FACILITY,LAND,inbound,0,1,[],"[""A01"", ""A02"", ""A03""]",,,A01,218.0,"[""A01"", ""A02"", ""A03""]",218.0,F021,A01,53,T1,0,545.0,2026-08-08 09:41,2026-08-09 23:59,shift,3,2298,2245,0
P3902,F022,LAND,FACILITY,LAND,inbound,0,1,[],"[""A01"", ""A02"", ""A03""]",,,A01,194.0,"[""A01"", ""A02"", ""A03""]",194.0,F022,A01,47,T1,0,485.0,2026-08-09 10:15,2026-08-09 23:59,shift,3,824,777,0
P3903,LAND,F048,LAND,FACILITY,outbound,1,0,"[""A01"", ""A02"", ""A03""]",[],,,A03,254.0,"[""A03"", ""A02"", ""A01""]",254.0,A03,F048,70,T2,1,635.0,2026-08-07 08:31,2026-08-09 10:21,shift,3,2990,2920,0
P3904,F010,LAND,FACILITY,LAND,inbound,0,1,[],"[""A01"", ""A02"", ""A03""]",,,A01,216.0,"[""A01"", ""A02"", ""A03""]",216.0,F010,A01,52,T1,0,540.0,2026-08-04 08:50,2026-08-04 12:29,production,2,219,167,0
P3905,F039,F052,FACILITY,FACILITY,shuttle,0,0,[],[],,,A02,259.0,"[""A02"", ""A03"", ""A01""]",44.0,F039,F052,11,T1,1,110.0,2026-08-03 10:59,2026-08-06 11:42,shift,3,4363,4352,0
P3906,LAND,F004,LAND,FACILITY,outbound,1,0,"[""A01"", ""A02"", ""A03""]",[],,,A01,197.0,"[""A01"", ""A02"", ""A03""]",197.0,A01,F004,48,T1,1,492.5,2026-08-03 00:00,2026-08-04 09:12,shift,3,1992,1944,0
P3907,F034,LAND,FACILITY,LAND,inbound,0,1,[],"[""A01"", ""A02"", ""A03""]",,,A01,246.0,"[""A01"", ""A02"", ""A03""]",246.0,F034,A01,60,T1,0,615.0,2026-08-05 10:04,2026-08-07 11:25,shift,3,2961,2901,0
P3908,F032,LAND,FACILITY,LAND,inbound,0,1,[],"[""A01"", ""A02"", ""A03""]",,,A02,279.0,"[""A02"", ""A01"", ""A03""]",279.0,F032,A02,77,T2,0,697.5,2026-08-05 08:41,2026-08-07 09:58,shift,3,2957,2880,0
P3909,LAND,F047,LAND,FACILITY,outbound,1,0,"[""A01"", ""A02"", ""A03""]",[],,,A02,241.0,"[""A02"", ""A01"", ""A03""]",241.0,A02,F047,58,T1,1,602.5,2026-08-05 09:18,2026-08-07 11:01,shift,3,2983,2925,0
P3910,F019,A02,FACILITY,AIRPORT,inbound,0,0,[],"[""A02""]",,A02,A01,204.0,"[""A01"", ""A02"", ""A03""]",216.0,F019,A02,52,T1,0,540.0,2026-08-06 16:23,2026-08-08 17:52,shift,3,2969,2917,0
P3911,LAND,F034,LAND,FACILITY,outbound,1,0,"[""A01"", ""A02"", ""A03""]",[],,,A01,246.0,"[""A01"", ""A02"", ""A03""]",246.0,A01,F034,60,T1,1,615.0,2026-08-08 06:13,2026-08-09 07:55,shift,3,1542,1482,0
P3912,F019,F033,FACILITY,FACILITY,shuttle,0,0,[],[],,,A01,227.0,"[""A01"", ""A02"", ""A03""]",24.0,F019,F033,6,T1,1,60.0,2026-08-03 09:47,2026-08-05 09:54,shift,3,2887,2881,0
P3913,F048,LAND,FACILITY,LAND,inbound,0,1,[],"[""A01"", ""A02"", ""A03""]",,,A03,254.0,"[""A03"", ""A02"", ""A01""]",254.0,F048,A03,70,T2,0,635.0,2026-08-07 10:31,2026-08-09 23:59,shift,3,3688,3618,0
P3914,LAND,F026,LAND,FACILITY,outbound,1,0,"[""A01"", ""A02"", ""A03""]",[],,,A01,204.0,"[""A01"", ""A02"", ""A03""]",204.0,A01,F026,49,T1,1,510.0,2026-08-07 07:20,2026-08-08 08:43,shift,3,1523,1474,0
P3915,F040,F041,FACILITY,FACILITY,shuttle,0,0,[],[],,,A03,278.0,"[""A03"", ""A02"", ""A01""]",66.0,F040,F041,16,T1,1,165.0,2026-08-03 08:40,2026-08-05 09:19,shift,3,2919,2903,0
P3916,F003,F007,FACILITY,FACILITY,shuttle,0,0,[],[],,,A01,233.0,"[""A01"", ""A02"", ""A03""]",48.0,F003,F007,12,T1,1,120.0,2026-08-08 09:19,2026-08-09 23:59,shift,3,2320,2308,0
P3917,LAND,F005,LAND,FACILITY,outbound,1,0,"[""A01"", ""A02"", ""A03""]",[],,,A01,190.0,"[""A01"", ""A02"", ""A03""]",190.0,A01,F005,46,T1,1,475.0,2026-08-06 09:10,2026-08-09 10:02,temporary,4,4372,4326,0
P3918,F025,F027,FACILITY,FACILITY,shuttle,0,0,[],[],,,A01,191.0,"[""A01"", ""A02"", ""A03""]",34.0,F025,F027,9,T1,1,85.0,2026-08-05 09:36,2026-08-08 10:11,shift,3,4355,4346,0
P3919,F032,LAND,FACILITY,LAND,inbound,0,1,[],"[""A01"", ""A02"", ""A03""]",,,A02,279.0,"[""A02"", ""A01"", ""A03""]",279.0,F032,A02,77,T2,0,697.5,2026-08-07 08:45,2026-08-09 10:02,shift,3,2957,2880,0
P3920,LAND,F050,LAND,FACILITY,outbound,1,0,"[""A01"", ""A02"", ""A03""]",[],,,A03,403.0,"[""A03"", ""A02"", ""A01""]",403.0,A03,F050,128,T3,1,1007.5,2026-08-05 07:11,2026-08-07 09:24,shift,3,3013,2885,0
P3921,F017,F014,FACILITY,FACILITY,shuttle,0,0,[],[],,,A01,164.0,"[""A01"", ""A02"", ""A03""]",38.0,F017,F014,10,T1,1,95.0,2026-08-06 08:42,2026-08-08 08:54,shift,3,2892,2882,0
P3922,F023,F032,FACILITY,FACILITY,shuttle,0,0,[],[],,,A02,279.0,"[""A02"", ""A01"", ""A03""]",14.0,F023,F032,4,T1,1,35.0,2026-08-04 10:50,2026-08-04 12:51,production,2,121,117,0
P3923,F014,LAND,FACILITY,LAND,inbound,0,1,[],"[""A01"", ""A02"", ""A03""]",,,A01,164.0,"[""A01"", ""A02"", ""A03""]",164.0,F014,A01,40,T1,0,410.0,2026-08-09 09:49,2026-08-09 23:59,shift,3,850,810,0
P3924,F005,F017,FACILITY,FACILITY,shuttle,0,0,[],[],,,A01,153.0,"[""A01"", ""A02"", ""A03""]",40.0,F005,F017,10,T1,1,100.0,2026-08-04 08:24,2026-08-06 09:00,shift,3,2916,2906,0
P3925,LAND,F013,LAND,FACILITY,outbound,1,0,"[""A01"", ""A02"", ""A03""]",[],,,A01,279.0,"[""A01"", ""A02"", ""A03""]",279.0,A01,F013,77,T2,1,697.5,2026-08-04 06:47,2026-08-06 08:16,shift,3,2969,2892,0
P3926,F027,F021,FACILITY,FACILITY,shuttle,0,0,[],[],,,A01,218.0,"[""A01"", ""A02"", ""A03""]",37.0,F027,F021,9,T1,1,92.5,2026-08-07 06:37,2026-08-07 09:17,production,2,160,151,0
P3927,F034,LAND,FACILITY,LAND,inbound,0,1,[],"[""A01"", ""A02"", ""A03""]",,,A01,246.0,"[""A01"", ""A02"", ""A03""]",246.0,F034,A01,60,T1,0,615.0,2026-08-04 10:04,2026-08-06 11:25,shift,3,2961,2901,0
P3928,F021,LAND,FACILITY,LAND,inbound,0,1,[],"[""A01"", ""A02"", ""A03""]",,,A01,218.0,"[""A01"", ""A02"", ""A03""]",218.0,F021,A01,53,T1,0,545.0,2026-08-09 09:41,2026-08-09 23:59,shift,3,858,805,0
P3929,LAND,F033,LAND,FACILITY,outbound,1,0,"[""A01"", ""A02"", ""A03""]",[],,,A01,227.0,"[""A01"", ""A02"", ""A03""]",227.0,A01,F033,55,T1,1,567.5,2026-08-04 07:32,2026-08-06 08:48,shift,3,2956,2901,0
P3930,F051,LAND,FACILITY,LAND,inbound,0,1,[],"[""A01"", ""A02"", ""A03""]",,,A03,279.0,"[""A03"", ""A02"", ""A01""]",279.0,F051,A03,77,T2,0,697.5,2026-08-04 10:57,2026-08-06 12:26,shift,3,2969,2892,0
P3931,F035,LAND,FACILITY,LAND,inbound,0,1,[],"[""A01"", ""A02"", ""A03""]",,,A01,258.0,"[""A01"", ""A02"", ""A03""]",258.0,F035,A01,71,T2,0,645.0,2026-08-05 09:43,2026-08-08 11:10,shift,3,4407,4336,0
P3932,F011,F015,FACILITY,FACILITY,shuttle,0,0,[],[],,,A01,191.0,"[""A01"", ""A02"", ""A03""]",31.0,F011,F015,8,T1,1,77.5,2026-08-05 07:33,2026-08-07 07:41,shift,3,2888,2880,0
P3933,F010,LAND,FACILITY,LAND,inbound,0,1,[],"[""A01"", ""A02"", ""A03""]",,,A01,216.0,"[""A01"", ""A02"", ""A03""]",216.0,F010,A01,52,T1,0,540.0,2026-08-07 11:07,2026-08-09 12:35,shift,3,2968,2916,0
P3934,F048,F039,FACILITY,FACILITY,shuttle,0,0,[],[],,,A03,223.0,"[""A03"", ""A02"", ""A01""]",31.0,F048,F039,8,T1,1,77.5,2026-08-06 10:52,2026-08-09 11:02,shift,3,4330,4322,0
P3935,LAND,F019,LAND,FACILITY,outbound,1,0,"[""A01"", ""A02"", ""A03""]",[],,,A01,204.0,"[""A01"", ""A02"", ""A03""]",204.0,A01,F019,49,T1,1,510.0,2026-08-05 15:14,2026-08-07 16:13,shift,3,2939,2890,0
P3936,F001,LAND,FACILITY,LAND,inbound,0,1,[],"[""A01"", ""A02"", ""A03""]",,,A01,219.0,"[""A01"", ""A02"", ""A03""]",219.0,F001,A01,53,T1,0,547.5,2026-08-03 07:53,2026-08-05 09:10,shift,3,2957,2904,0
P3937,LAND,F020,LAND,FACILITY,outbound,1,0,"[""A01"", ""A02"", ""A03""]",[],,,A01,171.0,"[""A01"", ""A02"", ""A03""]",171.0,A01,F020,42,T1,1,427.5,2026-08-09 07:48,2026-08-09 23:59,shift,3,971,929,0
P3938,A01,F004,AIRPORT,FACILITY,outbound,0,0,"[""A01""]",[],A01,,A01,197.0,"[""A01"", ""A02"", ""A03""]",197.0,A01,F004,48,T1,1,492.5,2026-08-07 07:55,2026-08-08 08:43,shift,3,1488,1440,0
P3939,LAND,F015,LAND,FACILITY,outbound,1,0,"[""A01"", ""A02"", ""A03""]",[],,,A01,191.0,"[""A01"", ""A02"", ""A03""]",191.0,A01,F015,46,T1,1,477.5,2026-08-08 08:53,2026-08-09 23:59,shift,3,2346,2300,0
P3940,LAND,F001,LAND,FACILITY,outbound,1,0,"[""A01"", ""A02"", ""A03""]",[],,,A01,219.0,"[""A01"", ""A02"", ""A03""]",219.0,A01,F001,53,T1,1,547.5,2026-08-09 06:53,2026-08-09 23:59,shift,3,1026,973,0
P3941,F004,F007,FACILITY,FACILITY,shuttle,0,0,[],[],,,A01,233.0,"[""A01"", ""A02"", ""A03""]",36.0,F004,F007,9,T1,1,90.0,2026-08-03 00:00,2026-08-07 08:22,temporary,4,6262,6253,0
P3942,F017,F014,FACILITY,FACILITY,shuttle,0,0,[],[],,,A01,164.0,"[""A01"", ""A02"", ""A03""]",38.0,F017,F014,10,T1,1,95.0,2026-08-07 08:42,2026-08-08 08:54,shift,3,1452,1442,0
P3943,F002,F004,FACILITY,FACILITY,shuttle,0,0,[],[],,,A01,197.0,"[""A01"", ""A02"", ""A03""]",33.0,F002,F004,8,T1,1,82.5,2026-08-04 08:15,2026-08-06 08:56,shift,3,2921,2913,0
P3944,F050,F043,FACILITY,FACILITY,shuttle,0,0,[],[],,,A03,303.0,"[""A03"", ""A02"", ""A01""]",115.0,F050,F043,28,T1,1,287.5,2026-08-07 09:47,2026-08-09 10:39,shift,3,2932,2904,0
P3945,A01,F015,AIRPORT,FACILITY,outbound,0,0,"[""A01""]",[],A01,,A01,191.0,"[""A01"", ""A02"", ""A03""]",191.0,A01,F015,46,T1,1,477.5,2026-08-05 07:02,2026-08-08 08:19,shift,3,4397,4351,0
P3946,F011,F015,FACILITY,FACILITY,shuttle,0,0,[],[],,,A01,191.0,"[""A01"", ""A02"", ""A03""]",31.0,F011,F015,8,T1,1,77.5,2026-08-06 07:33,2026-08-07 07:41,shift,3,1448,1440,0
P3947,LAND,F051,LAND,FACILITY,outbound,1,0,"[""A01"", ""A02"", ""A03""]",[],,,A03,279.0,"[""A03"", ""A02"", ""A01""]",279.0,A03,F051,77,T2,1,697.5,2026-08-08 07:26,2026-08-09 23:59,shift,3,2433,2356,0
P3948,F020,LAND,FACILITY,LAND,inbound,0,1,[],"[""A01"", ""A02"", ""A03""]",,,A01,171.0,"[""A01"", ""A02"", ""A03""]",171.0,F020,A01,42,T1,0,427.5,2026-08-09 07:49,2026-08-09 10:30,production,2,161,119,0
P3949,F024,F027,FACILITY,FACILITY,shuttle,0,0,[],[],,,A01,191.0,"[""A01"", ""A02"", ""A03""]",20.0,F024,F027,5,T1,1,50.0,2026-08-04 16:19,2026-08-06 16:24,shift,3,2885,2880,0
P3950,F039,A03,FACILITY,AIRPORT,inbound,0,0,[],"[""A03""]",,A03,A03,223.0,"[""A03"", ""A02"", ""A01""]",223.0,F039,A03,54,T1,0,557.5,2026-08-06 10:37,2026-08-07 11:48,shift,3,1511,1457,0
P3951,F009,F003,FACILITY,FACILITY,shuttle,0,0,[],[],,,A01,192.0,"[""A01"", ""A02"", ""A03""]",48.0,F009,F003,12,T1,1,120.0,2026-08-04 10:54,2026-08-07 11:38,shift,3,4364,4352,0
P3952,F036,F046,FACILITY,FACILITY,shuttle,0,0,[],[],,,A02,227.0,"[""A02"", ""A03"", ""A01""]",41.0,F036,F046,10,T1,1,102.5,2026-08-03 07:10,2026-08-03 09:05,production,2,115,105,0
P3953,F020,LAND,FACILITY,LAND,inbound,0,1,[],"[""A01"", ""A02"", ""A03""]",,,A01,171.0,"[""A01"", ""A02"", ""A03""]",171.0,F020,A01,42,T1,0,427.5,2026-08-06 08:05,2026-08-08 08:56,shift,3,2931,2889,0
P3954,LAND,F041,LAND,FACILITY,outbound,1,0,"[""A01"", ""A02"", ""A03""]",[],,,A03,278.0,"[""A03"", ""A02"", ""A01""]",278.0,A03,F041,76,T2,1,695.0,2026-08-07 09:51,2026-08-09 12:00,shift,3,3009,2933,0
P3955,LAND,F038,LAND,FACILITY,outbound,1,0,"[""A01"", ""A02"", ""A03""]",[],,,A03,263.0,"[""A03"", ""A02"", ""A01""]",263.0,A03,F038,72,T2,1,657.5,2026-08-06 08:07,2026-08-08 09:31,shift,3,2964,2892,0
P3956,F004,LAND,FACILITY,LAND,inbound,0,1,[],"[""A01"", ""A02"", ""A03""]",,,A01,197.0,"[""A01"", ""A02"", ""A03""]",197.0,F004,A01,48,T1,0,492.5,2026-08-07 08:53,2026-08-08 10:20,shift,3,1527,1479,0
P3957,F011,LAND,FACILITY,LAND,inbound,0,1,[],"[""A01"", ""A02"", ""A03""]",,,A01,201.0,"[""A01"", ""A02"", ""A03""]",201.0,F011,A01,49,T1,0,502.5,2026-08-04 10:58,2026-08-06 11:53,shift,3,2935,2886,0
P3958,F027,LAND,FACILITY,LAND,inbound,0,1,[],"[""A01"", ""A02"", ""A03""]",,,A01,191.0,"[""A01"", ""A02"", ""A03""]",191.0,F027,A01,46,T1,0,477.5,2026-08-04 09:06,2026-08-05 10:09,shift,3,1503,1457,0
P3959,LAND,F042,LAND,FACILITY,outbound,1,0,"[""A01"", ""A02"", ""A03""]",[],,,A03,368.0,"[""A03"", ""A02"", ""A01""]",368.0,A03,F042,101,T2,1,920.0,2026-08-03 09:02,2026-08-06 11:51,shift,3,4489,4388,0
P3960,F041,LAND,FACILITY,LAND,inbound,0,1,[],"[""A01"", ""A02"", ""A03""]",,,A03,278.0,"[""A03"", ""A02"", ""A01""]",278.0,F041,A03,76,T2,0,695.0,2026-08-03 10:52,2026-08-05 13:37,shift,3,3045,2969,0
P3961,A01,F002,AIRPORT,FACILITY,outbound,0,0,"[""A01""]",[],A01,,A01,217.0,"[""A01"", ""A02"", ""A03""]",217.0,A01,F002,53,T1,1,542.5,2026-08-03 00:00,2026-08-04 08:26,shift,3,1946,1893,0
P3962,F039,LAND,FACILITY,LAND,inbound,0,1,[],"[""A01"", ""A02"", ""A03""]",,,A03,223.0,"[""A03"", ""A02"", ""A01""]",223.0,F039,A03,54,T1,0,557.5,2026-08-06 10:37,2026-08-08 11:48,shift,3,2951,2897,0
P3963,LAND,F027,LAND,FACILITY,outbound,1,0,"[""A01"", ""A02"", ""A03""]",[],,,A01,191.0,"[""A01"", ""A02"", ""A03""]",191.0,A01,F027,46,T1,1,477.5,2026-08-04 07:53,2026-08-06 08:56,shift,3,2943,2897,0
P3964,F043,F051,FACILITY,FACILITY,shuttle,0,0,[],[],,,A03,279.0,"[""A03"", ""A02"", ""A01""]",35.0,F043,F051,9,T1,1,87.5,2026-08-05 10:17,2026-08-06 10:29,shift,3,1452,1443,0
P3965,F002,LAND,FACILITY,LAND,inbound,0,1,[],"[""A01"", ""A02"", ""A03""]",,,A01,217.0,"[""A01"", ""A02"", ""A03""]",217.0,F002,A01,53,T1,0,542.5,2026-08-05 08:48,2026-08-07 09:57,shift,3,2949,2896,0
P3966,LAND,F048,LAND,FACILITY,outbound,1,0,"[""A01"", ""A02"", ""A03""]",[],,,A03,254.0,"[""A03"", ""A02"", ""A01""]",254.0,A03,F048,70,T2,1,635.0,2026-08-07 08:31,2026-08-09 10:21,shift,3,2990,2920,0
P3967,F051,LAND,FACILITY,LAND,inbound,0,1,[],"[""A01"", ""A02"", ""A03""]",,,A03,279.0,"[""A03"", ""A02"", ""A01""]",279.0,F051,A03,77,T2,0,697.5,2026-08-09 09:13,2026-08-09 23:59,shift,3,886,809,0
P3968,LAND,F002,LAND,FACILITY,outbound,1,0,"[""A01"", ""A02"", ""A03""]",[],,,A01,217.0,"[""A01"", ""A02"", ""A03""]",217.0,A01,F002,53,T1,1,542.5,2026-08-06 07:29,2026-08-08 08:38,shift,3,2949,2896,0
P3969,A03,F045,AIRPORT,FACILITY,outbound,0,0,"[""A03""]",[],A03,,A03,260.0,"[""A03"", ""A02"", ""A01""]",260.0,A03,F045,71,T2,1,650.0,2026-08-06 15:11,2026-08-08 17:05,shift,3,2994,2923,0
P3970,LAND,F042,LAND,FACILITY,outbound,1,0,"[""A01"", ""A02"", ""A03""]",[],,,A03,368.0,"[""A03"", ""A02"", ""A01""]",368.0,A03,F042,101,T2,1,920.0,2026-08-04 09:02,2026-08-05 11:51,shift,3,1609,1508,0
P3971,F011,LAND,FACILITY,LAND,inbound,0,1,[],"[""A01"", ""A02"", ""A03""]",,,A01,201.0,"[""A01"", ""A02"", ""A03""]",201.0,F011,A01,49,T1,0,502.5,2026-08-08 07:51,2026-08-09 08:46,shift,3,1495,1446,0
P3972,F041,F045,FACILITY,FACILITY,shuttle,0,0,[],[],,,A03,260.0,"[""A03"", ""A02"", ""A01""]",20.0,F041,F045,5,T1,1,50.0,2026-08-04 09:37,2026-08-04 11:39,production,2,122,117,0
P3973,LAND,F014,LAND,FACILITY,outbound,1,0,"[""A01"", ""A02"", ""A03""]",[],,,A01,164.0,"[""A01"", ""A02"", ""A03""]",164.0,A01,F014,40,T1,1,410.0,2026-08-05 06:21,2026-08-05 09:27,production,2,186,146,0
P3974,F039,F052,FACILITY,FACILITY,shuttle,0,0,[],[],,,A02,259.0,"[""A02"", ""A03"", ""A01""]",44.0,F039,F052,11,T1,1,110.0,2026-08-03 10:59,2026-08-05 11:42,shift,3,2923,2912,0
P3975,F008,LAND,FACILITY,LAND,inbound,0,1,[],"[""A01"", ""A02"", ""A03""]",,,A01,221.0,"[""A01"", ""A02"", ""A03""]",221.0,F008,A01,54,T1,0,552.5,2026-08-04 08:37,2026-08-06 09:54,shift,3,2957,2903,0
P3976,F030,F026,FACILITY,FACILITY,shuttle,0,0,[],[],,,A01,204.0,"[""A01"", ""A02"", ""A03""]",59.0,F030,F026,15,T1,1,147.5,2026-08-08 16:11,2026-08-09 23:59,shift,3,1908,1893,0
P3977,F013,LAND,FACILITY,LAND,inbound,0,1,[],"[""A01"", ""A02"", ""A03""]",,,A01,279.0,"[""A01"", ""A02"", ""A03""]",279.0,F013,A01,77,T2,0,697.5,2026-08-05 07:46,2026-08-05 11:22,production,2,216,139,0
P3978,F003,LAND,FACILITY,LAND,inbound,0,1,[],"[""A01"", ""A02"", ""A03""]",,,A01,192.0,"[""A01"", ""A02"", ""A03""]",192.0,F003,A01,47,T1,0,480.0,2026-08-03 08:36,2026-08-04 09:57,shift,3,1521,1474,0
P3979,F010,LAND,FACILITY,LAND,inbound,0,1,[],"[""A01"", ""A02"", ""A03""]",,,A01,216.0,"[""A01"", ""A02"", ""A03""]",216.0,F010,A01,52,T1,0,540.0,2026-08-04 09:41,2026-08-06 11:09,shift,3,2968,2916,0
P3980,F027,LAND,FACILITY,LAND,inbound,0,1,[],"[""A01"", ""A02"", ""A03""]",,,A01,191.0,"[""A01"", ""A02"", ""A03""]",191.0,F027,A01,46,T1,0,477.5,2026-08-03 09:06,2026-08-05 10:09,shift,3,2943,2897,0
P3981,F012,F015,FACILITY,FACILITY,shuttle,0,0,[],[],,,A01,191.0,"[""A01"", ""A02"", ""A03""]",33.0,F012,F015,8,T1,1,82.5,2026-08-05 10:21,2026-08-08 10:30,shift,3,4329,4321,0
P3982,LAND,F019,LAND,FACILITY,outbound,1,0,"[""A01"", ""A02"", ""A03""]",[],,,A01,204.0,"[""A01"", ""A02"", ""A03""]",204.0,A01,F019,49,T1,1,510.0,2026-08-08 07:11,2026-08-09 23:59,shift,3,2448,2399,0
P3983,F007,LAND,FACILITY,LAND,inbound,0,1,[],"[""A01"", ""A02"", ""A03""]",,,A01,233.0,"[""A01"", ""A02"", ""A03""]",233.0,F007,A01,56,T1,0,582.5,2026-08-08 08:29,2026-08-08 10:50,production,2,141,85,0
P3984,LAND,F003,LAND,FACILITY,outbound,1,0,"[""A01"", ""A02"", ""A03""]",[],,,A01,192.0,"[""A01"", ""A02"", ""A03""]",192.0,A01,F003,47,T1,1,480.0,2026-08-03 00:00,2026-08-05 08:26,shift,3,3386,3339,0
P3985,LAND,F015,LAND,FACILITY,outbound,1,0,"[""A01"", ""A02"", ""A03""]",[],,,A01,191.0,"[""A01"", ""A02"", ""A03""]",191.0,A01,F015,46,T1,1,477.5,2026-08-08 08:53,2026-08-09 23:59,shift,3,2346,2300,0
P3986,F040,LAND,FACILITY,LAND,inbound,0,1,[],"[""A01"", ""A02"", ""A03""]",,,A03,342.0,"[""A03"", ""A02"", ""A01""]",342.0,F040,A03,94,T2,0,855.0,2026-08-07 12:05,2026-08-08 14:47,shift,3,1602,1508,0
P3987,LAND,F052,LAND,FACILITY,outbound,1,0,"[""A01"", ""A02"", ""A03""]",[],,,A02,259.0,"[""A02"", ""A03"", ""A01""]",259.0,A02,F052,71,T2,1,647.5,2026-08-08 08:03,2026-08-09 23:59,shift,3,2396,2325,0
P3988,F011,F015,FACILITY,FACILITY,shuttle,0,0,[],[],,,A01,191.0,"[""A01"", ""A02"", ""A03""]",31.0,F011,F015,8,T1,1,77.5,2026-08-05 07:33,2026-08-08 07:41,shift,3,4328,4320,0
P3989,LAND,F037,LAND,FACILITY,outbound,1,0,"[""A01"", ""A02"", ""A03""]",[],,,A03,359.0,"[""A03"", ""A02"", ""A01""]",359.0,A03,F037,98,T2,1,897.5,2026-08-05 06:53,2026-08-08 08:55,shift,3,4442,4344,0
P3990,F009,F003,FACILITY,FACILITY,shuttle,0,0,[],[],,,A01,192.0,"[""A01"", ""A02"", ""A03""]",48.0,F009,F003,12,T1,1,120.0,2026-08-05 10:54,2026-08-06 11:38,shift,3,1484,1472,0
P3991,F038,F045,FACILITY,FACILITY,shuttle,0,0,[],[],,,A03,260.0,"[""A03"", ""A02"", ""A01""]",31.0,F038,F045,8,T1,1,77.5,2026-08-03 00:00,2026-08-05 16:59,shift,3,3899,3891,0
P3992,LAND,F045,LAND,FACILITY,outbound,1,0,"[""A01"", ""A02"", ""A03""]",[],,,A03,260.0,"[""A03"", ""A02"", ""A01""]",260.0,A03,F045,71,T2,1,650.0,2026-08-04 08:02,2026-08-04 12:01,production,2,239,168,0
P3993,F037,LAND,FACILITY,LAND,inbound,0,1,[],"[""A01"", ""A02"", ""A03""]",,,A03,359.0,"[""A03"", ""A02"", ""A01""]",359.0,F037,A03,98,T2,0,897.5,2026-08-03 10:58,2026-08-03 14:54,production,2,236,138,0
P3994,LAND,F014,LAND,FACILITY,outbound,1,0,"[""A01"", ""A02"", ""A03""]",[],,,A01,164.0,"[""A01"", ""A02"", ""A03""]",164.0,A01,F014,40,T1,1,410.0,2026-08-05 07:15,2026-08-06 08:07,shift,3,1492,1452,0
P3995,F003,LAND,FACILITY,LAND,inbound,0,1,[],"[""A01"", ""A02"", ""A03""]",,,A01,192.0,"[""A01"", ""A02"", ""A03""]",192.0,F003,A01,47,T1,0,480.0,2026-08-06 08:09,2026-08-08 09:30,shift,3,2961,2914,0
P3996,LAND,F022,LAND,FACILITY,outbound,1,0,"[""A01"", ""A02"", ""A03""]",[],,,A01,194.0,"[""A01"", ""A02"", ""A03""]",194.0,A01,F022,47,T1,1,485.0,2026-08-03 07:37,2026-08-06 08:57,shift,3,4400,4353,0
P3997,F036,F049,FACILITY,FACILITY,shuttle,0,0,[],[],,,A02,239.0,"[""A02"", ""A03"", ""A01""]",57.0,F036,F049,14,T1,1,142.5,2026-08-09 11:56,2026-08-09 23:59,shift,3,723,709,0
P3998,LAND,F020,LAND,FACILITY,outbound,1,0,"[""A01"", ""A02"", ""A03""]",[],,,A01,171.0,"[""A01"", ""A02"", ""A03""]",171.0,A01,F020,42,T1,1,427.5,2026-08-03 06:58,2026-08-04 07:57,shift,3,1499,1457,0
P3999,F017,F014,FACILITY,FACILITY,shuttle,0,0,[],[],,,A01,164.0,"[""A01"", ""A02"", ""A03""]",38.0,F017,F014,10,T1,1,95.0,2026-08-07 08:42,2026-08-08 08:54,shift,3,1452,1442,0
P4000,F005,LAND,FACILITY,LAND,inbound,0,1,[],"[""A01"", ""A02"", ""A03""]",,,A01,190.0,"[""A01"", ""A02"", ""A03""]",190.0,F005,A01,46,T1,0,475.0,2026-08-03 09:50,2026-08-05 10:42,shift,3,2932,2886,0
