iteration,ranker,candidate_rank,selected,left_index,right_index,base_airport,left_signature,right_signature,left_load,right_load,left_services,right_services,same_cluster_fraction,minimum_distance_km,airport_profile_gap_km,fuel_signature_gap,distance_relatedness,consensus_relatedness,airport_relatedness,fuel_relatedness,capacity_relatedness,static_relatedness_score,context_capacity_score,context_stop_score,context_airport_score,context_relatedness_score,combined_candidate_score,outcome,route_evaluations,technical_stop_searches,augmentation_cache_hits,lower_bound_pruned,augmentation_infeasible,saving_minutes,accepted,evaluated_elapsed_seconds,accepted_elapsed_seconds
0,raw_distance,1,True,97,99,A03,A03|F046|1|P2863,A03|F047|5|P0040+P1063+P1231+P2315+P2850,1,5,F046,F047,0.0,15.0,13.333333333333334,0.1388888888888889,,,,,,,,,,,,improving_not_selected,6,6,0,0,0,147,False,3.692685000001802,
0,raw_distance,2,True,97,103,A03,A03|F046|1|P2863,A03|F049|14|P1520+P2198+P2832+P2893+P2922+P3149+P3191+P3205+P3276+P3416+P3452+P3703+P3771+P3868,1,14,F046,F049,0.0,17.0,11.333333333333334,0.1388888888888889,,,,,,,,,,,,improving_not_selected,4,4,0,0,0,146,False,3.8792425999999978,
0,raw_distance,3,True,15,19,A01,A01|F008|3|P1310+P1334+P3410,A01|F010|12|P0028+P0077+P0375+P0395+P0583+P0631+P0642+P0835+P1907+P2840+P3644+P3775,3,12,F008,F010,0.0,19.0,3.6666666666666665,0.013888888888888888,,,,,,,,,,,,improving_not_selected,4,4,0,0,0,131,False,1.2579530000002705,
0,raw_distance,4,True,99,103,A03,A03|F047|5|P0040+P1063+P1231+P2315+P2850,A03|F049|14|P1520+P2198+P2832+P2893+P2922+P3149+P3191+P3205+P3276+P3416+P3452+P3703+P3771+P3868,5,14,F047,F049,0.0,19.0,2.6666666666666665,0.0,,,,,,,,,,,,improving_not_selected,2,2,0,0,0,142,False,4.186332500001299,
0,raw_distance,5,True,54,62,A02,A02|F025|7|P1886+P2791+P3216+P3506+P3560+P3584+P3815,A02|F029|12|P0226+P1827+P1956+P2101+P2590+P2617+P2683+P2796+P2810+P3402+P3626+P3741,7,12,F025,F029,0.0,24.0,12.666666666666666,0.0,,,,,,,,,,,,improving_not_selected,2,2,0,0,0,117,False,3.010647200004314,
0,raw_distance,6,True,0,37,A01,A01|F001|4|P0036+P0918+P2537+P2942,A01|F019|13|P0045+P0134+P0344+P0493+P0572+P0946+P1099+P1101+P1160+P1164+P1284+P1345+P1500,4,13,F001,F019,0.0,25.0,17.333333333333332,0.027777777777777776,,,,,,,,,,,,improving_not_selected,2,2,0,0,0,127,False,0.37097190000349656,
0,raw_distance,7,True,9,29,A01,A01|F005|11|P0177+P0622+P0879+P0978+P1006+P1078+P1307+P1710+P1910+P3403+P3882,A01|F015|7|P0269+P0476+P0484+P0570+P0637+P1402+P3945,11,7,F005,F015,0.0,25.0,4.0,0.0,,,,,,,,,,,,improving_not_selected,2,2,0,0,0,81,False,0.8317144000029657,
0,raw_distance,8,True,27,29,A01,A01|F014|12|P0061+P0303+P0849+P1095+P1163+P1235+P1805+P1853+P1902+P2120+P2969+P3614,A01|F015|7|P0269+P0476+P0484+P0570+P0637+P1402+P3945,12,7,F014,F015,0.0,27.0,26.666666666666668,0.1388888888888889,,,,,,,,,,,,improving_not_selected,2,2,0,0,0,74,False,2.2202222000050824,
0,raw_distance,9,True,86,90,A03,A03|F041|5|P0227+P0326+P0368+P1137+P2262,A03|F043|14|P0095+P0132+P0520+P0588+P0601+P0778+P0848+P0965+P1050+P1171+P1294+P2636+P3023+P3270,5,14,F041,F043,0.0,28.0,23.0,0.0,,,,,,,,,,,,improving_not_selected,2,2,0,0,0,151,False,3.253909400002158,
0,raw_distance,10,True,3,13,A01,A01|F002|7|P1754+P1771+P2409+P2625+P2819+P3592+P3961,A01|F007|9|P0057+P0480+P0652+P0685+P0786+P0812+P1703+P1838+P2738,7,9,F002,F007,0.0,30.0,14.666666666666666,0.027777777777777776,,,,,,,,,,,,improving_not_selected,4,4,0,0,0,122,False,0.7095563000038965,
0,raw_distance,11,True,21,29,A01,A01|F011|12|P0174+P0284+P0293+P0535+P0707+P0823+P0923+P1529+P1571+P1718+P3108+P3175,A01|F015|7|P0269+P0476+P0484+P0570+P0637+P1402+P3945,12,7,F011,F015,0.0,31.0,13.0,0.125,,,,,,,,,,,,improving_not_selected,2,2,0,0,0,79,False,2.107346500000858,
0,raw_distance,12,True,29,59,A01,A01|F015|7|P0269+P0476+P0484+P0570+P0637+P1402+P3945,A01|F028|12|P0241+P0272+P0289+P0320+P0490+P0559+P0600+P0634+P0700+P0953+P1113+P1179,7,12,F015,F028,0.0,32.0,27.666666666666668,0.16666666666666666,,,,,,,,,,,,improving_not_selected,2,2,0,0,0,92,False,2.3491202000004705,
0,raw_distance,13,True,3,7,A01,A01|F002|7|P1754+P1771+P2409+P2625+P2819+P3592+P3961,A01|F004|11|P0146+P0632+P0908+P1052+P1216+P1264+P1553+P2173+P2793+P3113+P3938,7,11,F002,F004,0.0,33.0,21.333333333333332,0.16666666666666666,,,,,,,,,,,,improving_not_selected,2,2,0,0,0,103,False,0.4916759000043385,
0,raw_distance,14,True,15,21,A01,A01|F008|3|P1310+P1334+P3410,A01|F011|12|P0174+P0284+P0293+P0535+P0707+P0823+P0923+P1529+P1571+P1718+P3108+P3175,3,12,F008,F011,0.0,33.0,22.0,0.19444444444444445,,,,,,,,,,,,improving_not_selected,4,4,0,0,0,113,False,1.5430611000047065,
0,raw_distance,15,True,99,109,A03,A03|F047|5|P0040+P1063+P1231+P2315+P2850,A03|F052|11|P0465+P1035+P2138+P2378+P3105+P3227+P3440+P3587+P3611+P3640+P3987,5,11,F047,F052,0.0,33.0,17.666666666666668,0.08333333333333333,,,,,,,,,,,,improving_not_selected,4,4,0,0,0,162,False,4.356746600002225,
0,raw_distance,16,True,67,74,A02,A02|F032|14|P0099+P0379+P0390+P0422+P0546+P0616+P0618+P0738+P1254+P1300+P1681+P2097+P2351+P3385,A02|F035|5|P0115+P3360+P3552+P3652+P3844,14,5,F032,F035,0.0,35.0,17.333333333333332,0.0,,,,,,,,,,,,improving_not_selected,2,2,0,0,0,138,False,3.1350309000044945,
0,raw_distance,17,True,17,29,A01,A01|F009|11|P0086+P0252+P0860+P1085+P1610+P1743+P1763+P1949+P2163+P3118+P3137,A01|F015|7|P0269+P0476+P0484+P0570+P0637+P1402+P3945,11,7,F009,F015,0.0,38.0,21.333333333333332,0.1527777777777778,,,,,,,,,,,,improving_not_selected,2,2,0,0,0,72,False,1.9413987000007182,
0,raw_distance,18,True,49,74,A02,A02|F023|9|P0068+P0111+P0298+P0611+P0693+P1031+P1482+P2314+P2790,A02|F035|5|P0115+P3360+P3552+P3652+P3844,9,5,F023,F035,0.0,38.0,6.0,0.0,,,,,,,,,,,,improving_not_selected,4,4,0,0,0,158,False,2.7037584999998217,
0,raw_distance,19,True,97,109,A03,A03|F046|1|P2863,A03|F052|11|P0465+P1035+P2138+P2378+P3105+P3227+P3440+P3587+P3611+P3640+P3987,1,11,F046,F052,0.0,38.0,31.0,0.2222222222222222,,,,,,,,,,,,improving_not_selected,6,6,0,0,0,145,False,4.096303800004534,
0,raw_distance,20,True,52,54,A02,A02|F024|12|P0213+P0307+P0433+P0499+P0729+P1905+P2195+P2535+P2572+P3190+P3603+P3872,A02|F025|7|P1886+P2791+P3216+P3506+P3560+P3584+P3815,12,7,F024,F025,0.0,39.0,15.666666666666666,0.1527777777777778,,,,,,,,,,,,improving_not_selected,2,2,0,0,0,98,False,2.8597498000017367,
0,raw_distance,21,True,88,104,A03,A03|F042|10|P0294+P0455+P0617+P0638+P1203+P1767+P2093+P2521+P2730+P2984,A03|F050|8|P0166+P0540+P0643+P0865+P2330+P2972+P3627+P3730,10,8,F042,F050,0.0,40.0,36.333333333333336,0.06944444444444445,,,,,,,,,,,,accepted,2,2,0,0,0,244,True,3.417239599999448,4.356907400004275
0,raw_distance,22,True,0,31,A01,A01|F001|4|P0036+P0918+P2537+P2942,A01|F016|9|P0275+P0423+P0482+P0613+P0647+P0950+P1114+P2472+P2898,4,9,F001,F016,0.0,41.0,35.0,0.2361111111111111,,,,,,,,,,,,improving_not_selected,4,4,0,0,0,99,False,0.2529169000044931,
0,raw_distance,23,True,11,15,A01,A01|F006|16|P0042+P0044+P0089+P0113+P0151+P0158+P0186+P0240+P0244+P0267+P0393+P0718+P0863+P1394+P1611+P3271,A01|F008|3|P1310+P1334+P3410,16,3,F006,F008,0.0,41.0,16.333333333333332,0.1111111111111111,,,,,,,,,,,,improving_not_selected,2,2,0,0,0,112,False,1.0268990000040503,
0,raw_distance,24,True,15,59,A01,A01|F008|3|P1310+P1334+P3410,A01|F028|12|P0241+P0272+P0289+P0320+P0490+P0559+P0600+P0634+P0700+P0953+P1113+P1179,3,12,F008,F028,0.0,41.0,7.333333333333333,0.013888888888888888,,,,,,,,,,,,improving_not_selected,4,4,0,0,0,115,False,1.8181390000027022,
0,raw_distance,25,True,45,74,A02,A02|F021|13|P0008+P0124+P1195+P3158+P3305+P3313+P3406+P3544+P3734+P3749+P3809+P3877+P3895,A02|F035|5|P0115+P3360+P3552+P3652+P3844,13,5,F021,F035,0.0,41.0,40.333333333333336,0.2222222222222222,,,,,,,,,,,,improving_not_selected,2,2,0,0,0,117,False,2.5027072000011685,
0,raw_distance,26,False,77,97,A03,A03|F036|8|P0401+P0709+P1087+P1650+P1817+P3698+P3755+P3770,A03|F046|1|P2863,8,1,F036,F046,0.0,41.0,11.0,0.027777777777777776,,,,,,,,,,,,budget_not_selected,0,0,0,0,0,,False,,
0,raw_distance,27,False,0,23,A01,A01|F001|4|P0036+P0918+P2537+P2942,A01|F012|15|P0004+P0049+P0093+P0228+P0239+P0247+P0266+P0510+P0525+P0561+P0584+P0619+P2131+P2753+P3211,4,15,F001,F012,0.0,42.0,5.333333333333333,0.027777777777777776,,,,,,,,,,,,budget_not_selected,0,0,0,0,0,,False,,
0,raw_distance,28,False,65,74,A02,A02|F031|13|P0188+P0221+P0470+P0845+P1206+P1443+P1467+P1512+P1534+P1772+P1859+P2248+P3041,A02|F035|5|P0115+P3360+P3552+P3652+P3844,13,5,F031,F035,0.0,42.0,19.333333333333332,0.1388888888888889,,,,,,,,,,,,budget_not_selected,0,0,0,0,0,,False,,
0,raw_distance,29,False,77,99,A03,A03|F036|8|P0401+P0709+P1087+P1650+P1817+P3698+P3755+P3770,A03|F047|5|P0040+P1063+P1231+P2315+P2850,8,5,F036,F047,0.0,42.0,24.333333333333332,0.16666666666666666,,,,,,,,,,,,budget_not_selected,0,0,0,0,0,,False,,
0,raw_distance,30,False,82,97,A03,A03|F039|15|P0097+P0714+P0855+P1236+P1407+P1474+P1488+P1559+P1725+P1936+P1969+P2159+P2166+P3048+P3576,A03|F046|1|P2863,15,1,F039,F046,0.0,45.0,5.666666666666667,0.013888888888888888,,,,,,,,,,,,budget_not_selected,0,0,0,0,0,,False,,
0,raw_distance,31,False,29,31,A01,A01|F015|7|P0269+P0476+P0484+P0570+P0637+P1402+P3945,A01|F016|9|P0275+P0423+P0482+P0613+P0647+P0950+P1114+P2472+P2898,7,9,F015,F016,0.0,48.0,16.666666666666668,0.1388888888888889,,,,,,,,,,,,budget_not_selected,0,0,0,0,0,,False,,
0,raw_distance,32,False,62,74,A02,A02|F029|12|P0226+P1827+P1956+P2101+P2590+P2617+P2683+P2796+P2810+P3402+P3626+P3741,A02|F035|5|P0115+P3360+P3552+P3652+P3844,12,5,F029,F035,0.0,49.0,44.333333333333336,0.2361111111111111,,,,,,,,,,,,budget_not_selected,0,0,0,0,0,,False,,
0,raw_distance,33,False,0,9,A01,A01|F001|4|P0036+P0918+P2537+P2942,A01|F005|11|P0177+P0622+P0879+P0978+P1006+P1078+P1307+P1710+P1910+P3403+P3882,4,11,F001,F005,0.0,50.0,22.333333333333332,0.09722222222222222,,,,,,,,,,,,budget_not_selected,0,0,0,0,0,,False,,
0,raw_distance,34,False,97,100,A03,A03|F046|1|P2863,A03|F048|16|P0255+P1217+P1261+P1569+P1604+P1761+P1870+P2022+P2105+P2156+P2369+P2395+P2743+P2914+P3267+P3471,1,16,F046,F048,0.0,50.0,27.666666666666668,0.2222222222222222,,,,,,,,,,,,budget_not_selected,0,0,0,0,0,,False,,
0,raw_distance,35,False,97,101,A03,A03|F046|1|P2863,A03|F048|16|P2396+P2419+P2481+P2604+P2619+P2692+P2712+P2776+P2858+P3027+P3589+P3599+P3699+P3885+P3903+P3966,1,16,F046,F048,0.0,50.0,27.666666666666668,0.2222222222222222,,,,,,,,,,,,budget_not_selected,0,0,0,0,0,,False,,
0,raw_distance,36,False,7,15,A01,A01|F004|11|P0146+P0632+P0908+P1052+P1216+P1264+P1553+P2173+P2793+P3113+P3938,A01|F008|3|P1310+P1334+P3410,11,3,F004,F008,0.0,52.0,21.666666666666668,0.1527777777777778,,,,,,,,,,,,budget_not_selected,0,0,0,0,0,,False,,
0,raw_distance,37,False,8,15,A01,A01|F004|16|P2183+P2362+P2487+P2551+P2669+P2716+P3039+P3053+P3119+P3159+P3243+P3375+P3585+P3598+P3761+P3906,A01|F008|3|P1310+P1334+P3410,16,3,F004,F008,0.0,52.0,21.666666666666668,0.1527777777777778,,,,,,,,,,,,budget_not_selected,0,0,0,0,0,,False,,
0,raw_distance,38,False,29,33,A01,A01|F015|7|P0269+P0476+P0484+P0570+P0637+P1402+P3945,A01|F017|11|P0137+P0418+P0598+P1079+P1380+P1493+P1521+P1745+P2207+P2309+P2999,7,11,F015,F017,0.0,53.0,43.0,0.1388888888888889,,,,,,,,,,,,budget_not_selected,0,0,0,0,0,,False,,
0,raw_distance,39,False,13,15,A01,A01|F007|9|P0057+P0480+P0652+P0685+P0786+P0812+P1703+P1838+P2738,A01|F008|3|P1310+P1334+P3410,9,3,F007,F008,0.0,54.0,14.333333333333334,0.013888888888888888,,,,,,,,,,,,budget_not_selected,0,0,0,0,0,,False,,
0,raw_distance,40,False,3,19,A01,A01|F002|7|P1754+P1771+P2409+P2625+P2819+P3592+P3961,A01|F010|12|P0028+P0077+P0375+P0395+P0583+P0631+P0642+P0835+P1907+P2840+P3644+P3775,7,12,F002,F010,0.0,56.0,3.3333333333333335,0.027777777777777776,,,,,,,,,,,,budget_not_selected,0,0,0,0,0,,False,,
0,raw_distance,41,False,52,74,A02,A02|F024|12|P0213+P0307+P0433+P0499+P0729+P1905+P2195+P2535+P2572+P3190+P3603+P3872,A02|F035|5|P0115+P3360+P3552+P3652+P3844,12,5,F024,F035,0.0,57.0,41.333333333333336,0.2777777777777778,,,,,,,,,,,,budget_not_selected,0,0,0,0,0,,False,,
0,raw_distance,42,False,54,74,A02,A02|F025|7|P1886+P2791+P3216+P3506+P3560+P3584+P3815,A02|F035|5|P0115+P3360+P3552+P3652+P3844,7,5,F025,F035,0.0,57.0,57.0,0.2361111111111111,,,,,,,,,,,,budget_not_selected,0,0,0,0,0,,False,,
0,raw_distance,43,False,15,17,A01,A01|F008|3|P1310+P1334+P3410,A01|F009|11|P0086+P0252+P0860+P1085+P1610+P1743+P1763+P1949+P2163+P3118+P3137,3,11,F008,F009,0.0,59.0,56.333333333333336,0.3055555555555556,,,,,,,,,,,,budget_not_selected,0,0,0,0,0,,False,,
0,raw_distance,44,False,15,18,A01,A01|F008|3|P1310+P1334+P3410,A01|F009|16|P2295+P2415+P2720+P2794+P2805+P2859+P2982+P2991+P3006+P3280+P3464+P3478+P3613+P3725+P3807+P3880,3,16,F008,F009,0.0,59.0,56.333333333333336,0.3055555555555556,,,,,,,,,,,,budget_not_selected,0,0,0,0,0,,False,,
0,raw_distance,45,False,15,29,A01,A01|F008|3|P1310+P1334+P3410,A01|F015|7|P0269+P0476+P0484+P0570+P0637+P1402+P3945,3,7,F008,F015,0.0,64.0,35.0,0.18055555555555555,,,,,,,,,,,,budget_not_selected,0,0,0,0,0,,False,,
0,raw_distance,46,False,15,30,A01,A01|F008|3|P1310+P1334+P3410,A01|F015|16|P0409+P0513+P0605+P0969+P0998+P1080+P1364+P1506+P1774+P1782+P2091+P3098+P3234+P3836+P3939+P3985,3,16,F008,F015,0.0,64.0,35.0,0.18055555555555555,,,,,,,,,,,,budget_not_selected,0,0,0,0,0,,False,,
0,raw_distance,47,False,39,54,A02,A02|F019|12|P0059+P0542+P0957+P1677+P2598+P2822+P3044+P3288+P3409+P3524+P3711+P3982,A02|F025|7|P1886+P2791+P3216+P3506+P3560+P3584+P3815,12,7,F019,F025,0.0,66.0,13.0,0.06944444444444445,,,,,,,,,,,,budget_not_selected,0,0,0,0,0,,False,,
0,raw_distance,48,False,84,86,A03,A03|F040|11|P0140+P0367+P0868+P0880+P1004+P1567+P1598+P1705+P1715+P1750+P2374,A03|F041|5|P0227+P0326+P0368+P1137+P2262,11,5,F040,F041,0.0,66.0,64.66666666666667,0.027777777777777776,,,,,,,,,,,,budget_not_selected,0,0,0,0,0,,False,,
0,raw_distance,49,False,0,61,A01,A01|F001|4|P0036+P0918+P2537+P2942,A01|F029|12|P0159+P0299+P0306+P0449+P0962+P0987+P1077+P1226+P1276+P1738+P1878+P1919,4,12,F001,F029,0.0,67.0,17.666666666666668,0.09722222222222222,,,,,,,,,,,,budget_not_selected,0,0,0,0,0,,False,,
0,raw_distance,50,False,80,97,A03,A03|F038|15|P0238+P0338+P0385+P0399+P0573+P0655+P0721+P0820+P0993+P1913+P2047+P2154+P2544+P2912+P3674,A03|F046|1|P2863,15,1,F038,F046,0.0,67.0,39.0,0.20833333333333334,,,,,,,,,,,,budget_not_selected,0,0,0,0,0,,False,,
0,raw_distance,51,False,81,97,A03,A03|F038|16|P1135+P1278+P1562+P1612+P1766+P1858+P2611+P2643+P2674+P2901+P3004+P3126+P3225+P3610+P3612+P3955,A03|F046|1|P2863,16,1,F038,F046,0.0,67.0,39.0,0.20833333333333334,,,,,,,,,,,,budget_not_selected,0,0,0,0,0,,False,,
0,raw_distance,52,False,84,104,A03,A03|F040|11|P0140+P0367+P0868+P0880+P1004+P1567+P1598+P1705+P1715+P1750+P2374,A03|F050|8|P0166+P0540+P0643+P0865+P2330+P2972+P3627+P3730,11,8,F040,F050,0.0,67.0,63.666666666666664,0.09722222222222222,,,,,,,,,,,,budget_not_selected,0,0,0,0,0,,False,,
0,raw_distance,53,False,0,33,A01,A01|F001|4|P0036+P0918+P2537+P2942,A01|F017|11|P0137+P0418+P0598+P1079+P1380+P1493+P1521+P1745+P2207+P2309+P2999,4,11,F001,F017,0.0,70.0,61.333333333333336,0.2361111111111111,,,,,,,,,,,,budget_not_selected,0,0,0,0,0,,False,,
0,raw_distance,54,False,49,54,A02,A02|F023|9|P0068+P0111+P0298+P0611+P0693+P1031+P1482+P2314+P2790,A02|F025|7|P1886+P2791+P3216+P3506+P3560+P3584+P3815,9,7,F023,F025,0.0,70.0,63.0,0.2361111111111111,,,,,,,,,,,,budget_not_selected,0,0,0,0,0,,False,,
0,raw_distance,55,False,0,29,A01,A01|F001|4|P0036+P0918+P2537+P2942,A01|F015|7|P0269+P0476+P0484+P0570+P0637+P1402+P3945,4,7,F001,F015,0.0,73.0,18.333333333333332,0.09722222222222222,,,,,,,,,,,,budget_not_selected,0,0,0,0,0,,False,,
0,raw_distance,56,False,3,15,A01,A01|F002|7|P1754+P1771+P2409+P2625+P2819+P3592+P3961,A01|F008|3|P1310+P1334+P3410,7,3,F002,F008,0.0,75.0,2.3333333333333335,0.013888888888888888,,,,,,,,,,,,budget_not_selected,0,0,0,0,0,,False,,
0,raw_distance,57,False,77,109,A03,A03|F036|8|P0401+P0709+P1087+P1650+P1817+P3698+P3755+P3770,A03|F052|11|P0465+P1035+P2138+P2378+P3105+P3227+P3440+P3587+P3611+P3640+P3987,8,11,F036,F052,0.0,75.0,42.0,0.25,,,,,,,,,,,,budget_not_selected,0,0,0,0,0,,False,,
0,raw_distance,58,False,15,27,A01,A01|F008|3|P1310+P1334+P3410,A01|F014|12|P0061+P0303+P0849+P1095+P1163+P1235+P1805+P1853+P1902+P2120+P2969+P3614,3,12,F008,F014,0.0,76.0,61.666666666666664,0.3194444444444444,,,,,,,,,,,,budget_not_selected,0,0,0,0,0,,False,,
0,raw_distance,59,False,15,28,A01,A01|F008|3|P1310+P1334+P3410,A01|F014|16|P2127+P2447+P2512+P2561+P2767+P2844+P2908+P2953+P3160+P3475+P3554+P3634+P3651+P3808+P3973+P3994,3,16,F008,F014,0.0,76.0,61.666666666666664,0.3194444444444444,,,,,,,,,,,,budget_not_selected,0,0,0,0,0,,False,,
0,raw_distance,60,False,19,29,A01,A01|F010|12|P0028+P0077+P0375+P0395+P0583+P0631+P0642+P0835+P1907+P2840+P3644+P3775,A01|F015|7|P0269+P0476+P0484+P0570+P0637+P1402+P3945,12,7,F010,F015,0.0,77.0,31.333333333333332,0.16666666666666666,,,,,,,,,,,,budget_not_selected,0,0,0,0,0,,False,,
0,raw_distance,61,False,54,70,A02,A02|F025|7|P1886+P2791+P3216+P3506+P3560+P3584+P3815,A02|F033|12|P0660+P0761+P1198+P1462+P2397+P2940+P3002+P3303+P3352+P3542+P3649+P3929,7,12,F025,F033,0.0,80.0,36.333333333333336,0.09722222222222222,,,,,,,,,,,,budget_not_selected,0,0,0,0,0,,False,,
0,raw_distance,62,False,70,74,A02,A02|F033|12|P0660+P0761+P1198+P1462+P2397+P2940+P3002+P3303+P3352+P3542+P3649+P3929,A02|F035|5|P0115+P3360+P3552+P3652+P3844,12,5,F033,F035,0.0,80.0,20.666666666666668,0.1388888888888889,,,,,,,,,,,,budget_not_selected,0,0,0,0,0,,False,,
0,raw_distance,63,False,86,109,A03,A03|F041|5|P0227+P0326+P0368+P1137+P2262,A03|F052|11|P0465+P1035+P2138+P2378+P3105+P3227+P3440+P3587+P3611+P3640+P3987,5,11,F041,F052,0.0,80.0,29.0,0.027777777777777776,,,,,,,,,,,,budget_not_selected,0,0,0,0,0,,False,,
0,raw_distance,64,False,15,25,A01,A01|F008|3|P1310+P1334+P3410,A01|F013|15|P0229+P0417+P0419+P0453+P0648+P0672+P0785+P0870+P0912+P1139+P1153+P2464+P3092+P3150+P3176,3,15,F008,F013,0.0,81.0,60.333333333333336,0.09722222222222222,,,,,,,,,,,,budget_not_selected,0,0,0,0,0,,False,,
0,raw_distance,65,False,15,26,A01,A01|F008|3|P1310+P1334+P3410,A01|F013|16|P1296+P1897+P1992+P2044+P2061+P2343+P2463+P2807+P3202+P3277+P3466+P3572+P3676+P3797+P3849+P3925,3,16,F008,F013,0.0,81.0,60.333333333333336,0.09722222222222222,,,,,,,,,,,,budget_not_selected,0,0,0,0,0,,False,,
0,raw_distance,66,False,97,106,A03,A03|F046|1|P2863,A03|F051|16|P0102+P0184+P0349+P0446+P0462+P0502+P0530+P0541+P0797+P0856+P0904+P0997+P1081+P1684+P1723+P3708,1,16,F046,F051,0.0,82.0,55.666666666666664,0.2222222222222222,,,,,,,,,,,,budget_not_selected,0,0,0,0,0,,False,,
0,raw_distance,67,False,97,107,A03,A03|F046|1|P2863,A03|F051|17|P1926+P1962+P2059+P2217+P2218+P2228+P2558+P2562+P2726+P2847+P2930+P2945+P3082+P3167+P3184+P3253+P3947,1,17,F046,F051,0.0,82.0,55.666666666666664,0.2222222222222222,,,,,,,,,,,,budget_not_selected,0,0,0,0,0,,False,,
0,raw_distance,68,False,39,74,A02,A02|F019|12|P0059+P0542+P0957+P1677+P2598+P2822+P3044+P3288+P3409+P3524+P3711+P3982,A02|F035|5|P0115+P3360+P3552+P3652+P3844,12,5,F019,F035,0.0,83.0,44.0,0.16666666666666666,,,,,,,,,,,,budget_not_selected,0,0,0,0,0,,False,,
0,raw_distance,69,False,0,27,A01,A01|F001|4|P0036+P0918+P2537+P2942,A01|F014|12|P0061+P0303+P0849+P1095+P1163+P1235+P1805+P1853+P1902+P2120+P2969+P3614,4,12,F001,F014,0.0,85.0,45.0,0.2361111111111111,,,,,,,,,,,,budget_not_selected,0,0,0,0,0,,False,,
0,raw_distance,70,False,9,15,A01,A01|F005|11|P0177+P0622+P0879+P0978+P1006+P1078+P1307+P1710+P1910+P3403+P3882,A01|F008|3|P1310+P1334+P3410,11,3,F005,F008,0.0,88.0,39.0,0.18055555555555555,,,,,,,,,,,,budget_not_selected,0,0,0,0,0,,False,,
0,raw_distance,71,False,10,15,A01,A01|F005|16|P1933+P2027+P2062+P2096+P2165+P2202+P2334+P2540+P2661+P2725+P3074+P3363+P3624+P3706+P3814+P3917,A01|F008|3|P1310+P1334+P3410,16,3,F005,F008,0.0,88.0,39.0,0.18055555555555555,,,,,,,,,,,,budget_not_selected,0,0,0,0,0,,False,,
0,raw_distance,72,False,78,86,A03,A03|F037|12|P0199+P0260+P0330+P0911+P0980+P1009+P1042+P1221+P1477+P1484+P2048+P2956,A03|F041|5|P0227+P0326+P0368+P1137+P2262,12,5,F037,F041,0.0,88.0,84.33333333333333,0.08333333333333333,,,,,,,,,,,,budget_not_selected,0,0,0,0,0,,False,,
0,raw_distance,73,False,15,23,A01,A01|F008|3|P1310+P1334+P3410,A01|F012|15|P0004+P0049+P0093+P0228+P0239+P0247+P0266+P0510+P0525+P0561+P0584+P0619+P2131+P2753+P3211,3,15,F008,F012,0.0,89.0,21.333333333333332,0.1111111111111111,,,,,,,,,,,,budget_not_selected,0,0,0,0,0,,False,,
0,raw_distance,74,False,15,63,A01,A01|F008|3|P1310+P1334+P3410,A01|F030|16|P0169+P0332+P0347+P0357+P0479+P0562+P0661+P1007+P1086+P1200+P1324+P1376+P1739+P1804+P2026+P2086,3,16,F008,F030,0.0,89.0,69.33333333333333,0.3194444444444444,,,,,,,,,,,,budget_not_selected,0,0,0,0,0,,False,,
0,raw_distance,75,False,0,59,A01,A01|F001|4|P0036+P0918+P2537+P2942,A01|F028|12|P0241+P0272+P0289+P0320+P0490+P0559+P0600+P0634+P0700+P0953+P1113+P1179,4,12,F001,F028,0.0,91.0,10.666666666666666,0.09722222222222222,,,,,,,,,,,,budget_not_selected,0,0,0,0,0,,False,,
0,raw_distance,76,False,94,97,A03,A03|F045|16|P0365+P0430+P0568+P0673+P0741+P0776+P0781+P0801+P0805+P0826+P0829+P1640+P1785+P1803+P2939+P3969,A03|F046|1|P2863,16,1,F045,F046,0.0,92.0,41.0,0.2222222222222222,,,,,,,,,,,,budget_not_selected,0,0,0,0,0,,False,,
0,raw_distance,77,False,86,88,A03,A03|F041|5|P0227+P0326+P0368+P1137+P2262,A03|F042|10|P0294+P0455+P0617+P0638+P1203+P1767+P2093+P2521+P2730+P2984,5,10,F041,F042,0.0,93.0,92.0,0.05555555555555555,,,,,,,,,,,,budget_not_selected,0,0,0,0,0,,False,,
0,raw_distance,78,False,86,103,A03,A03|F041|5|P0227+P0326+P0368+P1137+P2262,A03|F049|14|P1520+P2198+P2832+P2893+P2922+P3149+P3191+P3205+P3276+P3416+P3452+P3703+P3771+P3868,5,14,F041,F049,0.0,94.0,48.666666666666664,0.1111111111111111,,,,,,,,,,,,budget_not_selected,0,0,0,0,0,,False,,
0,raw_distance,79,False,7,29,A01,A01|F004|11|P0146+P0632+P0908+P1052+P1216+P1264+P1553+P2173+P2793+P3113+P3938,A01|F015|7|P0269+P0476+P0484+P0570+P0637+P1402+P3945,11,7,F004,F015,0.0,95.0,13.333333333333334,0.027777777777777776,,,,,,,,,,,,budget_not_selected,0,0,0,0,0,,False,,
0,raw_distance,80,False,48,74,A02,A02|F022|14|P2597+P2711+P2809+P3042+P3079+P3083+P3345+P3509+P3532+P3602+P3623+P3751+P3782+P3996,A02|F035|5|P0115+P3360+P3552+P3652+P3844,14,5,F022,F035,0.0,97.0,52.0,0.3055555555555556,,,,,,,,,,,,budget_not_selected,0,0,0,0,0,,False,,
0,raw_distance,81,False,3,21,A01,A01|F002|7|P1754+P1771+P2409+P2625+P2819+P3592+P3961,A01|F011|12|P0174+P0284+P0293+P0535+P0707+P0823+P0923+P1529+P1571+P1718+P3108+P3175,7,12,F002,F011,0.0,99.0,21.666666666666668,0.20833333333333334,,,,,,,,,,,,budget_not_selected,0,0,0,0,0,,False,,
0,raw_distance,82,False,3,17,A01,A01|F002|7|P1754+P1771+P2409+P2625+P2819+P3592+P3961,A01|F009|11|P0086+P0252+P0860+P1085+P1610+P1743+P1763+P1949+P2163+P3118+P3137,7,11,F002,F009,0.0,100.0,56.0,0.3194444444444444,,,,,,,,,,,,budget_not_selected,0,0,0,0,0,,False,,
0,raw_distance,83,False,0,21,A01,A01|F001|4|P0036+P0918+P2537+P2942,A01|F011|12|P0174+P0284+P0293+P0535+P0707+P0823+P0923+P1529+P1571+P1718+P3108+P3175,4,12,F001,F011,0.0,101.0,10.0,0.1111111111111111,,,,,,,,,,,,budget_not_selected,0,0,0,0,0,,False,,
0,raw_distance,84,False,0,17,A01,A01|F001|4|P0036+P0918+P2537+P2942,A01|F009|11|P0086+P0252+P0860+P1085+P1610+P1743+P1763+P1949+P2163+P3118+P3137,4,11,F001,F009,0.0,107.0,39.666666666666664,0.25,,,,,,,,,,,,budget_not_selected,0,0,0,0,0,,False,,
0,raw_distance,85,False,86,97,A03,A03|F041|5|P0227+P0326+P0368+P1137+P2262,A03|F046|1|P2863,5,1,F041,F046,0.0,110.0,60.0,0.25,,,,,,,,,,,,budget_not_selected,0,0,0,0,0,,False,,
0,raw_distance,86,False,87,97,A03,A03|F041|16|P0377+P0519+P0657+P0794+P1479+P1556+P1742+P1850+P1978+P2178+P2650+P2871+P2966+P3089+P3423+P3954,A03|F046|1|P2863,16,1,F041,F046,0.0,110.0,60.0,0.25,,,,,,,,,,,,budget_not_selected,0,0,0,0,0,,False,,
0,raw_distance,87,False,86,99,A03,A03|F041|5|P0227+P0326+P0368+P1137+P2262,A03|F047|5|P0040+P1063+P1231+P2315+P2850,5,5,F041,F047,0.0,111.0,46.666666666666664,0.1111111111111111,,,,,,,,,,,,budget_not_selected,0,0,0,0,0,,False,,
0,raw_distance,88,False,15,31,A01,A01|F008|3|P1310+P1334+P3410,A01|F016|9|P0275+P0423+P0482+P0613+P0647+P0950+P1114+P2472+P2898,3,9,F008,F016,0.0,112.0,51.666666666666664,0.3194444444444444,,,,,,,,,,,,budget_not_selected,0,0,0,0,0,,False,,
0,raw_distance,89,False,15,32,A01,A01|F008|3|P1310+P1334+P3410,A01|F016|16|P1347+P1537+P1579+P1582+P1680+P1697+P2185+P2192+P2227+P2731+P2736+P3170+P3192+P3316+P3356+P3427,3,16,F008,F016,0.0,112.0,51.666666666666664,0.3194444444444444,,,,,,,,,,,,budget_not_selected,0,0,0,0,0,,False,,
0,raw_distance,90,False,15,33,A01,A01|F008|3|P1310+P1334+P3410,A01|F017|11|P0137+P0418+P0598+P1079+P1380+P1493+P1521+P1745+P2207+P2309+P2999,3,11,F008,F017,0.0,112.0,78.0,0.3194444444444444,,,,,,,,,,,,budget_not_selected,0,0,0,0,0,,False,,
0,raw_distance,91,False,15,34,A01,A01|F008|3|P1310+P1334+P3410,A01|F017|16|P2043+P2137+P2139+P2152+P2229+P2499+P2682+P2789+P2825+P2836+P3112+P3240+P3279+P3310+P3655+P3684,3,16,F008,F017,0.0,112.0,78.0,0.3194444444444444,,,,,,,,,,,,budget_not_selected,0,0,0,0,0,,False,,
0,raw_distance,92,False,56,74,A02,A02|F026|14|P0230+P0574+P2408+P2710+P2867+P2971+P3013+P3174+P3320+P3582+P3658+P3694+P3862+P3914,A02|F035|5|P0115+P3360+P3552+P3652+P3844,14,5,F026,F035,0.0,112.0,39.0,0.16666666666666666,,,,,,,,,,,,budget_not_selected,0,0,0,0,0,,False,,
0,raw_distance,93,False,13,29,A01,A01|F007|9|P0057+P0480+P0652+P0685+P0786+P0812+P1703+P1838+P2738,A01|F015|7|P0269+P0476+P0484+P0570+P0637+P1402+P3945,9,7,F007,F015,0.0,113.0,49.333333333333336,0.16666666666666666,,,,,,,,,,,,budget_not_selected,0,0,0,0,0,,False,,
0,raw_distance,94,False,3,59,A01,A01|F002|7|P1754+P1771+P2409+P2625+P2819+P3592+P3961,A01|F028|12|P0241+P0272+P0289+P0320+P0490+P0559+P0600+P0634+P0700+P0953+P1113+P1179,7,12,F002,F028,0.0,114.0,7.0,0.027777777777777776,,,,,,,,,,,,budget_not_selected,0,0,0,0,0,,False,,
0,raw_distance,95,False,42,74,A02,A02|F020|14|P0635+P2429+P3026+P3060+P3093+P3278+P3341+P3483+P3633+P3727+P3822+P3848+P3937+P3998,A02|F035|5|P0115+P3360+P3552+P3652+P3844,14,5,F020,F035,0.0,114.0,74.33333333333333,0.375,,,,,,,,,,,,budget_not_selected,0,0,0,0,0,,False,,
0,raw_distance,96,False,90,99,A03,A03|F043|14|P0095+P0132+P0520+P0588+P0601+P0778+P0848+P0965+P1050+P1171+P1294+P2636+P3023+P3270,A03|F047|5|P0040+P1063+P1231+P2315+P2850,14,5,F043,F047,0.0,115.0,69.66666666666667,0.1111111111111111,,,,,,,,,,,,budget_not_selected,0,0,0,0,0,,False,,
0,raw_distance,97,False,90,97,A03,A03|F043|14|P0095+P0132+P0520+P0588+P0601+P0778+P0848+P0965+P1050+P1171+P1294+P2636+P3023+P3270,A03|F046|1|P2863,14,1,F043,F046,0.0,117.0,83.0,0.25,,,,,,,,,,,,budget_not_selected,0,0,0,0,0,,False,,
0,raw_distance,98,False,91,97,A03,A03|F043|16|P1316+P1327+P1450+P1615+P1855+P1948+P2206+P2442+P2477+P2648+P2766+P3094+P3459+P3510+P3774+P3793,A03|F046|1|P2863,16,1,F043,F046,0.0,117.0,83.0,0.25,,,,,,,,,,,,budget_not_selected,0,0,0,0,0,,False,,
0,raw_distance,99,False,3,27,A01,A01|F002|7|P1754+P1771+P2409+P2625+P2819+P3592+P3961,A01|F014|12|P0061+P0303+P0849+P1095+P1163+P1235+P1805+P1853+P1902+P2120+P2969+P3614,7,12,F002,F014,0.0,124.0,61.333333333333336,0.3333333333333333,,,,,,,,,,,,budget_not_selected,0,0,0,0,0,,False,,
0,raw_distance,100,False,3,29,A01,A01|F002|7|P1754+P1771+P2409+P2625+P2819+P3592+P3961,A01|F015|7|P0269+P0476+P0484+P0570+P0637+P1402+P3945,7,7,F002,F015,0.0,127.0,34.666666666666664,0.19444444444444445,,,,,,,,,,,,budget_not_selected,0,0,0,0,0,,False,,
0,raw_distance,101,False,29,61,A01,A01|F015|7|P0269+P0476+P0484+P0570+P0637+P1402+P3945,A01|F029|12|P0159+P0299+P0306+P0449+P0962+P0987+P1077+P1226+P1276+P1738+P1878+P1919,7,12,F015,F029,0.0,128.0,13.333333333333334,0.1388888888888889,,,,,,,,,,,,budget_not_selected,0,0,0,0,0,,False,,
0,raw_distance,102,False,54,64,A02,A02|F025|7|P1886+P2791+P3216+P3506+P3560+P3584+P3815,A02|F030|10|P0448+P2098+P2453+P3096+P3117+P3531+P3615+P3686+P3799+P3847,7,10,F025,F030,0.0,128.0,22.333333333333332,0.1388888888888889,,,,,,,,,,,,budget_not_selected,0,0,0,0,0,,False,,
0,raw_distance,103,False,15,40,A01,A01|F008|3|P1310+P1334+P3410,A01|F020|16|P0249+P0350+P0421+P0436+P0440+P0458+P0492+P0612+P1119+P1120+P1315+P1329+P1333+P1343+P1358+P1365,3,16,F008,F020,0.0,130.0,64.33333333333333,0.3194444444444444,,,,,,,,,,,,budget_not_selected,0,0,0,0,0,,False,,
0,raw_distance,104,False,15,41,A01,A01|F008|3|P1310+P1334+P3410,A01|F020|16|P1453+P1671+P1699+P1713+P1790+P1794+P1857+P2034+P2057+P2216+P2287+P2469+P2543+P2657+P2722+P2831,3,16,F008,F020,0.0,130.0,64.33333333333333,0.3194444444444444,,,,,,,,,,,,budget_not_selected,0,0,0,0,0,,False,,
0,raw_distance,105,False,0,15,A01,A01|F001|4|P0036+P0918+P2537+P2942,A01|F008|3|P1310+P1334+P3410,4,3,F001,F008,0.0,131.0,16.666666666666668,0.08333333333333333,,,,,,,,,,,,budget_not_selected,0,0,0,0,0,,False,,
0,raw_distance,106,False,86,104,A03,A03|F041|5|P0227+P0326+P0368+P1137+P2262,A03|F050|8|P0166+P0540+P0643+P0865+P2330+P2972+P3627+P3730,5,8,F041,F050,0.0,131.0,128.33333333333334,0.125,,,,,,,,,,,,budget_not_selected,0,0,0,0,0,,False,,
0,raw_distance,107,False,15,46,A01,A01|F008|3|P1310+P1334+P3410,A01|F022|16|P0002+P0055+P0058+P0126+P0214+P0268+P0460+P0750+P0782+P0800+P0909+P0992+P1141+P1151+P1188+P1463,3,16,F008,F022,0.0,134.0,42.0,0.25,,,,,,,,,,,,budget_not_selected,0,0,0,0,0,,False,,
0,raw_distance,108,False,15,47,A01,A01|F008|3|P1310+P1334+P3410,A01|F022|16|P1476+P1481+P1544+P1577+P1627+P1900+P1984+P2051+P2258+P2317+P2333+P2382+P2393+P2425+P2462+P2578,3,16,F008,F022,0.0,134.0,42.0,0.25,,,,,,,,,,,,budget_not_selected,0,0,0,0,0,,False,,
0,raw_distance,109,False,92,97,A03,A03|F044|16|P0074+P0259+P0386+P0396+P0442+P0558+P0566+P0582+P0704+P0728+P0768+P0838+P2843+P3238+P3260+P3334,A03|F046|1|P2863,16,1,F044,F046,0.0,137.0,98.66666666666667,0.20833333333333334,,,,,,,,,,,,budget_not_selected,0,0,0,0,0,,False,,
0,raw_distance,110,False,93,97,A03,A03|F044|18|P0822+P1103+P1382+P1760+P1960+P2036+P2364+P2667+P2783+P2835+P3008+P3155+P3209+P3325+P3591+P3656+P3762+P3897,A03|F046|1|P2863,18,1,F044,F046,0.0,137.0,98.66666666666667,0.20833333333333334,,,,,,,,,,,,budget_not_selected,0,0,0,0,0,,False,,
0,raw_distance,111,False,0,19,A01,A01|F001|4|P0036+P0918+P2537+P2942,A01|F010|12|P0028+P0077+P0375+P0395+P0583+P0631+P0642+P0835+P1907+P2840+P3644+P3775,4,12,F001,F010,0.0,147.0,15.0,0.09722222222222222,,,,,,,,,,,,budget_not_selected,0,0,0,0,0,,False,,
0,raw_distance,112,False,15,37,A01,A01|F008|3|P1310+P1334+P3410,A01|F019|13|P0045+P0134+P0344+P0493+P0572+P0946+P1099+P1101+P1160+P1164+P1284+P1345+P1500,3,13,F008,F019,0.0,147.0,34.0,0.1111111111111111,,,,,,,,,,,,budget_not_selected,0,0,0,0,0,,False,,
0,raw_distance,113,False,77,86,A03,A03|F036|8|P0401+P0709+P1087+P1650+P1817+P3698+P3755+P3770,A03|F041|5|P0227+P0326+P0368+P1137+P2262,8,5,F036,F041,0.0,150.0,71.0,0.2777777777777778,,,,,,,,,,,,budget_not_selected,0,0,0,0,0,,False,,
0,raw_distance,114,False,3,9,A01,A01|F002|7|P1754+P1771+P2409+P2625+P2819+P3592+P3961,A01|F005|11|P0177+P0622+P0879+P0978+P1006+P1078+P1307+P1710+P1910+P3403+P3882,7,11,F002,F005,0.0,151.0,38.666666666666664,0.19444444444444445,,,,,,,,,,,,budget_not_selected,0,0,0,0,0,,False,,
0,raw_distance,115,False,3,33,A01,A01|F002|7|P1754+P1771+P2409+P2625+P2819+P3592+P3961,A01|F017|11|P0137+P0418+P0598+P1079+P1380+P1493+P1521+P1745+P2207+P2309+P2999,7,11,F002,F017,0.0,161.0,77.66666666666667,0.3333333333333333,,,,,,,,,,,,budget_not_selected,0,0,0,0,0,,False,,
0,raw_distance,116,False,13,31,A01,A01|F007|9|P0057+P0480+P0652+P0685+P0786+P0812+P1703+P1838+P2738,A01|F016|9|P0275+P0423+P0482+P0613+P0647+P0950+P1114+P2472+P2898,9,9,F007,F016,0.0,161.0,66.0,0.3055555555555556,,,,,,,,,,,,budget_not_selected,0,0,0,0,0,,False,,
0,raw_distance,117,False,64,74,A02,A02|F030|10|P0448+P2098+P2453+P3096+P3117+P3531+P3615+P3686+P3799+P3847,A02|F035|5|P0115+P3360+P3552+P3652+P3844,10,5,F030,F035,0.0,161.0,79.33333333333333,0.375,,,,,,,,,,,,budget_not_selected,0,0,0,0,0,,False,,
0,raw_distance,118,False,84,99,A03,A03|F040|11|P0140+P0367+P0868+P0880+P1004+P1567+P1598+P1705+P1715+P1750+P2374,A03|F047|5|P0040+P1063+P1231+P2315+P2850,11,5,F040,F047,0.0,163.0,111.33333333333333,0.1388888888888889,,,,,,,,,,,,budget_not_selected,0,0,0,0,0,,False,,
0,raw_distance,119,False,84,97,A03,A03|F040|11|P0140+P0367+P0868+P0880+P1004+P1567+P1598+P1705+P1715+P1750+P2374,A03|F046|1|P2863,11,1,F040,F046,0.0,165.0,124.66666666666667,0.2777777777777778,,,,,,,,,,,,budget_not_selected,0,0,0,0,0,,False,,
0,raw_distance,120,False,85,97,A03,A03|F040|16|P1908+P2094+P2386+P2555+P2727+P2746+P2775+P2846+P2881+P2935+P3222+P3287+P3322+P3477+P3547+P3721,A03|F046|1|P2863,16,1,F040,F046,0.0,165.0,124.66666666666667,0.2777777777777778,,,,,,,,,,,,budget_not_selected,0,0,0,0,0,,False,,
0,raw_distance,121,False,0,7,A01,A01|F001|4|P0036+P0918+P2537+P2942,A01|F004|11|P0146+P0632+P0908+P1052+P1216+P1264+P1553+P2173+P2793+P3113+P3938,4,11,F001,F004,0.0,168.0,12.333333333333334,0.09722222222222222,,,,,,,,,,,,budget_not_selected,0,0,0,0,0,,False,,
0,raw_distance,122,False,3,31,A01,A01|F002|7|P1754+P1771+P2409+P2625+P2819+P3592+P3961,A01|F016|9|P0275+P0423+P0482+P0613+P0647+P0950+P1114+P2472+P2898,7,9,F002,F016,0.0,172.0,51.333333333333336,0.3333333333333333,,,,,,,,,,,,budget_not_selected,0,0,0,0,0,,False,,
0,raw_distance,123,False,0,13,A01,A01|F001|4|P0036+P0918+P2537+P2942,A01|F007|9|P0057+P0480+P0652+P0685+P0786+P0812+P1703+P1838+P2738,4,9,F001,F007,0.0,184.0,31.0,0.09722222222222222,,,,,,,,,,,,budget_not_selected,0,0,0,0,0,,False,,
0,raw_distance,124,False,88,99,A03,A03|F042|10|P0294+P0455+P0617+P0638+P1203+P1767+P2093+P2521+P2730+P2984,A03|F047|5|P0040+P1063+P1231+P2315+P2850,10,5,F042,F047,0.0,188.0,138.66666666666666,0.16666666666666666,,,,,,,,,,,,budget_not_selected,0,0,0,0,0,,False,,
0,raw_distance,125,False,78,99,A03,A03|F037|12|P0199+P0260+P0330+P0911+P0980+P1009+P1042+P1221+P1477+P1484+P2048+P2956,A03|F047|5|P0040+P1063+P1231+P2315+P2850,12,5,F037,F047,0.0,190.0,131.0,0.19444444444444445,,,,,,,,,,,,budget_not_selected,0,0,0,0,0,,False,,
0,raw_distance,126,False,15,61,A01,A01|F008|3|P1310+P1334+P3410,A01|F029|12|P0159+P0299+P0306+P0449+P0962+P0987+P1077+P1226+P1276+P1738+P1878+P1919,3,12,F008,F029,0.0,191.0,34.333333333333336,0.18055555555555555,,,,,,,,,,,,budget_not_selected,0,0,0,0,0,,False,,
0,raw_distance,127,False,88,97,A03,A03|F042|10|P0294+P0455+P0617+P0638+P1203+P1767+P2093+P2521+P2730+P2984,A03|F046|1|P2863,10,1,F042,F046,0.0,191.0,152.0,0.3055555555555556,,,,,,,,,,,,budget_not_selected,0,0,0,0,0,,False,,
0,raw_distance,128,False,89,97,A03,A03|F042|16|P1174+P1268+P1435+P1683+P2031+P2751+P2779+P2786+P2889+P2965+P3028+P3309+P3346+P3428+P3959+P3970,A03|F046|1|P2863,16,1,F042,F046,0.0,191.0,152.0,0.3055555555555556,,,,,,,,,,,,budget_not_selected,0,0,0,0,0,,False,,
0,raw_distance,129,False,49,64,A02,A02|F023|9|P0068+P0111+P0298+P0611+P0693+P1031+P1482+P2314+P2790,A02|F030|10|P0448+P2098+P2453+P3096+P3117+P3531+P3615+P3686+P3799+P3847,9,10,F023,F030,0.0,192.0,85.33333333333333,0.375,,,,,,,,,,,,budget_not_selected,0,0,0,0,0,,False,,
0,raw_distance,130,False,78,97,A03,A03|F037|12|P0199+P0260+P0330+P0911+P0980+P1009+P1042+P1221+P1477+P1484+P2048+P2956,A03|F046|1|P2863,12,1,F037,F046,0.0,192.0,144.33333333333334,0.3333333333333333,,,,,,,,,,,,budget_not_selected,0,0,0,0,0,,False,,
0,raw_distance,131,False,79,97,A03,A03|F037|16|P2045+P2058+P2261+P2275+P2291+P2448+P2450+P2531+P3084+P3156+P3530+P3637+P3717+P3846+P3851+P3989,A03|F046|1|P2863,16,1,F037,F046,0.0,192.0,144.33333333333334,0.3333333333333333,,,,,,,,,,,,budget_not_selected,0,0,0,0,0,,False,,
0,raw_distance,132,False,104,109,A03,A03|F050|8|P0166+P0540+P0643+P0865+P2330+P2972+P3627+P3730,A03|F052|11|P0465+P1035+P2138+P2378+P3105+P3227+P3440+P3587+P3611+P3640+P3987,8,11,F050,F052,0.0,194.0,157.33333333333334,0.09722222222222222,,,,,,,,,,,,budget_not_selected,0,0,0,0,0,,False,,
0,raw_distance,133,False,0,3,A01,A01|F001|4|P0036+P0918+P2537+P2942,A01|F002|7|P1754+P1771+P2409+P2625+P2819+P3592+P3961,4,7,F001,F002,0.0,200.0,17.666666666666668,0.09722222222222222,,,,,,,,,,,,budget_not_selected,0,0,0,0,0,,False,,
0,raw_distance,134,False,77,84,A03,A03|F036|8|P0401+P0709+P1087+P1650+P1817+P3698+P3755+P3770,A03|F040|11|P0140+P0367+P0868+P0880+P1004+P1567+P1598+P1705+P1715+P1750+P2374,8,11,F036,F040,0.0,205.0,135.66666666666666,0.3055555555555556,,,,,,,,,,,,budget_not_selected,0,0,0,0,0,,False,,
0,raw_distance,135,False,0,25,A01,A01|F001|4|P0036+P0918+P2537+P2942,A01|F013|15|P0229+P0417+P0419+P0453+P0648+P0672+P0785+P0870+P0912+P1139+P1153+P2464+P3092+P3150+P3176,4,15,F001,F013,0.0,210.0,77.0,0.18055555555555555,,,,,,,,,,,,budget_not_selected,0,0,0,0,0,,False,,
0,raw_distance,136,False,15,73,A01,A01|F008|3|P1310+P1334+P3410,A01|F035|16|P0428+P0565+P0665+P0677+P0755+P1049+P1124+P1256+P1366+P1575+P1701+P1714+P2079+P2116+P2239+P2413,3,16,F008,F035,0.0,227.0,22.0,0.08333333333333333,,,,,,,,,,,,budget_not_selected,0,0,0,0,0,,False,,
0,raw_distance,137,False,99,104,A03,A03|F047|5|P0040+P1063+P1231+P2315+P2850,A03|F050|8|P0166+P0540+P0643+P0865+P2330+P2972+P3627+P3730,5,8,F047,F050,0.0,227.0,175.0,0.1527777777777778,,,,,,,,,,,,budget_not_selected,0,0,0,0,0,,False,,
0,raw_distance,138,False,77,88,A03,A03|F036|8|P0401+P0709+P1087+P1650+P1817+P3698+P3755+P3770,A03|F042|10|P0294+P0455+P0617+P0638+P1203+P1767+P2093+P2521+P2730+P2984,8,10,F036,F042,0.0,230.0,163.0,0.3333333333333333,,,,,,,,,,,,budget_not_selected,0,0,0,0,0,,False,,
0,raw_distance,139,False,97,104,A03,A03|F046|1|P2863,A03|F050|8|P0166+P0540+P0643+P0865+P2330+P2972+P3627+P3730,1,8,F046,F050,0.0,231.0,188.33333333333334,0.2361111111111111,,,,,,,,,,,,budget_not_selected,0,0,0,0,0,,False,,
0,raw_distance,140,False,3,61,A01,A01|F002|7|P1754+P1771+P2409+P2625+P2819+P3592+P3961,A01|F029|12|P0159+P0299+P0306+P0449+P0962+P0987+P1077+P1226+P1276+P1738+P1878+P1919,7,12,F002,F029,0.0,253.0,34.0,0.19444444444444445,,,,,,,,,,,,budget_not_selected,0,0,0,0,0,,False,,
0,raw_distance,141,False,77,104,A03,A03|F036|8|P0401+P0709+P1087+P1650+P1817+P3698+P3755+P3770,A03|F050|8|P0166+P0540+P0643+P0865+P2330+P2972+P3627+P3730,8,8,F036,F050,0.0,269.0,199.33333333333334,0.2638888888888889,,,,,,,,,,,,budget_not_selected,0,0,0,0,0,,False,,
1,raw_distance,1,True,96,98,A03,A03|F046|1|P2863,A03|F047|5|P0040+P1063+P1231+P2315+P2850,1,5,F046,F047,0.0,15.0,13.333333333333334,0.1388888888888889,,,,,,,,,,,,improving_not_selected,6,0,6,0,0,147,False,4.608040600003733,
1,raw_distance,2,True,96,102,A03,A03|F046|1|P2863,A03|F049|14|P1520+P2198+P2832+P2893+P2922+P3149+P3191+P3205+P3276+P3416+P3452+P3703+P3771+P3868,1,14,F046,F049,0.0,17.0,11.333333333333334,0.1388888888888889,,,,,,,,,,,,improving_not_selected,4,0,4,0,0,146,False,4.608236600004602,
1,raw_distance,3,True,15,19,A01,A01|F008|3|P1310+P1334+P3410,A01|F010|12|P0028+P0077+P0375+P0395+P0583+P0631+P0642+P0835+P1907+P2840+P3644+P3775,3,12,F008,F010,0.0,19.0,3.6666666666666665,0.013888888888888888,,,,,,,,,,,,improving_not_selected,4,0,4,0,0,131,False,4.384753300000739,
1,raw_distance,4,True,98,102,A03,A03|F047|5|P0040+P1063+P1231+P2315+P2850,A03|F049|14|P1520+P2198+P2832+P2893+P2922+P3149+P3191+P3205+P3276+P3416+P3452+P3703+P3771+P3868,5,14,F047,F049,0.0,19.0,2.6666666666666665,0.0,,,,,,,,,,,,improving_not_selected,2,0,2,0,0,142,False,4.608615800003463,
1,raw_distance,5,True,54,62,A02,A02|F025|7|P1886+P2791+P3216+P3506+P3560+P3584+P3815,A02|F029|12|P0226+P1827+P1956+P2101+P2590+P2617+P2683+P2796+P2810+P3402+P3626+P3741,7,12,F025,F029,0.0,24.0,12.666666666666666,0.0,,,,,,,,,,,,improving_not_selected,2,0,2,0,0,117,False,4.386159400004544,
1,raw_distance,6,True,0,37,A01,A01|F001|4|P0036+P0918+P2537+P2942,A01|F019|13|P0045+P0134+P0344+P0493+P0572+P0946+P1099+P1101+P1160+P1164+P1284+P1345+P1500,4,13,F001,F019,0.0,25.0,17.333333333333332,0.027777777777777776,,,,,,,,,,,,improving_not_selected,2,0,2,0,0,127,False,4.38399439999921,
1,raw_distance,7,True,9,29,A01,A01|F005|11|P0177+P0622+P0879+P0978+P1006+P1078+P1307+P1710+P1910+P3403+P3882,A01|F015|7|P0269+P0476+P0484+P0570+P0637+P1402+P3945,11,7,F005,F015,0.0,25.0,4.0,0.0,,,,,,,,,,,,improving_not_selected,2,0,2,0,0,81,False,4.384447600001295,
1,raw_distance,8,True,27,29,A01,A01|F014|12|P0061+P0303+P0849+P1095+P1163+P1235+P1805+P1853+P1902+P2120+P2969+P3614,A01|F015|7|P0269+P0476+P0484+P0570+P0637+P1402+P3945,12,7,F014,F015,0.0,27.0,26.666666666666668,0.1388888888888889,,,,,,,,,,,,improving_not_selected,2,0,2,0,0,74,False,4.385481400000572,
1,raw_distance,9,True,86,89,A03,A03|F041|5|P0227+P0326+P0368+P1137+P2262,A03|F043|14|P0095+P0132+P0520+P0588+P0601+P0778+P0848+P0965+P1050+P1171+P1294+P2636+P3023+P3270,5,14,F041,F043,0.0,28.0,23.0,0.0,,,,,,,,,,,,improving_not_selected,2,0,2,0,0,151,False,4.60782879999897,
1,raw_distance,10,True,3,13,A01,A01|F002|7|P1754+P1771+P2409+P2625+P2819+P3592+P3961,A01|F007|9|P0057+P0480+P0652+P0685+P0786+P0812+P1703+P1838+P2738,7,9,F002,F007,0.0,30.0,14.666666666666666,0.027777777777777776,,,,,,,,,,,,improving_not_selected,4,0,4,0,0,122,False,4.384328799998912,
1,raw_distance,11,True,21,29,A01,A01|F011|12|P0174+P0284+P0293+P0535+P0707+P0823+P0923+P1529+P1571+P1718+P3108+P3175,A01|F015|7|P0269+P0476+P0484+P0570+P0637+P1402+P3945,12,7,F011,F015,0.0,31.0,13.0,0.125,,,,,,,,,,,,improving_not_selected,2,0,2,0,0,79,False,4.385365599999204,
1,raw_distance,12,True,29,59,A01,A01|F015|7|P0269+P0476+P0484+P0570+P0637+P1402+P3945,A01|F028|12|P0241+P0272+P0289+P0320+P0490+P0559+P0600+P0634+P0700+P0953+P1113+P1179,7,12,F015,F028,0.0,32.0,27.666666666666668,0.16666666666666666,,,,,,,,,,,,improving_not_selected,2,0,2,0,0,92,False,4.385595700005069,
1,raw_distance,13,True,3,7,A01,A01|F002|7|P1754+P1771+P2409+P2625+P2819+P3592+P3961,A01|F004|11|P0146+P0632+P0908+P1052+P1216+P1264+P1553+P2173+P2793+P3113+P3938,7,11,F002,F004,0.0,33.0,21.333333333333332,0.16666666666666666,,,,,,,,,,,,improving_not_selected,2,0,2,0,0,103,False,4.384132899998804,
1,raw_distance,14,True,15,21,A01,A01|F008|3|P1310+P1334+P3410,A01|F011|12|P0174+P0284+P0293+P0535+P0707+P0823+P0923+P1529+P1571+P1718+P3108+P3175,3,12,F008,F011,0.0,33.0,22.0,0.19444444444444445,,,,,,,,,,,,improving_not_selected,4,0,4,0,0,113,False,4.384947700003977,
1,raw_distance,15,True,98,107,A03,A03|F047|5|P0040+P1063+P1231+P2315+P2850,A03|F052|11|P0465+P1035+P2138+P2378+P3105+P3227+P3440+P3587+P3611+P3640+P3987,5,11,F047,F052,0.0,33.0,17.666666666666668,0.08333333333333333,,,,,,,,,,,,accepted,4,0,4,0,0,162,True,4.608975200004352,4.609014599998773
1,raw_distance,16,True,67,74,A02,A02|F032|14|P0099+P0379+P0390+P0422+P0546+P0616+P0618+P0738+P1254+P1300+P1681+P2097+P2351+P3385,A02|F035|5|P0115+P3360+P3552+P3652+P3844,14,5,F032,F035,0.0,35.0,17.333333333333332,0.0,,,,,,,,,,,,improving_not_selected,2,0,2,0,0,138,False,4.386287100001937,
1,raw_distance,17,True,17,29,A01,A01|F009|11|P0086+P0252+P0860+P1085+P1610+P1743+P1763+P1949+P2163+P3118+P3137,A01|F015|7|P0269+P0476+P0484+P0570+P0637+P1402+P3945,11,7,F009,F015,0.0,38.0,21.333333333333332,0.1527777777777778,,,,,,,,,,,,improving_not_selected,2,0,2,0,0,72,False,4.385251400002744,
1,raw_distance,18,True,49,74,A02,A02|F023|9|P0068+P0111+P0298+P0611+P0693+P1031+P1482+P2314+P2790,A02|F035|5|P0115+P3360+P3552+P3652+P3844,9,5,F023,F035,0.0,38.0,6.0,0.0,,,,,,,,,,,,improving_not_selected,4,0,4,0,0,158,False,4.385908900003415,
1,raw_distance,19,True,96,107,A03,A03|F046|1|P2863,A03|F052|11|P0465+P1035+P2138+P2378+P3105+P3227+P3440+P3587+P3611+P3640+P3987,1,11,F046,F052,0.0,38.0,31.0,0.2222222222222222,,,,,,,,,,,,improving_not_selected,6,0,6,0,0,145,False,4.608495400003449,
1,raw_distance,20,True,52,54,A02,A02|F024|12|P0213+P0307+P0433+P0499+P0729+P1905+P2195+P2535+P2572+P3190+P3603+P3872,A02|F025|7|P1886+P2791+P3216+P3506+P3560+P3584+P3815,12,7,F024,F025,0.0,39.0,15.666666666666666,0.1527777777777778,,,,,,,,,,,,improving_not_selected,2,0,2,0,0,98,False,4.386031699999876,
1,raw_distance,21,True,0,31,A01,A01|F001|4|P0036+P0918+P2537+P2942,A01|F016|9|P0275+P0423+P0482+P0613+P0647+P0950+P1114+P2472+P2898,4,9,F001,F016,0.0,41.0,35.0,0.2361111111111111,,,,,,,,,,,,improving_not_selected,4,0,4,0,0,99,False,4.383816900000966,
1,raw_distance,22,True,11,15,A01,A01|F006|16|P0042+P0044+P0089+P0113+P0151+P0158+P0186+P0240+P0244+P0267+P0393+P0718+P0863+P1394+P1611+P3271,A01|F008|3|P1310+P1334+P3410,16,3,F006,F008,0.0,41.0,16.333333333333332,0.1111111111111111,,,,,,,,,,,,improving_not_selected,2,0,2,0,0,112,False,4.38456920000317,
1,raw_distance,23,True,15,59,A01,A01|F008|3|P1310+P1334+P3410,A01|F028|12|P0241+P0272+P0289+P0320+P0490+P0559+P0600+P0634+P0700+P0953+P1113+P1179,3,12,F008,F028,0.0,41.0,7.333333333333333,0.013888888888888888,,,,,,,,,,,,improving_not_selected,4,0,4,0,0,115,False,4.385135399999854,
1,raw_distance,24,True,45,74,A02,A02|F021|13|P0008+P0124+P1195+P3158+P3305+P3313+P3406+P3544+P3734+P3749+P3809+P3877+P3895,A02|F035|5|P0115+P3360+P3552+P3652+P3844,13,5,F021,F035,0.0,41.0,40.333333333333336,0.2222222222222222,,,,,,,,,,,,improving_not_selected,2,0,2,0,0,117,False,4.3857199999984005,
1,raw_distance,25,True,77,96,A03,A03|F036|8|P0401+P0709+P1087+P1650+P1817+P3698+P3755+P3770,A03|F046|1|P2863,8,1,F036,F046,0.0,41.0,11.0,0.027777777777777776,,,,,,,,,,,,improving_not_selected,6,6,0,0,0,129,False,4.607629199999792,
1,raw_distance,26,False,0,23,A01,A01|F001|4|P0036+P0918+P2537+P2942,A01|F012|15|P0004+P0049+P0093+P0228+P0239+P0247+P0266+P0510+P0525+P0561+P0584+P0619+P2131+P2753+P3211,4,15,F001,F012,0.0,42.0,5.333333333333333,0.027777777777777776,,,,,,,,,,,,budget_not_selected,0,0,0,0,0,,False,,
1,raw_distance,27,False,65,74,A02,A02|F031|13|P0188+P0221+P0470+P0845+P1206+P1443+P1467+P1512+P1534+P1772+P1859+P2248+P3041,A02|F035|5|P0115+P3360+P3552+P3652+P3844,13,5,F031,F035,0.0,42.0,19.333333333333332,0.1388888888888889,,,,,,,,,,,,budget_not_selected,0,0,0,0,0,,False,,
1,raw_distance,28,False,77,98,A03,A03|F036|8|P0401+P0709+P1087+P1650+P1817+P3698+P3755+P3770,A03|F047|5|P0040+P1063+P1231+P2315+P2850,8,5,F036,F047,0.0,42.0,24.333333333333332,0.16666666666666666,,,,,,,,,,,,budget_not_selected,0,0,0,0,0,,False,,
1,raw_distance,29,False,82,96,A03,A03|F039|15|P0097+P0714+P0855+P1236+P1407+P1474+P1488+P1559+P1725+P1936+P1969+P2159+P2166+P3048+P3576,A03|F046|1|P2863,15,1,F039,F046,0.0,45.0,5.666666666666667,0.013888888888888888,,,,,,,,,,,,budget_not_selected,0,0,0,0,0,,False,,
1,raw_distance,30,False,29,31,A01,A01|F015|7|P0269+P0476+P0484+P0570+P0637+P1402+P3945,A01|F016|9|P0275+P0423+P0482+P0613+P0647+P0950+P1114+P2472+P2898,7,9,F015,F016,0.0,48.0,16.666666666666668,0.1388888888888889,,,,,,,,,,,,budget_not_selected,0,0,0,0,0,,False,,
1,raw_distance,31,False,62,74,A02,A02|F029|12|P0226+P1827+P1956+P2101+P2590+P2617+P2683+P2796+P2810+P3402+P3626+P3741,A02|F035|5|P0115+P3360+P3552+P3652+P3844,12,5,F029,F035,0.0,49.0,44.333333333333336,0.2361111111111111,,,,,,,,,,,,budget_not_selected,0,0,0,0,0,,False,,
1,raw_distance,32,False,0,9,A01,A01|F001|4|P0036+P0918+P2537+P2942,A01|F005|11|P0177+P0622+P0879+P0978+P1006+P1078+P1307+P1710+P1910+P3403+P3882,4,11,F001,F005,0.0,50.0,22.333333333333332,0.09722222222222222,,,,,,,,,,,,budget_not_selected,0,0,0,0,0,,False,,
1,raw_distance,33,False,96,99,A03,A03|F046|1|P2863,A03|F048|16|P0255+P1217+P1261+P1569+P1604+P1761+P1870+P2022+P2105+P2156+P2369+P2395+P2743+P2914+P3267+P3471,1,16,F046,F048,0.0,50.0,27.666666666666668,0.2222222222222222,,,,,,,,,,,,budget_not_selected,0,0,0,0,0,,False,,
1,raw_distance,34,False,96,100,A03,A03|F046|1|P2863,A03|F048|16|P2396+P2419+P2481+P2604+P2619+P2692+P2712+P2776+P2858+P3027+P3589+P3599+P3699+P3885+P3903+P3966,1,16,F046,F048,0.0,50.0,27.666666666666668,0.2222222222222222,,,,,,,,,,,,budget_not_selected,0,0,0,0,0,,False,,
1,raw_distance,35,False,7,15,A01,A01|F004|11|P0146+P0632+P0908+P1052+P1216+P1264+P1553+P2173+P2793+P3113+P3938,A01|F008|3|P1310+P1334+P3410,11,3,F004,F008,0.0,52.0,21.666666666666668,0.1527777777777778,,,,,,,,,,,,budget_not_selected,0,0,0,0,0,,False,,
1,raw_distance,36,False,8,15,A01,A01|F004|16|P2183+P2362+P2487+P2551+P2669+P2716+P3039+P3053+P3119+P3159+P3243+P3375+P3585+P3598+P3761+P3906,A01|F008|3|P1310+P1334+P3410,16,3,F004,F008,0.0,52.0,21.666666666666668,0.1527777777777778,,,,,,,,,,,,budget_not_selected,0,0,0,0,0,,False,,
1,raw_distance,37,False,29,33,A01,A01|F015|7|P0269+P0476+P0484+P0570+P0637+P1402+P3945,A01|F017|11|P0137+P0418+P0598+P1079+P1380+P1493+P1521+P1745+P2207+P2309+P2999,7,11,F015,F017,0.0,53.0,43.0,0.1388888888888889,,,,,,,,,,,,budget_not_selected,0,0,0,0,0,,False,,
1,raw_distance,38,False,13,15,A01,A01|F007|9|P0057+P0480+P0652+P0685+P0786+P0812+P1703+P1838+P2738,A01|F008|3|P1310+P1334+P3410,9,3,F007,F008,0.0,54.0,14.333333333333334,0.013888888888888888,,,,,,,,,,,,budget_not_selected,0,0,0,0,0,,False,,
1,raw_distance,39,False,3,19,A01,A01|F002|7|P1754+P1771+P2409+P2625+P2819+P3592+P3961,A01|F010|12|P0028+P0077+P0375+P0395+P0583+P0631+P0642+P0835+P1907+P2840+P3644+P3775,7,12,F002,F010,0.0,56.0,3.3333333333333335,0.027777777777777776,,,,,,,,,,,,budget_not_selected,0,0,0,0,0,,False,,
1,raw_distance,40,False,52,74,A02,A02|F024|12|P0213+P0307+P0433+P0499+P0729+P1905+P2195+P2535+P2572+P3190+P3603+P3872,A02|F035|5|P0115+P3360+P3552+P3652+P3844,12,5,F024,F035,0.0,57.0,41.333333333333336,0.2777777777777778,,,,,,,,,,,,budget_not_selected,0,0,0,0,0,,False,,
1,raw_distance,41,False,54,74,A02,A02|F025|7|P1886+P2791+P3216+P3506+P3560+P3584+P3815,A02|F035|5|P0115+P3360+P3552+P3652+P3844,7,5,F025,F035,0.0,57.0,57.0,0.2361111111111111,,,,,,,,,,,,budget_not_selected,0,0,0,0,0,,False,,
1,raw_distance,42,False,15,17,A01,A01|F008|3|P1310+P1334+P3410,A01|F009|11|P0086+P0252+P0860+P1085+P1610+P1743+P1763+P1949+P2163+P3118+P3137,3,11,F008,F009,0.0,59.0,56.333333333333336,0.3055555555555556,,,,,,,,,,,,budget_not_selected,0,0,0,0,0,,False,,
1,raw_distance,43,False,15,18,A01,A01|F008|3|P1310+P1334+P3410,A01|F009|16|P2295+P2415+P2720+P2794+P2805+P2859+P2982+P2991+P3006+P3280+P3464+P3478+P3613+P3725+P3807+P3880,3,16,F008,F009,0.0,59.0,56.333333333333336,0.3055555555555556,,,,,,,,,,,,budget_not_selected,0,0,0,0,0,,False,,
1,raw_distance,44,False,15,29,A01,A01|F008|3|P1310+P1334+P3410,A01|F015|7|P0269+P0476+P0484+P0570+P0637+P1402+P3945,3,7,F008,F015,0.0,64.0,35.0,0.18055555555555555,,,,,,,,,,,,budget_not_selected,0,0,0,0,0,,False,,
1,raw_distance,45,False,15,30,A01,A01|F008|3|P1310+P1334+P3410,A01|F015|16|P0409+P0513+P0605+P0969+P0998+P1080+P1364+P1506+P1774+P1782+P2091+P3098+P3234+P3836+P3939+P3985,3,16,F008,F015,0.0,64.0,35.0,0.18055555555555555,,,,,,,,,,,,budget_not_selected,0,0,0,0,0,,False,,
1,raw_distance,46,False,39,54,A02,A02|F019|12|P0059+P0542+P0957+P1677+P2598+P2822+P3044+P3288+P3409+P3524+P3711+P3982,A02|F025|7|P1886+P2791+P3216+P3506+P3560+P3584+P3815,12,7,F019,F025,0.0,66.0,13.0,0.06944444444444445,,,,,,,,,,,,budget_not_selected,0,0,0,0,0,,False,,
1,raw_distance,47,False,84,86,A03,A03|F040|11|P0140+P0367+P0868+P0880+P1004+P1567+P1598+P1705+P1715+P1750+P2374,A03|F041|5|P0227+P0326+P0368+P1137+P2262,11,5,F040,F041,0.0,66.0,64.66666666666667,0.027777777777777776,,,,,,,,,,,,budget_not_selected,0,0,0,0,0,,False,,
1,raw_distance,48,False,0,61,A01,A01|F001|4|P0036+P0918+P2537+P2942,A01|F029|12|P0159+P0299+P0306+P0449+P0962+P0987+P1077+P1226+P1276+P1738+P1878+P1919,4,12,F001,F029,0.0,67.0,17.666666666666668,0.09722222222222222,,,,,,,,,,,,budget_not_selected,0,0,0,0,0,,False,,
1,raw_distance,49,False,80,96,A03,A03|F038|15|P0238+P0338+P0385+P0399+P0573+P0655+P0721+P0820+P0993+P1913+P2047+P2154+P2544+P2912+P3674,A03|F046|1|P2863,15,1,F038,F046,0.0,67.0,39.0,0.20833333333333334,,,,,,,,,,,,budget_not_selected,0,0,0,0,0,,False,,
1,raw_distance,50,False,81,96,A03,A03|F038|16|P1135+P1278+P1562+P1612+P1766+P1858+P2611+P2643+P2674+P2901+P3004+P3126+P3225+P3610+P3612+P3955,A03|F046|1|P2863,16,1,F038,F046,0.0,67.0,39.0,0.20833333333333334,,,,,,,,,,,,budget_not_selected,0,0,0,0,0,,False,,
1,raw_distance,51,False,0,33,A01,A01|F001|4|P0036+P0918+P2537+P2942,A01|F017|11|P0137+P0418+P0598+P1079+P1380+P1493+P1521+P1745+P2207+P2309+P2999,4,11,F001,F017,0.0,70.0,61.333333333333336,0.2361111111111111,,,,,,,,,,,,budget_not_selected,0,0,0,0,0,,False,,
1,raw_distance,52,False,49,54,A02,A02|F023|9|P0068+P0111+P0298+P0611+P0693+P1031+P1482+P2314+P2790,A02|F025|7|P1886+P2791+P3216+P3506+P3560+P3584+P3815,9,7,F023,F025,0.0,70.0,63.0,0.2361111111111111,,,,,,,,,,,,budget_not_selected,0,0,0,0,0,,False,,
1,raw_distance,53,False,0,29,A01,A01|F001|4|P0036+P0918+P2537+P2942,A01|F015|7|P0269+P0476+P0484+P0570+P0637+P1402+P3945,4,7,F001,F015,0.0,73.0,18.333333333333332,0.09722222222222222,,,,,,,,,,,,budget_not_selected,0,0,0,0,0,,False,,
1,raw_distance,54,False,3,15,A01,A01|F002|7|P1754+P1771+P2409+P2625+P2819+P3592+P3961,A01|F008|3|P1310+P1334+P3410,7,3,F002,F008,0.0,75.0,2.3333333333333335,0.013888888888888888,,,,,,,,,,,,budget_not_selected,0,0,0,0,0,,False,,
1,raw_distance,55,False,77,107,A03,A03|F036|8|P0401+P0709+P1087+P1650+P1817+P3698+P3755+P3770,A03|F052|11|P0465+P1035+P2138+P2378+P3105+P3227+P3440+P3587+P3611+P3640+P3987,8,11,F036,F052,0.0,75.0,42.0,0.25,,,,,,,,,,,,budget_not_selected,0,0,0,0,0,,False,,
1,raw_distance,56,False,15,27,A01,A01|F008|3|P1310+P1334+P3410,A01|F014|12|P0061+P0303+P0849+P1095+P1163+P1235+P1805+P1853+P1902+P2120+P2969+P3614,3,12,F008,F014,0.0,76.0,61.666666666666664,0.3194444444444444,,,,,,,,,,,,budget_not_selected,0,0,0,0,0,,False,,
1,raw_distance,57,False,15,28,A01,A01|F008|3|P1310+P1334+P3410,A01|F014|16|P2127+P2447+P2512+P2561+P2767+P2844+P2908+P2953+P3160+P3475+P3554+P3634+P3651+P3808+P3973+P3994,3,16,F008,F014,0.0,76.0,61.666666666666664,0.3194444444444444,,,,,,,,,,,,budget_not_selected,0,0,0,0,0,,False,,
1,raw_distance,58,False,19,29,A01,A01|F010|12|P0028+P0077+P0375+P0395+P0583+P0631+P0642+P0835+P1907+P2840+P3644+P3775,A01|F015|7|P0269+P0476+P0484+P0570+P0637+P1402+P3945,12,7,F010,F015,0.0,77.0,31.333333333333332,0.16666666666666666,,,,,,,,,,,,budget_not_selected,0,0,0,0,0,,False,,
1,raw_distance,59,False,54,70,A02,A02|F025|7|P1886+P2791+P3216+P3506+P3560+P3584+P3815,A02|F033|12|P0660+P0761+P1198+P1462+P2397+P2940+P3002+P3303+P3352+P3542+P3649+P3929,7,12,F025,F033,0.0,80.0,36.333333333333336,0.09722222222222222,,,,,,,,,,,,budget_not_selected,0,0,0,0,0,,False,,
1,raw_distance,60,False,70,74,A02,A02|F033|12|P0660+P0761+P1198+P1462+P2397+P2940+P3002+P3303+P3352+P3542+P3649+P3929,A02|F035|5|P0115+P3360+P3552+P3652+P3844,12,5,F033,F035,0.0,80.0,20.666666666666668,0.1388888888888889,,,,,,,,,,,,budget_not_selected,0,0,0,0,0,,False,,
1,raw_distance,61,False,86,107,A03,A03|F041|5|P0227+P0326+P0368+P1137+P2262,A03|F052|11|P0465+P1035+P2138+P2378+P3105+P3227+P3440+P3587+P3611+P3640+P3987,5,11,F041,F052,0.0,80.0,29.0,0.027777777777777776,,,,,,,,,,,,budget_not_selected,0,0,0,0,0,,False,,
1,raw_distance,62,False,15,25,A01,A01|F008|3|P1310+P1334+P3410,A01|F013|15|P0229+P0417+P0419+P0453+P0648+P0672+P0785+P0870+P0912+P1139+P1153+P2464+P3092+P3150+P3176,3,15,F008,F013,0.0,81.0,60.333333333333336,0.09722222222222222,,,,,,,,,,,,budget_not_selected,0,0,0,0,0,,False,,
1,raw_distance,63,False,15,26,A01,A01|F008|3|P1310+P1334+P3410,A01|F013|16|P1296+P1897+P1992+P2044+P2061+P2343+P2463+P2807+P3202+P3277+P3466+P3572+P3676+P3797+P3849+P3925,3,16,F008,F013,0.0,81.0,60.333333333333336,0.09722222222222222,,,,,,,,,,,,budget_not_selected,0,0,0,0,0,,False,,
1,raw_distance,64,False,96,104,A03,A03|F046|1|P2863,A03|F051|16|P0102+P0184+P0349+P0446+P0462+P0502+P0530+P0541+P0797+P0856+P0904+P0997+P1081+P1684+P1723+P3708,1,16,F046,F051,0.0,82.0,55.666666666666664,0.2222222222222222,,,,,,,,,,,,budget_not_selected,0,0,0,0,0,,False,,
1,raw_distance,65,False,96,105,A03,A03|F046|1|P2863,A03|F051|17|P1926+P1962+P2059+P2217+P2218+P2228+P2558+P2562+P2726+P2847+P2930+P2945+P3082+P3167+P3184+P3253+P3947,1,17,F046,F051,0.0,82.0,55.666666666666664,0.2222222222222222,,,,,,,,,,,,budget_not_selected,0,0,0,0,0,,False,,
1,raw_distance,66,False,39,74,A02,A02|F019|12|P0059+P0542+P0957+P1677+P2598+P2822+P3044+P3288+P3409+P3524+P3711+P3982,A02|F035|5|P0115+P3360+P3552+P3652+P3844,12,5,F019,F035,0.0,83.0,44.0,0.16666666666666666,,,,,,,,,,,,budget_not_selected,0,0,0,0,0,,False,,
1,raw_distance,67,False,0,27,A01,A01|F001|4|P0036+P0918+P2537+P2942,A01|F014|12|P0061+P0303+P0849+P1095+P1163+P1235+P1805+P1853+P1902+P2120+P2969+P3614,4,12,F001,F014,0.0,85.0,45.0,0.2361111111111111,,,,,,,,,,,,budget_not_selected,0,0,0,0,0,,False,,
1,raw_distance,68,False,9,15,A01,A01|F005|11|P0177+P0622+P0879+P0978+P1006+P1078+P1307+P1710+P1910+P3403+P3882,A01|F008|3|P1310+P1334+P3410,11,3,F005,F008,0.0,88.0,39.0,0.18055555555555555,,,,,,,,,,,,budget_not_selected,0,0,0,0,0,,False,,
1,raw_distance,69,False,10,15,A01,A01|F005|16|P1933+P2027+P2062+P2096+P2165+P2202+P2334+P2540+P2661+P2725+P3074+P3363+P3624+P3706+P3814+P3917,A01|F008|3|P1310+P1334+P3410,16,3,F005,F008,0.0,88.0,39.0,0.18055555555555555,,,,,,,,,,,,budget_not_selected,0,0,0,0,0,,False,,
1,raw_distance,70,False,78,86,A03,A03|F037|12|P0199+P0260+P0330+P0911+P0980+P1009+P1042+P1221+P1477+P1484+P2048+P2956,A03|F041|5|P0227+P0326+P0368+P1137+P2262,12,5,F037,F041,0.0,88.0,84.33333333333333,0.08333333333333333,,,,,,,,,,,,budget_not_selected,0,0,0,0,0,,False,,
1,raw_distance,71,False,15,23,A01,A01|F008|3|P1310+P1334+P3410,A01|F012|15|P0004+P0049+P0093+P0228+P0239+P0247+P0266+P0510+P0525+P0561+P0584+P0619+P2131+P2753+P3211,3,15,F008,F012,0.0,89.0,21.333333333333332,0.1111111111111111,,,,,,,,,,,,budget_not_selected,0,0,0,0,0,,False,,
1,raw_distance,72,False,15,63,A01,A01|F008|3|P1310+P1334+P3410,A01|F030|16|P0169+P0332+P0347+P0357+P0479+P0562+P0661+P1007+P1086+P1200+P1324+P1376+P1739+P1804+P2026+P2086,3,16,F008,F030,0.0,89.0,69.33333333333333,0.3194444444444444,,,,,,,,,,,,budget_not_selected,0,0,0,0,0,,False,,
1,raw_distance,73,False,0,59,A01,A01|F001|4|P0036+P0918+P2537+P2942,A01|F028|12|P0241+P0272+P0289+P0320+P0490+P0559+P0600+P0634+P0700+P0953+P1113+P1179,4,12,F001,F028,0.0,91.0,10.666666666666666,0.09722222222222222,,,,,,,,,,,,budget_not_selected,0,0,0,0,0,,False,,
1,raw_distance,74,False,93,96,A03,A03|F045|16|P0365+P0430+P0568+P0673+P0741+P0776+P0781+P0801+P0805+P0826+P0829+P1640+P1785+P1803+P2939+P3969,A03|F046|1|P2863,16,1,F045,F046,0.0,92.0,41.0,0.2222222222222222,,,,,,,,,,,,budget_not_selected,0,0,0,0,0,,False,,
1,raw_distance,75,False,86,102,A03,A03|F041|5|P0227+P0326+P0368+P1137+P2262,A03|F049|14|P1520+P2198+P2832+P2893+P2922+P3149+P3191+P3205+P3276+P3416+P3452+P3703+P3771+P3868,5,14,F041,F049,0.0,94.0,48.666666666666664,0.1111111111111111,,,,,,,,,,,,budget_not_selected,0,0,0,0,0,,False,,
1,raw_distance,76,False,7,29,A01,A01|F004|11|P0146+P0632+P0908+P1052+P1216+P1264+P1553+P2173+P2793+P3113+P3938,A01|F015|7|P0269+P0476+P0484+P0570+P0637+P1402+P3945,11,7,F004,F015,0.0,95.0,13.333333333333334,0.027777777777777776,,,,,,,,,,,,budget_not_selected,0,0,0,0,0,,False,,
1,raw_distance,77,False,48,74,A02,A02|F022|14|P2597+P2711+P2809+P3042+P3079+P3083+P3345+P3509+P3532+P3602+P3623+P3751+P3782+P3996,A02|F035|5|P0115+P3360+P3552+P3652+P3844,14,5,F022,F035,0.0,97.0,52.0,0.3055555555555556,,,,,,,,,,,,budget_not_selected,0,0,0,0,0,,False,,
1,raw_distance,78,False,3,21,A01,A01|F002|7|P1754+P1771+P2409+P2625+P2819+P3592+P3961,A01|F011|12|P0174+P0284+P0293+P0535+P0707+P0823+P0923+P1529+P1571+P1718+P3108+P3175,7,12,F002,F011,0.0,99.0,21.666666666666668,0.20833333333333334,,,,,,,,,,,,budget_not_selected,0,0,0,0,0,,False,,
1,raw_distance,79,False,3,17,A01,A01|F002|7|P1754+P1771+P2409+P2625+P2819+P3592+P3961,A01|F009|11|P0086+P0252+P0860+P1085+P1610+P1743+P1763+P1949+P2163+P3118+P3137,7,11,F002,F009,0.0,100.0,56.0,0.3194444444444444,,,,,,,,,,,,budget_not_selected,0,0,0,0,0,,False,,
1,raw_distance,80,False,0,21,A01,A01|F001|4|P0036+P0918+P2537+P2942,A01|F011|12|P0174+P0284+P0293+P0535+P0707+P0823+P0923+P1529+P1571+P1718+P3108+P3175,4,12,F001,F011,0.0,101.0,10.0,0.1111111111111111,,,,,,,,,,,,budget_not_selected,0,0,0,0,0,,False,,
1,raw_distance,81,False,0,17,A01,A01|F001|4|P0036+P0918+P2537+P2942,A01|F009|11|P0086+P0252+P0860+P1085+P1610+P1743+P1763+P1949+P2163+P3118+P3137,4,11,F001,F009,0.0,107.0,39.666666666666664,0.25,,,,,,,,,,,,budget_not_selected,0,0,0,0,0,,False,,
1,raw_distance,82,False,86,96,A03,A03|F041|5|P0227+P0326+P0368+P1137+P2262,A03|F046|1|P2863,5,1,F041,F046,0.0,110.0,60.0,0.25,,,,,,,,,,,,budget_not_selected,0,0,0,0,0,,False,,
1,raw_distance,83,False,87,96,A03,A03|F041|16|P0377+P0519+P0657+P0794+P1479+P1556+P1742+P1850+P1978+P2178+P2650+P2871+P2966+P3089+P3423+P3954,A03|F046|1|P2863,16,1,F041,F046,0.0,110.0,60.0,0.25,,,,,,,,,,,,budget_not_selected,0,0,0,0,0,,False,,
1,raw_distance,84,False,86,98,A03,A03|F041|5|P0227+P0326+P0368+P1137+P2262,A03|F047|5|P0040+P1063+P1231+P2315+P2850,5,5,F041,F047,0.0,111.0,46.666666666666664,0.1111111111111111,,,,,,,,,,,,budget_not_selected,0,0,0,0,0,,False,,
1,raw_distance,85,False,15,31,A01,A01|F008|3|P1310+P1334+P3410,A01|F016|9|P0275+P0423+P0482+P0613+P0647+P0950+P1114+P2472+P2898,3,9,F008,F016,0.0,112.0,51.666666666666664,0.3194444444444444,,,,,,,,,,,,budget_not_selected,0,0,0,0,0,,False,,
1,raw_distance,86,False,15,32,A01,A01|F008|3|P1310+P1334+P3410,A01|F016|16|P1347+P1537+P1579+P1582+P1680+P1697+P2185+P2192+P2227+P2731+P2736+P3170+P3192+P3316+P3356+P3427,3,16,F008,F016,0.0,112.0,51.666666666666664,0.3194444444444444,,,,,,,,,,,,budget_not_selected,0,0,0,0,0,,False,,
1,raw_distance,87,False,15,33,A01,A01|F008|3|P1310+P1334+P3410,A01|F017|11|P0137+P0418+P0598+P1079+P1380+P1493+P1521+P1745+P2207+P2309+P2999,3,11,F008,F017,0.0,112.0,78.0,0.3194444444444444,,,,,,,,,,,,budget_not_selected,0,0,0,0,0,,False,,
1,raw_distance,88,False,15,34,A01,A01|F008|3|P1310+P1334+P3410,A01|F017|16|P2043+P2137+P2139+P2152+P2229+P2499+P2682+P2789+P2825+P2836+P3112+P3240+P3279+P3310+P3655+P3684,3,16,F008,F017,0.0,112.0,78.0,0.3194444444444444,,,,,,,,,,,,budget_not_selected,0,0,0,0,0,,False,,
1,raw_distance,89,False,56,74,A02,A02|F026|14|P0230+P0574+P2408+P2710+P2867+P2971+P3013+P3174+P3320+P3582+P3658+P3694+P3862+P3914,A02|F035|5|P0115+P3360+P3552+P3652+P3844,14,5,F026,F035,0.0,112.0,39.0,0.16666666666666666,,,,,,,,,,,,budget_not_selected,0,0,0,0,0,,False,,
1,raw_distance,90,False,13,29,A01,A01|F007|9|P0057+P0480+P0652+P0685+P0786+P0812+P1703+P1838+P2738,A01|F015|7|P0269+P0476+P0484+P0570+P0637+P1402+P3945,9,7,F007,F015,0.0,113.0,49.333333333333336,0.16666666666666666,,,,,,,,,,,,budget_not_selected,0,0,0,0,0,,False,,
1,raw_distance,91,False,3,59,A01,A01|F002|7|P1754+P1771+P2409+P2625+P2819+P3592+P3961,A01|F028|12|P0241+P0272+P0289+P0320+P0490+P0559+P0600+P0634+P0700+P0953+P1113+P1179,7,12,F002,F028,0.0,114.0,7.0,0.027777777777777776,,,,,,,,,,,,budget_not_selected,0,0,0,0,0,,False,,
1,raw_distance,92,False,42,74,A02,A02|F020|14|P0635+P2429+P3026+P3060+P3093+P3278+P3341+P3483+P3633+P3727+P3822+P3848+P3937+P3998,A02|F035|5|P0115+P3360+P3552+P3652+P3844,14,5,F020,F035,0.0,114.0,74.33333333333333,0.375,,,,,,,,,,,,budget_not_selected,0,0,0,0,0,,False,,
1,raw_distance,93,False,89,98,A03,A03|F043|14|P0095+P0132+P0520+P0588+P0601+P0778+P0848+P0965+P1050+P1171+P1294+P2636+P3023+P3270,A03|F047|5|P0040+P1063+P1231+P2315+P2850,14,5,F043,F047,0.0,115.0,69.66666666666667,0.1111111111111111,,,,,,,,,,,,budget_not_selected,0,0,0,0,0,,False,,
1,raw_distance,94,False,89,96,A03,A03|F043|14|P0095+P0132+P0520+P0588+P0601+P0778+P0848+P0965+P1050+P1171+P1294+P2636+P3023+P3270,A03|F046|1|P2863,14,1,F043,F046,0.0,117.0,83.0,0.25,,,,,,,,,,,,budget_not_selected,0,0,0,0,0,,False,,
1,raw_distance,95,False,90,96,A03,A03|F043|16|P1316+P1327+P1450+P1615+P1855+P1948+P2206+P2442+P2477+P2648+P2766+P3094+P3459+P3510+P3774+P3793,A03|F046|1|P2863,16,1,F043,F046,0.0,117.0,83.0,0.25,,,,,,,,,,,,budget_not_selected,0,0,0,0,0,,False,,
1,raw_distance,96,False,3,27,A01,A01|F002|7|P1754+P1771+P2409+P2625+P2819+P3592+P3961,A01|F014|12|P0061+P0303+P0849+P1095+P1163+P1235+P1805+P1853+P1902+P2120+P2969+P3614,7,12,F002,F014,0.0,124.0,61.333333333333336,0.3333333333333333,,,,,,,,,,,,budget_not_selected,0,0,0,0,0,,False,,
1,raw_distance,97,False,3,29,A01,A01|F002|7|P1754+P1771+P2409+P2625+P2819+P3592+P3961,A01|F015|7|P0269+P0476+P0484+P0570+P0637+P1402+P3945,7,7,F002,F015,0.0,127.0,34.666666666666664,0.19444444444444445,,,,,,,,,,,,budget_not_selected,0,0,0,0,0,,False,,
1,raw_distance,98,False,29,61,A01,A01|F015|7|P0269+P0476+P0484+P0570+P0637+P1402+P3945,A01|F029|12|P0159+P0299+P0306+P0449+P0962+P0987+P1077+P1226+P1276+P1738+P1878+P1919,7,12,F015,F029,0.0,128.0,13.333333333333334,0.1388888888888889,,,,,,,,,,,,budget_not_selected,0,0,0,0,0,,False,,
1,raw_distance,99,False,54,64,A02,A02|F025|7|P1886+P2791+P3216+P3506+P3560+P3584+P3815,A02|F030|10|P0448+P2098+P2453+P3096+P3117+P3531+P3615+P3686+P3799+P3847,7,10,F025,F030,0.0,128.0,22.333333333333332,0.1388888888888889,,,,,,,,,,,,budget_not_selected,0,0,0,0,0,,False,,
1,raw_distance,100,False,15,40,A01,A01|F008|3|P1310+P1334+P3410,A01|F020|16|P0249+P0350+P0421+P0436+P0440+P0458+P0492+P0612+P1119+P1120+P1315+P1329+P1333+P1343+P1358+P1365,3,16,F008,F020,0.0,130.0,64.33333333333333,0.3194444444444444,,,,,,,,,,,,budget_not_selected,0,0,0,0,0,,False,,
1,raw_distance,101,False,15,41,A01,A01|F008|3|P1310+P1334+P3410,A01|F020|16|P1453+P1671+P1699+P1713+P1790+P1794+P1857+P2034+P2057+P2216+P2287+P2469+P2543+P2657+P2722+P2831,3,16,F008,F020,0.0,130.0,64.33333333333333,0.3194444444444444,,,,,,,,,,,,budget_not_selected,0,0,0,0,0,,False,,
1,raw_distance,102,False,0,15,A01,A01|F001|4|P0036+P0918+P2537+P2942,A01|F008|3|P1310+P1334+P3410,4,3,F001,F008,0.0,131.0,16.666666666666668,0.08333333333333333,,,,,,,,,,,,budget_not_selected,0,0,0,0,0,,False,,
1,raw_distance,103,False,15,46,A01,A01|F008|3|P1310+P1334+P3410,A01|F022|16|P0002+P0055+P0058+P0126+P0214+P0268+P0460+P0750+P0782+P0800+P0909+P0992+P1141+P1151+P1188+P1463,3,16,F008,F022,0.0,134.0,42.0,0.25,,,,,,,,,,,,budget_not_selected,0,0,0,0,0,,False,,
1,raw_distance,104,False,15,47,A01,A01|F008|3|P1310+P1334+P3410,A01|F022|16|P1476+P1481+P1544+P1577+P1627+P1900+P1984+P2051+P2258+P2317+P2333+P2382+P2393+P2425+P2462+P2578,3,16,F008,F022,0.0,134.0,42.0,0.25,,,,,,,,,,,,budget_not_selected,0,0,0,0,0,,False,,
1,raw_distance,105,False,91,96,A03,A03|F044|16|P0074+P0259+P0386+P0396+P0442+P0558+P0566+P0582+P0704+P0728+P0768+P0838+P2843+P3238+P3260+P3334,A03|F046|1|P2863,16,1,F044,F046,0.0,137.0,98.66666666666667,0.20833333333333334,,,,,,,,,,,,budget_not_selected,0,0,0,0,0,,False,,
1,raw_distance,106,False,92,96,A03,A03|F044|18|P0822+P1103+P1382+P1760+P1960+P2036+P2364+P2667+P2783+P2835+P3008+P3155+P3209+P3325+P3591+P3656+P3762+P3897,A03|F046|1|P2863,18,1,F044,F046,0.0,137.0,98.66666666666667,0.20833333333333334,,,,,,,,,,,,budget_not_selected,0,0,0,0,0,,False,,
1,raw_distance,107,False,0,19,A01,A01|F001|4|P0036+P0918+P2537+P2942,A01|F010|12|P0028+P0077+P0375+P0395+P0583+P0631+P0642+P0835+P1907+P2840+P3644+P3775,4,12,F001,F010,0.0,147.0,15.0,0.09722222222222222,,,,,,,,,,,,budget_not_selected,0,0,0,0,0,,False,,
1,raw_distance,108,False,15,37,A01,A01|F008|3|P1310+P1334+P3410,A01|F019|13|P0045+P0134+P0344+P0493+P0572+P0946+P1099+P1101+P1160+P1164+P1284+P1345+P1500,3,13,F008,F019,0.0,147.0,34.0,0.1111111111111111,,,,,,,,,,,,budget_not_selected,0,0,0,0,0,,False,,
1,raw_distance,109,False,77,86,A03,A03|F036|8|P0401+P0709+P1087+P1650+P1817+P3698+P3755+P3770,A03|F041|5|P0227+P0326+P0368+P1137+P2262,8,5,F036,F041,0.0,150.0,71.0,0.2777777777777778,,,,,,,,,,,,budget_not_selected,0,0,0,0,0,,False,,
1,raw_distance,110,False,3,9,A01,A01|F002|7|P1754+P1771+P2409+P2625+P2819+P3592+P3961,A01|F005|11|P0177+P0622+P0879+P0978+P1006+P1078+P1307+P1710+P1910+P3403+P3882,7,11,F002,F005,0.0,151.0,38.666666666666664,0.19444444444444445,,,,,,,,,,,,budget_not_selected,0,0,0,0,0,,False,,
1,raw_distance,111,False,3,33,A01,A01|F002|7|P1754+P1771+P2409+P2625+P2819+P3592+P3961,A01|F017|11|P0137+P0418+P0598+P1079+P1380+P1493+P1521+P1745+P2207+P2309+P2999,7,11,F002,F017,0.0,161.0,77.66666666666667,0.3333333333333333,,,,,,,,,,,,budget_not_selected,0,0,0,0,0,,False,,
1,raw_distance,112,False,13,31,A01,A01|F007|9|P0057+P0480+P0652+P0685+P0786+P0812+P1703+P1838+P2738,A01|F016|9|P0275+P0423+P0482+P0613+P0647+P0950+P1114+P2472+P2898,9,9,F007,F016,0.0,161.0,66.0,0.3055555555555556,,,,,,,,,,,,budget_not_selected,0,0,0,0,0,,False,,
1,raw_distance,113,False,64,74,A02,A02|F030|10|P0448+P2098+P2453+P3096+P3117+P3531+P3615+P3686+P3799+P3847,A02|F035|5|P0115+P3360+P3552+P3652+P3844,10,5,F030,F035,0.0,161.0,79.33333333333333,0.375,,,,,,,,,,,,budget_not_selected,0,0,0,0,0,,False,,
1,raw_distance,114,False,84,98,A03,A03|F040|11|P0140+P0367+P0868+P0880+P1004+P1567+P1598+P1705+P1715+P1750+P2374,A03|F047|5|P0040+P1063+P1231+P2315+P2850,11,5,F040,F047,0.0,163.0,111.33333333333333,0.1388888888888889,,,,,,,,,,,,budget_not_selected,0,0,0,0,0,,False,,
1,raw_distance,115,False,84,96,A03,A03|F040|11|P0140+P0367+P0868+P0880+P1004+P1567+P1598+P1705+P1715+P1750+P2374,A03|F046|1|P2863,11,1,F040,F046,0.0,165.0,124.66666666666667,0.2777777777777778,,,,,,,,,,,,budget_not_selected,0,0,0,0,0,,False,,
1,raw_distance,116,False,85,96,A03,A03|F040|16|P1908+P2094+P2386+P2555+P2727+P2746+P2775+P2846+P2881+P2935+P3222+P3287+P3322+P3477+P3547+P3721,A03|F046|1|P2863,16,1,F040,F046,0.0,165.0,124.66666666666667,0.2777777777777778,,,,,,,,,,,,budget_not_selected,0,0,0,0,0,,False,,
1,raw_distance,117,False,0,7,A01,A01|F001|4|P0036+P0918+P2537+P2942,A01|F004|11|P0146+P0632+P0908+P1052+P1216+P1264+P1553+P2173+P2793+P3113+P3938,4,11,F001,F004,0.0,168.0,12.333333333333334,0.09722222222222222,,,,,,,,,,,,budget_not_selected,0,0,0,0,0,,False,,
1,raw_distance,118,False,3,31,A01,A01|F002|7|P1754+P1771+P2409+P2625+P2819+P3592+P3961,A01|F016|9|P0275+P0423+P0482+P0613+P0647+P0950+P1114+P2472+P2898,7,9,F002,F016,0.0,172.0,51.333333333333336,0.3333333333333333,,,,,,,,,,,,budget_not_selected,0,0,0,0,0,,False,,
1,raw_distance,119,False,0,13,A01,A01|F001|4|P0036+P0918+P2537+P2942,A01|F007|9|P0057+P0480+P0652+P0685+P0786+P0812+P1703+P1838+P2738,4,9,F001,F007,0.0,184.0,31.0,0.09722222222222222,,,,,,,,,,,,budget_not_selected,0,0,0,0,0,,False,,
1,raw_distance,120,False,78,98,A03,A03|F037|12|P0199+P0260+P0330+P0911+P0980+P1009+P1042+P1221+P1477+P1484+P2048+P2956,A03|F047|5|P0040+P1063+P1231+P2315+P2850,12,5,F037,F047,0.0,190.0,131.0,0.19444444444444445,,,,,,,,,,,,budget_not_selected,0,0,0,0,0,,False,,
1,raw_distance,121,False,15,61,A01,A01|F008|3|P1310+P1334+P3410,A01|F029|12|P0159+P0299+P0306+P0449+P0962+P0987+P1077+P1226+P1276+P1738+P1878+P1919,3,12,F008,F029,0.0,191.0,34.333333333333336,0.18055555555555555,,,,,,,,,,,,budget_not_selected,0,0,0,0,0,,False,,
1,raw_distance,122,False,88,96,A03,A03|F042|16|P1174+P1268+P1435+P1683+P2031+P2751+P2779+P2786+P2889+P2965+P3028+P3309+P3346+P3428+P3959+P3970,A03|F046|1|P2863,16,1,F042,F046,0.0,191.0,152.0,0.3055555555555556,,,,,,,,,,,,budget_not_selected,0,0,0,0,0,,False,,
1,raw_distance,123,False,96,108,A03,A03|F046|1|P2863,A03|F042+F050|18|P0166+P0294+P0455+P0540+P0617+P0638+P0643+P0865+P1203+P1767+P2093+P2330+P2521+P2730+P2972+P2984+P3627+P3730,1,18,F046,F042|F050,0.0,191.0,170.16666666666669,0.27083333333333337,,,,,,,,,,,,budget_not_selected,0,0,0,0,0,,False,,
1,raw_distance,124,False,49,64,A02,A02|F023|9|P0068+P0111+P0298+P0611+P0693+P1031+P1482+P2314+P2790,A02|F030|10|P0448+P2098+P2453+P3096+P3117+P3531+P3615+P3686+P3799+P3847,9,10,F023,F030,0.0,192.0,85.33333333333333,0.375,,,,,,,,,,,,budget_not_selected,0,0,0,0,0,,False,,
1,raw_distance,125,False,78,96,A03,A03|F037|12|P0199+P0260+P0330+P0911+P0980+P1009+P1042+P1221+P1477+P1484+P2048+P2956,A03|F046|1|P2863,12,1,F037,F046,0.0,192.0,144.33333333333334,0.3333333333333333,,,,,,,,,,,,budget_not_selected,0,0,0,0,0,,False,,
1,raw_distance,126,False,79,96,A03,A03|F037|16|P2045+P2058+P2261+P2275+P2291+P2448+P2450+P2531+P3084+P3156+P3530+P3637+P3717+P3846+P3851+P3989,A03|F046|1|P2863,16,1,F037,F046,0.0,192.0,144.33333333333334,0.3333333333333333,,,,,,,,,,,,budget_not_selected,0,0,0,0,0,,False,,
1,raw_distance,127,False,0,3,A01,A01|F001|4|P0036+P0918+P2537+P2942,A01|F002|7|P1754+P1771+P2409+P2625+P2819+P3592+P3961,4,7,F001,F002,0.0,200.0,17.666666666666668,0.09722222222222222,,,,,,,,,,,,budget_not_selected,0,0,0,0,0,,False,,
1,raw_distance,128,False,77,84,A03,A03|F036|8|P0401+P0709+P1087+P1650+P1817+P3698+P3755+P3770,A03|F040|11|P0140+P0367+P0868+P0880+P1004+P1567+P1598+P1705+P1715+P1750+P2374,8,11,F036,F040,0.0,205.0,135.66666666666666,0.3055555555555556,,,,,,,,,,,,budget_not_selected,0,0,0,0,0,,False,,
1,raw_distance,129,False,0,25,A01,A01|F001|4|P0036+P0918+P2537+P2942,A01|F013|15|P0229+P0417+P0419+P0453+P0648+P0672+P0785+P0870+P0912+P1139+P1153+P2464+P3092+P3150+P3176,4,15,F001,F013,0.0,210.0,77.0,0.18055555555555555,,,,,,,,,,,,budget_not_selected,0,0,0,0,0,,False,,
1,raw_distance,130,False,15,73,A01,A01|F008|3|P1310+P1334+P3410,A01|F035|16|P0428+P0565+P0665+P0677+P0755+P1049+P1124+P1256+P1366+P1575+P1701+P1714+P2079+P2116+P2239+P2413,3,16,F008,F035,0.0,227.0,22.0,0.08333333333333333,,,,,,,,,,,,budget_not_selected,0,0,0,0,0,,False,,
1,raw_distance,131,False,3,61,A01,A01|F002|7|P1754+P1771+P2409+P2625+P2819+P3592+P3961,A01|F029|12|P0159+P0299+P0306+P0449+P0962+P0987+P1077+P1226+P1276+P1738+P1878+P1919,7,12,F002,F029,0.0,253.0,34.0,0.19444444444444445,,,,,,,,,,,,budget_not_selected,0,0,0,0,0,,False,,
2,raw_distance,1,True,96,107,A03,A03|F046|1|P2863,A03|F047+F052|16|P0040+P0465+P1035+P1063+P1231+P2138+P2315+P2378+P2850+P3105+P3227+P3440+P3587+P3611+P3640+P3987,1,16,F046,F052|F047,0.0,15.0,22.166666666666668,0.18055555555555555,,,,,,,,,,,,improving_not_selected,6,6,0,0,0,120,False,5.377289500000188,
2,raw_distance,2,True,96,101,A03,A03|F046|1|P2863,A03|F049|14|P1520+P2198+P2832+P2893+P2922+P3149+P3191+P3205+P3276+P3416+P3452+P3703+P3771+P3868,1,14,F046,F049,0.0,17.0,11.333333333333334,0.1388888888888889,,,,,,,,,,,,improving_not_selected,4,0,4,0,0,146,False,5.100999000002048,
2,raw_distance,3,True,15,19,A01,A01|F008|3|P1310+P1334+P3410,A01|F010|12|P0028+P0077+P0375+P0395+P0583+P0631+P0642+P0835+P1907+P2840+P3644+P3775,3,12,F008,F010,0.0,19.0,3.6666666666666665,0.013888888888888888,,,,,,,,,,,,improving_not_selected,4,0,4,0,0,131,False,4.760248300000967,
2,raw_distance,4,True,54,62,A02,A02|F025|7|P1886+P2791+P3216+P3506+P3560+P3584+P3815,A02|F029|12|P0226+P1827+P1956+P2101+P2590+P2617+P2683+P2796+P2810+P3402+P3626+P3741,7,12,F025,F029,0.0,24.0,12.666666666666666,0.0,,,,,,,,,,,,improving_not_selected,2,0,2,0,0,117,False,4.763284600005136,
2,raw_distance,5,True,0,37,A01,A01|F001|4|P0036+P0918+P2537+P2942,A01|F019|13|P0045+P0134+P0344+P0493+P0572+P0946+P1099+P1101+P1160+P1164+P1284+P1345+P1500,4,13,F001,F019,0.0,25.0,17.333333333333332,0.027777777777777776,,,,,,,,,,,,improving_not_selected,2,0,2,0,0,127,False,4.7584733000039705,
2,raw_distance,6,True,9,29,A01,A01|F005|11|P0177+P0622+P0879+P0978+P1006+P1078+P1307+P1710+P1910+P3403+P3882,A01|F015|7|P0269+P0476+P0484+P0570+P0637+P1402+P3945,11,7,F005,F015,0.0,25.0,4.0,0.0,,,,,,,,,,,,improving_not_selected,2,0,2,0,0,81,False,4.759503699999186,
2,raw_distance,7,True,27,29,A01,A01|F014|12|P0061+P0303+P0849+P1095+P1163+P1235+P1805+P1853+P1902+P2120+P2969+P3614,A01|F015|7|P0269+P0476+P0484+P0570+P0637+P1402+P3945,12,7,F014,F015,0.0,27.0,26.666666666666668,0.1388888888888889,,,,,,,,,,,,improving_not_selected,2,0,2,0,0,74,False,4.762150300004578,
2,raw_distance,8,True,86,89,A03,A03|F041|5|P0227+P0326+P0368+P1137+P2262,A03|F043|14|P0095+P0132+P0520+P0588+P0601+P0778+P0848+P0965+P1050+P1171+P1294+P2636+P3023+P3270,5,14,F041,F043,0.0,28.0,23.0,0.0,,,,,,,,,,,,improving_not_selected,2,0,2,0,0,151,False,5.1008021000016015,
2,raw_distance,9,True,3,13,A01,A01|F002|7|P1754+P1771+P2409+P2625+P2819+P3592+P3961,A01|F007|9|P0057+P0480+P0652+P0685+P0786+P0812+P1703+P1838+P2738,7,9,F002,F007,0.0,30.0,14.666666666666666,0.027777777777777776,,,,,,,,,,,,improving_not_selected,4,0,4,0,0,122,False,4.7592186000038055,
2,raw_distance,10,True,21,29,A01,A01|F011|12|P0174+P0284+P0293+P0535+P0707+P0823+P0923+P1529+P1571+P1718+P3108+P3175,A01|F015|7|P0269+P0476+P0484+P0570+P0637+P1402+P3945,12,7,F011,F015,0.0,31.0,13.0,0.125,,,,,,,,,,,,improving_not_selected,2,0,2,0,0,79,False,4.76197740000498,
2,raw_distance,11,True,29,59,A01,A01|F015|7|P0269+P0476+P0484+P0570+P0637+P1402+P3945,A01|F028|12|P0241+P0272+P0289+P0320+P0490+P0559+P0600+P0634+P0700+P0953+P1113+P1179,7,12,F015,F028,0.0,32.0,27.666666666666668,0.16666666666666666,,,,,,,,,,,,improving_not_selected,2,0,2,0,0,92,False,4.762324700001045,
2,raw_distance,12,True,3,7,A01,A01|F002|7|P1754+P1771+P2409+P2625+P2819+P3592+P3961,A01|F004|11|P0146+P0632+P0908+P1052+P1216+P1264+P1553+P2173+P2793+P3113+P3938,7,11,F002,F004,0.0,33.0,21.333333333333332,0.16666666666666666,,,,,,,,,,,,improving_not_selected,2,0,2,0,0,103,False,4.758758000003581,
2,raw_distance,13,True,15,21,A01,A01|F008|3|P1310+P1334+P3410,A01|F011|12|P0174+P0284+P0293+P0535+P0707+P0823+P0923+P1529+P1571+P1718+P3108+P3175,3,12,F008,F011,0.0,33.0,22.0,0.19444444444444445,,,,,,,,,,,,improving_not_selected,4,0,4,0,0,113,False,4.760809200000949,
2,raw_distance,14,True,67,74,A02,A02|F032|14|P0099+P0379+P0390+P0422+P0546+P0616+P0618+P0738+P1254+P1300+P1681+P2097+P2351+P3385,A02|F035|5|P0115+P3360+P3552+P3652+P3844,14,5,F032,F035,0.0,35.0,17.333333333333332,0.0,,,,,,,,,,,,improving_not_selected,2,0,2,0,0,138,False,4.907729800004745,
2,raw_distance,15,True,17,29,A01,A01|F009|11|P0086+P0252+P0860+P1085+P1610+P1743+P1763+P1949+P2163+P3118+P3137,A01|F015|7|P0269+P0476+P0484+P0570+P0637+P1402+P3945,11,7,F009,F015,0.0,38.0,21.333333333333332,0.1527777777777778,,,,,,,,,,,,improving_not_selected,2,0,2,0,0,72,False,4.761763000002247,
2,raw_distance,16,True,49,74,A02,A02|F023|9|P0068+P0111+P0298+P0611+P0693+P1031+P1482+P2314+P2790,A02|F035|5|P0115+P3360+P3552+P3652+P3844,9,5,F023,F035,0.0,38.0,6.0,0.0,,,,,,,,,,,,accepted,4,0,4,0,0,158,True,4.7627642000006745,5.377393300004769
2,raw_distance,17,True,52,54,A02,A02|F024|12|P0213+P0307+P0433+P0499+P0729+P1905+P2195+P2535+P2572+P3190+P3603+P3872,A02|F025|7|P1886+P2791+P3216+P3506+P3560+P3584+P3815,12,7,F024,F025,0.0,39.0,15.666666666666666,0.1527777777777778,,,,,,,,,,,,improving_not_selected,2,0,2,0,0,98,False,4.762930400000187,
2,raw_distance,18,True,0,31,A01,A01|F001|4|P0036+P0918+P2537+P2942,A01|F016|9|P0275+P0423+P0482+P0613+P0647+P0950+P1114+P2472+P2898,4,9,F001,F016,0.0,41.0,35.0,0.2361111111111111,,,,,,,,,,,,improving_not_selected,4,0,4,0,0,99,False,4.7581943000041065,
2,raw_distance,19,True,11,15,A01,A01|F006|16|P0042+P0044+P0089+P0113+P0151+P0158+P0186+P0240+P0244+P0267+P0393+P0718+P0863+P1394+P1611+P3271,A01|F008|3|P1310+P1334+P3410,16,3,F006,F008,0.0,41.0,16.333333333333332,0.1111111111111111,,,,,,,,,,,,improving_not_selected,2,0,2,0,0,112,False,4.759804100001929,
2,raw_distance,20,True,15,59,A01,A01|F008|3|P1310+P1334+P3410,A01|F028|12|P0241+P0272+P0289+P0320+P0490+P0559+P0600+P0634+P0700+P0953+P1113+P1179,3,12,F008,F028,0.0,41.0,7.333333333333333,0.013888888888888888,,,,,,,,,,,,improving_not_selected,4,0,4,0,0,115,False,4.761265500004811,
2,raw_distance,21,True,45,74,A02,A02|F021|13|P0008+P0124+P1195+P3158+P3305+P3313+P3406+P3544+P3734+P3749+P3809+P3877+P3895,A02|F035|5|P0115+P3360+P3552+P3652+P3844,13,5,F021,F035,0.0,41.0,40.333333333333336,0.2222222222222222,,,,,,,,,,,,improving_not_selected,2,0,2,0,0,117,False,4.762502300000051,
2,raw_distance,22,True,77,96,A03,A03|F036|8|P0401+P0709+P1087+P1650+P1817+P3698+P3755+P3770,A03|F046|1|P2863,8,1,F036,F046,0.0,41.0,11.0,0.027777777777777776,,,,,,,,,,,,improving_not_selected,6,0,6,0,0,129,False,4.908319599999231,
2,raw_distance,23,True,0,23,A01,A01|F001|4|P0036+P0918+P2537+P2942,A01|F012|15|P0004+P0049+P0093+P0228+P0239+P0247+P0266+P0510+P0525+P0561+P0584+P0619+P2131+P2753+P3211,4,15,F001,F012,0.0,42.0,5.333333333333333,0.027777777777777776,,,,,,,,,,,,improving_not_selected,2,2,0,0,0,122,False,4.757680800001253,
2,raw_distance,24,True,65,74,A02,A02|F031|13|P0188+P0221+P0470+P0845+P1206+P1443+P1467+P1512+P1534+P1772+P1859+P2248+P3041,A02|F035|5|P0115+P3360+P3552+P3652+P3844,13,5,F031,F035,0.0,42.0,19.333333333333332,0.1388888888888889,,,,,,,,,,,,improving_not_selected,2,2,0,0,0,126,False,4.9073305999991135,
2,raw_distance,25,True,82,96,A03,A03|F039|15|P0097+P0714+P0855+P1236+P1407+P1474+P1488+P1559+P1725+P1936+P1969+P2159+P2166+P3048+P3576,A03|F046|1|P2863,15,1,F039,F046,0.0,45.0,5.666666666666667,0.013888888888888888,,,,,,,,,,,,improving_not_selected,4,4,0,0,0,116,False,5.1006172000052175,
2,raw_distance,26,False,29,31,A01,A01|F015|7|P0269+P0476+P0484+P0570+P0637+P1402+P3945,A01|F016|9|P0275+P0423+P0482+P0613+P0647+P0950+P1114+P2472+P2898,7,9,F015,F016,0.0,48.0,16.666666666666668,0.1388888888888889,,,,,,,,,,,,budget_not_selected,0,0,0,0,0,,False,,
2,raw_distance,27,False,62,74,A02,A02|F029|12|P0226+P1827+P1956+P2101+P2590+P2617+P2683+P2796+P2810+P3402+P3626+P3741,A02|F035|5|P0115+P3360+P3552+P3652+P3844,12,5,F029,F035,0.0,49.0,44.333333333333336,0.2361111111111111,,,,,,,,,,,,budget_not_selected,0,0,0,0,0,,False,,
2,raw_distance,28,False,0,9,A01,A01|F001|4|P0036+P0918+P2537+P2942,A01|F005|11|P0177+P0622+P0879+P0978+P1006+P1078+P1307+P1710+P1910+P3403+P3882,4,11,F001,F005,0.0,50.0,22.333333333333332,0.09722222222222222,,,,,,,,,,,,budget_not_selected,0,0,0,0,0,,False,,
2,raw_distance,29,False,96,98,A03,A03|F046|1|P2863,A03|F048|16|P0255+P1217+P1261+P1569+P1604+P1761+P1870+P2022+P2105+P2156+P2369+P2395+P2743+P2914+P3267+P3471,1,16,F046,F048,0.0,50.0,27.666666666666668,0.2222222222222222,,,,,,,,,,,,budget_not_selected,0,0,0,0,0,,False,,
2,raw_distance,30,False,96,99,A03,A03|F046|1|P2863,A03|F048|16|P2396+P2419+P2481+P2604+P2619+P2692+P2712+P2776+P2858+P3027+P3589+P3599+P3699+P3885+P3903+P3966,1,16,F046,F048,0.0,50.0,27.666666666666668,0.2222222222222222,,,,,,,,,,,,budget_not_selected,0,0,0,0,0,,False,,
2,raw_distance,31,False,7,15,A01,A01|F004|11|P0146+P0632+P0908+P1052+P1216+P1264+P1553+P2173+P2793+P3113+P3938,A01|F008|3|P1310+P1334+P3410,11,3,F004,F008,0.0,52.0,21.666666666666668,0.1527777777777778,,,,,,,,,,,,budget_not_selected,0,0,0,0,0,,False,,
2,raw_distance,32,False,8,15,A01,A01|F004|16|P2183+P2362+P2487+P2551+P2669+P2716+P3039+P3053+P3119+P3159+P3243+P3375+P3585+P3598+P3761+P3906,A01|F008|3|P1310+P1334+P3410,16,3,F004,F008,0.0,52.0,21.666666666666668,0.1527777777777778,,,,,,,,,,,,budget_not_selected,0,0,0,0,0,,False,,
2,raw_distance,33,False,29,33,A01,A01|F015|7|P0269+P0476+P0484+P0570+P0637+P1402+P3945,A01|F017|11|P0137+P0418+P0598+P1079+P1380+P1493+P1521+P1745+P2207+P2309+P2999,7,11,F015,F017,0.0,53.0,43.0,0.1388888888888889,,,,,,,,,,,,budget_not_selected,0,0,0,0,0,,False,,
2,raw_distance,34,False,13,15,A01,A01|F007|9|P0057+P0480+P0652+P0685+P0786+P0812+P1703+P1838+P2738,A01|F008|3|P1310+P1334+P3410,9,3,F007,F008,0.0,54.0,14.333333333333334,0.013888888888888888,,,,,,,,,,,,budget_not_selected,0,0,0,0,0,,False,,
2,raw_distance,35,False,3,19,A01,A01|F002|7|P1754+P1771+P2409+P2625+P2819+P3592+P3961,A01|F010|12|P0028+P0077+P0375+P0395+P0583+P0631+P0642+P0835+P1907+P2840+P3644+P3775,7,12,F002,F010,0.0,56.0,3.3333333333333335,0.027777777777777776,,,,,,,,,,,,budget_not_selected,0,0,0,0,0,,False,,
2,raw_distance,36,False,52,74,A02,A02|F024|12|P0213+P0307+P0433+P0499+P0729+P1905+P2195+P2535+P2572+P3190+P3603+P3872,A02|F035|5|P0115+P3360+P3552+P3652+P3844,12,5,F024,F035,0.0,57.0,41.333333333333336,0.2777777777777778,,,,,,,,,,,,budget_not_selected,0,0,0,0,0,,False,,
2,raw_distance,37,False,54,74,A02,A02|F025|7|P1886+P2791+P3216+P3506+P3560+P3584+P3815,A02|F035|5|P0115+P3360+P3552+P3652+P3844,7,5,F025,F035,0.0,57.0,57.0,0.2361111111111111,,,,,,,,,,,,budget_not_selected,0,0,0,0,0,,False,,
2,raw_distance,38,False,15,17,A01,A01|F008|3|P1310+P1334+P3410,A01|F009|11|P0086+P0252+P0860+P1085+P1610+P1743+P1763+P1949+P2163+P3118+P3137,3,11,F008,F009,0.0,59.0,56.333333333333336,0.3055555555555556,,,,,,,,,,,,budget_not_selected,0,0,0,0,0,,False,,
2,raw_distance,39,False,15,18,A01,A01|F008|3|P1310+P1334+P3410,A01|F009|16|P2295+P2415+P2720+P2794+P2805+P2859+P2982+P2991+P3006+P3280+P3464+P3478+P3613+P3725+P3807+P3880,3,16,F008,F009,0.0,59.0,56.333333333333336,0.3055555555555556,,,,,,,,,,,,budget_not_selected,0,0,0,0,0,,False,,
2,raw_distance,40,False,15,29,A01,A01|F008|3|P1310+P1334+P3410,A01|F015|7|P0269+P0476+P0484+P0570+P0637+P1402+P3945,3,7,F008,F015,0.0,64.0,35.0,0.18055555555555555,,,,,,,,,,,,budget_not_selected,0,0,0,0,0,,False,,
2,raw_distance,41,False,15,30,A01,A01|F008|3|P1310+P1334+P3410,A01|F015|16|P0409+P0513+P0605+P0969+P0998+P1080+P1364+P1506+P1774+P1782+P2091+P3098+P3234+P3836+P3939+P3985,3,16,F008,F015,0.0,64.0,35.0,0.18055555555555555,,,,,,,,,,,,budget_not_selected,0,0,0,0,0,,False,,
2,raw_distance,42,False,39,54,A02,A02|F019|12|P0059+P0542+P0957+P1677+P2598+P2822+P3044+P3288+P3409+P3524+P3711+P3982,A02|F025|7|P1886+P2791+P3216+P3506+P3560+P3584+P3815,12,7,F019,F025,0.0,66.0,13.0,0.06944444444444445,,,,,,,,,,,,budget_not_selected,0,0,0,0,0,,False,,
2,raw_distance,43,False,84,86,A03,A03|F040|11|P0140+P0367+P0868+P0880+P1004+P1567+P1598+P1705+P1715+P1750+P2374,A03|F041|5|P0227+P0326+P0368+P1137+P2262,11,5,F040,F041,0.0,66.0,64.66666666666667,0.027777777777777776,,,,,,,,,,,,budget_not_selected,0,0,0,0,0,,False,,
2,raw_distance,44,False,0,61,A01,A01|F001|4|P0036+P0918+P2537+P2942,A01|F029|12|P0159+P0299+P0306+P0449+P0962+P0987+P1077+P1226+P1276+P1738+P1878+P1919,4,12,F001,F029,0.0,67.0,17.666666666666668,0.09722222222222222,,,,,,,,,,,,budget_not_selected,0,0,0,0,0,,False,,
2,raw_distance,45,False,80,96,A03,A03|F038|15|P0238+P0338+P0385+P0399+P0573+P0655+P0721+P0820+P0993+P1913+P2047+P2154+P2544+P2912+P3674,A03|F046|1|P2863,15,1,F038,F046,0.0,67.0,39.0,0.20833333333333334,,,,,,,,,,,,budget_not_selected,0,0,0,0,0,,False,,
2,raw_distance,46,False,81,96,A03,A03|F038|16|P1135+P1278+P1562+P1612+P1766+P1858+P2611+P2643+P2674+P2901+P3004+P3126+P3225+P3610+P3612+P3955,A03|F046|1|P2863,16,1,F038,F046,0.0,67.0,39.0,0.20833333333333334,,,,,,,,,,,,budget_not_selected,0,0,0,0,0,,False,,
2,raw_distance,47,False,0,33,A01,A01|F001|4|P0036+P0918+P2537+P2942,A01|F017|11|P0137+P0418+P0598+P1079+P1380+P1493+P1521+P1745+P2207+P2309+P2999,4,11,F001,F017,0.0,70.0,61.333333333333336,0.2361111111111111,,,,,,,,,,,,budget_not_selected,0,0,0,0,0,,False,,
2,raw_distance,48,False,49,54,A02,A02|F023|9|P0068+P0111+P0298+P0611+P0693+P1031+P1482+P2314+P2790,A02|F025|7|P1886+P2791+P3216+P3506+P3560+P3584+P3815,9,7,F023,F025,0.0,70.0,63.0,0.2361111111111111,,,,,,,,,,,,budget_not_selected,0,0,0,0,0,,False,,
2,raw_distance,49,False,0,29,A01,A01|F001|4|P0036+P0918+P2537+P2942,A01|F015|7|P0269+P0476+P0484+P0570+P0637+P1402+P3945,4,7,F001,F015,0.0,73.0,18.333333333333332,0.09722222222222222,,,,,,,,,,,,budget_not_selected,0,0,0,0,0,,False,,
2,raw_distance,50,False,3,15,A01,A01|F002|7|P1754+P1771+P2409+P2625+P2819+P3592+P3961,A01|F008|3|P1310+P1334+P3410,7,3,F002,F008,0.0,75.0,2.3333333333333335,0.013888888888888888,,,,,,,,,,,,budget_not_selected,0,0,0,0,0,,False,,
2,raw_distance,51,False,15,27,A01,A01|F008|3|P1310+P1334+P3410,A01|F014|12|P0061+P0303+P0849+P1095+P1163+P1235+P1805+P1853+P1902+P2120+P2969+P3614,3,12,F008,F014,0.0,76.0,61.666666666666664,0.3194444444444444,,,,,,,,,,,,budget_not_selected,0,0,0,0,0,,False,,
2,raw_distance,52,False,15,28,A01,A01|F008|3|P1310+P1334+P3410,A01|F014|16|P2127+P2447+P2512+P2561+P2767+P2844+P2908+P2953+P3160+P3475+P3554+P3634+P3651+P3808+P3973+P3994,3,16,F008,F014,0.0,76.0,61.666666666666664,0.3194444444444444,,,,,,,,,,,,budget_not_selected,0,0,0,0,0,,False,,
2,raw_distance,53,False,19,29,A01,A01|F010|12|P0028+P0077+P0375+P0395+P0583+P0631+P0642+P0835+P1907+P2840+P3644+P3775,A01|F015|7|P0269+P0476+P0484+P0570+P0637+P1402+P3945,12,7,F010,F015,0.0,77.0,31.333333333333332,0.16666666666666666,,,,,,,,,,,,budget_not_selected,0,0,0,0,0,,False,,
2,raw_distance,54,False,54,70,A02,A02|F025|7|P1886+P2791+P3216+P3506+P3560+P3584+P3815,A02|F033|12|P0660+P0761+P1198+P1462+P2397+P2940+P3002+P3303+P3352+P3542+P3649+P3929,7,12,F025,F033,0.0,80.0,36.333333333333336,0.09722222222222222,,,,,,,,,,,,budget_not_selected,0,0,0,0,0,,False,,
2,raw_distance,55,False,70,74,A02,A02|F033|12|P0660+P0761+P1198+P1462+P2397+P2940+P3002+P3303+P3352+P3542+P3649+P3929,A02|F035|5|P0115+P3360+P3552+P3652+P3844,12,5,F033,F035,0.0,80.0,20.666666666666668,0.1388888888888889,,,,,,,,,,,,budget_not_selected,0,0,0,0,0,,False,,
2,raw_distance,56,False,15,25,A01,A01|F008|3|P1310+P1334+P3410,A01|F013|15|P0229+P0417+P0419+P0453+P0648+P0672+P0785+P0870+P0912+P1139+P1153+P2464+P3092+P3150+P3176,3,15,F008,F013,0.0,81.0,60.333333333333336,0.09722222222222222,,,,,,,,,,,,budget_not_selected,0,0,0,0,0,,False,,
2,raw_distance,57,False,15,26,A01,A01|F008|3|P1310+P1334+P3410,A01|F013|16|P1296+P1897+P1992+P2044+P2061+P2343+P2463+P2807+P3202+P3277+P3466+P3572+P3676+P3797+P3849+P3925,3,16,F008,F013,0.0,81.0,60.333333333333336,0.09722222222222222,,,,,,,,,,,,budget_not_selected,0,0,0,0,0,,False,,
2,raw_distance,58,False,96,103,A03,A03|F046|1|P2863,A03|F051|16|P0102+P0184+P0349+P0446+P0462+P0502+P0530+P0541+P0797+P0856+P0904+P0997+P1081+P1684+P1723+P3708,1,16,F046,F051,0.0,82.0,55.666666666666664,0.2222222222222222,,,,,,,,,,,,budget_not_selected,0,0,0,0,0,,False,,
2,raw_distance,59,False,96,104,A03,A03|F046|1|P2863,A03|F051|17|P1926+P1962+P2059+P2217+P2218+P2228+P2558+P2562+P2726+P2847+P2930+P2945+P3082+P3167+P3184+P3253+P3947,1,17,F046,F051,0.0,82.0,55.666666666666664,0.2222222222222222,,,,,,,,,,,,budget_not_selected,0,0,0,0,0,,False,,
2,raw_distance,60,False,39,74,A02,A02|F019|12|P0059+P0542+P0957+P1677+P2598+P2822+P3044+P3288+P3409+P3524+P3711+P3982,A02|F035|5|P0115+P3360+P3552+P3652+P3844,12,5,F019,F035,0.0,83.0,44.0,0.16666666666666666,,,,,,,,,,,,budget_not_selected,0,0,0,0,0,,False,,
2,raw_distance,61,False,0,27,A01,A01|F001|4|P0036+P0918+P2537+P2942,A01|F014|12|P0061+P0303+P0849+P1095+P1163+P1235+P1805+P1853+P1902+P2120+P2969+P3614,4,12,F001,F014,0.0,85.0,45.0,0.2361111111111111,,,,,,,,,,,,budget_not_selected,0,0,0,0,0,,False,,
2,raw_distance,62,False,9,15,A01,A01|F005|11|P0177+P0622+P0879+P0978+P1006+P1078+P1307+P1710+P1910+P3403+P3882,A01|F008|3|P1310+P1334+P3410,11,3,F005,F008,0.0,88.0,39.0,0.18055555555555555,,,,,,,,,,,,budget_not_selected,0,0,0,0,0,,False,,
2,raw_distance,63,False,10,15,A01,A01|F005|16|P1933+P2027+P2062+P2096+P2165+P2202+P2334+P2540+P2661+P2725+P3074+P3363+P3624+P3706+P3814+P3917,A01|F008|3|P1310+P1334+P3410,16,3,F005,F008,0.0,88.0,39.0,0.18055555555555555,,,,,,,,,,,,budget_not_selected,0,0,0,0,0,,False,,
2,raw_distance,64,False,78,86,A03,A03|F037|12|P0199+P0260+P0330+P0911+P0980+P1009+P1042+P1221+P1477+P1484+P2048+P2956,A03|F041|5|P0227+P0326+P0368+P1137+P2262,12,5,F037,F041,0.0,88.0,84.33333333333333,0.08333333333333333,,,,,,,,,,,,budget_not_selected,0,0,0,0,0,,False,,
2,raw_distance,65,False,15,23,A01,A01|F008|3|P1310+P1334+P3410,A01|F012|15|P0004+P0049+P0093+P0228+P0239+P0247+P0266+P0510+P0525+P0561+P0584+P0619+P2131+P2753+P3211,3,15,F008,F012,0.0,89.0,21.333333333333332,0.1111111111111111,,,,,,,,,,,,budget_not_selected,0,0,0,0,0,,False,,
2,raw_distance,66,False,15,63,A01,A01|F008|3|P1310+P1334+P3410,A01|F030|16|P0169+P0332+P0347+P0357+P0479+P0562+P0661+P1007+P1086+P1200+P1324+P1376+P1739+P1804+P2026+P2086,3,16,F008,F030,0.0,89.0,69.33333333333333,0.3194444444444444,,,,,,,,,,,,budget_not_selected,0,0,0,0,0,,False,,
2,raw_distance,67,False,0,59,A01,A01|F001|4|P0036+P0918+P2537+P2942,A01|F028|12|P0241+P0272+P0289+P0320+P0490+P0559+P0600+P0634+P0700+P0953+P1113+P1179,4,12,F001,F028,0.0,91.0,10.666666666666666,0.09722222222222222,,,,,,,,,,,,budget_not_selected,0,0,0,0,0,,False,,
2,raw_distance,68,False,93,96,A03,A03|F045|16|P0365+P0430+P0568+P0673+P0741+P0776+P0781+P0801+P0805+P0826+P0829+P1640+P1785+P1803+P2939+P3969,A03|F046|1|P2863,16,1,F045,F046,0.0,92.0,41.0,0.2222222222222222,,,,,,,,,,,,budget_not_selected,0,0,0,0,0,,False,,
2,raw_distance,69,False,86,101,A03,A03|F041|5|P0227+P0326+P0368+P1137+P2262,A03|F049|14|P1520+P2198+P2832+P2893+P2922+P3149+P3191+P3205+P3276+P3416+P3452+P3703+P3771+P3868,5,14,F041,F049,0.0,94.0,48.666666666666664,0.1111111111111111,,,,,,,,,,,,budget_not_selected,0,0,0,0,0,,False,,
2,raw_distance,70,False,7,29,A01,A01|F004|11|P0146+P0632+P0908+P1052+P1216+P1264+P1553+P2173+P2793+P3113+P3938,A01|F015|7|P0269+P0476+P0484+P0570+P0637+P1402+P3945,11,7,F004,F015,0.0,95.0,13.333333333333334,0.027777777777777776,,,,,,,,,,,,budget_not_selected,0,0,0,0,0,,False,,
2,raw_distance,71,False,48,74,A02,A02|F022|14|P2597+P2711+P2809+P3042+P3079+P3083+P3345+P3509+P3532+P3602+P3623+P3751+P3782+P3996,A02|F035|5|P0115+P3360+P3552+P3652+P3844,14,5,F022,F035,0.0,97.0,52.0,0.3055555555555556,,,,,,,,,,,,budget_not_selected,0,0,0,0,0,,False,,
2,raw_distance,72,False,3,21,A01,A01|F002|7|P1754+P1771+P2409+P2625+P2819+P3592+P3961,A01|F011|12|P0174+P0284+P0293+P0535+P0707+P0823+P0923+P1529+P1571+P1718+P3108+P3175,7,12,F002,F011,0.0,99.0,21.666666666666668,0.20833333333333334,,,,,,,,,,,,budget_not_selected,0,0,0,0,0,,False,,
2,raw_distance,73,False,3,17,A01,A01|F002|7|P1754+P1771+P2409+P2625+P2819+P3592+P3961,A01|F009|11|P0086+P0252+P0860+P1085+P1610+P1743+P1763+P1949+P2163+P3118+P3137,7,11,F002,F009,0.0,100.0,56.0,0.3194444444444444,,,,,,,,,,,,budget_not_selected,0,0,0,0,0,,False,,
2,raw_distance,74,False,0,21,A01,A01|F001|4|P0036+P0918+P2537+P2942,A01|F011|12|P0174+P0284+P0293+P0535+P0707+P0823+P0923+P1529+P1571+P1718+P3108+P3175,4,12,F001,F011,0.0,101.0,10.0,0.1111111111111111,,,,,,,,,,,,budget_not_selected,0,0,0,0,0,,False,,
2,raw_distance,75,False,0,17,A01,A01|F001|4|P0036+P0918+P2537+P2942,A01|F009|11|P0086+P0252+P0860+P1085+P1610+P1743+P1763+P1949+P2163+P3118+P3137,4,11,F001,F009,0.0,107.0,39.666666666666664,0.25,,,,,,,,,,,,budget_not_selected,0,0,0,0,0,,False,,
2,raw_distance,76,False,86,96,A03,A03|F041|5|P0227+P0326+P0368+P1137+P2262,A03|F046|1|P2863,5,1,F041,F046,0.0,110.0,60.0,0.25,,,,,,,,,,,,budget_not_selected,0,0,0,0,0,,False,,
2,raw_distance,77,False,87,96,A03,A03|F041|16|P0377+P0519+P0657+P0794+P1479+P1556+P1742+P1850+P1978+P2178+P2650+P2871+P2966+P3089+P3423+P3954,A03|F046|1|P2863,16,1,F041,F046,0.0,110.0,60.0,0.25,,,,,,,,,,,,budget_not_selected,0,0,0,0,0,,False,,
2,raw_distance,78,False,15,31,A01,A01|F008|3|P1310+P1334+P3410,A01|F016|9|P0275+P0423+P0482+P0613+P0647+P0950+P1114+P2472+P2898,3,9,F008,F016,0.0,112.0,51.666666666666664,0.3194444444444444,,,,,,,,,,,,budget_not_selected,0,0,0,0,0,,False,,
2,raw_distance,79,False,15,32,A01,A01|F008|3|P1310+P1334+P3410,A01|F016|16|P1347+P1537+P1579+P1582+P1680+P1697+P2185+P2192+P2227+P2731+P2736+P3170+P3192+P3316+P3356+P3427,3,16,F008,F016,0.0,112.0,51.666666666666664,0.3194444444444444,,,,,,,,,,,,budget_not_selected,0,0,0,0,0,,False,,
2,raw_distance,80,False,15,33,A01,A01|F008|3|P1310+P1334+P3410,A01|F017|11|P0137+P0418+P0598+P1079+P1380+P1493+P1521+P1745+P2207+P2309+P2999,3,11,F008,F017,0.0,112.0,78.0,0.3194444444444444,,,,,,,,,,,,budget_not_selected,0,0,0,0,0,,False,,
2,raw_distance,81,False,15,34,A01,A01|F008|3|P1310+P1334+P3410,A01|F017|16|P2043+P2137+P2139+P2152+P2229+P2499+P2682+P2789+P2825+P2836+P3112+P3240+P3279+P3310+P3655+P3684,3,16,F008,F017,0.0,112.0,78.0,0.3194444444444444,,,,,,,,,,,,budget_not_selected,0,0,0,0,0,,False,,
2,raw_distance,82,False,56,74,A02,A02|F026|14|P0230+P0574+P2408+P2710+P2867+P2971+P3013+P3174+P3320+P3582+P3658+P3694+P3862+P3914,A02|F035|5|P0115+P3360+P3552+P3652+P3844,14,5,F026,F035,0.0,112.0,39.0,0.16666666666666666,,,,,,,,,,,,budget_not_selected,0,0,0,0,0,,False,,
2,raw_distance,83,False,13,29,A01,A01|F007|9|P0057+P0480+P0652+P0685+P0786+P0812+P1703+P1838+P2738,A01|F015|7|P0269+P0476+P0484+P0570+P0637+P1402+P3945,9,7,F007,F015,0.0,113.0,49.333333333333336,0.16666666666666666,,,,,,,,,,,,budget_not_selected,0,0,0,0,0,,False,,
2,raw_distance,84,False,3,59,A01,A01|F002|7|P1754+P1771+P2409+P2625+P2819+P3592+P3961,A01|F028|12|P0241+P0272+P0289+P0320+P0490+P0559+P0600+P0634+P0700+P0953+P1113+P1179,7,12,F002,F028,0.0,114.0,7.0,0.027777777777777776,,,,,,,,,,,,budget_not_selected,0,0,0,0,0,,False,,
2,raw_distance,85,False,42,74,A02,A02|F020|14|P0635+P2429+P3026+P3060+P3093+P3278+P3341+P3483+P3633+P3727+P3822+P3848+P3937+P3998,A02|F035|5|P0115+P3360+P3552+P3652+P3844,14,5,F020,F035,0.0,114.0,74.33333333333333,0.375,,,,,,,,,,,,budget_not_selected,0,0,0,0,0,,False,,
2,raw_distance,86,False,89,96,A03,A03|F043|14|P0095+P0132+P0520+P0588+P0601+P0778+P0848+P0965+P1050+P1171+P1294+P2636+P3023+P3270,A03|F046|1|P2863,14,1,F043,F046,0.0,117.0,83.0,0.25,,,,,,,,,,,,budget_not_selected,0,0,0,0,0,,False,,
2,raw_distance,87,False,90,96,A03,A03|F043|16|P1316+P1327+P1450+P1615+P1855+P1948+P2206+P2442+P2477+P2648+P2766+P3094+P3459+P3510+P3774+P3793,A03|F046|1|P2863,16,1,F043,F046,0.0,117.0,83.0,0.25,,,,,,,,,,,,budget_not_selected,0,0,0,0,0,,False,,
2,raw_distance,88,False,3,27,A01,A01|F002|7|P1754+P1771+P2409+P2625+P2819+P3592+P3961,A01|F014|12|P0061+P0303+P0849+P1095+P1163+P1235+P1805+P1853+P1902+P2120+P2969+P3614,7,12,F002,F014,0.0,124.0,61.333333333333336,0.3333333333333333,,,,,,,,,,,,budget_not_selected,0,0,0,0,0,,False,,
2,raw_distance,89,False,3,29,A01,A01|F002|7|P1754+P1771+P2409+P2625+P2819+P3592+P3961,A01|F015|7|P0269+P0476+P0484+P0570+P0637+P1402+P3945,7,7,F002,F015,0.0,127.0,34.666666666666664,0.19444444444444445,,,,,,,,,,,,budget_not_selected,0,0,0,0,0,,False,,
2,raw_distance,90,False,29,61,A01,A01|F015|7|P0269+P0476+P0484+P0570+P0637+P1402+P3945,A01|F029|12|P0159+P0299+P0306+P0449+P0962+P0987+P1077+P1226+P1276+P1738+P1878+P1919,7,12,F015,F029,0.0,128.0,13.333333333333334,0.1388888888888889,,,,,,,,,,,,budget_not_selected,0,0,0,0,0,,False,,
2,raw_distance,91,False,54,64,A02,A02|F025|7|P1886+P2791+P3216+P3506+P3560+P3584+P3815,A02|F030|10|P0448+P2098+P2453+P3096+P3117+P3531+P3615+P3686+P3799+P3847,7,10,F025,F030,0.0,128.0,22.333333333333332,0.1388888888888889,,,,,,,,,,,,budget_not_selected,0,0,0,0,0,,False,,
2,raw_distance,92,False,15,40,A01,A01|F008|3|P1310+P1334+P3410,A01|F020|16|P0249+P0350+P0421+P0436+P0440+P0458+P0492+P0612+P1119+P1120+P1315+P1329+P1333+P1343+P1358+P1365,3,16,F008,F020,0.0,130.0,64.33333333333333,0.3194444444444444,,,,,,,,,,,,budget_not_selected,0,0,0,0,0,,False,,
2,raw_distance,93,False,15,41,A01,A01|F008|3|P1310+P1334+P3410,A01|F020|16|P1453+P1671+P1699+P1713+P1790+P1794+P1857+P2034+P2057+P2216+P2287+P2469+P2543+P2657+P2722+P2831,3,16,F008,F020,0.0,130.0,64.33333333333333,0.3194444444444444,,,,,,,,,,,,budget_not_selected,0,0,0,0,0,,False,,
2,raw_distance,94,False,0,15,A01,A01|F001|4|P0036+P0918+P2537+P2942,A01|F008|3|P1310+P1334+P3410,4,3,F001,F008,0.0,131.0,16.666666666666668,0.08333333333333333,,,,,,,,,,,,budget_not_selected,0,0,0,0,0,,False,,
2,raw_distance,95,False,15,46,A01,A01|F008|3|P1310+P1334+P3410,A01|F022|16|P0002+P0055+P0058+P0126+P0214+P0268+P0460+P0750+P0782+P0800+P0909+P0992+P1141+P1151+P1188+P1463,3,16,F008,F022,0.0,134.0,42.0,0.25,,,,,,,,,,,,budget_not_selected,0,0,0,0,0,,False,,
2,raw_distance,96,False,15,47,A01,A01|F008|3|P1310+P1334+P3410,A01|F022|16|P1476+P1481+P1544+P1577+P1627+P1900+P1984+P2051+P2258+P2317+P2333+P2382+P2393+P2425+P2462+P2578,3,16,F008,F022,0.0,134.0,42.0,0.25,,,,,,,,,,,,budget_not_selected,0,0,0,0,0,,False,,
2,raw_distance,97,False,91,96,A03,A03|F044|16|P0074+P0259+P0386+P0396+P0442+P0558+P0566+P0582+P0704+P0728+P0768+P0838+P2843+P3238+P3260+P3334,A03|F046|1|P2863,16,1,F044,F046,0.0,137.0,98.66666666666667,0.20833333333333334,,,,,,,,,,,,budget_not_selected,0,0,0,0,0,,False,,
2,raw_distance,98,False,92,96,A03,A03|F044|18|P0822+P1103+P1382+P1760+P1960+P2036+P2364+P2667+P2783+P2835+P3008+P3155+P3209+P3325+P3591+P3656+P3762+P3897,A03|F046|1|P2863,18,1,F044,F046,0.0,137.0,98.66666666666667,0.20833333333333334,,,,,,,,,,,,budget_not_selected,0,0,0,0,0,,False,,
2,raw_distance,99,False,0,19,A01,A01|F001|4|P0036+P0918+P2537+P2942,A01|F010|12|P0028+P0077+P0375+P0395+P0583+P0631+P0642+P0835+P1907+P2840+P3644+P3775,4,12,F001,F010,0.0,147.0,15.0,0.09722222222222222,,,,,,,,,,,,budget_not_selected,0,0,0,0,0,,False,,
2,raw_distance,100,False,15,37,A01,A01|F008|3|P1310+P1334+P3410,A01|F019|13|P0045+P0134+P0344+P0493+P0572+P0946+P1099+P1101+P1160+P1164+P1284+P1345+P1500,3,13,F008,F019,0.0,147.0,34.0,0.1111111111111111,,,,,,,,,,,,budget_not_selected,0,0,0,0,0,,False,,
2,raw_distance,101,False,77,86,A03,A03|F036|8|P0401+P0709+P1087+P1650+P1817+P3698+P3755+P3770,A03|F041|5|P0227+P0326+P0368+P1137+P2262,8,5,F036,F041,0.0,150.0,71.0,0.2777777777777778,,,,,,,,,,,,budget_not_selected,0,0,0,0,0,,False,,
2,raw_distance,102,False,3,9,A01,A01|F002|7|P1754+P1771+P2409+P2625+P2819+P3592+P3961,A01|F005|11|P0177+P0622+P0879+P0978+P1006+P1078+P1307+P1710+P1910+P3403+P3882,7,11,F002,F005,0.0,151.0,38.666666666666664,0.19444444444444445,,,,,,,,,,,,budget_not_selected,0,0,0,0,0,,False,,
2,raw_distance,103,False,3,33,A01,A01|F002|7|P1754+P1771+P2409+P2625+P2819+P3592+P3961,A01|F017|11|P0137+P0418+P0598+P1079+P1380+P1493+P1521+P1745+P2207+P2309+P2999,7,11,F002,F017,0.0,161.0,77.66666666666667,0.3333333333333333,,,,,,,,,,,,budget_not_selected,0,0,0,0,0,,False,,
2,raw_distance,104,False,13,31,A01,A01|F007|9|P0057+P0480+P0652+P0685+P0786+P0812+P1703+P1838+P2738,A01|F016|9|P0275+P0423+P0482+P0613+P0647+P0950+P1114+P2472+P2898,9,9,F007,F016,0.0,161.0,66.0,0.3055555555555556,,,,,,,,,,,,budget_not_selected,0,0,0,0,0,,False,,
2,raw_distance,105,False,64,74,A02,A02|F030|10|P0448+P2098+P2453+P3096+P3117+P3531+P3615+P3686+P3799+P3847,A02|F035|5|P0115+P3360+P3552+P3652+P3844,10,5,F030,F035,0.0,161.0,79.33333333333333,0.375,,,,,,,,,,,,budget_not_selected,0,0,0,0,0,,False,,
2,raw_distance,106,False,84,96,A03,A03|F040|11|P0140+P0367+P0868+P0880+P1004+P1567+P1598+P1705+P1715+P1750+P2374,A03|F046|1|P2863,11,1,F040,F046,0.0,165.0,124.66666666666667,0.2777777777777778,,,,,,,,,,,,budget_not_selected,0,0,0,0,0,,False,,
2,raw_distance,107,False,85,96,A03,A03|F040|16|P1908+P2094+P2386+P2555+P2727+P2746+P2775+P2846+P2881+P2935+P3222+P3287+P3322+P3477+P3547+P3721,A03|F046|1|P2863,16,1,F040,F046,0.0,165.0,124.66666666666667,0.2777777777777778,,,,,,,,,,,,budget_not_selected,0,0,0,0,0,,False,,
2,raw_distance,108,False,0,7,A01,A01|F001|4|P0036+P0918+P2537+P2942,A01|F004|11|P0146+P0632+P0908+P1052+P1216+P1264+P1553+P2173+P2793+P3113+P3938,4,11,F001,F004,0.0,168.0,12.333333333333334,0.09722222222222222,,,,,,,,,,,,budget_not_selected,0,0,0,0,0,,False,,
2,raw_distance,109,False,3,31,A01,A01|F002|7|P1754+P1771+P2409+P2625+P2819+P3592+P3961,A01|F016|9|P0275+P0423+P0482+P0613+P0647+P0950+P1114+P2472+P2898,7,9,F002,F016,0.0,172.0,51.333333333333336,0.3333333333333333,,,,,,,,,,,,budget_not_selected,0,0,0,0,0,,False,,
2,raw_distance,110,False,0,13,A01,A01|F001|4|P0036+P0918+P2537+P2942,A01|F007|9|P0057+P0480+P0652+P0685+P0786+P0812+P1703+P1838+P2738,4,9,F001,F007,0.0,184.0,31.0,0.09722222222222222,,,,,,,,,,,,budget_not_selected,0,0,0,0,0,,False,,
2,raw_distance,111,False,15,61,A01,A01|F008|3|P1310+P1334+P3410,A01|F029|12|P0159+P0299+P0306+P0449+P0962+P0987+P1077+P1226+P1276+P1738+P1878+P1919,3,12,F008,F029,0.0,191.0,34.333333333333336,0.18055555555555555,,,,,,,,,,,,budget_not_selected,0,0,0,0,0,,False,,
2,raw_distance,112,False,88,96,A03,A03|F042|16|P1174+P1268+P1435+P1683+P2031+P2751+P2779+P2786+P2889+P2965+P3028+P3309+P3346+P3428+P3959+P3970,A03|F046|1|P2863,16,1,F042,F046,0.0,191.0,152.0,0.3055555555555556,,,,,,,,,,,,budget_not_selected,0,0,0,0,0,,False,,
2,raw_distance,113,False,96,106,A03,A03|F046|1|P2863,A03|F042+F050|18|P0166+P0294+P0455+P0540+P0617+P0638+P0643+P0865+P1203+P1767+P2093+P2330+P2521+P2730+P2972+P2984+P3627+P3730,1,18,F046,F042|F050,0.0,191.0,170.16666666666669,0.27083333333333337,,,,,,,,,,,,budget_not_selected,0,0,0,0,0,,False,,
2,raw_distance,114,False,49,64,A02,A02|F023|9|P0068+P0111+P0298+P0611+P0693+P1031+P1482+P2314+P2790,A02|F030|10|P0448+P2098+P2453+P3096+P3117+P3531+P3615+P3686+P3799+P3847,9,10,F023,F030,0.0,192.0,85.33333333333333,0.375,,,,,,,,,,,,budget_not_selected,0,0,0,0,0,,False,,
2,raw_distance,115,False,78,96,A03,A03|F037|12|P0199+P0260+P0330+P0911+P0980+P1009+P1042+P1221+P1477+P1484+P2048+P2956,A03|F046|1|P2863,12,1,F037,F046,0.0,192.0,144.33333333333334,0.3333333333333333,,,,,,,,,,,,budget_not_selected,0,0,0,0,0,,False,,
2,raw_distance,116,False,79,96,A03,A03|F037|16|P2045+P2058+P2261+P2275+P2291+P2448+P2450+P2531+P3084+P3156+P3530+P3637+P3717+P3846+P3851+P3989,A03|F046|1|P2863,16,1,F037,F046,0.0,192.0,144.33333333333334,0.3333333333333333,,,,,,,,,,,,budget_not_selected,0,0,0,0,0,,False,,
2,raw_distance,117,False,0,3,A01,A01|F001|4|P0036+P0918+P2537+P2942,A01|F002|7|P1754+P1771+P2409+P2625+P2819+P3592+P3961,4,7,F001,F002,0.0,200.0,17.666666666666668,0.09722222222222222,,,,,,,,,,,,budget_not_selected,0,0,0,0,0,,False,,
2,raw_distance,118,False,77,84,A03,A03|F036|8|P0401+P0709+P1087+P1650+P1817+P3698+P3755+P3770,A03|F040|11|P0140+P0367+P0868+P0880+P1004+P1567+P1598+P1705+P1715+P1750+P2374,8,11,F036,F040,0.0,205.0,135.66666666666666,0.3055555555555556,,,,,,,,,,,,budget_not_selected,0,0,0,0,0,,False,,
2,raw_distance,119,False,0,25,A01,A01|F001|4|P0036+P0918+P2537+P2942,A01|F013|15|P0229+P0417+P0419+P0453+P0648+P0672+P0785+P0870+P0912+P1139+P1153+P2464+P3092+P3150+P3176,4,15,F001,F013,0.0,210.0,77.0,0.18055555555555555,,,,,,,,,,,,budget_not_selected,0,0,0,0,0,,False,,
2,raw_distance,120,False,15,73,A01,A01|F008|3|P1310+P1334+P3410,A01|F035|16|P0428+P0565+P0665+P0677+P0755+P1049+P1124+P1256+P1366+P1575+P1701+P1714+P2079+P2116+P2239+P2413,3,16,F008,F035,0.0,227.0,22.0,0.08333333333333333,,,,,,,,,,,,budget_not_selected,0,0,0,0,0,,False,,
2,raw_distance,121,False,3,61,A01,A01|F002|7|P1754+P1771+P2409+P2625+P2819+P3592+P3961,A01|F029|12|P0159+P0299+P0306+P0449+P0962+P0987+P1077+P1226+P1276+P1738+P1878+P1919,7,12,F002,F029,0.0,253.0,34.0,0.19444444444444445,,,,,,,,,,,,budget_not_selected,0,0,0,0,0,,False,,
3,raw_distance,1,True,94,105,A03,A03|F046|1|P2863,A03|F047+F052|16|P0040+P0465+P1035+P1063+P1231+P2138+P2315+P2378+P2850+P3105+P3227+P3440+P3587+P3611+P3640+P3987,1,16,F046,F052|F047,0.0,15.0,22.166666666666668,0.18055555555555555,,,,,,,,,,,,improving_not_selected,6,0,6,0,0,120,False,5.951856400002725,
3,raw_distance,2,True,94,99,A03,A03|F046|1|P2863,A03|F049|14|P1520+P2198+P2832+P2893+P2922+P3149+P3191+P3205+P3276+P3416+P3452+P3703+P3771+P3868,1,14,F046,F049,0.0,17.0,11.333333333333334,0.1388888888888889,,,,,,,,,,,,improving_not_selected,4,0,4,0,0,146,False,5.951548700002604,
3,raw_distance,3,True,15,19,A01,A01|F008|3|P1310+P1334+P3410,A01|F010|12|P0028+P0077+P0375+P0395+P0583+P0631+P0642+P0835+P1907+P2840+P3644+P3775,3,12,F008,F010,0.0,19.0,3.6666666666666665,0.013888888888888888,,,,,,,,,,,,improving_not_selected,4,0,4,0,0,131,False,5.628744300003746,
3,raw_distance,4,True,53,61,A02,A02|F025|7|P1886+P2791+P3216+P3506+P3560+P3584+P3815,A02|F029|12|P0226+P1827+P1956+P2101+P2590+P2617+P2683+P2796+P2810+P3402+P3626+P3741,7,12,F025,F029,0.0,24.0,12.666666666666666,0.0,,,,,,,,,,,,improving_not_selected,2,0,2,0,0,117,False,5.854883300002257,
3,raw_distance,5,True,0,37,A01,A01|F001|4|P0036+P0918+P2537+P2942,A01|F019|13|P0045+P0134+P0344+P0493+P0572+P0946+P1099+P1101+P1160+P1164+P1284+P1345+P1500,4,13,F001,F019,0.0,25.0,17.333333333333332,0.027777777777777776,,,,,,,,,,,,improving_not_selected,2,0,2,0,0,127,False,5.627901400002884,
3,raw_distance,6,True,9,29,A01,A01|F005|11|P0177+P0622+P0879+P0978+P1006+P1078+P1307+P1710+P1910+P3403+P3882,A01|F015|7|P0269+P0476+P0484+P0570+P0637+P1402+P3945,11,7,F005,F015,0.0,25.0,4.0,0.0,,,,,,,,,,,,improving_not_selected,2,0,2,0,0,81,False,5.628317100003187,
3,raw_distance,7,True,27,29,A01,A01|F014|12|P0061+P0303+P0849+P1095+P1163+P1235+P1805+P1853+P1902+P2120+P2969+P3614,A01|F015|7|P0269+P0476+P0484+P0570+P0637+P1402+P3945,12,7,F014,F015,0.0,27.0,26.666666666666668,0.1388888888888889,,,,,,,,,,,,improving_not_selected,2,0,2,0,0,74,False,5.630521700004465,
3,raw_distance,8,True,84,87,A03,A03|F041|5|P0227+P0326+P0368+P1137+P2262,A03|F043|14|P0095+P0132+P0520+P0588+P0601+P0778+P0848+P0965+P1050+P1171+P1294+P2636+P3023+P3270,5,14,F041,F043,0.0,28.0,23.0,0.0,,,,,,,,,,,,accepted,2,0,2,0,0,151,True,5.855745900000329,5.951886499999091
3,raw_distance,9,True,3,13,A01,A01|F002|7|P1754+P1771+P2409+P2625+P2819+P3592+P3961,A01|F007|9|P0057+P0480+P0652+P0685+P0786+P0812+P1703+P1838+P2738,7,9,F002,F007,0.0,30.0,14.666666666666666,0.027777777777777776,,,,,,,,,,,,improving_not_selected,4,0,4,0,0,122,False,5.6282036999982665,
3,raw_distance,10,True,21,29,A01,A01|F011|12|P0174+P0284+P0293+P0535+P0707+P0823+P0923+P1529+P1571+P1718+P3108+P3175,A01|F015|7|P0269+P0476+P0484+P0570+P0637+P1402+P3945,12,7,F011,F015,0.0,31.0,13.0,0.125,,,,,,,,,,,,improving_not_selected,2,0,2,0,0,79,False,5.630249300003925,
3,raw_distance,11,True,29,58,A01,A01|F015|7|P0269+P0476+P0484+P0570+P0637+P1402+P3945,A01|F028|12|P0241+P0272+P0289+P0320+P0490+P0559+P0600+P0634+P0700+P0953+P1113+P1179,7,12,F015,F028,0.0,32.0,27.666666666666668,0.16666666666666666,,,,,,,,,,,,improving_not_selected,2,0,2,0,0,92,False,5.85448550000001,
3,raw_distance,12,True,3,7,A01,A01|F002|7|P1754+P1771+P2409+P2625+P2819+P3592+P3961,A01|F004|11|P0146+P0632+P0908+P1052+P1216+P1264+P1553+P2173+P2793+P3113+P3938,7,11,F002,F004,0.0,33.0,21.333333333333332,0.16666666666666666,,,,,,,,,,,,improving_not_selected,2,0,2,0,0,103,False,5.628019100004167,
3,raw_distance,13,True,15,21,A01,A01|F008|3|P1310+P1334+P3410,A01|F011|12|P0174+P0284+P0293+P0535+P0707+P0823+P0923+P1529+P1571+P1718+P3108+P3175,3,12,F008,F011,0.0,33.0,22.0,0.19444444444444445,,,,,,,,,,,,improving_not_selected,4,0,4,0,0,113,False,5.629283000002033,
3,raw_distance,14,True,17,29,A01,A01|F009|11|P0086+P0252+P0860+P1085+P1610+P1743+P1763+P1949+P2163+P3118+P3137,A01|F015|7|P0269+P0476+P0484+P0570+P0637+P1402+P3945,11,7,F009,F015,0.0,38.0,21.333333333333332,0.1527777777777778,,,,,,,,,,,,improving_not_selected,2,0,2,0,0,72,False,5.62998289999814,
3,raw_distance,15,True,51,53,A02,A02|F024|12|P0213+P0307+P0433+P0499+P0729+P1905+P2195+P2535+P2572+P3190+P3603+P3872,A02|F025|7|P1886+P2791+P3216+P3506+P3560+P3584+P3815,12,7,F024,F025,0.0,39.0,15.666666666666666,0.1527777777777778,,,,,,,,,,,,improving_not_selected,2,0,2,0,0,98,False,5.854680299999018,
3,raw_distance,16,True,0,31,A01,A01|F001|4|P0036+P0918+P2537+P2942,A01|F016|9|P0275+P0423+P0482+P0613+P0647+P0950+P1114+P2472+P2898,4,9,F001,F016,0.0,41.0,35.0,0.2361111111111111,,,,,,,,,,,,improving_not_selected,4,0,4,0,0,99,False,5.6277874000006705,
3,raw_distance,17,True,11,15,A01,A01|F006|16|P0042+P0044+P0089+P0113+P0151+P0158+P0186+P0240+P0244+P0267+P0393+P0718+P0863+P1394+P1611+P3271,A01|F008|3|P1310+P1334+P3410,16,3,F006,F008,0.0,41.0,16.333333333333332,0.1111111111111111,,,,,,,,,,,,improving_not_selected,2,0,2,0,0,112,False,5.628434700003709,
3,raw_distance,18,True,15,58,A01,A01|F008|3|P1310+P1334+P3410,A01|F028|12|P0241+P0272+P0289+P0320+P0490+P0559+P0600+P0634+P0700+P0953+P1113+P1179,3,12,F008,F028,0.0,41.0,7.333333333333333,0.013888888888888888,,,,,,,,,,,,improving_not_selected,4,0,4,0,0,115,False,5.629701199999545,
3,raw_distance,19,True,75,94,A03,A03|F036|8|P0401+P0709+P1087+P1650+P1817+P3698+P3755+P3770,A03|F046|1|P2863,8,1,F036,F046,0.0,41.0,11.0,0.027777777777777776,,,,,,,,,,,,improving_not_selected,6,0,6,0,0,129,False,5.855242800003907,
3,raw_distance,20,True,0,23,A01,A01|F001|4|P0036+P0918+P2537+P2942,A01|F012|15|P0004+P0049+P0093+P0228+P0239+P0247+P0266+P0510+P0525+P0561+P0584+P0619+P2131+P2753+P3211,4,15,F001,F012,0.0,42.0,5.333333333333333,0.027777777777777776,,,,,,,,,,,,improving_not_selected,2,0,2,0,0,122,False,5.627597899998364,
3,raw_distance,21,True,80,94,A03,A03|F039|15|P0097+P0714+P0855+P1236+P1407+P1474+P1488+P1559+P1725+P1936+P1969+P2159+P2166+P3048+P3576,A03|F046|1|P2863,15,1,F039,F046,0.0,45.0,5.666666666666667,0.013888888888888888,,,,,,,,,,,,improving_not_selected,4,0,4,0,0,116,False,5.855552400003944,
3,raw_distance,22,True,29,31,A01,A01|F015|7|P0269+P0476+P0484+P0570+P0637+P1402+P3945,A01|F016|9|P0275+P0423+P0482+P0613+P0647+P0950+P1114+P2472+P2898,7,9,F015,F016,0.0,48.0,16.666666666666668,0.1388888888888889,,,,,,,,,,,,improving_not_selected,4,4,0,0,0,71,False,5.854225499999302,
3,raw_distance,23,True,0,9,A01,A01|F001|4|P0036+P0918+P2537+P2942,A01|F005|11|P0177+P0622+P0879+P0978+P1006+P1078+P1307+P1710+P1910+P3403+P3882,4,11,F001,F005,0.0,50.0,22.333333333333332,0.09722222222222222,,,,,,,,,,,,improving_not_selected,4,4,0,0,0,98,False,5.627411800000118,
3,raw_distance,24,True,94,96,A03,A03|F046|1|P2863,A03|F048|16|P0255+P1217+P1261+P1569+P1604+P1761+P1870+P2022+P2105+P2156+P2369+P2395+P2743+P2914+P3267+P3471,1,16,F046,F048,0.0,50.0,27.666666666666668,0.2222222222222222,,,,,,,,,,,,improving_not_selected,2,2,0,0,0,115,False,5.951170300002559,
3,raw_distance,25,True,94,97,A03,A03|F046|1|P2863,A03|F048|16|P2396+P2419+P2481+P2604+P2619+P2692+P2712+P2776+P2858+P3027+P3589+P3599+P3699+P3885+P3903+P3966,1,16,F046,F048,0.0,50.0,27.666666666666668,0.2222222222222222,,,,,,,,,,,,improving_not_selected,2,0,2,0,0,115,False,5.9513500000030035,
3,raw_distance,26,False,7,15,A01,A01|F004|11|P0146+P0632+P0908+P1052+P1216+P1264+P1553+P2173+P2793+P3113+P3938,A01|F008|3|P1310+P1334+P3410,11,3,F004,F008,0.0,52.0,21.666666666666668,0.1527777777777778,,,,,,,,,,,,budget_not_selected,0,0,0,0,0,,False,,
3,raw_distance,27,False,8,15,A01,A01|F004|16|P2183+P2362+P2487+P2551+P2669+P2716+P3039+P3053+P3119+P3159+P3243+P3375+P3585+P3598+P3761+P3906,A01|F008|3|P1310+P1334+P3410,16,3,F004,F008,0.0,52.0,21.666666666666668,0.1527777777777778,,,,,,,,,,,,budget_not_selected,0,0,0,0,0,,False,,
3,raw_distance,28,False,29,33,A01,A01|F015|7|P0269+P0476+P0484+P0570+P0637+P1402+P3945,A01|F017|11|P0137+P0418+P0598+P1079+P1380+P1493+P1521+P1745+P2207+P2309+P2999,7,11,F015,F017,0.0,53.0,43.0,0.1388888888888889,,,,,,,,,,,,budget_not_selected,0,0,0,0,0,,False,,
3,raw_distance,29,False,13,15,A01,A01|F007|9|P0057+P0480+P0652+P0685+P0786+P0812+P1703+P1838+P2738,A01|F008|3|P1310+P1334+P3410,9,3,F007,F008,0.0,54.0,14.333333333333334,0.013888888888888888,,,,,,,,,,,,budget_not_selected,0,0,0,0,0,,False,,
3,raw_distance,30,False,3,19,A01,A01|F002|7|P1754+P1771+P2409+P2625+P2819+P3592+P3961,A01|F010|12|P0028+P0077+P0375+P0395+P0583+P0631+P0642+P0835+P1907+P2840+P3644+P3775,7,12,F002,F010,0.0,56.0,3.3333333333333335,0.027777777777777776,,,,,,,,,,,,budget_not_selected,0,0,0,0,0,,False,,
3,raw_distance,31,False,15,17,A01,A01|F008|3|P1310+P1334+P3410,A01|F009|11|P0086+P0252+P0860+P1085+P1610+P1743+P1763+P1949+P2163+P3118+P3137,3,11,F008,F009,0.0,59.0,56.333333333333336,0.3055555555555556,,,,,,,,,,,,budget_not_selected,0,0,0,0,0,,False,,
3,raw_distance,32,False,15,18,A01,A01|F008|3|P1310+P1334+P3410,A01|F009|16|P2295+P2415+P2720+P2794+P2805+P2859+P2982+P2991+P3006+P3280+P3464+P3478+P3613+P3725+P3807+P3880,3,16,F008,F009,0.0,59.0,56.333333333333336,0.3055555555555556,,,,,,,,,,,,budget_not_selected,0,0,0,0,0,,False,,
3,raw_distance,33,False,15,29,A01,A01|F008|3|P1310+P1334+P3410,A01|F015|7|P0269+P0476+P0484+P0570+P0637+P1402+P3945,3,7,F008,F015,0.0,64.0,35.0,0.18055555555555555,,,,,,,,,,,,budget_not_selected,0,0,0,0,0,,False,,
3,raw_distance,34,False,15,30,A01,A01|F008|3|P1310+P1334+P3410,A01|F015|16|P0409+P0513+P0605+P0969+P0998+P1080+P1364+P1506+P1774+P1782+P2091+P3098+P3234+P3836+P3939+P3985,3,16,F008,F015,0.0,64.0,35.0,0.18055555555555555,,,,,,,,,,,,budget_not_selected,0,0,0,0,0,,False,,
3,raw_distance,35,False,39,53,A02,A02|F019|12|P0059+P0542+P0957+P1677+P2598+P2822+P3044+P3288+P3409+P3524+P3711+P3982,A02|F025|7|P1886+P2791+P3216+P3506+P3560+P3584+P3815,12,7,F019,F025,0.0,66.0,13.0,0.06944444444444445,,,,,,,,,,,,budget_not_selected,0,0,0,0,0,,False,,
3,raw_distance,36,False,82,84,A03,A03|F040|11|P0140+P0367+P0868+P0880+P1004+P1567+P1598+P1705+P1715+P1750+P2374,A03|F041|5|P0227+P0326+P0368+P1137+P2262,11,5,F040,F041,0.0,66.0,64.66666666666667,0.027777777777777776,,,,,,,,,,,,budget_not_selected,0,0,0,0,0,,False,,
3,raw_distance,37,False,0,60,A01,A01|F001|4|P0036+P0918+P2537+P2942,A01|F029|12|P0159+P0299+P0306+P0449+P0962+P0987+P1077+P1226+P1276+P1738+P1878+P1919,4,12,F001,F029,0.0,67.0,17.666666666666668,0.09722222222222222,,,,,,,,,,,,budget_not_selected,0,0,0,0,0,,False,,
3,raw_distance,38,False,78,94,A03,A03|F038|15|P0238+P0338+P0385+P0399+P0573+P0655+P0721+P0820+P0993+P1913+P2047+P2154+P2544+P2912+P3674,A03|F046|1|P2863,15,1,F038,F046,0.0,67.0,39.0,0.20833333333333334,,,,,,,,,,,,budget_not_selected,0,0,0,0,0,,False,,
3,raw_distance,39,False,79,94,A03,A03|F038|16|P1135+P1278+P1562+P1612+P1766+P1858+P2611+P2643+P2674+P2901+P3004+P3126+P3225+P3610+P3612+P3955,A03|F046|1|P2863,16,1,F038,F046,0.0,67.0,39.0,0.20833333333333334,,,,,,,,,,,,budget_not_selected,0,0,0,0,0,,False,,
3,raw_distance,40,False,0,33,A01,A01|F001|4|P0036+P0918+P2537+P2942,A01|F017|11|P0137+P0418+P0598+P1079+P1380+P1493+P1521+P1745+P2207+P2309+P2999,4,11,F001,F017,0.0,70.0,61.333333333333336,0.2361111111111111,,,,,,,,,,,,budget_not_selected,0,0,0,0,0,,False,,
3,raw_distance,41,False,0,29,A01,A01|F001|4|P0036+P0918+P2537+P2942,A01|F015|7|P0269+P0476+P0484+P0570+P0637+P1402+P3945,4,7,F001,F015,0.0,73.0,18.333333333333332,0.09722222222222222,,,,,,,,,,,,budget_not_selected,0,0,0,0,0,,False,,
3,raw_distance,42,False,3,15,A01,A01|F002|7|P1754+P1771+P2409+P2625+P2819+P3592+P3961,A01|F008|3|P1310+P1334+P3410,7,3,F002,F008,0.0,75.0,2.3333333333333335,0.013888888888888888,,,,,,,,,,,,budget_not_selected,0,0,0,0,0,,False,,
3,raw_distance,43,False,15,27,A01,A01|F008|3|P1310+P1334+P3410,A01|F014|12|P0061+P0303+P0849+P1095+P1163+P1235+P1805+P1853+P1902+P2120+P2969+P3614,3,12,F008,F014,0.0,76.0,61.666666666666664,0.3194444444444444,,,,,,,,,,,,budget_not_selected,0,0,0,0,0,,False,,
3,raw_distance,44,False,15,28,A01,A01|F008|3|P1310+P1334+P3410,A01|F014|16|P2127+P2447+P2512+P2561+P2767+P2844+P2908+P2953+P3160+P3475+P3554+P3634+P3651+P3808+P3973+P3994,3,16,F008,F014,0.0,76.0,61.666666666666664,0.3194444444444444,,,,,,,,,,,,budget_not_selected,0,0,0,0,0,,False,,
3,raw_distance,45,False,19,29,A01,A01|F010|12|P0028+P0077+P0375+P0395+P0583+P0631+P0642+P0835+P1907+P2840+P3644+P3775,A01|F015|7|P0269+P0476+P0484+P0570+P0637+P1402+P3945,12,7,F010,F015,0.0,77.0,31.333333333333332,0.16666666666666666,,,,,,,,,,,,budget_not_selected,0,0,0,0,0,,False,,
3,raw_distance,46,False,53,69,A02,A02|F025|7|P1886+P2791+P3216+P3506+P3560+P3584+P3815,A02|F033|12|P0660+P0761+P1198+P1462+P2397+P2940+P3002+P3303+P3352+P3542+P3649+P3929,7,12,F025,F033,0.0,80.0,36.333333333333336,0.09722222222222222,,,,,,,,,,,,budget_not_selected,0,0,0,0,0,,False,,
3,raw_distance,47,False,15,25,A01,A01|F008|3|P1310+P1334+P3410,A01|F013|15|P0229+P0417+P0419+P0453+P0648+P0672+P0785+P0870+P0912+P1139+P1153+P2464+P3092+P3150+P3176,3,15,F008,F013,0.0,81.0,60.333333333333336,0.09722222222222222,,,,,,,,,,,,budget_not_selected,0,0,0,0,0,,False,,
3,raw_distance,48,False,15,26,A01,A01|F008|3|P1310+P1334+P3410,A01|F013|16|P1296+P1897+P1992+P2044+P2061+P2343+P2463+P2807+P3202+P3277+P3466+P3572+P3676+P3797+P3849+P3925,3,16,F008,F013,0.0,81.0,60.333333333333336,0.09722222222222222,,,,,,,,,,,,budget_not_selected,0,0,0,0,0,,False,,
3,raw_distance,49,False,94,101,A03,A03|F046|1|P2863,A03|F051|16|P0102+P0184+P0349+P0446+P0462+P0502+P0530+P0541+P0797+P0856+P0904+P0997+P1081+P1684+P1723+P3708,1,16,F046,F051,0.0,82.0,55.666666666666664,0.2222222222222222,,,,,,,,,,,,budget_not_selected,0,0,0,0,0,,False,,
3,raw_distance,50,False,94,102,A03,A03|F046|1|P2863,A03|F051|17|P1926+P1962+P2059+P2217+P2218+P2228+P2558+P2562+P2726+P2847+P2930+P2945+P3082+P3167+P3184+P3253+P3947,1,17,F046,F051,0.0,82.0,55.666666666666664,0.2222222222222222,,,,,,,,,,,,budget_not_selected,0,0,0,0,0,,False,,
3,raw_distance,51,False,0,27,A01,A01|F001|4|P0036+P0918+P2537+P2942,A01|F014|12|P0061+P0303+P0849+P1095+P1163+P1235+P1805+P1853+P1902+P2120+P2969+P3614,4,12,F001,F014,0.0,85.0,45.0,0.2361111111111111,,,,,,,,,,,,budget_not_selected,0,0,0,0,0,,False,,
3,raw_distance,52,False,9,15,A01,A01|F005|11|P0177+P0622+P0879+P0978+P1006+P1078+P1307+P1710+P1910+P3403+P3882,A01|F008|3|P1310+P1334+P3410,11,3,F005,F008,0.0,88.0,39.0,0.18055555555555555,,,,,,,,,,,,budget_not_selected,0,0,0,0,0,,False,,
3,raw_distance,53,False,10,15,A01,A01|F005|16|P1933+P2027+P2062+P2096+P2165+P2202+P2334+P2540+P2661+P2725+P3074+P3363+P3624+P3706+P3814+P3917,A01|F008|3|P1310+P1334+P3410,16,3,F005,F008,0.0,88.0,39.0,0.18055555555555555,,,,,,,,,,,,budget_not_selected,0,0,0,0,0,,False,,
3,raw_distance,54,False,76,84,A03,A03|F037|12|P0199+P0260+P0330+P0911+P0980+P1009+P1042+P1221+P1477+P1484+P2048+P2956,A03|F041|5|P0227+P0326+P0368+P1137+P2262,12,5,F037,F041,0.0,88.0,84.33333333333333,0.08333333333333333,,,,,,,,,,,,budget_not_selected,0,0,0,0,0,,False,,
3,raw_distance,55,False,15,23,A01,A01|F008|3|P1310+P1334+P3410,A01|F012|15|P0004+P0049+P0093+P0228+P0239+P0247+P0266+P0510+P0525+P0561+P0584+P0619+P2131+P2753+P3211,3,15,F008,F012,0.0,89.0,21.333333333333332,0.1111111111111111,,,,,,,,,,,,budget_not_selected,0,0,0,0,0,,False,,
3,raw_distance,56,False,15,62,A01,A01|F008|3|P1310+P1334+P3410,A01|F030|16|P0169+P0332+P0347+P0357+P0479+P0562+P0661+P1007+P1086+P1200+P1324+P1376+P1739+P1804+P2026+P2086,3,16,F008,F030,0.0,89.0,69.33333333333333,0.3194444444444444,,,,,,,,,,,,budget_not_selected,0,0,0,0,0,,False,,
3,raw_distance,57,False,0,58,A01,A01|F001|4|P0036+P0918+P2537+P2942,A01|F028|12|P0241+P0272+P0289+P0320+P0490+P0559+P0600+P0634+P0700+P0953+P1113+P1179,4,12,F001,F028,0.0,91.0,10.666666666666666,0.09722222222222222,,,,,,,,,,,,budget_not_selected,0,0,0,0,0,,False,,
3,raw_distance,58,False,91,94,A03,A03|F045|16|P0365+P0430+P0568+P0673+P0741+P0776+P0781+P0801+P0805+P0826+P0829+P1640+P1785+P1803+P2939+P3969,A03|F046|1|P2863,16,1,F045,F046,0.0,92.0,41.0,0.2222222222222222,,,,,,,,,,,,budget_not_selected,0,0,0,0,0,,False,,
3,raw_distance,59,False,84,99,A03,A03|F041|5|P0227+P0326+P0368+P1137+P2262,A03|F049|14|P1520+P2198+P2832+P2893+P2922+P3149+P3191+P3205+P3276+P3416+P3452+P3703+P3771+P3868,5,14,F041,F049,0.0,94.0,48.666666666666664,0.1111111111111111,,,,,,,,,,,,budget_not_selected,0,0,0,0,0,,False,,
3,raw_distance,60,False,7,29,A01,A01|F004|11|P0146+P0632+P0908+P1052+P1216+P1264+P1553+P2173+P2793+P3113+P3938,A01|F015|7|P0269+P0476+P0484+P0570+P0637+P1402+P3945,11,7,F004,F015,0.0,95.0,13.333333333333334,0.027777777777777776,,,,,,,,,,,,budget_not_selected,0,0,0,0,0,,False,,
3,raw_distance,61,False,3,21,A01,A01|F002|7|P1754+P1771+P2409+P2625+P2819+P3592+P3961,A01|F011|12|P0174+P0284+P0293+P0535+P0707+P0823+P0923+P1529+P1571+P1718+P3108+P3175,7,12,F002,F011,0.0,99.0,21.666666666666668,0.20833333333333334,,,,,,,,,,,,budget_not_selected,0,0,0,0,0,,False,,
3,raw_distance,62,False,3,17,A01,A01|F002|7|P1754+P1771+P2409+P2625+P2819+P3592+P3961,A01|F009|11|P0086+P0252+P0860+P1085+P1610+P1743+P1763+P1949+P2163+P3118+P3137,7,11,F002,F009,0.0,100.0,56.0,0.3194444444444444,,,,,,,,,,,,budget_not_selected,0,0,0,0,0,,False,,
3,raw_distance,63,False,0,21,A01,A01|F001|4|P0036+P0918+P2537+P2942,A01|F011|12|P0174+P0284+P0293+P0535+P0707+P0823+P0923+P1529+P1571+P1718+P3108+P3175,4,12,F001,F011,0.0,101.0,10.0,0.1111111111111111,,,,,,,,,,,,budget_not_selected,0,0,0,0,0,,False,,
3,raw_distance,64,False,0,17,A01,A01|F001|4|P0036+P0918+P2537+P2942,A01|F009|11|P0086+P0252+P0860+P1085+P1610+P1743+P1763+P1949+P2163+P3118+P3137,4,11,F001,F009,0.0,107.0,39.666666666666664,0.25,,,,,,,,,,,,budget_not_selected,0,0,0,0,0,,False,,
3,raw_distance,65,False,84,94,A03,A03|F041|5|P0227+P0326+P0368+P1137+P2262,A03|F046|1|P2863,5,1,F041,F046,0.0,110.0,60.0,0.25,,,,,,,,,,,,budget_not_selected,0,0,0,0,0,,False,,
3,raw_distance,66,False,85,94,A03,A03|F041|16|P0377+P0519+P0657+P0794+P1479+P1556+P1742+P1850+P1978+P2178+P2650+P2871+P2966+P3089+P3423+P3954,A03|F046|1|P2863,16,1,F041,F046,0.0,110.0,60.0,0.25,,,,,,,,,,,,budget_not_selected,0,0,0,0,0,,False,,
3,raw_distance,67,False,15,31,A01,A01|F008|3|P1310+P1334+P3410,A01|F016|9|P0275+P0423+P0482+P0613+P0647+P0950+P1114+P2472+P2898,3,9,F008,F016,0.0,112.0,51.666666666666664,0.3194444444444444,,,,,,,,,,,,budget_not_selected,0,0,0,0,0,,False,,
3,raw_distance,68,False,15,32,A01,A01|F008|3|P1310+P1334+P3410,A01|F016|16|P1347+P1537+P1579+P1582+P1680+P1697+P2185+P2192+P2227+P2731+P2736+P3170+P3192+P3316+P3356+P3427,3,16,F008,F016,0.0,112.0,51.666666666666664,0.3194444444444444,,,,,,,,,,,,budget_not_selected,0,0,0,0,0,,False,,
3,raw_distance,69,False,15,33,A01,A01|F008|3|P1310+P1334+P3410,A01|F017|11|P0137+P0418+P0598+P1079+P1380+P1493+P1521+P1745+P2207+P2309+P2999,3,11,F008,F017,0.0,112.0,78.0,0.3194444444444444,,,,,,,,,,,,budget_not_selected,0,0,0,0,0,,False,,
3,raw_distance,70,False,15,34,A01,A01|F008|3|P1310+P1334+P3410,A01|F017|16|P2043+P2137+P2139+P2152+P2229+P2499+P2682+P2789+P2825+P2836+P3112+P3240+P3279+P3310+P3655+P3684,3,16,F008,F017,0.0,112.0,78.0,0.3194444444444444,,,,,,,,,,,,budget_not_selected,0,0,0,0,0,,False,,
3,raw_distance,71,False,13,29,A01,A01|F007|9|P0057+P0480+P0652+P0685+P0786+P0812+P1703+P1838+P2738,A01|F015|7|P0269+P0476+P0484+P0570+P0637+P1402+P3945,9,7,F007,F015,0.0,113.0,49.333333333333336,0.16666666666666666,,,,,,,,,,,,budget_not_selected,0,0,0,0,0,,False,,
3,raw_distance,72,False,3,58,A01,A01|F002|7|P1754+P1771+P2409+P2625+P2819+P3592+P3961,A01|F028|12|P0241+P0272+P0289+P0320+P0490+P0559+P0600+P0634+P0700+P0953+P1113+P1179,7,12,F002,F028,0.0,114.0,7.0,0.027777777777777776,,,,,,,,,,,,budget_not_selected,0,0,0,0,0,,False,,
3,raw_distance,73,False,87,94,A03,A03|F043|14|P0095+P0132+P0520+P0588+P0601+P0778+P0848+P0965+P1050+P1171+P1294+P2636+P3023+P3270,A03|F046|1|P2863,14,1,F043,F046,0.0,117.0,83.0,0.25,,,,,,,,,,,,budget_not_selected,0,0,0,0,0,,False,,
3,raw_distance,74,False,88,94,A03,A03|F043|16|P1316+P1327+P1450+P1615+P1855+P1948+P2206+P2442+P2477+P2648+P2766+P3094+P3459+P3510+P3774+P3793,A03|F046|1|P2863,16,1,F043,F046,0.0,117.0,83.0,0.25,,,,,,,,,,,,budget_not_selected,0,0,0,0,0,,False,,
3,raw_distance,75,False,3,27,A01,A01|F002|7|P1754+P1771+P2409+P2625+P2819+P3592+P3961,A01|F014|12|P0061+P0303+P0849+P1095+P1163+P1235+P1805+P1853+P1902+P2120+P2969+P3614,7,12,F002,F014,0.0,124.0,61.333333333333336,0.3333333333333333,,,,,,,,,,,,budget_not_selected,0,0,0,0,0,,False,,
3,raw_distance,76,False,3,29,A01,A01|F002|7|P1754+P1771+P2409+P2625+P2819+P3592+P3961,A01|F015|7|P0269+P0476+P0484+P0570+P0637+P1402+P3945,7,7,F002,F015,0.0,127.0,34.666666666666664,0.19444444444444445,,,,,,,,,,,,budget_not_selected,0,0,0,0,0,,False,,
3,raw_distance,77,False,29,60,A01,A01|F015|7|P0269+P0476+P0484+P0570+P0637+P1402+P3945,A01|F029|12|P0159+P0299+P0306+P0449+P0962+P0987+P1077+P1226+P1276+P1738+P1878+P1919,7,12,F015,F029,0.0,128.0,13.333333333333334,0.1388888888888889,,,,,,,,,,,,budget_not_selected,0,0,0,0,0,,False,,
3,raw_distance,78,False,53,63,A02,A02|F025|7|P1886+P2791+P3216+P3506+P3560+P3584+P3815,A02|F030|10|P0448+P2098+P2453+P3096+P3117+P3531+P3615+P3686+P3799+P3847,7,10,F025,F030,0.0,128.0,22.333333333333332,0.1388888888888889,,,,,,,,,,,,budget_not_selected,0,0,0,0,0,,False,,
3,raw_distance,79,False,15,40,A01,A01|F008|3|P1310+P1334+P3410,A01|F020|16|P0249+P0350+P0421+P0436+P0440+P0458+P0492+P0612+P1119+P1120+P1315+P1329+P1333+P1343+P1358+P1365,3,16,F008,F020,0.0,130.0,64.33333333333333,0.3194444444444444,,,,,,,,,,,,budget_not_selected,0,0,0,0,0,,False,,
3,raw_distance,80,False,15,41,A01,A01|F008|3|P1310+P1334+P3410,A01|F020|16|P1453+P1671+P1699+P1713+P1790+P1794+P1857+P2034+P2057+P2216+P2287+P2469+P2543+P2657+P2722+P2831,3,16,F008,F020,0.0,130.0,64.33333333333333,0.3194444444444444,,,,,,,,,,,,budget_not_selected,0,0,0,0,0,,False,,
3,raw_distance,81,False,0,15,A01,A01|F001|4|P0036+P0918+P2537+P2942,A01|F008|3|P1310+P1334+P3410,4,3,F001,F008,0.0,131.0,16.666666666666668,0.08333333333333333,,,,,,,,,,,,budget_not_selected,0,0,0,0,0,,False,,
3,raw_distance,82,False,15,46,A01,A01|F008|3|P1310+P1334+P3410,A01|F022|16|P0002+P0055+P0058+P0126+P0214+P0268+P0460+P0750+P0782+P0800+P0909+P0992+P1141+P1151+P1188+P1463,3,16,F008,F022,0.0,134.0,42.0,0.25,,,,,,,,,,,,budget_not_selected,0,0,0,0,0,,False,,
3,raw_distance,83,False,15,47,A01,A01|F008|3|P1310+P1334+P3410,A01|F022|16|P1476+P1481+P1544+P1577+P1627+P1900+P1984+P2051+P2258+P2317+P2333+P2382+P2393+P2425+P2462+P2578,3,16,F008,F022,0.0,134.0,42.0,0.25,,,,,,,,,,,,budget_not_selected,0,0,0,0,0,,False,,
3,raw_distance,84,False,89,94,A03,A03|F044|16|P0074+P0259+P0386+P0396+P0442+P0558+P0566+P0582+P0704+P0728+P0768+P0838+P2843+P3238+P3260+P3334,A03|F046|1|P2863,16,1,F044,F046,0.0,137.0,98.66666666666667,0.20833333333333334,,,,,,,,,,,,budget_not_selected,0,0,0,0,0,,False,,
3,raw_distance,85,False,90,94,A03,A03|F044|18|P0822+P1103+P1382+P1760+P1960+P2036+P2364+P2667+P2783+P2835+P3008+P3155+P3209+P3325+P3591+P3656+P3762+P3897,A03|F046|1|P2863,18,1,F044,F046,0.0,137.0,98.66666666666667,0.20833333333333334,,,,,,,,,,,,budget_not_selected,0,0,0,0,0,,False,,
3,raw_distance,86,False,0,19,A01,A01|F001|4|P0036+P0918+P2537+P2942,A01|F010|12|P0028+P0077+P0375+P0395+P0583+P0631+P0642+P0835+P1907+P2840+P3644+P3775,4,12,F001,F010,0.0,147.0,15.0,0.09722222222222222,,,,,,,,,,,,budget_not_selected,0,0,0,0,0,,False,,
3,raw_distance,87,False,15,37,A01,A01|F008|3|P1310+P1334+P3410,A01|F019|13|P0045+P0134+P0344+P0493+P0572+P0946+P1099+P1101+P1160+P1164+P1284+P1345+P1500,3,13,F008,F019,0.0,147.0,34.0,0.1111111111111111,,,,,,,,,,,,budget_not_selected,0,0,0,0,0,,False,,
3,raw_distance,88,False,75,84,A03,A03|F036|8|P0401+P0709+P1087+P1650+P1817+P3698+P3755+P3770,A03|F041|5|P0227+P0326+P0368+P1137+P2262,8,5,F036,F041,0.0,150.0,71.0,0.2777777777777778,,,,,,,,,,,,budget_not_selected,0,0,0,0,0,,False,,
3,raw_distance,89,False,3,9,A01,A01|F002|7|P1754+P1771+P2409+P2625+P2819+P3592+P3961,A01|F005|11|P0177+P0622+P0879+P0978+P1006+P1078+P1307+P1710+P1910+P3403+P3882,7,11,F002,F005,0.0,151.0,38.666666666666664,0.19444444444444445,,,,,,,,,,,,budget_not_selected,0,0,0,0,0,,False,,
3,raw_distance,90,False,3,33,A01,A01|F002|7|P1754+P1771+P2409+P2625+P2819+P3592+P3961,A01|F017|11|P0137+P0418+P0598+P1079+P1380+P1493+P1521+P1745+P2207+P2309+P2999,7,11,F002,F017,0.0,161.0,77.66666666666667,0.3333333333333333,,,,,,,,,,,,budget_not_selected,0,0,0,0,0,,False,,
3,raw_distance,91,False,13,31,A01,A01|F007|9|P0057+P0480+P0652+P0685+P0786+P0812+P1703+P1838+P2738,A01|F016|9|P0275+P0423+P0482+P0613+P0647+P0950+P1114+P2472+P2898,9,9,F007,F016,0.0,161.0,66.0,0.3055555555555556,,,,,,,,,,,,budget_not_selected,0,0,0,0,0,,False,,
3,raw_distance,92,False,82,94,A03,A03|F040|11|P0140+P0367+P0868+P0880+P1004+P1567+P1598+P1705+P1715+P1750+P2374,A03|F046|1|P2863,11,1,F040,F046,0.0,165.0,124.66666666666667,0.2777777777777778,,,,,,,,,,,,budget_not_selected,0,0,0,0,0,,False,,
3,raw_distance,93,False,83,94,A03,A03|F040|16|P1908+P2094+P2386+P2555+P2727+P2746+P2775+P2846+P2881+P2935+P3222+P3287+P3322+P3477+P3547+P3721,A03|F046|1|P2863,16,1,F040,F046,0.0,165.0,124.66666666666667,0.2777777777777778,,,,,,,,,,,,budget_not_selected,0,0,0,0,0,,False,,
3,raw_distance,94,False,0,7,A01,A01|F001|4|P0036+P0918+P2537+P2942,A01|F004|11|P0146+P0632+P0908+P1052+P1216+P1264+P1553+P2173+P2793+P3113+P3938,4,11,F001,F004,0.0,168.0,12.333333333333334,0.09722222222222222,,,,,,,,,,,,budget_not_selected,0,0,0,0,0,,False,,
3,raw_distance,95,False,3,31,A01,A01|F002|7|P1754+P1771+P2409+P2625+P2819+P3592+P3961,A01|F016|9|P0275+P0423+P0482+P0613+P0647+P0950+P1114+P2472+P2898,7,9,F002,F016,0.0,172.0,51.333333333333336,0.3333333333333333,,,,,,,,,,,,budget_not_selected,0,0,0,0,0,,False,,
3,raw_distance,96,False,0,13,A01,A01|F001|4|P0036+P0918+P2537+P2942,A01|F007|9|P0057+P0480+P0652+P0685+P0786+P0812+P1703+P1838+P2738,4,9,F001,F007,0.0,184.0,31.0,0.09722222222222222,,,,,,,,,,,,budget_not_selected,0,0,0,0,0,,False,,
3,raw_distance,97,False,15,60,A01,A01|F008|3|P1310+P1334+P3410,A01|F029|12|P0159+P0299+P0306+P0449+P0962+P0987+P1077+P1226+P1276+P1738+P1878+P1919,3,12,F008,F029,0.0,191.0,34.333333333333336,0.18055555555555555,,,,,,,,,,,,budget_not_selected,0,0,0,0,0,,False,,
3,raw_distance,98,False,86,94,A03,A03|F042|16|P1174+P1268+P1435+P1683+P2031+P2751+P2779+P2786+P2889+P2965+P3028+P3309+P3346+P3428+P3959+P3970,A03|F046|1|P2863,16,1,F042,F046,0.0,191.0,152.0,0.3055555555555556,,,,,,,,,,,,budget_not_selected,0,0,0,0,0,,False,,
3,raw_distance,99,False,94,104,A03,A03|F046|1|P2863,A03|F042+F050|18|P0166+P0294+P0455+P0540+P0617+P0638+P0643+P0865+P1203+P1767+P2093+P2330+P2521+P2730+P2972+P2984+P3627+P3730,1,18,F046,F042|F050,0.0,191.0,170.16666666666669,0.27083333333333337,,,,,,,,,,,,budget_not_selected,0,0,0,0,0,,False,,
3,raw_distance,100,False,76,94,A03,A03|F037|12|P0199+P0260+P0330+P0911+P0980+P1009+P1042+P1221+P1477+P1484+P2048+P2956,A03|F046|1|P2863,12,1,F037,F046,0.0,192.0,144.33333333333334,0.3333333333333333,,,,,,,,,,,,budget_not_selected,0,0,0,0,0,,False,,
3,raw_distance,101,False,77,94,A03,A03|F037|16|P2045+P2058+P2261+P2275+P2291+P2448+P2450+P2531+P3084+P3156+P3530+P3637+P3717+P3846+P3851+P3989,A03|F046|1|P2863,16,1,F037,F046,0.0,192.0,144.33333333333334,0.3333333333333333,,,,,,,,,,,,budget_not_selected,0,0,0,0,0,,False,,
3,raw_distance,102,False,0,3,A01,A01|F001|4|P0036+P0918+P2537+P2942,A01|F002|7|P1754+P1771+P2409+P2625+P2819+P3592+P3961,4,7,F001,F002,0.0,200.0,17.666666666666668,0.09722222222222222,,,,,,,,,,,,budget_not_selected,0,0,0,0,0,,False,,
3,raw_distance,103,False,75,82,A03,A03|F036|8|P0401+P0709+P1087+P1650+P1817+P3698+P3755+P3770,A03|F040|11|P0140+P0367+P0868+P0880+P1004+P1567+P1598+P1705+P1715+P1750+P2374,8,11,F036,F040,0.0,205.0,135.66666666666666,0.3055555555555556,,,,,,,,,,,,budget_not_selected,0,0,0,0,0,,False,,
3,raw_distance,104,False,0,25,A01,A01|F001|4|P0036+P0918+P2537+P2942,A01|F013|15|P0229+P0417+P0419+P0453+P0648+P0672+P0785+P0870+P0912+P1139+P1153+P2464+P3092+P3150+P3176,4,15,F001,F013,0.0,210.0,77.0,0.18055555555555555,,,,,,,,,,,,budget_not_selected,0,0,0,0,0,,False,,
3,raw_distance,105,False,15,72,A01,A01|F008|3|P1310+P1334+P3410,A01|F035|16|P0428+P0565+P0665+P0677+P0755+P1049+P1124+P1256+P1366+P1575+P1701+P1714+P2079+P2116+P2239+P2413,3,16,F008,F035,0.0,227.0,22.0,0.08333333333333333,,,,,,,,,,,,budget_not_selected,0,0,0,0,0,,False,,
3,raw_distance,106,False,3,60,A01,A01|F002|7|P1754+P1771+P2409+P2625+P2819+P3592+P3961,A01|F029|12|P0159+P0299+P0306+P0449+P0962+P0987+P1077+P1226+P1276+P1738+P1878+P1919,7,12,F002,F029,0.0,253.0,34.0,0.19444444444444445,,,,,,,,,,,,budget_not_selected,0,0,0,0,0,,False,,
4,raw_distance,1,True,92,103,A03,A03|F046|1|P2863,A03|F047+F052|16|P0040+P0465+P1035+P1063+P1231+P2138+P2315+P2378+P2850+P3105+P3227+P3440+P3587+P3611+P3640+P3987,1,16,F046,F052|F047,0.0,15.0,22.166666666666668,0.18055555555555555,,,,,,,,,,,,improving_not_selected,6,0,6,0,0,120,False,6.138480900001014,
4,raw_distance,2,True,92,97,A03,A03|F046|1|P2863,A03|F049|14|P1520+P2198+P2832+P2893+P2922+P3149+P3191+P3205+P3276+P3416+P3452+P3703+P3771+P3868,1,14,F046,F049,0.0,17.0,11.333333333333334,0.1388888888888889,,,,,,,,,,,,accepted,4,0,4,0,0,146,True,6.138145299999451,6.138518200001272
4,raw_distance,3,True,15,19,A01,A01|F008|3|P1310+P1334+P3410,A01|F010|12|P0028+P0077+P0375+P0395+P0583+P0631+P0642+P0835+P1907+P2840+P3644+P3775,3,12,F008,F010,0.0,19.0,3.6666666666666665,0.013888888888888888,,,,,,,,,,,,improving_not_selected,4,0,4,0,0,131,False,6.135863900002732,
4,raw_distance,4,True,53,61,A02,A02|F025|7|P1886+P2791+P3216+P3506+P3560+P3584+P3815,A02|F029|12|P0226+P1827+P1956+P2101+P2590+P2617+P2683+P2796+P2810+P3402+P3626+P3741,7,12,F025,F029,0.0,24.0,12.666666666666666,0.0,,,,,,,,,,,,improving_not_selected,2,0,2,0,0,117,False,6.137188400003652,
4,raw_distance,5,True,0,37,A01,A01|F001|4|P0036+P0918+P2537+P2942,A01|F019|13|P0045+P0134+P0344+P0493+P0572+P0946+P1099+P1101+P1160+P1164+P1284+P1345+P1500,4,13,F001,F019,0.0,25.0,17.333333333333332,0.027777777777777776,,,,,,,,,,,,improving_not_selected,2,0,2,0,0,127,False,5.9609213000003365,
4,raw_distance,6,True,9,29,A01,A01|F005|11|P0177+P0622+P0879+P0978+P1006+P1078+P1307+P1710+P1910+P3403+P3882,A01|F015|7|P0269+P0476+P0484+P0570+P0637+P1402+P3945,11,7,F005,F015,0.0,25.0,4.0,0.0,,,,,,,,,,,,improving_not_selected,2,0,2,0,0,81,False,6.135509200001252,
4,raw_distance,7,True,27,29,A01,A01|F014|12|P0061+P0303+P0849+P1095+P1163+P1235+P1805+P1853+P1902+P2120+P2969+P3614,A01|F015|7|P0269+P0476+P0484+P0570+P0637+P1402+P3945,12,7,F014,F015,0.0,27.0,26.666666666666668,0.1388888888888889,,,,,,,,,,,,improving_not_selected,2,0,2,0,0,74,False,6.136605799998506,
4,raw_distance,8,True,3,13,A01,A01|F002|7|P1754+P1771+P2409+P2625+P2819+P3592+P3961,A01|F007|9|P0057+P0480+P0652+P0685+P0786+P0812+P1703+P1838+P2738,7,9,F002,F007,0.0,30.0,14.666666666666666,0.027777777777777776,,,,,,,,,,,,improving_not_selected,4,0,4,0,0,122,False,5.9612575999999535,
4,raw_distance,9,True,21,29,A01,A01|F011|12|P0174+P0284+P0293+P0535+P0707+P0823+P0923+P1529+P1571+P1718+P3108+P3175,A01|F015|7|P0269+P0476+P0484+P0570+P0637+P1402+P3945,12,7,F011,F015,0.0,31.0,13.0,0.125,,,,,,,,,,,,improving_not_selected,2,0,2,0,0,79,False,6.136486100003822,
4,raw_distance,10,True,29,58,A01,A01|F015|7|P0269+P0476+P0484+P0570+P0637+P1402+P3945,A01|F028|12|P0241+P0272+P0289+P0320+P0490+P0559+P0600+P0634+P0700+P0953+P1113+P1179,7,12,F015,F028,0.0,32.0,27.666666666666668,0.16666666666666666,,,,,,,,,,,,improving_not_selected,2,0,2,0,0,92,False,6.1369281000006595,
4,raw_distance,11,True,3,7,A01,A01|F002|7|P1754+P1771+P2409+P2625+P2819+P3592+P3961,A01|F004|11|P0146+P0632+P0908+P1052+P1216+P1264+P1553+P2173+P2793+P3113+P3938,7,11,F002,F004,0.0,33.0,21.333333333333332,0.16666666666666666,,,,,,,,,,,,improving_not_selected,2,0,2,0,0,103,False,5.961052300001029,
4,raw_distance,12,True,15,21,A01,A01|F008|3|P1310+P1334+P3410,A01|F011|12|P0174+P0284+P0293+P0535+P0707+P0823+P0923+P1529+P1571+P1718+P3108+P3175,3,12,F008,F011,0.0,33.0,22.0,0.19444444444444445,,,,,,,,,,,,improving_not_selected,4,0,4,0,0,113,False,6.1360519000008935,
4,raw_distance,13,True,17,29,A01,A01|F009|11|P0086+P0252+P0860+P1085+P1610+P1743+P1763+P1949+P2163+P3118+P3137,A01|F015|7|P0269+P0476+P0484+P0570+P0637+P1402+P3945,11,7,F009,F015,0.0,38.0,21.333333333333332,0.1527777777777778,,,,,,,,,,,,improving_not_selected,2,0,2,0,0,72,False,6.136369100000593,
4,raw_distance,14,True,51,53,A02,A02|F024|12|P0213+P0307+P0433+P0499+P0729+P1905+P2195+P2535+P2572+P3190+P3603+P3872,A02|F025|7|P1886+P2791+P3216+P3506+P3560+P3584+P3815,12,7,F024,F025,0.0,39.0,15.666666666666666,0.1527777777777778,,,,,,,,,,,,improving_not_selected,2,0,2,0,0,98,False,6.13706159999856,
4,raw_distance,15,True,0,31,A01,A01|F001|4|P0036+P0918+P2537+P2942,A01|F016|9|P0275+P0423+P0482+P0613+P0647+P0950+P1114+P2472+P2898,4,9,F001,F016,0.0,41.0,35.0,0.2361111111111111,,,,,,,,,,,,improving_not_selected,4,0,4,0,0,99,False,5.960740900001838,
4,raw_distance,16,True,11,15,A01,A01|F006|16|P0042+P0044+P0089+P0113+P0151+P0158+P0186+P0240+P0244+P0267+P0393+P0718+P0863+P1394+P1611+P3271,A01|F008|3|P1310+P1334+P3410,16,3,F006,F008,0.0,41.0,16.333333333333332,0.1111111111111111,,,,,,,,,,,,improving_not_selected,2,0,2,0,0,112,False,6.135653800003638,
4,raw_distance,17,True,15,58,A01,A01|F008|3|P1310+P1334+P3410,A01|F028|12|P0241+P0272+P0289+P0320+P0490+P0559+P0600+P0634+P0700+P0953+P1113+P1179,3,12,F008,F028,0.0,41.0,7.333333333333333,0.013888888888888888,,,,,,,,,,,,improving_not_selected,4,0,4,0,0,115,False,6.136245500005316,
4,raw_distance,18,True,75,92,A03,A03|F036|8|P0401+P0709+P1087+P1650+P1817+P3698+P3755+P3770,A03|F046|1|P2863,8,1,F036,F046,0.0,41.0,11.0,0.027777777777777776,,,,,,,,,,,,improving_not_selected,6,0,6,0,0,129,False,6.137441700004274,
4,raw_distance,19,True,0,23,A01,A01|F001|4|P0036+P0918+P2537+P2942,A01|F012|15|P0004+P0049+P0093+P0228+P0239+P0247+P0266+P0510+P0525+P0561+P0584+P0619+P2131+P2753+P3211,4,15,F001,F012,0.0,42.0,5.333333333333333,0.027777777777777776,,,,,,,,,,,,improving_not_selected,2,0,2,0,0,122,False,5.960555800003931,
4,raw_distance,20,True,80,92,A03,A03|F039|15|P0097+P0714+P0855+P1236+P1407+P1474+P1488+P1559+P1725+P1936+P1969+P2159+P2166+P3048+P3576,A03|F046|1|P2863,15,1,F039,F046,0.0,45.0,5.666666666666667,0.013888888888888888,,,,,,,,,,,,improving_not_selected,4,0,4,0,0,116,False,6.137657799998124,
4,raw_distance,21,True,29,31,A01,A01|F015|7|P0269+P0476+P0484+P0570+P0637+P1402+P3945,A01|F016|9|P0275+P0423+P0482+P0613+P0647+P0950+P1114+P2472+P2898,7,9,F015,F016,0.0,48.0,16.666666666666668,0.1388888888888889,,,,,,,,,,,,improving_not_selected,4,0,4,0,0,71,False,6.136804000001575,
4,raw_distance,22,True,0,9,A01,A01|F001|4|P0036+P0918+P2537+P2942,A01|F005|11|P0177+P0622+P0879+P0978+P1006+P1078+P1307+P1710+P1910+P3403+P3882,4,11,F001,F005,0.0,50.0,22.333333333333332,0.09722222222222222,,,,,,,,,,,,improving_not_selected,4,0,4,0,0,98,False,5.960356299998239,
4,raw_distance,23,True,92,94,A03,A03|F046|1|P2863,A03|F048|16|P0255+P1217+P1261+P1569+P1604+P1761+P1870+P2022+P2105+P2156+P2369+P2395+P2743+P2914+P3267+P3471,1,16,F046,F048,0.0,50.0,27.666666666666668,0.2222222222222222,,,,,,,,,,,,improving_not_selected,2,0,2,0,0,115,False,6.137798100004147,
4,raw_distance,24,True,92,95,A03,A03|F046|1|P2863,A03|F048|16|P2396+P2419+P2481+P2604+P2619+P2692+P2712+P2776+P2858+P3027+P3589+P3599+P3699+P3885+P3903+P3966,1,16,F046,F048,0.0,50.0,27.666666666666668,0.2222222222222222,,,,,,,,,,,,improving_not_selected,2,0,2,0,0,115,False,6.13792580000154,
4,raw_distance,25,True,7,15,A01,A01|F004|11|P0146+P0632+P0908+P1052+P1216+P1264+P1553+P2173+P2793+P3113+P3938,A01|F008|3|P1310+P1334+P3410,11,3,F004,F008,0.0,52.0,21.666666666666668,0.1527777777777778,,,,,,,,,,,,improving_not_selected,4,4,0,0,0,98,False,6.135233500004688,
4,raw_distance,26,False,8,15,A01,A01|F004|16|P2183+P2362+P2487+P2551+P2669+P2716+P3039+P3053+P3119+P3159+P3243+P3375+P3585+P3598+P3761+P3906,A01|F008|3|P1310+P1334+P3410,16,3,F004,F008,0.0,52.0,21.666666666666668,0.1527777777777778,,,,,,,,,,,,budget_not_selected,0,0,0,0,0,,False,,
4,raw_distance,27,False,29,33,A01,A01|F015|7|P0269+P0476+P0484+P0570+P0637+P1402+P3945,A01|F017|11|P0137+P0418+P0598+P1079+P1380+P1493+P1521+P1745+P2207+P2309+P2999,7,11,F015,F017,0.0,53.0,43.0,0.1388888888888889,,,,,,,,,,,,budget_not_selected,0,0,0,0,0,,False,,
4,raw_distance,28,False,13,15,A01,A01|F007|9|P0057+P0480+P0652+P0685+P0786+P0812+P1703+P1838+P2738,A01|F008|3|P1310+P1334+P3410,9,3,F007,F008,0.0,54.0,14.333333333333334,0.013888888888888888,,,,,,,,,,,,budget_not_selected,0,0,0,0,0,,False,,
4,raw_distance,29,False,3,19,A01,A01|F002|7|P1754+P1771+P2409+P2625+P2819+P3592+P3961,A01|F010|12|P0028+P0077+P0375+P0395+P0583+P0631+P0642+P0835+P1907+P2840+P3644+P3775,7,12,F002,F010,0.0,56.0,3.3333333333333335,0.027777777777777776,,,,,,,,,,,,budget_not_selected,0,0,0,0,0,,False,,
4,raw_distance,30,False,15,17,A01,A01|F008|3|P1310+P1334+P3410,A01|F009|11|P0086+P0252+P0860+P1085+P1610+P1743+P1763+P1949+P2163+P3118+P3137,3,11,F008,F009,0.0,59.0,56.333333333333336,0.3055555555555556,,,,,,,,,,,,budget_not_selected,0,0,0,0,0,,False,,
4,raw_distance,31,False,15,18,A01,A01|F008|3|P1310+P1334+P3410,A01|F009|16|P2295+P2415+P2720+P2794+P2805+P2859+P2982+P2991+P3006+P3280+P3464+P3478+P3613+P3725+P3807+P3880,3,16,F008,F009,0.0,59.0,56.333333333333336,0.3055555555555556,,,,,,,,,,,,budget_not_selected,0,0,0,0,0,,False,,
4,raw_distance,32,False,15,29,A01,A01|F008|3|P1310+P1334+P3410,A01|F015|7|P0269+P0476+P0484+P0570+P0637+P1402+P3945,3,7,F008,F015,0.0,64.0,35.0,0.18055555555555555,,,,,,,,,,,,budget_not_selected,0,0,0,0,0,,False,,
4,raw_distance,33,False,15,30,A01,A01|F008|3|P1310+P1334+P3410,A01|F015|16|P0409+P0513+P0605+P0969+P0998+P1080+P1364+P1506+P1774+P1782+P2091+P3098+P3234+P3836+P3939+P3985,3,16,F008,F015,0.0,64.0,35.0,0.18055555555555555,,,,,,,,,,,,budget_not_selected,0,0,0,0,0,,False,,
4,raw_distance,34,False,39,53,A02,A02|F019|12|P0059+P0542+P0957+P1677+P2598+P2822+P3044+P3288+P3409+P3524+P3711+P3982,A02|F025|7|P1886+P2791+P3216+P3506+P3560+P3584+P3815,12,7,F019,F025,0.0,66.0,13.0,0.06944444444444445,,,,,,,,,,,,budget_not_selected,0,0,0,0,0,,False,,
4,raw_distance,35,False,0,60,A01,A01|F001|4|P0036+P0918+P2537+P2942,A01|F029|12|P0159+P0299+P0306+P0449+P0962+P0987+P1077+P1226+P1276+P1738+P1878+P1919,4,12,F001,F029,0.0,67.0,17.666666666666668,0.09722222222222222,,,,,,,,,,,,budget_not_selected,0,0,0,0,0,,False,,
4,raw_distance,36,False,78,92,A03,A03|F038|15|P0238+P0338+P0385+P0399+P0573+P0655+P0721+P0820+P0993+P1913+P2047+P2154+P2544+P2912+P3674,A03|F046|1|P2863,15,1,F038,F046,0.0,67.0,39.0,0.20833333333333334,,,,,,,,,,,,budget_not_selected,0,0,0,0,0,,False,,
4,raw_distance,37,False,79,92,A03,A03|F038|16|P1135+P1278+P1562+P1612+P1766+P1858+P2611+P2643+P2674+P2901+P3004+P3126+P3225+P3610+P3612+P3955,A03|F046|1|P2863,16,1,F038,F046,0.0,67.0,39.0,0.20833333333333334,,,,,,,,,,,,budget_not_selected,0,0,0,0,0,,False,,
4,raw_distance,38,False,0,33,A01,A01|F001|4|P0036+P0918+P2537+P2942,A01|F017|11|P0137+P0418+P0598+P1079+P1380+P1493+P1521+P1745+P2207+P2309+P2999,4,11,F001,F017,0.0,70.0,61.333333333333336,0.2361111111111111,,,,,,,,,,,,budget_not_selected,0,0,0,0,0,,False,,
4,raw_distance,39,False,0,29,A01,A01|F001|4|P0036+P0918+P2537+P2942,A01|F015|7|P0269+P0476+P0484+P0570+P0637+P1402+P3945,4,7,F001,F015,0.0,73.0,18.333333333333332,0.09722222222222222,,,,,,,,,,,,budget_not_selected,0,0,0,0,0,,False,,
4,raw_distance,40,False,3,15,A01,A01|F002|7|P1754+P1771+P2409+P2625+P2819+P3592+P3961,A01|F008|3|P1310+P1334+P3410,7,3,F002,F008,0.0,75.0,2.3333333333333335,0.013888888888888888,,,,,,,,,,,,budget_not_selected,0,0,0,0,0,,False,,
4,raw_distance,41,False,15,27,A01,A01|F008|3|P1310+P1334+P3410,A01|F014|12|P0061+P0303+P0849+P1095+P1163+P1235+P1805+P1853+P1902+P2120+P2969+P3614,3,12,F008,F014,0.0,76.0,61.666666666666664,0.3194444444444444,,,,,,,,,,,,budget_not_selected,0,0,0,0,0,,False,,
4,raw_distance,42,False,15,28,A01,A01|F008|3|P1310+P1334+P3410,A01|F014|16|P2127+P2447+P2512+P2561+P2767+P2844+P2908+P2953+P3160+P3475+P3554+P3634+P3651+P3808+P3973+P3994,3,16,F008,F014,0.0,76.0,61.666666666666664,0.3194444444444444,,,,,,,,,,,,budget_not_selected,0,0,0,0,0,,False,,
4,raw_distance,43,False,19,29,A01,A01|F010|12|P0028+P0077+P0375+P0395+P0583+P0631+P0642+P0835+P1907+P2840+P3644+P3775,A01|F015|7|P0269+P0476+P0484+P0570+P0637+P1402+P3945,12,7,F010,F015,0.0,77.0,31.333333333333332,0.16666666666666666,,,,,,,,,,,,budget_not_selected,0,0,0,0,0,,False,,
4,raw_distance,44,False,53,69,A02,A02|F025|7|P1886+P2791+P3216+P3506+P3560+P3584+P3815,A02|F033|12|P0660+P0761+P1198+P1462+P2397+P2940+P3002+P3303+P3352+P3542+P3649+P3929,7,12,F025,F033,0.0,80.0,36.333333333333336,0.09722222222222222,,,,,,,,,,,,budget_not_selected,0,0,0,0,0,,False,,
4,raw_distance,45,False,15,25,A01,A01|F008|3|P1310+P1334+P3410,A01|F013|15|P0229+P0417+P0419+P0453+P0648+P0672+P0785+P0870+P0912+P1139+P1153+P2464+P3092+P3150+P3176,3,15,F008,F013,0.0,81.0,60.333333333333336,0.09722222222222222,,,,,,,,,,,,budget_not_selected,0,0,0,0,0,,False,,
4,raw_distance,46,False,15,26,A01,A01|F008|3|P1310+P1334+P3410,A01|F013|16|P1296+P1897+P1992+P2044+P2061+P2343+P2463+P2807+P3202+P3277+P3466+P3572+P3676+P3797+P3849+P3925,3,16,F008,F013,0.0,81.0,60.333333333333336,0.09722222222222222,,,,,,,,,,,,budget_not_selected,0,0,0,0,0,,False,,
4,raw_distance,47,False,92,99,A03,A03|F046|1|P2863,A03|F051|16|P0102+P0184+P0349+P0446+P0462+P0502+P0530+P0541+P0797+P0856+P0904+P0997+P1081+P1684+P1723+P3708,1,16,F046,F051,0.0,82.0,55.666666666666664,0.2222222222222222,,,,,,,,,,,,budget_not_selected,0,0,0,0,0,,False,,
4,raw_distance,48,False,92,100,A03,A03|F046|1|P2863,A03|F051|17|P1926+P1962+P2059+P2217+P2218+P2228+P2558+P2562+P2726+P2847+P2930+P2945+P3082+P3167+P3184+P3253+P3947,1,17,F046,F051,0.0,82.0,55.666666666666664,0.2222222222222222,,,,,,,,,,,,budget_not_selected,0,0,0,0,0,,False,,
4,raw_distance,49,False,0,27,A01,A01|F001|4|P0036+P0918+P2537+P2942,A01|F014|12|P0061+P0303+P0849+P1095+P1163+P1235+P1805+P1853+P1902+P2120+P2969+P3614,4,12,F001,F014,0.0,85.0,45.0,0.2361111111111111,,,,,,,,,,,,budget_not_selected,0,0,0,0,0,,False,,
4,raw_distance,50,False,9,15,A01,A01|F005|11|P0177+P0622+P0879+P0978+P1006+P1078+P1307+P1710+P1910+P3403+P3882,A01|F008|3|P1310+P1334+P3410,11,3,F005,F008,0.0,88.0,39.0,0.18055555555555555,,,,,,,,,,,,budget_not_selected,0,0,0,0,0,,False,,
4,raw_distance,51,False,10,15,A01,A01|F005|16|P1933+P2027+P2062+P2096+P2165+P2202+P2334+P2540+P2661+P2725+P3074+P3363+P3624+P3706+P3814+P3917,A01|F008|3|P1310+P1334+P3410,16,3,F005,F008,0.0,88.0,39.0,0.18055555555555555,,,,,,,,,,,,budget_not_selected,0,0,0,0,0,,False,,
4,raw_distance,52,False,15,23,A01,A01|F008|3|P1310+P1334+P3410,A01|F012|15|P0004+P0049+P0093+P0228+P0239+P0247+P0266+P0510+P0525+P0561+P0584+P0619+P2131+P2753+P3211,3,15,F008,F012,0.0,89.0,21.333333333333332,0.1111111111111111,,,,,,,,,,,,budget_not_selected,0,0,0,0,0,,False,,
4,raw_distance,53,False,15,62,A01,A01|F008|3|P1310+P1334+P3410,A01|F030|16|P0169+P0332+P0347+P0357+P0479+P0562+P0661+P1007+P1086+P1200+P1324+P1376+P1739+P1804+P2026+P2086,3,16,F008,F030,0.0,89.0,69.33333333333333,0.3194444444444444,,,,,,,,,,,,budget_not_selected,0,0,0,0,0,,False,,
4,raw_distance,54,False,0,58,A01,A01|F001|4|P0036+P0918+P2537+P2942,A01|F028|12|P0241+P0272+P0289+P0320+P0490+P0559+P0600+P0634+P0700+P0953+P1113+P1179,4,12,F001,F028,0.0,91.0,10.666666666666666,0.09722222222222222,,,,,,,,,,,,budget_not_selected,0,0,0,0,0,,False,,
4,raw_distance,55,False,89,92,A03,A03|F045|16|P0365+P0430+P0568+P0673+P0741+P0776+P0781+P0801+P0805+P0826+P0829+P1640+P1785+P1803+P2939+P3969,A03|F046|1|P2863,16,1,F045,F046,0.0,92.0,41.0,0.2222222222222222,,,,,,,,,,,,budget_not_selected,0,0,0,0,0,,False,,
4,raw_distance,56,False,7,29,A01,A01|F004|11|P0146+P0632+P0908+P1052+P1216+P1264+P1553+P2173+P2793+P3113+P3938,A01|F015|7|P0269+P0476+P0484+P0570+P0637+P1402+P3945,11,7,F004,F015,0.0,95.0,13.333333333333334,0.027777777777777776,,,,,,,,,,,,budget_not_selected,0,0,0,0,0,,False,,
4,raw_distance,57,False,3,21,A01,A01|F002|7|P1754+P1771+P2409+P2625+P2819+P3592+P3961,A01|F011|12|P0174+P0284+P0293+P0535+P0707+P0823+P0923+P1529+P1571+P1718+P3108+P3175,7,12,F002,F011,0.0,99.0,21.666666666666668,0.20833333333333334,,,,,,,,,,,,budget_not_selected,0,0,0,0,0,,False,,
4,raw_distance,58,False,3,17,A01,A01|F002|7|P1754+P1771+P2409+P2625+P2819+P3592+P3961,A01|F009|11|P0086+P0252+P0860+P1085+P1610+P1743+P1763+P1949+P2163+P3118+P3137,7,11,F002,F009,0.0,100.0,56.0,0.3194444444444444,,,,,,,,,,,,budget_not_selected,0,0,0,0,0,,False,,
4,raw_distance,59,False,0,21,A01,A01|F001|4|P0036+P0918+P2537+P2942,A01|F011|12|P0174+P0284+P0293+P0535+P0707+P0823+P0923+P1529+P1571+P1718+P3108+P3175,4,12,F001,F011,0.0,101.0,10.0,0.1111111111111111,,,,,,,,,,,,budget_not_selected,0,0,0,0,0,,False,,
4,raw_distance,60,False,0,17,A01,A01|F001|4|P0036+P0918+P2537+P2942,A01|F009|11|P0086+P0252+P0860+P1085+P1610+P1743+P1763+P1949+P2163+P3118+P3137,4,11,F001,F009,0.0,107.0,39.666666666666664,0.25,,,,,,,,,,,,budget_not_selected,0,0,0,0,0,,False,,
4,raw_distance,61,False,84,92,A03,A03|F041|16|P0377+P0519+P0657+P0794+P1479+P1556+P1742+P1850+P1978+P2178+P2650+P2871+P2966+P3089+P3423+P3954,A03|F046|1|P2863,16,1,F041,F046,0.0,110.0,60.0,0.25,,,,,,,,,,,,budget_not_selected,0,0,0,0,0,,False,,
4,raw_distance,62,False,15,31,A01,A01|F008|3|P1310+P1334+P3410,A01|F016|9|P0275+P0423+P0482+P0613+P0647+P0950+P1114+P2472+P2898,3,9,F008,F016,0.0,112.0,51.666666666666664,0.3194444444444444,,,,,,,,,,,,budget_not_selected,0,0,0,0,0,,False,,
4,raw_distance,63,False,15,32,A01,A01|F008|3|P1310+P1334+P3410,A01|F016|16|P1347+P1537+P1579+P1582+P1680+P1697+P2185+P2192+P2227+P2731+P2736+P3170+P3192+P3316+P3356+P3427,3,16,F008,F016,0.0,112.0,51.666666666666664,0.3194444444444444,,,,,,,,,,,,budget_not_selected,0,0,0,0,0,,False,,
4,raw_distance,64,False,15,33,A01,A01|F008|3|P1310+P1334+P3410,A01|F017|11|P0137+P0418+P0598+P1079+P1380+P1493+P1521+P1745+P2207+P2309+P2999,3,11,F008,F017,0.0,112.0,78.0,0.3194444444444444,,,,,,,,,,,,budget_not_selected,0,0,0,0,0,,False,,
4,raw_distance,65,False,15,34,A01,A01|F008|3|P1310+P1334+P3410,A01|F017|16|P2043+P2137+P2139+P2152+P2229+P2499+P2682+P2789+P2825+P2836+P3112+P3240+P3279+P3310+P3655+P3684,3,16,F008,F017,0.0,112.0,78.0,0.3194444444444444,,,,,,,,,,,,budget_not_selected,0,0,0,0,0,,False,,
4,raw_distance,66,False,13,29,A01,A01|F007|9|P0057+P0480+P0652+P0685+P0786+P0812+P1703+P1838+P2738,A01|F015|7|P0269+P0476+P0484+P0570+P0637+P1402+P3945,9,7,F007,F015,0.0,113.0,49.333333333333336,0.16666666666666666,,,,,,,,,,,,budget_not_selected,0,0,0,0,0,,False,,
4,raw_distance,67,False,3,58,A01,A01|F002|7|P1754+P1771+P2409+P2625+P2819+P3592+P3961,A01|F028|12|P0241+P0272+P0289+P0320+P0490+P0559+P0600+P0634+P0700+P0953+P1113+P1179,7,12,F002,F028,0.0,114.0,7.0,0.027777777777777776,,,,,,,,,,,,budget_not_selected,0,0,0,0,0,,False,,
4,raw_distance,68,False,86,92,A03,A03|F043|16|P1316+P1327+P1450+P1615+P1855+P1948+P2206+P2442+P2477+P2648+P2766+P3094+P3459+P3510+P3774+P3793,A03|F046|1|P2863,16,1,F043,F046,0.0,117.0,83.0,0.25,,,,,,,,,,,,budget_not_selected,0,0,0,0,0,,False,,
4,raw_distance,69,False,3,27,A01,A01|F002|7|P1754+P1771+P2409+P2625+P2819+P3592+P3961,A01|F014|12|P0061+P0303+P0849+P1095+P1163+P1235+P1805+P1853+P1902+P2120+P2969+P3614,7,12,F002,F014,0.0,124.0,61.333333333333336,0.3333333333333333,,,,,,,,,,,,budget_not_selected,0,0,0,0,0,,False,,
4,raw_distance,70,False,3,29,A01,A01|F002|7|P1754+P1771+P2409+P2625+P2819+P3592+P3961,A01|F015|7|P0269+P0476+P0484+P0570+P0637+P1402+P3945,7,7,F002,F015,0.0,127.0,34.666666666666664,0.19444444444444445,,,,,,,,,,,,budget_not_selected,0,0,0,0,0,,False,,
4,raw_distance,71,False,29,60,A01,A01|F015|7|P0269+P0476+P0484+P0570+P0637+P1402+P3945,A01|F029|12|P0159+P0299+P0306+P0449+P0962+P0987+P1077+P1226+P1276+P1738+P1878+P1919,7,12,F015,F029,0.0,128.0,13.333333333333334,0.1388888888888889,,,,,,,,,,,,budget_not_selected,0,0,0,0,0,,False,,
4,raw_distance,72,False,53,63,A02,A02|F025|7|P1886+P2791+P3216+P3506+P3560+P3584+P3815,A02|F030|10|P0448+P2098+P2453+P3096+P3117+P3531+P3615+P3686+P3799+P3847,7,10,F025,F030,0.0,128.0,22.333333333333332,0.1388888888888889,,,,,,,,,,,,budget_not_selected,0,0,0,0,0,,False,,
4,raw_distance,73,False,15,40,A01,A01|F008|3|P1310+P1334+P3410,A01|F020|16|P0249+P0350+P0421+P0436+P0440+P0458+P0492+P0612+P1119+P1120+P1315+P1329+P1333+P1343+P1358+P1365,3,16,F008,F020,0.0,130.0,64.33333333333333,0.3194444444444444,,,,,,,,,,,,budget_not_selected,0,0,0,0,0,,False,,
4,raw_distance,74,False,15,41,A01,A01|F008|3|P1310+P1334+P3410,A01|F020|16|P1453+P1671+P1699+P1713+P1790+P1794+P1857+P2034+P2057+P2216+P2287+P2469+P2543+P2657+P2722+P2831,3,16,F008,F020,0.0,130.0,64.33333333333333,0.3194444444444444,,,,,,,,,,,,budget_not_selected,0,0,0,0,0,,False,,
4,raw_distance,75,False,0,15,A01,A01|F001|4|P0036+P0918+P2537+P2942,A01|F008|3|P1310+P1334+P3410,4,3,F001,F008,0.0,131.0,16.666666666666668,0.08333333333333333,,,,,,,,,,,,budget_not_selected,0,0,0,0,0,,False,,
4,raw_distance,76,False,15,46,A01,A01|F008|3|P1310+P1334+P3410,A01|F022|16|P0002+P0055+P0058+P0126+P0214+P0268+P0460+P0750+P0782+P0800+P0909+P0992+P1141+P1151+P1188+P1463,3,16,F008,F022,0.0,134.0,42.0,0.25,,,,,,,,,,,,budget_not_selected,0,0,0,0,0,,False,,
4,raw_distance,77,False,15,47,A01,A01|F008|3|P1310+P1334+P3410,A01|F022|16|P1476+P1481+P1544+P1577+P1627+P1900+P1984+P2051+P2258+P2317+P2333+P2382+P2393+P2425+P2462+P2578,3,16,F008,F022,0.0,134.0,42.0,0.25,,,,,,,,,,,,budget_not_selected,0,0,0,0,0,,False,,
4,raw_distance,78,False,87,92,A03,A03|F044|16|P0074+P0259+P0386+P0396+P0442+P0558+P0566+P0582+P0704+P0728+P0768+P0838+P2843+P3238+P3260+P3334,A03|F046|1|P2863,16,1,F044,F046,0.0,137.0,98.66666666666667,0.20833333333333334,,,,,,,,,,,,budget_not_selected,0,0,0,0,0,,False,,
4,raw_distance,79,False,88,92,A03,A03|F044|18|P0822+P1103+P1382+P1760+P1960+P2036+P2364+P2667+P2783+P2835+P3008+P3155+P3209+P3325+P3591+P3656+P3762+P3897,A03|F046|1|P2863,18,1,F044,F046,0.0,137.0,98.66666666666667,0.20833333333333334,,,,,,,,,,,,budget_not_selected,0,0,0,0,0,,False,,
4,raw_distance,80,False,0,19,A01,A01|F001|4|P0036+P0918+P2537+P2942,A01|F010|12|P0028+P0077+P0375+P0395+P0583+P0631+P0642+P0835+P1907+P2840+P3644+P3775,4,12,F001,F010,0.0,147.0,15.0,0.09722222222222222,,,,,,,,,,,,budget_not_selected,0,0,0,0,0,,False,,
4,raw_distance,81,False,15,37,A01,A01|F008|3|P1310+P1334+P3410,A01|F019|13|P0045+P0134+P0344+P0493+P0572+P0946+P1099+P1101+P1160+P1164+P1284+P1345+P1500,3,13,F008,F019,0.0,147.0,34.0,0.1111111111111111,,,,,,,,,,,,budget_not_selected,0,0,0,0,0,,False,,
4,raw_distance,82,False,3,9,A01,A01|F002|7|P1754+P1771+P2409+P2625+P2819+P3592+P3961,A01|F005|11|P0177+P0622+P0879+P0978+P1006+P1078+P1307+P1710+P1910+P3403+P3882,7,11,F002,F005,0.0,151.0,38.666666666666664,0.19444444444444445,,,,,,,,,,,,budget_not_selected,0,0,0,0,0,,False,,
4,raw_distance,83,False,3,33,A01,A01|F002|7|P1754+P1771+P2409+P2625+P2819+P3592+P3961,A01|F017|11|P0137+P0418+P0598+P1079+P1380+P1493+P1521+P1745+P2207+P2309+P2999,7,11,F002,F017,0.0,161.0,77.66666666666667,0.3333333333333333,,,,,,,,,,,,budget_not_selected,0,0,0,0,0,,False,,
4,raw_distance,84,False,13,31,A01,A01|F007|9|P0057+P0480+P0652+P0685+P0786+P0812+P1703+P1838+P2738,A01|F016|9|P0275+P0423+P0482+P0613+P0647+P0950+P1114+P2472+P2898,9,9,F007,F016,0.0,161.0,66.0,0.3055555555555556,,,,,,,,,,,,budget_not_selected,0,0,0,0,0,,False,,
4,raw_distance,85,False,82,92,A03,A03|F040|11|P0140+P0367+P0868+P0880+P1004+P1567+P1598+P1705+P1715+P1750+P2374,A03|F046|1|P2863,11,1,F040,F046,0.0,165.0,124.66666666666667,0.2777777777777778,,,,,,,,,,,,budget_not_selected,0,0,0,0,0,,False,,
4,raw_distance,86,False,83,92,A03,A03|F040|16|P1908+P2094+P2386+P2555+P2727+P2746+P2775+P2846+P2881+P2935+P3222+P3287+P3322+P3477+P3547+P3721,A03|F046|1|P2863,16,1,F040,F046,0.0,165.0,124.66666666666667,0.2777777777777778,,,,,,,,,,,,budget_not_selected,0,0,0,0,0,,False,,
4,raw_distance,87,False,0,7,A01,A01|F001|4|P0036+P0918+P2537+P2942,A01|F004|11|P0146+P0632+P0908+P1052+P1216+P1264+P1553+P2173+P2793+P3113+P3938,4,11,F001,F004,0.0,168.0,12.333333333333334,0.09722222222222222,,,,,,,,,,,,budget_not_selected,0,0,0,0,0,,False,,
4,raw_distance,88,False,3,31,A01,A01|F002|7|P1754+P1771+P2409+P2625+P2819+P3592+P3961,A01|F016|9|P0275+P0423+P0482+P0613+P0647+P0950+P1114+P2472+P2898,7,9,F002,F016,0.0,172.0,51.333333333333336,0.3333333333333333,,,,,,,,,,,,budget_not_selected,0,0,0,0,0,,False,,
4,raw_distance,89,False,0,13,A01,A01|F001|4|P0036+P0918+P2537+P2942,A01|F007|9|P0057+P0480+P0652+P0685+P0786+P0812+P1703+P1838+P2738,4,9,F001,F007,0.0,184.0,31.0,0.09722222222222222,,,,,,,,,,,,budget_not_selected,0,0,0,0,0,,False,,
4,raw_distance,90,False,15,60,A01,A01|F008|3|P1310+P1334+P3410,A01|F029|12|P0159+P0299+P0306+P0449+P0962+P0987+P1077+P1226+P1276+P1738+P1878+P1919,3,12,F008,F029,0.0,191.0,34.333333333333336,0.18055555555555555,,,,,,,,,,,,budget_not_selected,0,0,0,0,0,,False,,
4,raw_distance,91,False,85,92,A03,A03|F042|16|P1174+P1268+P1435+P1683+P2031+P2751+P2779+P2786+P2889+P2965+P3028+P3309+P3346+P3428+P3959+P3970,A03|F046|1|P2863,16,1,F042,F046,0.0,191.0,152.0,0.3055555555555556,,,,,,,,,,,,budget_not_selected,0,0,0,0,0,,False,,
4,raw_distance,92,False,92,102,A03,A03|F046|1|P2863,A03|F042+F050|18|P0166+P0294+P0455+P0540+P0617+P0638+P0643+P0865+P1203+P1767+P2093+P2330+P2521+P2730+P2972+P2984+P3627+P3730,1,18,F046,F042|F050,0.0,191.0,170.16666666666669,0.27083333333333337,,,,,,,,,,,,budget_not_selected,0,0,0,0,0,,False,,
4,raw_distance,93,False,76,92,A03,A03|F037|12|P0199+P0260+P0330+P0911+P0980+P1009+P1042+P1221+P1477+P1484+P2048+P2956,A03|F046|1|P2863,12,1,F037,F046,0.0,192.0,144.33333333333334,0.3333333333333333,,,,,,,,,,,,budget_not_selected,0,0,0,0,0,,False,,
4,raw_distance,94,False,77,92,A03,A03|F037|16|P2045+P2058+P2261+P2275+P2291+P2448+P2450+P2531+P3084+P3156+P3530+P3637+P3717+P3846+P3851+P3989,A03|F046|1|P2863,16,1,F037,F046,0.0,192.0,144.33333333333334,0.3333333333333333,,,,,,,,,,,,budget_not_selected,0,0,0,0,0,,False,,
4,raw_distance,95,False,0,3,A01,A01|F001|4|P0036+P0918+P2537+P2942,A01|F002|7|P1754+P1771+P2409+P2625+P2819+P3592+P3961,4,7,F001,F002,0.0,200.0,17.666666666666668,0.09722222222222222,,,,,,,,,,,,budget_not_selected,0,0,0,0,0,,False,,
4,raw_distance,96,False,75,82,A03,A03|F036|8|P0401+P0709+P1087+P1650+P1817+P3698+P3755+P3770,A03|F040|11|P0140+P0367+P0868+P0880+P1004+P1567+P1598+P1705+P1715+P1750+P2374,8,11,F036,F040,0.0,205.0,135.66666666666666,0.3055555555555556,,,,,,,,,,,,budget_not_selected,0,0,0,0,0,,False,,
4,raw_distance,97,False,0,25,A01,A01|F001|4|P0036+P0918+P2537+P2942,A01|F013|15|P0229+P0417+P0419+P0453+P0648+P0672+P0785+P0870+P0912+P1139+P1153+P2464+P3092+P3150+P3176,4,15,F001,F013,0.0,210.0,77.0,0.18055555555555555,,,,,,,,,,,,budget_not_selected,0,0,0,0,0,,False,,
4,raw_distance,98,False,15,72,A01,A01|F008|3|P1310+P1334+P3410,A01|F035|16|P0428+P0565+P0665+P0677+P0755+P1049+P1124+P1256+P1366+P1575+P1701+P1714+P2079+P2116+P2239+P2413,3,16,F008,F035,0.0,227.0,22.0,0.08333333333333333,,,,,,,,,,,,budget_not_selected,0,0,0,0,0,,False,,
4,raw_distance,99,False,3,60,A01,A01|F002|7|P1754+P1771+P2409+P2625+P2819+P3592+P3961,A01|F029|12|P0159+P0299+P0306+P0449+P0962+P0987+P1077+P1226+P1276+P1738+P1878+P1919,7,12,F002,F029,0.0,253.0,34.0,0.19444444444444445,,,,,,,,,,,,budget_not_selected,0,0,0,0,0,,False,,
5,raw_distance,1,True,15,19,A01,A01|F008|3|P1310+P1334+P3410,A01|F010|12|P0028+P0077+P0375+P0395+P0583+P0631+P0642+P0835+P1907+P2840+P3644+P3775,3,12,F008,F010,0.0,19.0,3.6666666666666665,0.013888888888888888,,,,,,,,,,,,accepted,4,0,4,0,0,131,True,6.729747099998349,6.845221499999752
5,raw_distance,2,True,53,61,A02,A02|F025|7|P1886+P2791+P3216+P3506+P3560+P3584+P3815,A02|F029|12|P0226+P1827+P1956+P2101+P2590+P2617+P2683+P2796+P2810+P3402+P3626+P3741,7,12,F025,F029,0.0,24.0,12.666666666666666,0.0,,,,,,,,,,,,improving_not_selected,2,0,2,0,0,117,False,6.845169000000169,
5,raw_distance,3,True,0,37,A01,A01|F001|4|P0036+P0918+P2537+P2942,A01|F019|13|P0045+P0134+P0344+P0493+P0572+P0946+P1099+P1101+P1160+P1164+P1284+P1345+P1500,4,13,F001,F019,0.0,25.0,17.333333333333332,0.027777777777777776,,,,,,,,,,,,improving_not_selected,2,0,2,0,0,127,False,6.146908900002018,
5,raw_distance,4,True,9,29,A01,A01|F005|11|P0177+P0622+P0879+P0978+P1006+P1078+P1307+P1710+P1910+P3403+P3882,A01|F015|7|P0269+P0476+P0484+P0570+P0637+P1402+P3945,11,7,F005,F015,0.0,25.0,4.0,0.0,,,,,,,,,,,,improving_not_selected,2,0,2,0,0,81,False,6.246008499998425,
5,raw_distance,5,True,27,29,A01,A01|F014|12|P0061+P0303+P0849+P1095+P1163+P1235+P1805+P1853+P1902+P2120+P2969+P3614,A01|F015|7|P0269+P0476+P0484+P0570+P0637+P1402+P3945,12,7,F014,F015,0.0,27.0,26.666666666666668,0.1388888888888889,,,,,,,,,,,,improving_not_selected,2,0,2,0,0,74,False,6.730753299998469,
5,raw_distance,6,True,3,13,A01,A01|F002|7|P1754+P1771+P2409+P2625+P2819+P3592+P3961,A01|F007|9|P0057+P0480+P0652+P0685+P0786+P0812+P1703+P1838+P2738,7,9,F002,F007,0.0,30.0,14.666666666666666,0.027777777777777776,,,,,,,,,,,,improving_not_selected,4,0,4,0,0,122,False,6.1472368000031565,
5,raw_distance,7,True,21,29,A01,A01|F011|12|P0174+P0284+P0293+P0535+P0707+P0823+P0923+P1529+P1571+P1718+P3108+P3175,A01|F015|7|P0269+P0476+P0484+P0570+P0637+P1402+P3945,12,7,F011,F015,0.0,31.0,13.0,0.125,,,,,,,,,,,,improving_not_selected,2,0,2,0,0,79,False,6.730627700002515,
5,raw_distance,8,True,29,58,A01,A01|F015|7|P0269+P0476+P0484+P0570+P0637+P1402+P3945,A01|F028|12|P0241+P0272+P0289+P0320+P0490+P0559+P0600+P0634+P0700+P0953+P1113+P1179,7,12,F015,F028,0.0,32.0,27.666666666666668,0.16666666666666666,,,,,,,,,,,,improving_not_selected,2,0,2,0,0,92,False,6.84484550000343,
5,raw_distance,9,True,3,7,A01,A01|F002|7|P1754+P1771+P2409+P2625+P2819+P3592+P3961,A01|F004|11|P0146+P0632+P0908+P1052+P1216+P1264+P1553+P2173+P2793+P3113+P3938,7,11,F002,F004,0.0,33.0,21.333333333333332,0.16666666666666666,,,,,,,,,,,,improving_not_selected,2,0,2,0,0,103,False,6.147030799998902,
5,raw_distance,10,True,15,21,A01,A01|F008|3|P1310+P1334+P3410,A01|F011|12|P0174+P0284+P0293+P0535+P0707+P0823+P0923+P1529+P1571+P1718+P3108+P3175,3,12,F008,F011,0.0,33.0,22.0,0.19444444444444445,,,,,,,,,,,,improving_not_selected,4,0,4,0,0,113,False,6.730138600003556,
5,raw_distance,11,True,17,29,A01,A01|F009|11|P0086+P0252+P0860+P1085+P1610+P1743+P1763+P1949+P2163+P3118+P3137,A01|F015|7|P0269+P0476+P0484+P0570+P0637+P1402+P3945,11,7,F009,F015,0.0,38.0,21.333333333333332,0.1527777777777778,,,,,,,,,,,,improving_not_selected,2,0,2,0,0,72,False,6.7305095000047,
5,raw_distance,12,True,51,53,A02,A02|F024|12|P0213+P0307+P0433+P0499+P0729+P1905+P2195+P2535+P2572+P3190+P3603+P3872,A02|F025|7|P1886+P2791+P3216+P3506+P3560+P3584+P3815,12,7,F024,F025,0.0,39.0,15.666666666666666,0.1527777777777778,,,,,,,,,,,,improving_not_selected,2,0,2,0,0,98,False,6.8449862000052235,
5,raw_distance,13,True,0,31,A01,A01|F001|4|P0036+P0918+P2537+P2942,A01|F016|9|P0275+P0423+P0482+P0613+P0647+P0950+P1114+P2472+P2898,4,9,F001,F016,0.0,41.0,35.0,0.2361111111111111,,,,,,,,,,,,improving_not_selected,4,0,4,0,0,99,False,6.146785500000988,
5,raw_distance,14,True,11,15,A01,A01|F006|16|P0042+P0044+P0089+P0113+P0151+P0158+P0186+P0240+P0244+P0267+P0393+P0718+P0863+P1394+P1611+P3271,A01|F008|3|P1310+P1334+P3410,16,3,F006,F008,0.0,41.0,16.333333333333332,0.1111111111111111,,,,,,,,,,,,improving_not_selected,2,0,2,0,0,112,False,6.246130600004108,
5,raw_distance,15,True,15,58,A01,A01|F008|3|P1310+P1334+P3410,A01|F028|12|P0241+P0272+P0289+P0320+P0490+P0559+P0600+P0634+P0700+P0953+P1113+P1179,3,12,F008,F028,0.0,41.0,7.333333333333333,0.013888888888888888,,,,,,,,,,,,improving_not_selected,4,0,4,0,0,115,False,6.730385499999102,
5,raw_distance,16,True,0,23,A01,A01|F001|4|P0036+P0918+P2537+P2942,A01|F012|15|P0004+P0049+P0093+P0228+P0239+P0247+P0266+P0510+P0525+P0561+P0584+P0619+P2131+P2753+P3211,4,15,F001,F012,0.0,42.0,5.333333333333333,0.027777777777777776,,,,,,,,,,,,improving_not_selected,2,0,2,0,0,122,False,6.1465932999999495,
5,raw_distance,17,True,29,31,A01,A01|F015|7|P0269+P0476+P0484+P0570+P0637+P1402+P3945,A01|F016|9|P0275+P0423+P0482+P0613+P0647+P0950+P1114+P2472+P2898,7,9,F015,F016,0.0,48.0,16.666666666666668,0.1388888888888889,,,,,,,,,,,,improving_not_selected,4,0,4,0,0,71,False,6.730952999998408,
5,raw_distance,18,True,0,9,A01,A01|F001|4|P0036+P0918+P2537+P2942,A01|F005|11|P0177+P0622+P0879+P0978+P1006+P1078+P1307+P1710+P1910+P3403+P3882,4,11,F001,F005,0.0,50.0,22.333333333333332,0.09722222222222222,,,,,,,,,,,,improving_not_selected,4,0,4,0,0,98,False,6.14639249999891,
5,raw_distance,19,True,7,15,A01,A01|F004|11|P0146+P0632+P0908+P1052+P1216+P1264+P1553+P2173+P2793+P3113+P3938,A01|F008|3|P1310+P1334+P3410,11,3,F004,F008,0.0,52.0,21.666666666666668,0.1527777777777778,,,,,,,,,,,,improving_not_selected,4,0,4,0,0,98,False,6.245765300001949,
5,raw_distance,20,True,8,15,A01,A01|F004|16|P2183+P2362+P2487+P2551+P2669+P2716+P3039+P3053+P3119+P3159+P3243+P3375+P3585+P3598+P3761+P3906,A01|F008|3|P1310+P1334+P3410,16,3,F004,F008,0.0,52.0,21.666666666666668,0.1527777777777778,,,,,,,,,,,,improving_not_selected,2,0,2,0,0,98,False,6.245887299999595,
5,raw_distance,21,True,29,33,A01,A01|F015|7|P0269+P0476+P0484+P0570+P0637+P1402+P3945,A01|F017|11|P0137+P0418+P0598+P1079+P1380+P1493+P1521+P1745+P2207+P2309+P2999,7,11,F015,F017,0.0,53.0,43.0,0.1388888888888889,,,,,,,,,,,,improving_not_selected,2,2,0,0,0,63,False,6.844599500000186,
5,raw_distance,22,True,13,15,A01,A01|F007|9|P0057+P0480+P0652+P0685+P0786+P0812+P1703+P1838+P2738,A01|F008|3|P1310+P1334+P3410,9,3,F007,F008,0.0,54.0,14.333333333333334,0.013888888888888888,,,,,,,,,,,,improving_not_selected,6,6,0,0,0,116,False,6.504285200004233,
5,raw_distance,23,True,3,19,A01,A01|F002|7|P1754+P1771+P2409+P2625+P2819+P3592+P3961,A01|F010|12|P0028+P0077+P0375+P0395+P0583+P0631+P0642+P0835+P1907+P2840+P3644+P3775,7,12,F002,F010,0.0,56.0,3.3333333333333335,0.027777777777777776,,,,,,,,,,,,improving_not_selected,2,2,0,0,0,93,False,6.245507100000395,
5,raw_distance,24,True,15,17,A01,A01|F008|3|P1310+P1334+P3410,A01|F009|11|P0086+P0252+P0860+P1085+P1610+P1743+P1763+P1949+P2163+P3118+P3137,3,11,F008,F009,0.0,59.0,56.333333333333336,0.3055555555555556,,,,,,,,,,,,improving_not_selected,4,4,0,0,0,90,False,6.729232099998626,
5,raw_distance,25,True,15,18,A01,A01|F008|3|P1310+P1334+P3410,A01|F009|16|P2295+P2415+P2720+P2794+P2805+P2859+P2982+P2991+P3006+P3280+P3464+P3478+P3613+P3725+P3807+P3880,3,16,F008,F009,0.0,59.0,56.333333333333336,0.3055555555555556,,,,,,,,,,,,improving_not_selected,2,0,2,0,0,90,False,6.729483200004324,
5,raw_distance,26,False,15,29,A01,A01|F008|3|P1310+P1334+P3410,A01|F015|7|P0269+P0476+P0484+P0570+P0637+P1402+P3945,3,7,F008,F015,0.0,64.0,35.0,0.18055555555555555,,,,,,,,,,,,budget_not_selected,0,0,0,0,0,,False,,
5,raw_distance,27,False,15,30,A01,A01|F008|3|P1310+P1334+P3410,A01|F015|16|P0409+P0513+P0605+P0969+P0998+P1080+P1364+P1506+P1774+P1782+P2091+P3098+P3234+P3836+P3939+P3985,3,16,F008,F015,0.0,64.0,35.0,0.18055555555555555,,,,,,,,,,,,budget_not_selected,0,0,0,0,0,,False,,
5,raw_distance,28,False,39,53,A02,A02|F019|12|P0059+P0542+P0957+P1677+P2598+P2822+P3044+P3288+P3409+P3524+P3711+P3982,A02|F025|7|P1886+P2791+P3216+P3506+P3560+P3584+P3815,12,7,F019,F025,0.0,66.0,13.0,0.06944444444444445,,,,,,,,,,,,budget_not_selected,0,0,0,0,0,,False,,
5,raw_distance,29,False,0,60,A01,A01|F001|4|P0036+P0918+P2537+P2942,A01|F029|12|P0159+P0299+P0306+P0449+P0962+P0987+P1077+P1226+P1276+P1738+P1878+P1919,4,12,F001,F029,0.0,67.0,17.666666666666668,0.09722222222222222,,,,,,,,,,,,budget_not_selected,0,0,0,0,0,,False,,
5,raw_distance,30,False,0,33,A01,A01|F001|4|P0036+P0918+P2537+P2942,A01|F017|11|P0137+P0418+P0598+P1079+P1380+P1493+P1521+P1745+P2207+P2309+P2999,4,11,F001,F017,0.0,70.0,61.333333333333336,0.2361111111111111,,,,,,,,,,,,budget_not_selected,0,0,0,0,0,,False,,
5,raw_distance,31,False,0,29,A01,A01|F001|4|P0036+P0918+P2537+P2942,A01|F015|7|P0269+P0476+P0484+P0570+P0637+P1402+P3945,4,7,F001,F015,0.0,73.0,18.333333333333332,0.09722222222222222,,,,,,,,,,,,budget_not_selected,0,0,0,0,0,,False,,
5,raw_distance,32,False,3,15,A01,A01|F002|7|P1754+P1771+P2409+P2625+P2819+P3592+P3961,A01|F008|3|P1310+P1334+P3410,7,3,F002,F008,0.0,75.0,2.3333333333333335,0.013888888888888888,,,,,,,,,,,,budget_not_selected,0,0,0,0,0,,False,,
5,raw_distance,33,False,15,27,A01,A01|F008|3|P1310+P1334+P3410,A01|F014|12|P0061+P0303+P0849+P1095+P1163+P1235+P1805+P1853+P1902+P2120+P2969+P3614,3,12,F008,F014,0.0,76.0,61.666666666666664,0.3194444444444444,,,,,,,,,,,,budget_not_selected,0,0,0,0,0,,False,,
5,raw_distance,34,False,15,28,A01,A01|F008|3|P1310+P1334+P3410,A01|F014|16|P2127+P2447+P2512+P2561+P2767+P2844+P2908+P2953+P3160+P3475+P3554+P3634+P3651+P3808+P3973+P3994,3,16,F008,F014,0.0,76.0,61.666666666666664,0.3194444444444444,,,,,,,,,,,,budget_not_selected,0,0,0,0,0,,False,,
5,raw_distance,35,False,19,29,A01,A01|F010|12|P0028+P0077+P0375+P0395+P0583+P0631+P0642+P0835+P1907+P2840+P3644+P3775,A01|F015|7|P0269+P0476+P0484+P0570+P0637+P1402+P3945,12,7,F010,F015,0.0,77.0,31.333333333333332,0.16666666666666666,,,,,,,,,,,,budget_not_selected,0,0,0,0,0,,False,,
5,raw_distance,36,False,53,69,A02,A02|F025|7|P1886+P2791+P3216+P3506+P3560+P3584+P3815,A02|F033|12|P0660+P0761+P1198+P1462+P2397+P2940+P3002+P3303+P3352+P3542+P3649+P3929,7,12,F025,F033,0.0,80.0,36.333333333333336,0.09722222222222222,,,,,,,,,,,,budget_not_selected,0,0,0,0,0,,False,,
5,raw_distance,37,False,15,25,A01,A01|F008|3|P1310+P1334+P3410,A01|F013|15|P0229+P0417+P0419+P0453+P0648+P0672+P0785+P0870+P0912+P1139+P1153+P2464+P3092+P3150+P3176,3,15,F008,F013,0.0,81.0,60.333333333333336,0.09722222222222222,,,,,,,,,,,,budget_not_selected,0,0,0,0,0,,False,,
5,raw_distance,38,False,15,26,A01,A01|F008|3|P1310+P1334+P3410,A01|F013|16|P1296+P1897+P1992+P2044+P2061+P2343+P2463+P2807+P3202+P3277+P3466+P3572+P3676+P3797+P3849+P3925,3,16,F008,F013,0.0,81.0,60.333333333333336,0.09722222222222222,,,,,,,,,,,,budget_not_selected,0,0,0,0,0,,False,,
5,raw_distance,39,False,0,27,A01,A01|F001|4|P0036+P0918+P2537+P2942,A01|F014|12|P0061+P0303+P0849+P1095+P1163+P1235+P1805+P1853+P1902+P2120+P2969+P3614,4,12,F001,F014,0.0,85.0,45.0,0.2361111111111111,,,,,,,,,,,,budget_not_selected,0,0,0,0,0,,False,,
5,raw_distance,40,False,9,15,A01,A01|F005|11|P0177+P0622+P0879+P0978+P1006+P1078+P1307+P1710+P1910+P3403+P3882,A01|F008|3|P1310+P1334+P3410,11,3,F005,F008,0.0,88.0,39.0,0.18055555555555555,,,,,,,,,,,,budget_not_selected,0,0,0,0,0,,False,,
5,raw_distance,41,False,10,15,A01,A01|F005|16|P1933+P2027+P2062+P2096+P2165+P2202+P2334+P2540+P2661+P2725+P3074+P3363+P3624+P3706+P3814+P3917,A01|F008|3|P1310+P1334+P3410,16,3,F005,F008,0.0,88.0,39.0,0.18055555555555555,,,,,,,,,,,,budget_not_selected,0,0,0,0,0,,False,,
5,raw_distance,42,False,15,23,A01,A01|F008|3|P1310+P1334+P3410,A01|F012|15|P0004+P0049+P0093+P0228+P0239+P0247+P0266+P0510+P0525+P0561+P0584+P0619+P2131+P2753+P3211,3,15,F008,F012,0.0,89.0,21.333333333333332,0.1111111111111111,,,,,,,,,,,,budget_not_selected,0,0,0,0,0,,False,,
5,raw_distance,43,False,15,62,A01,A01|F008|3|P1310+P1334+P3410,A01|F030|16|P0169+P0332+P0347+P0357+P0479+P0562+P0661+P1007+P1086+P1200+P1324+P1376+P1739+P1804+P2026+P2086,3,16,F008,F030,0.0,89.0,69.33333333333333,0.3194444444444444,,,,,,,,,,,,budget_not_selected,0,0,0,0,0,,False,,
5,raw_distance,44,False,0,58,A01,A01|F001|4|P0036+P0918+P2537+P2942,A01|F028|12|P0241+P0272+P0289+P0320+P0490+P0559+P0600+P0634+P0700+P0953+P1113+P1179,4,12,F001,F028,0.0,91.0,10.666666666666666,0.09722222222222222,,,,,,,,,,,,budget_not_selected,0,0,0,0,0,,False,,
5,raw_distance,45,False,7,29,A01,A01|F004|11|P0146+P0632+P0908+P1052+P1216+P1264+P1553+P2173+P2793+P3113+P3938,A01|F015|7|P0269+P0476+P0484+P0570+P0637+P1402+P3945,11,7,F004,F015,0.0,95.0,13.333333333333334,0.027777777777777776,,,,,,,,,,,,budget_not_selected,0,0,0,0,0,,False,,
5,raw_distance,46,False,3,21,A01,A01|F002|7|P1754+P1771+P2409+P2625+P2819+P3592+P3961,A01|F011|12|P0174+P0284+P0293+P0535+P0707+P0823+P0923+P1529+P1571+P1718+P3108+P3175,7,12,F002,F011,0.0,99.0,21.666666666666668,0.20833333333333334,,,,,,,,,,,,budget_not_selected,0,0,0,0,0,,False,,
5,raw_distance,47,False,3,17,A01,A01|F002|7|P1754+P1771+P2409+P2625+P2819+P3592+P3961,A01|F009|11|P0086+P0252+P0860+P1085+P1610+P1743+P1763+P1949+P2163+P3118+P3137,7,11,F002,F009,0.0,100.0,56.0,0.3194444444444444,,,,,,,,,,,,budget_not_selected,0,0,0,0,0,,False,,
5,raw_distance,48,False,0,21,A01,A01|F001|4|P0036+P0918+P2537+P2942,A01|F011|12|P0174+P0284+P0293+P0535+P0707+P0823+P0923+P1529+P1571+P1718+P3108+P3175,4,12,F001,F011,0.0,101.0,10.0,0.1111111111111111,,,,,,,,,,,,budget_not_selected,0,0,0,0,0,,False,,
5,raw_distance,49,False,0,17,A01,A01|F001|4|P0036+P0918+P2537+P2942,A01|F009|11|P0086+P0252+P0860+P1085+P1610+P1743+P1763+P1949+P2163+P3118+P3137,4,11,F001,F009,0.0,107.0,39.666666666666664,0.25,,,,,,,,,,,,budget_not_selected,0,0,0,0,0,,False,,
5,raw_distance,50,False,15,31,A01,A01|F008|3|P1310+P1334+P3410,A01|F016|9|P0275+P0423+P0482+P0613+P0647+P0950+P1114+P2472+P2898,3,9,F008,F016,0.0,112.0,51.666666666666664,0.3194444444444444,,,,,,,,,,,,budget_not_selected,0,0,0,0,0,,False,,
5,raw_distance,51,False,15,32,A01,A01|F008|3|P1310+P1334+P3410,A01|F016|16|P1347+P1537+P1579+P1582+P1680+P1697+P2185+P2192+P2227+P2731+P2736+P3170+P3192+P3316+P3356+P3427,3,16,F008,F016,0.0,112.0,51.666666666666664,0.3194444444444444,,,,,,,,,,,,budget_not_selected,0,0,0,0,0,,False,,
5,raw_distance,52,False,15,33,A01,A01|F008|3|P1310+P1334+P3410,A01|F017|11|P0137+P0418+P0598+P1079+P1380+P1493+P1521+P1745+P2207+P2309+P2999,3,11,F008,F017,0.0,112.0,78.0,0.3194444444444444,,,,,,,,,,,,budget_not_selected,0,0,0,0,0,,False,,
5,raw_distance,53,False,15,34,A01,A01|F008|3|P1310+P1334+P3410,A01|F017|16|P2043+P2137+P2139+P2152+P2229+P2499+P2682+P2789+P2825+P2836+P3112+P3240+P3279+P3310+P3655+P3684,3,16,F008,F017,0.0,112.0,78.0,0.3194444444444444,,,,,,,,,,,,budget_not_selected,0,0,0,0,0,,False,,
5,raw_distance,54,False,13,29,A01,A01|F007|9|P0057+P0480+P0652+P0685+P0786+P0812+P1703+P1838+P2738,A01|F015|7|P0269+P0476+P0484+P0570+P0637+P1402+P3945,9,7,F007,F015,0.0,113.0,49.333333333333336,0.16666666666666666,,,,,,,,,,,,budget_not_selected,0,0,0,0,0,,False,,
5,raw_distance,55,False,3,58,A01,A01|F002|7|P1754+P1771+P2409+P2625+P2819+P3592+P3961,A01|F028|12|P0241+P0272+P0289+P0320+P0490+P0559+P0600+P0634+P0700+P0953+P1113+P1179,7,12,F002,F028,0.0,114.0,7.0,0.027777777777777776,,,,,,,,,,,,budget_not_selected,0,0,0,0,0,,False,,
5,raw_distance,56,False,3,27,A01,A01|F002|7|P1754+P1771+P2409+P2625+P2819+P3592+P3961,A01|F014|12|P0061+P0303+P0849+P1095+P1163+P1235+P1805+P1853+P1902+P2120+P2969+P3614,7,12,F002,F014,0.0,124.0,61.333333333333336,0.3333333333333333,,,,,,,,,,,,budget_not_selected,0,0,0,0,0,,False,,
5,raw_distance,57,False,3,29,A01,A01|F002|7|P1754+P1771+P2409+P2625+P2819+P3592+P3961,A01|F015|7|P0269+P0476+P0484+P0570+P0637+P1402+P3945,7,7,F002,F015,0.0,127.0,34.666666666666664,0.19444444444444445,,,,,,,,,,,,budget_not_selected,0,0,0,0,0,,False,,
5,raw_distance,58,False,29,60,A01,A01|F015|7|P0269+P0476+P0484+P0570+P0637+P1402+P3945,A01|F029|12|P0159+P0299+P0306+P0449+P0962+P0987+P1077+P1226+P1276+P1738+P1878+P1919,7,12,F015,F029,0.0,128.0,13.333333333333334,0.1388888888888889,,,,,,,,,,,,budget_not_selected,0,0,0,0,0,,False,,
5,raw_distance,59,False,53,63,A02,A02|F025|7|P1886+P2791+P3216+P3506+P3560+P3584+P3815,A02|F030|10|P0448+P2098+P2453+P3096+P3117+P3531+P3615+P3686+P3799+P3847,7,10,F025,F030,0.0,128.0,22.333333333333332,0.1388888888888889,,,,,,,,,,,,budget_not_selected,0,0,0,0,0,,False,,
5,raw_distance,60,False,15,40,A01,A01|F008|3|P1310+P1334+P3410,A01|F020|16|P0249+P0350+P0421+P0436+P0440+P0458+P0492+P0612+P1119+P1120+P1315+P1329+P1333+P1343+P1358+P1365,3,16,F008,F020,0.0,130.0,64.33333333333333,0.3194444444444444,,,,,,,,,,,,budget_not_selected,0,0,0,0,0,,False,,
5,raw_distance,61,False,15,41,A01,A01|F008|3|P1310+P1334+P3410,A01|F020|16|P1453+P1671+P1699+P1713+P1790+P1794+P1857+P2034+P2057+P2216+P2287+P2469+P2543+P2657+P2722+P2831,3,16,F008,F020,0.0,130.0,64.33333333333333,0.3194444444444444,,,,,,,,,,,,budget_not_selected,0,0,0,0,0,,False,,
5,raw_distance,62,False,0,15,A01,A01|F001|4|P0036+P0918+P2537+P2942,A01|F008|3|P1310+P1334+P3410,4,3,F001,F008,0.0,131.0,16.666666666666668,0.08333333333333333,,,,,,,,,,,,budget_not_selected,0,0,0,0,0,,False,,
5,raw_distance,63,False,15,46,A01,A01|F008|3|P1310+P1334+P3410,A01|F022|16|P0002+P0055+P0058+P0126+P0214+P0268+P0460+P0750+P0782+P0800+P0909+P0992+P1141+P1151+P1188+P1463,3,16,F008,F022,0.0,134.0,42.0,0.25,,,,,,,,,,,,budget_not_selected,0,0,0,0,0,,False,,
5,raw_distance,64,False,15,47,A01,A01|F008|3|P1310+P1334+P3410,A01|F022|16|P1476+P1481+P1544+P1577+P1627+P1900+P1984+P2051+P2258+P2317+P2333+P2382+P2393+P2425+P2462+P2578,3,16,F008,F022,0.0,134.0,42.0,0.25,,,,,,,,,,,,budget_not_selected,0,0,0,0,0,,False,,
5,raw_distance,65,False,0,19,A01,A01|F001|4|P0036+P0918+P2537+P2942,A01|F010|12|P0028+P0077+P0375+P0395+P0583+P0631+P0642+P0835+P1907+P2840+P3644+P3775,4,12,F001,F010,0.0,147.0,15.0,0.09722222222222222,,,,,,,,,,,,budget_not_selected,0,0,0,0,0,,False,,
5,raw_distance,66,False,15,37,A01,A01|F008|3|P1310+P1334+P3410,A01|F019|13|P0045+P0134+P0344+P0493+P0572+P0946+P1099+P1101+P1160+P1164+P1284+P1345+P1500,3,13,F008,F019,0.0,147.0,34.0,0.1111111111111111,,,,,,,,,,,,budget_not_selected,0,0,0,0,0,,False,,
5,raw_distance,67,False,3,9,A01,A01|F002|7|P1754+P1771+P2409+P2625+P2819+P3592+P3961,A01|F005|11|P0177+P0622+P0879+P0978+P1006+P1078+P1307+P1710+P1910+P3403+P3882,7,11,F002,F005,0.0,151.0,38.666666666666664,0.19444444444444445,,,,,,,,,,,,budget_not_selected,0,0,0,0,0,,False,,
5,raw_distance,68,False,3,33,A01,A01|F002|7|P1754+P1771+P2409+P2625+P2819+P3592+P3961,A01|F017|11|P0137+P0418+P0598+P1079+P1380+P1493+P1521+P1745+P2207+P2309+P2999,7,11,F002,F017,0.0,161.0,77.66666666666667,0.3333333333333333,,,,,,,,,,,,budget_not_selected,0,0,0,0,0,,False,,
5,raw_distance,69,False,13,31,A01,A01|F007|9|P0057+P0480+P0652+P0685+P0786+P0812+P1703+P1838+P2738,A01|F016|9|P0275+P0423+P0482+P0613+P0647+P0950+P1114+P2472+P2898,9,9,F007,F016,0.0,161.0,66.0,0.3055555555555556,,,,,,,,,,,,budget_not_selected,0,0,0,0,0,,False,,
5,raw_distance,70,False,0,7,A01,A01|F001|4|P0036+P0918+P2537+P2942,A01|F004|11|P0146+P0632+P0908+P1052+P1216+P1264+P1553+P2173+P2793+P3113+P3938,4,11,F001,F004,0.0,168.0,12.333333333333334,0.09722222222222222,,,,,,,,,,,,budget_not_selected,0,0,0,0,0,,False,,
5,raw_distance,71,False,3,31,A01,A01|F002|7|P1754+P1771+P2409+P2625+P2819+P3592+P3961,A01|F016|9|P0275+P0423+P0482+P0613+P0647+P0950+P1114+P2472+P2898,7,9,F002,F016,0.0,172.0,51.333333333333336,0.3333333333333333,,,,,,,,,,,,budget_not_selected,0,0,0,0,0,,False,,
5,raw_distance,72,False,0,13,A01,A01|F001|4|P0036+P0918+P2537+P2942,A01|F007|9|P0057+P0480+P0652+P0685+P0786+P0812+P1703+P1838+P2738,4,9,F001,F007,0.0,184.0,31.0,0.09722222222222222,,,,,,,,,,,,budget_not_selected,0,0,0,0,0,,False,,
5,raw_distance,73,False,15,60,A01,A01|F008|3|P1310+P1334+P3410,A01|F029|12|P0159+P0299+P0306+P0449+P0962+P0987+P1077+P1226+P1276+P1738+P1878+P1919,3,12,F008,F029,0.0,191.0,34.333333333333336,0.18055555555555555,,,,,,,,,,,,budget_not_selected,0,0,0,0,0,,False,,
5,raw_distance,74,False,0,3,A01,A01|F001|4|P0036+P0918+P2537+P2942,A01|F002|7|P1754+P1771+P2409+P2625+P2819+P3592+P3961,4,7,F001,F002,0.0,200.0,17.666666666666668,0.09722222222222222,,,,,,,,,,,,budget_not_selected,0,0,0,0,0,,False,,
5,raw_distance,75,False,75,82,A03,A03|F036|8|P0401+P0709+P1087+P1650+P1817+P3698+P3755+P3770,A03|F040|11|P0140+P0367+P0868+P0880+P1004+P1567+P1598+P1705+P1715+P1750+P2374,8,11,F036,F040,0.0,205.0,135.66666666666666,0.3055555555555556,,,,,,,,,,,,budget_not_selected,0,0,0,0,0,,False,,
5,raw_distance,76,False,0,25,A01,A01|F001|4|P0036+P0918+P2537+P2942,A01|F013|15|P0229+P0417+P0419+P0453+P0648+P0672+P0785+P0870+P0912+P1139+P1153+P2464+P3092+P3150+P3176,4,15,F001,F013,0.0,210.0,77.0,0.18055555555555555,,,,,,,,,,,,budget_not_selected,0,0,0,0,0,,False,,
5,raw_distance,77,False,15,72,A01,A01|F008|3|P1310+P1334+P3410,A01|F035|16|P0428+P0565+P0665+P0677+P0755+P1049+P1124+P1256+P1366+P1575+P1701+P1714+P2079+P2116+P2239+P2413,3,16,F008,F035,0.0,227.0,22.0,0.08333333333333333,,,,,,,,,,,,budget_not_selected,0,0,0,0,0,,False,,
5,raw_distance,78,False,3,60,A01,A01|F002|7|P1754+P1771+P2409+P2625+P2819+P3592+P3961,A01|F029|12|P0159+P0299+P0306+P0449+P0962+P0987+P1077+P1226+P1276+P1738+P1878+P1919,7,12,F002,F029,0.0,253.0,34.0,0.19444444444444445,,,,,,,,,,,,budget_not_selected,0,0,0,0,0,,False,,
6,raw_distance,1,True,51,59,A02,A02|F025|7|P1886+P2791+P3216+P3506+P3560+P3584+P3815,A02|F029|12|P0226+P1827+P1956+P2101+P2590+P2617+P2683+P2796+P2810+P3402+P3626+P3741,7,12,F025,F029,0.0,24.0,12.666666666666666,0.0,,,,,,,,,,,,improving_not_selected,2,0,2,0,0,117,False,8.40787629999977,
6,raw_distance,2,True,0,35,A01,A01|F001|4|P0036+P0918+P2537+P2942,A01|F019|13|P0045+P0134+P0344+P0493+P0572+P0946+P1099+P1101+P1160+P1164+P1284+P1345+P1500,4,13,F001,F019,0.0,25.0,17.333333333333332,0.027777777777777776,,,,,,,,,,,,accepted,2,0,2,0,0,127,True,7.53517510000529,8.508231500003603
6,raw_distance,3,True,9,27,A01,A01|F005|11|P0177+P0622+P0879+P0978+P1006+P1078+P1307+P1710+P1910+P3403+P3882,A01|F015|7|P0269+P0476+P0484+P0570+P0637+P1402+P3945,11,7,F005,F015,0.0,25.0,4.0,0.0,,,,,,,,,,,,improving_not_selected,2,0,2,0,0,81,False,8.298409700000775,
6,raw_distance,4,True,25,27,A01,A01|F014|12|P0061+P0303+P0849+P1095+P1163+P1235+P1805+P1853+P1902+P2120+P2969+P3614,A01|F015|7|P0269+P0476+P0484+P0570+P0637+P1402+P3945,12,7,F014,F015,0.0,27.0,26.666666666666668,0.1388888888888889,,,,,,,,,,,,improving_not_selected,2,0,2,0,0,74,False,8.298763500002678,
6,raw_distance,5,True,3,13,A01,A01|F002|7|P1754+P1771+P2409+P2625+P2819+P3592+P3961,A01|F007|9|P0057+P0480+P0652+P0685+P0786+P0812+P1703+P1838+P2738,7,9,F002,F007,0.0,30.0,14.666666666666666,0.027777777777777776,,,,,,,,,,,,improving_not_selected,4,0,4,0,0,122,False,7.9836361999987275,
6,raw_distance,6,True,19,27,A01,A01|F011|12|P0174+P0284+P0293+P0535+P0707+P0823+P0923+P1529+P1571+P1718+P3108+P3175,A01|F015|7|P0269+P0476+P0484+P0570+P0637+P1402+P3945,12,7,F011,F015,0.0,31.0,13.0,0.125,,,,,,,,,,,,improving_not_selected,2,0,2,0,0,79,False,8.298645499999111,
6,raw_distance,7,True,27,56,A01,A01|F015|7|P0269+P0476+P0484+P0570+P0637+P1402+P3945,A01|F028|12|P0241+P0272+P0289+P0320+P0490+P0559+P0600+P0634+P0700+P0953+P1113+P1179,7,12,F015,F028,0.0,32.0,27.666666666666668,0.16666666666666666,,,,,,,,,,,,improving_not_selected,2,0,2,0,0,92,False,8.299373599998944,
6,raw_distance,8,True,3,7,A01,A01|F002|7|P1754+P1771+P2409+P2625+P2819+P3592+P3961,A01|F004|11|P0146+P0632+P0908+P1052+P1216+P1264+P1553+P2173+P2793+P3113+P3938,7,11,F002,F004,0.0,33.0,21.333333333333332,0.16666666666666666,,,,,,,,,,,,improving_not_selected,2,0,2,0,0,103,False,7.983443199998874,
6,raw_distance,9,True,16,27,A01,A01|F009|11|P0086+P0252+P0860+P1085+P1610+P1743+P1763+P1949+P2163+P3118+P3137,A01|F015|7|P0269+P0476+P0484+P0570+P0637+P1402+P3945,11,7,F009,F015,0.0,38.0,21.333333333333332,0.1527777777777778,,,,,,,,,,,,improving_not_selected,2,0,2,0,0,72,False,8.298530799998844,
6,raw_distance,10,True,49,51,A02,A02|F024|12|P0213+P0307+P0433+P0499+P0729+P1905+P2195+P2535+P2572+P3190+P3603+P3872,A02|F025|7|P1886+P2791+P3216+P3506+P3560+P3584+P3815,12,7,F024,F025,0.0,39.0,15.666666666666666,0.1527777777777778,,,,,,,,,,,,improving_not_selected,2,0,2,0,0,98,False,8.407746299999417,
6,raw_distance,11,True,0,29,A01,A01|F001|4|P0036+P0918+P2537+P2942,A01|F016|9|P0275+P0423+P0482+P0613+P0647+P0950+P1114+P2472+P2898,4,9,F001,F016,0.0,41.0,35.0,0.2361111111111111,,,,,,,,,,,,improving_not_selected,4,0,4,0,0,99,False,7.320545399998082,
6,raw_distance,12,True,0,21,A01,A01|F001|4|P0036+P0918+P2537+P2942,A01|F012|15|P0004+P0049+P0093+P0228+P0239+P0247+P0266+P0510+P0525+P0561+P0584+P0619+P2131+P2753+P3211,4,15,F001,F012,0.0,42.0,5.333333333333333,0.027777777777777776,,,,,,,,,,,,improving_not_selected,2,0,2,0,0,122,False,6.849865700001828,
6,raw_distance,13,True,27,29,A01,A01|F015|7|P0269+P0476+P0484+P0570+P0637+P1402+P3945,A01|F016|9|P0275+P0423+P0482+P0613+P0647+P0950+P1114+P2472+P2898,7,9,F015,F016,0.0,48.0,16.666666666666668,0.1388888888888889,,,,,,,,,,,,improving_not_selected,4,0,4,0,0,71,False,8.299101299999165,
6,raw_distance,14,True,0,9,A01,A01|F001|4|P0036+P0918+P2537+P2942,A01|F005|11|P0177+P0622+P0879+P0978+P1006+P1078+P1307+P1710+P1910+P3403+P3882,4,11,F001,F005,0.0,50.0,22.333333333333332,0.09722222222222222,,,,,,,,,,,,improving_not_selected,4,0,4,0,0,98,False,6.849433000003046,
6,raw_distance,15,True,27,31,A01,A01|F015|7|P0269+P0476+P0484+P0570+P0637+P1402+P3945,A01|F017|11|P0137+P0418+P0598+P1079+P1380+P1493+P1521+P1745+P2207+P2309+P2999,7,11,F015,F017,0.0,53.0,43.0,0.1388888888888889,,,,,,,,,,,,improving_not_selected,2,0,2,0,0,63,False,8.299258999999438,
6,raw_distance,16,True,37,51,A02,A02|F019|12|P0059+P0542+P0957+P1677+P2598+P2822+P3044+P3288+P3409+P3524+P3711+P3982,A02|F025|7|P1886+P2791+P3216+P3506+P3560+P3584+P3815,12,7,F019,F025,0.0,66.0,13.0,0.06944444444444445,,,,,,,,,,,,improving_not_selected,2,2,0,0,0,86,False,8.407280999999784,
6,raw_distance,17,True,0,58,A01,A01|F001|4|P0036+P0918+P2537+P2942,A01|F029|12|P0159+P0299+P0306+P0449+P0962+P0987+P1077+P1226+P1276+P1738+P1878+P1919,4,12,F001,F029,0.0,67.0,17.666666666666668,0.09722222222222222,,,,,,,,,,,,improving_not_selected,4,4,0,0,0,109,False,7.983259200002067,
6,raw_distance,18,True,0,31,A01,A01|F001|4|P0036+P0918+P2537+P2942,A01|F017|11|P0137+P0418+P0598+P1079+P1380+P1493+P1521+P1745+P2207+P2309+P2999,4,11,F001,F017,0.0,70.0,61.333333333333336,0.2361111111111111,,,,,,,,,,,,improving_not_selected,4,4,0,0,0,82,False,7.534795799998392,
6,raw_distance,19,True,0,27,A01,A01|F001|4|P0036+P0918+P2537+P2942,A01|F015|7|P0269+P0476+P0484+P0570+P0637+P1402+P3945,4,7,F001,F015,0.0,73.0,18.333333333333332,0.09722222222222222,,,,,,,,,,,,improving_not_selected,6,6,0,0,0,91,False,7.320298800004821,
6,raw_distance,20,True,51,67,A02,A02|F025|7|P1886+P2791+P3216+P3506+P3560+P3584+P3815,A02|F033|12|P0660+P0761+P1198+P1462+P2397+P2940+P3002+P3303+P3352+P3542+P3649+P3929,7,12,F025,F033,0.0,80.0,36.333333333333336,0.09722222222222222,,,,,,,,,,,,improving_not_selected,2,2,0,0,0,95,False,8.508154700000887,
6,raw_distance,21,True,0,25,A01,A01|F001|4|P0036+P0918+P2537+P2942,A01|F014|12|P0061+P0303+P0849+P1095+P1163+P1235+P1805+P1853+P1902+P2120+P2969+P3614,4,12,F001,F014,0.0,85.0,45.0,0.2361111111111111,,,,,,,,,,,,improving_not_selected,4,4,0,0,0,81,False,7.083190700002888,
6,raw_distance,22,True,0,56,A01,A01|F001|4|P0036+P0918+P2537+P2942,A01|F028|12|P0241+P0272+P0289+P0320+P0490+P0559+P0600+P0634+P0700+P0953+P1113+P1179,4,12,F001,F028,0.0,91.0,10.666666666666666,0.09722222222222222,,,,,,,,,,,,improving_not_selected,4,4,0,0,0,101,False,7.758804900004179,
6,raw_distance,23,True,7,27,A01,A01|F004|11|P0146+P0632+P0908+P1052+P1216+P1264+P1553+P2173+P2793+P3113+P3938,A01|F015|7|P0269+P0476+P0484+P0570+P0637+P1402+P3945,11,7,F004,F015,0.0,95.0,13.333333333333334,0.027777777777777776,,,,,,,,,,,,improving_not_selected,2,2,0,0,0,38,False,8.29821770000126,
6,raw_distance,24,True,3,19,A01,A01|F002|7|P1754+P1771+P2409+P2625+P2819+P3592+P3961,A01|F011|12|P0174+P0284+P0293+P0535+P0707+P0823+P0923+P1529+P1571+P1718+P3108+P3175,7,12,F002,F011,0.0,99.0,21.666666666666668,0.20833333333333334,,,,,,,,,,,,improving_not_selected,2,2,0,0,0,71,False,8.200532000002568,
6,raw_distance,25,True,3,16,A01,A01|F002|7|P1754+P1771+P2409+P2625+P2819+P3592+P3961,A01|F009|11|P0086+P0252+P0860+P1085+P1610+P1743+P1763+P1949+P2163+P3118+P3137,7,11,F002,F009,0.0,100.0,56.0,0.3194444444444444,,,,,,,,,,,,improving_not_selected,2,2,0,0,0,46,False,8.0824597000028,
6,raw_distance,26,False,0,19,A01,A01|F001|4|P0036+P0918+P2537+P2942,A01|F011|12|P0174+P0284+P0293+P0535+P0707+P0823+P0923+P1529+P1571+P1718+P3108+P3175,4,12,F001,F011,0.0,101.0,10.0,0.1111111111111111,,,,,,,,,,,,budget_not_selected,0,0,0,0,0,,False,,
6,raw_distance,27,False,0,16,A01,A01|F001|4|P0036+P0918+P2537+P2942,A01|F009|11|P0086+P0252+P0860+P1085+P1610+P1743+P1763+P1949+P2163+P3118+P3137,4,11,F001,F009,0.0,107.0,39.666666666666664,0.25,,,,,,,,,,,,budget_not_selected,0,0,0,0,0,,False,,
6,raw_distance,28,False,13,27,A01,A01|F007|9|P0057+P0480+P0652+P0685+P0786+P0812+P1703+P1838+P2738,A01|F015|7|P0269+P0476+P0484+P0570+P0637+P1402+P3945,9,7,F007,F015,0.0,113.0,49.333333333333336,0.16666666666666666,,,,,,,,,,,,budget_not_selected,0,0,0,0,0,,False,,
6,raw_distance,29,False,3,56,A01,A01|F002|7|P1754+P1771+P2409+P2625+P2819+P3592+P3961,A01|F028|12|P0241+P0272+P0289+P0320+P0490+P0559+P0600+P0634+P0700+P0953+P1113+P1179,7,12,F002,F028,0.0,114.0,7.0,0.027777777777777776,,,,,,,,,,,,budget_not_selected,0,0,0,0,0,,False,,
6,raw_distance,30,False,3,25,A01,A01|F002|7|P1754+P1771+P2409+P2625+P2819+P3592+P3961,A01|F014|12|P0061+P0303+P0849+P1095+P1163+P1235+P1805+P1853+P1902+P2120+P2969+P3614,7,12,F002,F014,0.0,124.0,61.333333333333336,0.3333333333333333,,,,,,,,,,,,budget_not_selected,0,0,0,0,0,,False,,
6,raw_distance,31,False,3,27,A01,A01|F002|7|P1754+P1771+P2409+P2625+P2819+P3592+P3961,A01|F015|7|P0269+P0476+P0484+P0570+P0637+P1402+P3945,7,7,F002,F015,0.0,127.0,34.666666666666664,0.19444444444444445,,,,,,,,,,,,budget_not_selected,0,0,0,0,0,,False,,
6,raw_distance,32,False,27,58,A01,A01|F015|7|P0269+P0476+P0484+P0570+P0637+P1402+P3945,A01|F029|12|P0159+P0299+P0306+P0449+P0962+P0987+P1077+P1226+P1276+P1738+P1878+P1919,7,12,F015,F029,0.0,128.0,13.333333333333334,0.1388888888888889,,,,,,,,,,,,budget_not_selected,0,0,0,0,0,,False,,
6,raw_distance,33,False,51,61,A02,A02|F025|7|P1886+P2791+P3216+P3506+P3560+P3584+P3815,A02|F030|10|P0448+P2098+P2453+P3096+P3117+P3531+P3615+P3686+P3799+P3847,7,10,F025,F030,0.0,128.0,22.333333333333332,0.1388888888888889,,,,,,,,,,,,budget_not_selected,0,0,0,0,0,,False,,
6,raw_distance,34,False,0,103,A01,A01|F001|4|P0036+P0918+P2537+P2942,A01|F008+F010|15|P0028+P0077+P0375+P0395+P0583+P0631+P0642+P0835+P1310+P1334+P1907+P2840+P3410+P3644+P3775,4,15,F001,F010|F008,0.0,131.0,15.833333333333334,0.09027777777777778,,,,,,,,,,,,budget_not_selected,0,0,0,0,0,,False,,
6,raw_distance,35,False,3,9,A01,A01|F002|7|P1754+P1771+P2409+P2625+P2819+P3592+P3961,A01|F005|11|P0177+P0622+P0879+P0978+P1006+P1078+P1307+P1710+P1910+P3403+P3882,7,11,F002,F005,0.0,151.0,38.666666666666664,0.19444444444444445,,,,,,,,,,,,budget_not_selected,0,0,0,0,0,,False,,
6,raw_distance,36,False,3,31,A01,A01|F002|7|P1754+P1771+P2409+P2625+P2819+P3592+P3961,A01|F017|11|P0137+P0418+P0598+P1079+P1380+P1493+P1521+P1745+P2207+P2309+P2999,7,11,F002,F017,0.0,161.0,77.66666666666667,0.3333333333333333,,,,,,,,,,,,budget_not_selected,0,0,0,0,0,,False,,
6,raw_distance,37,False,13,29,A01,A01|F007|9|P0057+P0480+P0652+P0685+P0786+P0812+P1703+P1838+P2738,A01|F016|9|P0275+P0423+P0482+P0613+P0647+P0950+P1114+P2472+P2898,9,9,F007,F016,0.0,161.0,66.0,0.3055555555555556,,,,,,,,,,,,budget_not_selected,0,0,0,0,0,,False,,
6,raw_distance,38,False,0,7,A01,A01|F001|4|P0036+P0918+P2537+P2942,A01|F004|11|P0146+P0632+P0908+P1052+P1216+P1264+P1553+P2173+P2793+P3113+P3938,4,11,F001,F004,0.0,168.0,12.333333333333334,0.09722222222222222,,,,,,,,,,,,budget_not_selected,0,0,0,0,0,,False,,
6,raw_distance,39,False,3,29,A01,A01|F002|7|P1754+P1771+P2409+P2625+P2819+P3592+P3961,A01|F016|9|P0275+P0423+P0482+P0613+P0647+P0950+P1114+P2472+P2898,7,9,F002,F016,0.0,172.0,51.333333333333336,0.3333333333333333,,,,,,,,,,,,budget_not_selected,0,0,0,0,0,,False,,
6,raw_distance,40,False,0,13,A01,A01|F001|4|P0036+P0918+P2537+P2942,A01|F007|9|P0057+P0480+P0652+P0685+P0786+P0812+P1703+P1838+P2738,4,9,F001,F007,0.0,184.0,31.0,0.09722222222222222,,,,,,,,,,,,budget_not_selected,0,0,0,0,0,,False,,
6,raw_distance,41,False,0,3,A01,A01|F001|4|P0036+P0918+P2537+P2942,A01|F002|7|P1754+P1771+P2409+P2625+P2819+P3592+P3961,4,7,F001,F002,0.0,200.0,17.666666666666668,0.09722222222222222,,,,,,,,,,,,budget_not_selected,0,0,0,0,0,,False,,
6,raw_distance,42,False,73,80,A03,A03|F036|8|P0401+P0709+P1087+P1650+P1817+P3698+P3755+P3770,A03|F040|11|P0140+P0367+P0868+P0880+P1004+P1567+P1598+P1705+P1715+P1750+P2374,8,11,F036,F040,0.0,205.0,135.66666666666666,0.3055555555555556,,,,,,,,,,,,budget_not_selected,0,0,0,0,0,,False,,
6,raw_distance,43,False,0,23,A01,A01|F001|4|P0036+P0918+P2537+P2942,A01|F013|15|P0229+P0417+P0419+P0453+P0648+P0672+P0785+P0870+P0912+P1139+P1153+P2464+P3092+P3150+P3176,4,15,F001,F013,0.0,210.0,77.0,0.18055555555555555,,,,,,,,,,,,budget_not_selected,0,0,0,0,0,,False,,
6,raw_distance,44,False,3,58,A01,A01|F002|7|P1754+P1771+P2409+P2625+P2819+P3592+P3961,A01|F029|12|P0159+P0299+P0306+P0449+P0962+P0987+P1077+P1226+P1276+P1738+P1878+P1919,7,12,F002,F029,0.0,253.0,34.0,0.19444444444444445,,,,,,,,,,,,budget_not_selected,0,0,0,0,0,,False,,
7,raw_distance,1,True,49,57,A02,A02|F025|7|P1886+P2791+P3216+P3506+P3560+P3584+P3815,A02|F029|12|P0226+P1827+P1956+P2101+P2590+P2617+P2683+P2796+P2810+P3402+P3626+P3741,7,12,F025,F029,0.0,24.0,12.666666666666666,0.0,,,,,,,,,,,,improving_not_selected,2,0,2,0,0,117,False,9.563481800003501,
7,raw_distance,2,True,8,26,A01,A01|F005|11|P0177+P0622+P0879+P0978+P1006+P1078+P1307+P1710+P1910+P3403+P3882,A01|F015|7|P0269+P0476+P0484+P0570+P0637+P1402+P3945,11,7,F005,F015,0.0,25.0,4.0,0.0,,,,,,,,,,,,improving_not_selected,2,0,2,0,0,81,False,9.119029500005126,
7,raw_distance,3,True,24,26,A01,A01|F014|12|P0061+P0303+P0849+P1095+P1163+P1235+P1805+P1853+P1902+P2120+P2969+P3614,A01|F015|7|P0269+P0476+P0484+P0570+P0637+P1402+P3945,12,7,F014,F015,0.0,27.0,26.666666666666668,0.1388888888888889,,,,,,,,,,,,improving_not_selected,2,0,2,0,0,74,False,9.435738000000129,
7,raw_distance,4,True,2,12,A01,A01|F002|7|P1754+P1771+P2409+P2625+P2819+P3592+P3961,A01|F007|9|P0057+P0480+P0652+P0685+P0786+P0812+P1703+P1838+P2738,7,9,F002,F007,0.0,30.0,14.666666666666666,0.027777777777777776,,,,,,,,,,,,accepted,4,0,4,0,0,122,True,8.625358199999027,9.718205299999681
7,raw_distance,5,True,18,26,A01,A01|F011|12|P0174+P0284+P0293+P0535+P0707+P0823+P0923+P1529+P1571+P1718+P3108+P3175,A01|F015|7|P0269+P0476+P0484+P0570+P0637+P1402+P3945,12,7,F011,F015,0.0,31.0,13.0,0.125,,,,,,,,,,,,improving_not_selected,2,0,2,0,0,79,False,9.4356287000046,
7,raw_distance,6,True,26,54,A01,A01|F015|7|P0269+P0476+P0484+P0570+P0637+P1402+P3945,A01|F028|12|P0241+P0272+P0289+P0320+P0490+P0559+P0600+P0634+P0700+P0953+P1113+P1179,7,12,F015,F028,0.0,32.0,27.666666666666668,0.16666666666666666,,,,,,,,,,,,improving_not_selected,2,0,2,0,0,92,False,9.436109499998565,
7,raw_distance,7,True,2,6,A01,A01|F002|7|P1754+P1771+P2409+P2625+P2819+P3592+P3961,A01|F004|11|P0146+P0632+P0908+P1052+P1216+P1264+P1553+P2173+P2793+P3113+P3938,7,11,F002,F004,0.0,33.0,21.333333333333332,0.16666666666666666,,,,,,,,,,,,improving_not_selected,2,0,2,0,0,103,False,8.512695099998382,
7,raw_distance,8,True,15,26,A01,A01|F009|11|P0086+P0252+P0860+P1085+P1610+P1743+P1763+P1949+P2163+P3118+P3137,A01|F015|7|P0269+P0476+P0484+P0570+P0637+P1402+P3945,11,7,F009,F015,0.0,38.0,21.333333333333332,0.1527777777777778,,,,,,,,,,,,improving_not_selected,2,0,2,0,0,72,False,9.435515299999679,
7,raw_distance,9,True,47,49,A02,A02|F024|12|P0213+P0307+P0433+P0499+P0729+P1905+P2195+P2535+P2572+P3190+P3603+P3872,A02|F025|7|P1886+P2791+P3216+P3506+P3560+P3584+P3815,12,7,F024,F025,0.0,39.0,15.666666666666666,0.1527777777777778,,,,,,,,,,,,improving_not_selected,2,0,2,0,0,98,False,9.563352900004247,
7,raw_distance,10,True,26,28,A01,A01|F015|7|P0269+P0476+P0484+P0570+P0637+P1402+P3945,A01|F016|9|P0275+P0423+P0482+P0613+P0647+P0950+P1114+P2472+P2898,7,9,F015,F016,0.0,48.0,16.666666666666668,0.1388888888888889,,,,,,,,,,,,improving_not_selected,4,0,4,0,0,71,False,9.43590370000311,
7,raw_distance,11,True,26,30,A01,A01|F015|7|P0269+P0476+P0484+P0570+P0637+P1402+P3945,A01|F017|11|P0137+P0418+P0598+P1079+P1380+P1493+P1521+P1745+P2207+P2309+P2999,7,11,F015,F017,0.0,53.0,43.0,0.1388888888888889,,,,,,,,,,,,improving_not_selected,2,0,2,0,0,63,False,9.436005200004729,
7,raw_distance,12,True,35,49,A02,A02|F019|12|P0059+P0542+P0957+P1677+P2598+P2822+P3044+P3288+P3409+P3524+P3711+P3982,A02|F025|7|P1886+P2791+P3216+P3506+P3560+P3584+P3815,12,7,F019,F025,0.0,66.0,13.0,0.06944444444444445,,,,,,,,,,,,improving_not_selected,2,0,2,0,0,86,False,9.563229600003979,
7,raw_distance,13,True,49,65,A02,A02|F025|7|P1886+P2791+P3216+P3506+P3560+P3584+P3815,A02|F033|12|P0660+P0761+P1198+P1462+P2397+P2940+P3002+P3303+P3352+P3542+P3649+P3929,7,12,F025,F033,0.0,80.0,36.333333333333336,0.09722222222222222,,,,,,,,,,,,improving_not_selected,2,0,2,0,0,95,False,9.718174200002977,
7,raw_distance,14,True,6,26,A01,A01|F004|11|P0146+P0632+P0908+P1052+P1216+P1264+P1553+P2173+P2793+P3113+P3938,A01|F015|7|P0269+P0476+P0484+P0570+P0637+P1402+P3945,11,7,F004,F015,0.0,95.0,13.333333333333334,0.027777777777777776,,,,,,,,,,,,improving_not_selected,2,0,2,0,0,38,False,9.118899799999781,
7,raw_distance,15,True,2,18,A01,A01|F002|7|P1754+P1771+P2409+P2625+P2819+P3592+P3961,A01|F011|12|P0174+P0284+P0293+P0535+P0707+P0823+P0923+P1529+P1571+P1718+P3108+P3175,7,12,F002,F011,0.0,99.0,21.666666666666668,0.20833333333333334,,,,,,,,,,,,improving_not_selected,2,0,2,0,0,71,False,8.625803000002634,
7,raw_distance,16,True,2,15,A01,A01|F002|7|P1754+P1771+P2409+P2625+P2819+P3592+P3961,A01|F009|11|P0086+P0252+P0860+P1085+P1610+P1743+P1763+P1949+P2163+P3118+P3137,7,11,F002,F009,0.0,100.0,56.0,0.3194444444444444,,,,,,,,,,,,improving_not_selected,2,0,2,0,0,46,False,8.625603899999987,
7,raw_distance,17,True,12,26,A01,A01|F007|9|P0057+P0480+P0652+P0685+P0786+P0812+P1703+P1838+P2738,A01|F015|7|P0269+P0476+P0484+P0570+P0637+P1402+P3945,9,7,F007,F015,0.0,113.0,49.333333333333336,0.16666666666666666,,,,,,,,,,,,improving_not_selected,4,4,0,0,0,74,False,9.332041900001059,
7,raw_distance,18,True,2,54,A01,A01|F002|7|P1754+P1771+P2409+P2625+P2819+P3592+P3961,A01|F028|12|P0241+P0272+P0289+P0320+P0490+P0559+P0600+P0634+P0700+P0953+P1113+P1179,7,12,F002,F028,0.0,114.0,7.0,0.027777777777777776,,,,,,,,,,,,improving_not_selected,2,2,0,0,0,69,False,9.118713600000774,
7,raw_distance,19,True,2,24,A01,A01|F002|7|P1754+P1771+P2409+P2625+P2819+P3592+P3961,A01|F014|12|P0061+P0303+P0849+P1095+P1163+P1235+P1805+P1853+P1902+P2120+P2969+P3614,7,12,F002,F014,0.0,124.0,61.333333333333336,0.3333333333333333,,,,,,,,,,,,improving_not_selected,2,2,0,0,0,41,False,8.723626500002865,
7,raw_distance,20,True,2,26,A01,A01|F002|7|P1754+P1771+P2409+P2625+P2819+P3592+P3961,A01|F015|7|P0269+P0476+P0484+P0570+P0637+P1402+P3945,7,7,F002,F015,0.0,127.0,34.666666666666664,0.19444444444444445,,,,,,,,,,,,improving_not_selected,4,4,0,0,0,75,False,8.911186900004395,
7,raw_distance,21,True,26,56,A01,A01|F015|7|P0269+P0476+P0484+P0570+P0637+P1402+P3945,A01|F029|12|P0159+P0299+P0306+P0449+P0962+P0987+P1077+P1226+P1276+P1738+P1878+P1919,7,12,F015,F029,0.0,128.0,13.333333333333334,0.1388888888888889,,,,,,,,,,,,improving_not_selected,2,2,0,0,0,43,False,9.5630203000037,
7,raw_distance,22,True,49,59,A02,A02|F025|7|P1886+P2791+P3216+P3506+P3560+P3584+P3815,A02|F030|10|P0448+P2098+P2453+P3096+P3117+P3531+P3615+P3686+P3799+P3847,7,10,F025,F030,0.0,128.0,22.333333333333332,0.1388888888888889,,,,,,,,,,,,improving_not_selected,2,2,0,0,0,41,False,9.717979599998216,
7,raw_distance,23,True,2,8,A01,A01|F002|7|P1754+P1771+P2409+P2625+P2819+P3592+P3961,A01|F005|11|P0177+P0622+P0879+P0978+P1006+P1078+P1307+P1710+P1910+P3403+P3882,7,11,F002,F005,0.0,151.0,38.666666666666664,0.19444444444444445,,,,,,,,,,,,improving_not_selected,2,2,0,0,0,43,False,8.624849300002097,
7,raw_distance,24,True,2,30,A01,A01|F002|7|P1754+P1771+P2409+P2625+P2819+P3592+P3961,A01|F017|11|P0137+P0418+P0598+P1079+P1380+P1493+P1521+P1745+P2207+P2309+P2999,7,11,F002,F017,0.0,161.0,77.66666666666667,0.3333333333333333,,,,,,,,,,,,improving_not_selected,2,2,0,0,0,26,False,9.015400399999635,
7,raw_distance,25,True,12,28,A01,A01|F007|9|P0057+P0480+P0652+P0685+P0786+P0812+P1703+P1838+P2738,A01|F016|9|P0275+P0423+P0482+P0613+P0647+P0950+P1114+P2472+P2898,9,9,F007,F016,0.0,161.0,66.0,0.3055555555555556,,,,,,,,,,,,improving_not_selected,2,2,0,0,0,33,False,9.435364400000253,
7,raw_distance,26,False,2,28,A01,A01|F002|7|P1754+P1771+P2409+P2625+P2819+P3592+P3961,A01|F016|9|P0275+P0423+P0482+P0613+P0647+P0950+P1114+P2472+P2898,7,9,F002,F016,0.0,172.0,51.333333333333336,0.3333333333333333,,,,,,,,,,,,budget_not_selected,0,0,0,0,0,,False,,
7,raw_distance,27,False,71,78,A03,A03|F036|8|P0401+P0709+P1087+P1650+P1817+P3698+P3755+P3770,A03|F040|11|P0140+P0367+P0868+P0880+P1004+P1567+P1598+P1705+P1715+P1750+P2374,8,11,F036,F040,0.0,205.0,135.66666666666666,0.3055555555555556,,,,,,,,,,,,budget_not_selected,0,0,0,0,0,,False,,
7,raw_distance,28,False,2,56,A01,A01|F002|7|P1754+P1771+P2409+P2625+P2819+P3592+P3961,A01|F029|12|P0159+P0299+P0306+P0449+P0962+P0987+P1077+P1226+P1276+P1738+P1878+P1919,7,12,F002,F029,0.0,253.0,34.0,0.19444444444444445,,,,,,,,,,,,budget_not_selected,0,0,0,0,0,,False,,
8,raw_distance,1,True,47,55,A02,A02|F025|7|P1886+P2791+P3216+P3506+P3560+P3584+P3815,A02|F029|12|P0226+P1827+P1956+P2101+P2590+P2617+P2683+P2796+P2810+P3402+P3626+P3741,7,12,F025,F029,0.0,24.0,12.666666666666666,0.0,,,,,,,,,,,,accepted,2,0,2,0,0,117,True,9.721420900001249,9.815055800005211
8,raw_distance,2,True,7,24,A01,A01|F005|11|P0177+P0622+P0879+P0978+P1006+P1078+P1307+P1710+P1910+P3403+P3882,A01|F015|7|P0269+P0476+P0484+P0570+P0637+P1402+P3945,11,7,F005,F015,0.0,25.0,4.0,0.0,,,,,,,,,,,,improving_not_selected,2,0,2,0,0,81,False,9.720182199998817,
8,raw_distance,3,True,22,24,A01,A01|F014|12|P0061+P0303+P0849+P1095+P1163+P1235+P1805+P1853+P1902+P2120+P2969+P3614,A01|F015|7|P0269+P0476+P0484+P0570+P0637+P1402+P3945,12,7,F014,F015,0.0,27.0,26.666666666666668,0.1388888888888889,,,,,,,,,,,,improving_not_selected,2,0,2,0,0,74,False,9.720525100005034,
8,raw_distance,4,True,16,24,A01,A01|F011|12|P0174+P0284+P0293+P0535+P0707+P0823+P0923+P1529+P1571+P1718+P3108+P3175,A01|F015|7|P0269+P0476+P0484+P0570+P0637+P1402+P3945,12,7,F011,F015,0.0,31.0,13.0,0.125,,,,,,,,,,,,improving_not_selected,2,0,2,0,0,79,False,9.720410499998252,
8,raw_distance,5,True,24,52,A01,A01|F015|7|P0269+P0476+P0484+P0570+P0637+P1402+P3945,A01|F028|12|P0241+P0272+P0289+P0320+P0490+P0559+P0600+P0634+P0700+P0953+P1113+P1179,7,12,F015,F028,0.0,32.0,27.666666666666668,0.16666666666666666,,,,,,,,,,,,improving_not_selected,2,0,2,0,0,92,False,9.720949399998062,
8,raw_distance,6,True,13,24,A01,A01|F009|11|P0086+P0252+P0860+P1085+P1610+P1743+P1763+P1949+P2163+P3118+P3137,A01|F015|7|P0269+P0476+P0484+P0570+P0637+P1402+P3945,11,7,F009,F015,0.0,38.0,21.333333333333332,0.1527777777777778,,,,,,,,,,,,improving_not_selected,2,0,2,0,0,72,False,9.720296600004076,
8,raw_distance,7,True,45,47,A02,A02|F024|12|P0213+P0307+P0433+P0499+P0729+P1905+P2195+P2535+P2572+P3190+P3603+P3872,A02|F025|7|P1886+P2791+P3216+P3506+P3560+P3584+P3815,12,7,F024,F025,0.0,39.0,15.666666666666666,0.1527777777777778,,,,,,,,,,,,improving_not_selected,2,0,2,0,0,98,False,9.721306200000981,
8,raw_distance,8,True,24,26,A01,A01|F015|7|P0269+P0476+P0484+P0570+P0637+P1402+P3945,A01|F016|9|P0275+P0423+P0482+P0613+P0647+P0950+P1114+P2472+P2898,7,9,F015,F016,0.0,48.0,16.666666666666668,0.1388888888888889,,,,,,,,,,,,improving_not_selected,4,0,4,0,0,71,False,9.720723400001589,
8,raw_distance,9,True,24,28,A01,A01|F015|7|P0269+P0476+P0484+P0570+P0637+P1402+P3945,A01|F017|11|P0137+P0418+P0598+P1079+P1380+P1493+P1521+P1745+P2207+P2309+P2999,7,11,F015,F017,0.0,53.0,43.0,0.1388888888888889,,,,,,,,,,,,improving_not_selected,2,0,2,0,0,63,False,9.720835500003886,
8,raw_distance,10,True,33,47,A02,A02|F019|12|P0059+P0542+P0957+P1677+P2598+P2822+P3044+P3288+P3409+P3524+P3711+P3982,A02|F025|7|P1886+P2791+P3216+P3506+P3560+P3584+P3815,12,7,F019,F025,0.0,66.0,13.0,0.06944444444444445,,,,,,,,,,,,improving_not_selected,2,0,2,0,0,86,False,9.72119119999843,
8,raw_distance,11,True,47,63,A02,A02|F025|7|P1886+P2791+P3216+P3506+P3560+P3584+P3815,A02|F033|12|P0660+P0761+P1198+P1462+P2397+P2940+P3002+P3303+P3352+P3542+P3649+P3929,7,12,F025,F033,0.0,80.0,36.333333333333336,0.09722222222222222,,,,,,,,,,,,improving_not_selected,2,0,2,0,0,95,False,9.721654200002376,
8,raw_distance,12,True,5,24,A01,A01|F004|11|P0146+P0632+P0908+P1052+P1216+P1264+P1553+P2173+P2793+P3113+P3938,A01|F015|7|P0269+P0476+P0484+P0570+P0637+P1402+P3945,11,7,F004,F015,0.0,95.0,13.333333333333334,0.027777777777777776,,,,,,,,,,,,improving_not_selected,2,0,2,0,0,38,False,9.720043200002692,
8,raw_distance,13,True,24,54,A01,A01|F015|7|P0269+P0476+P0484+P0570+P0637+P1402+P3945,A01|F029|12|P0159+P0299+P0306+P0449+P0962+P0987+P1077+P1226+P1276+P1738+P1878+P1919,7,12,F015,F029,0.0,128.0,13.333333333333334,0.1388888888888889,,,,,,,,,,,,improving_not_selected,2,0,2,0,0,43,False,9.721070600004168,
8,raw_distance,14,True,47,57,A02,A02|F025|7|P1886+P2791+P3216+P3506+P3560+P3584+P3815,A02|F030|10|P0448+P2098+P2453+P3096+P3117+P3531+P3615+P3686+P3799+P3847,7,10,F025,F030,0.0,128.0,22.333333333333332,0.1388888888888889,,,,,,,,,,,,improving_not_selected,2,0,2,0,0,41,False,9.721534299998893,
8,raw_distance,15,True,69,76,A03,A03|F036|8|P0401+P0709+P1087+P1650+P1817+P3698+P3755+P3770,A03|F040|11|P0140+P0367+P0868+P0880+P1004+P1567+P1598+P1705+P1715+P1750+P2374,8,11,F036,F040,0.0,205.0,135.66666666666666,0.3055555555555556,,,,,,,,,,,,improving_not_selected,2,2,0,0,0,89,False,9.814963299999363,
9,raw_distance,1,True,7,24,A01,A01|F005|11|P0177+P0622+P0879+P0978+P1006+P1078+P1307+P1710+P1910+P3403+P3882,A01|F015|7|P0269+P0476+P0484+P0570+P0637+P1402+P3945,11,7,F005,F015,0.0,25.0,4.0,0.0,,,,,,,,,,,,improving_not_selected,2,0,2,0,0,81,False,9.816574399999809,
9,raw_distance,2,True,22,24,A01,A01|F014|12|P0061+P0303+P0849+P1095+P1163+P1235+P1805+P1853+P1902+P2120+P2969+P3614,A01|F015|7|P0269+P0476+P0484+P0570+P0637+P1402+P3945,12,7,F014,F015,0.0,27.0,26.666666666666668,0.1388888888888889,,,,,,,,,,,,improving_not_selected,2,0,2,0,0,74,False,9.816915600000357,
9,raw_distance,3,True,16,24,A01,A01|F011|12|P0174+P0284+P0293+P0535+P0707+P0823+P0923+P1529+P1571+P1718+P3108+P3175,A01|F015|7|P0269+P0476+P0484+P0570+P0637+P1402+P3945,12,7,F011,F015,0.0,31.0,13.0,0.125,,,,,,,,,,,,improving_not_selected,2,0,2,0,0,79,False,9.816802400004235,
9,raw_distance,4,True,24,51,A01,A01|F015|7|P0269+P0476+P0484+P0570+P0637+P1402+P3945,A01|F028|12|P0241+P0272+P0289+P0320+P0490+P0559+P0600+P0634+P0700+P0953+P1113+P1179,7,12,F015,F028,0.0,32.0,27.666666666666668,0.16666666666666666,,,,,,,,,,,,accepted,2,0,2,0,0,92,True,9.817391500000667,9.817673999998078
9,raw_distance,5,True,13,24,A01,A01|F009|11|P0086+P0252+P0860+P1085+P1610+P1743+P1763+P1949+P2163+P3118+P3137,A01|F015|7|P0269+P0476+P0484+P0570+P0637+P1402+P3945,11,7,F009,F015,0.0,38.0,21.333333333333332,0.1527777777777778,,,,,,,,,,,,improving_not_selected,2,0,2,0,0,72,False,9.816688500002783,
9,raw_distance,6,True,24,26,A01,A01|F015|7|P0269+P0476+P0484+P0570+P0637+P1402+P3945,A01|F016|9|P0275+P0423+P0482+P0613+P0647+P0950+P1114+P2472+P2898,7,9,F015,F016,0.0,48.0,16.666666666666668,0.1388888888888889,,,,,,,,,,,,improving_not_selected,4,0,4,0,0,71,False,9.81710369999928,
9,raw_distance,7,True,24,28,A01,A01|F015|7|P0269+P0476+P0484+P0570+P0637+P1402+P3945,A01|F017|11|P0137+P0418+P0598+P1079+P1380+P1493+P1521+P1745+P2207+P2309+P2999,7,11,F015,F017,0.0,53.0,43.0,0.1388888888888889,,,,,,,,,,,,improving_not_selected,2,0,2,0,0,63,False,9.817250699998112,
9,raw_distance,8,True,5,24,A01,A01|F004|11|P0146+P0632+P0908+P1052+P1216+P1264+P1553+P2173+P2793+P3113+P3938,A01|F015|7|P0269+P0476+P0484+P0570+P0637+P1402+P3945,11,7,F004,F015,0.0,95.0,13.333333333333334,0.027777777777777776,,,,,,,,,,,,improving_not_selected,2,0,2,0,0,38,False,9.816454100000556,
9,raw_distance,9,True,24,53,A01,A01|F015|7|P0269+P0476+P0484+P0570+P0637+P1402+P3945,A01|F029|12|P0159+P0299+P0306+P0449+P0962+P0987+P1077+P1226+P1276+P1738+P1878+P1919,7,12,F015,F029,0.0,128.0,13.333333333333334,0.1388888888888889,,,,,,,,,,,,improving_not_selected,2,0,2,0,0,43,False,9.817520399999921,
9,raw_distance,10,True,67,74,A03,A03|F036|8|P0401+P0709+P1087+P1650+P1817+P3698+P3755+P3770,A03|F040|11|P0140+P0367+P0868+P0880+P1004+P1567+P1598+P1705+P1715+P1750+P2374,8,11,F036,F040,0.0,205.0,135.66666666666666,0.3055555555555556,,,,,,,,,,,,improving_not_selected,2,0,2,0,0,89,False,9.817645300005097,
10,raw_distance,1,True,65,72,A03,A03|F036|8|P0401+P0709+P1087+P1650+P1817+P3698+P3755+P3770,A03|F040|11|P0140+P0367+P0868+P0880+P1004+P1567+P1598+P1705+P1715+P1750+P2374,8,11,F036,F040,0.0,205.0,135.66666666666666,0.3055555555555556,,,,,,,,,,,,accepted,2,0,2,0,0,89,True,9.818749500002014,9.81883409999864
