left,right,distance,consensus,airport,fuel,capacity,left_demand,right_demand,separate_seats,combined_seats,saved_seats,combined_utilization
F001,F002,0.3766037735849057,0.242949657316875,0.8377358490566038,0.7766037735849056,0.6722641509433962,42,45,90,87,3,1.0
F001,F003,0.5275471698113208,0.242949657316875,0.9060377358490566,0.7766037735849056,0.11716981132075471,42,19,62,62,0,0.9838709677419355
F001,F004,0.46566037735849053,0.242949657316875,0.9286792452830188,0.7766037735849056,0.5615094339622642,42,27,71,69,2,1.0
F001,F005,0.8735849056603774,0.8509166882080255,0.7709433962264151,0.7766037735849056,0.5615094339622642,42,27,71,69,2,1.0
F001,F006,0.4528301886792453,0.242949657316875,0.6079245283018868,0.659622641509434,0.5615094339622642,42,34,78,76,2,1.0
F001,F007,0.4207547169811321,0.242949657316875,0.6377358490566039,0.7766037735849056,0.4420754716981132,42,28,71,70,1,1.0
F001,F008,0.580754716981132,0.242949657316875,0.8573584905660377,0.8350943396226416,0.6722641509433962,42,22,67,64,3,1.0
F001,F009,0.6603773584905661,0.4807360643988245,0.5181132075471698,0.2516981132075472,0.5615094339622642,42,27,71,69,2,1.0
F001,F010,0.5275471698113208,0.242949657316875,0.8833962264150943,0.7766037735849056,0.4420754716981132,42,31,74,73,1,1.0
F001,F011,0.6777358490566038,0.4807360643988245,0.9471698113207547,0.7256603773584906,0.6722641509433962,42,29,74,71,3,1.0
F001,F012,0.9064150943396226,0.8509166882080255,0.9815094339622642,0.9328301886792453,0.5615094339622642,42,34,78,76,2,1.0
F001,F013,0.3501886792452831,0.242949657316875,0.23245283018867924,0.459622641509434,0.4420754716981132,42,31,74,73,1,1.0
F001,F014,0.7366037735849056,0.7058224433035845,0.4479245283018868,0.3007547169811321,0.4420754716981132,42,28,71,70,1,1.0
F001,F015,0.7845283018867925,0.7058224433035845,0.8283018867924529,0.7766037735849056,0.23188679245283017,42,23,67,66,1,0.9848484848484849
F001,F016,0.9109433962264151,0.9294506967326246,0.5739622641509434,0.3007547169811321,0.7460377358490566,42,25,71,67,4,1.0
F001,F017,0.7943396226415094,0.8509166882080255,0.3109433962264151,0.3007547169811321,0.5615094339622642,42,27,71,69,2,1.0
F001,F018,0.9415094339622642,0.8509166882080255,0.8215094339622642,0.5279245283018867,0.5615094339622642,42,37,81,79,2,1.0
F001,F019,0.9694339622641509,0.8643391615585597,0.8456603773584905,0.9328301886792453,0.4420754716981132,42,44,87,86,1,1.0
F001,F020,0.8833962264150943,0.9294506967326246,0.42000000000000004,0.3007547169811321,0.5615094339622642,42,46,90,88,2,1.0
F001,F021,0.7433962264150944,0.07853400852459914,0.9060377358490566,0.8350943396226416,0.4420754716981132,42,51,94,93,1,1.0
F001,F022,0.9660377358490566,0.9294506967326246,0.7283018867924529,0.5279245283018867,0.5615094339622642,42,46,90,88,2,1.0
F001,F023,0.5762264150943397,0.07853400852459914,0.6132075471698113,0.659622641509434,0.7460377358490566,42,25,71,67,4,1.0
F001,F024,0.8735849056603774,0.23871436012781846,0.8883018867924528,0.659622641509434,0.6722641509433962,42,29,74,71,3,1.0
F001,F025,0.7218867924528302,0.07853400852459914,0.649433962264151,0.7766037735849056,0.6722641509433962,42,26,71,68,3,1.0
F001,F026,0.9833962264150944,0.9294506967326246,0.9286792452830188,0.9328301886792453,0.6722641509433962,42,33,78,75,3,1.0
F001,F027,0.8320754716981132,0.23871436012781846,0.5739622641509434,0.2516981132075472,0.14735849056603773,42,35,78,78,0,0.9871794871794872
F001,F028,0.7143396226415094,0.4807360643988245,0.940377358490566,0.7766037735849056,0.4420754716981132,42,28,71,70,1,1.0
F001,F029,0.8026415094339623,0.23871436012781846,0.8377358490566038,0.7766037735849056,0.4420754716981132,42,24,67,66,1,1.0
F001,F030,0.7641509433962264,0.7765772544434841,0.3652830188679246,0.3007547169811321,0.6722641509433962,42,26,71,68,3,1.0
F001,F031,0.6052830188679246,0.07853400852459914,0.8694339622641509,0.35056603773584905,0.6722641509433962,42,29,74,71,3,1.0
F001,F032,0.580754716981132,0.07853400852459914,0.459622641509434,0.659622641509434,0.5615094339622642,42,30,74,72,2,1.0
F001,F033,0.9950943396226415,0.8643391615585597,0.9762264150943396,0.9864150943396226,0.4420754716981132,42,31,74,73,1,1.0
F001,F034,0.8871698113207547,0.7833559424529347,0.7860377358490566,0.659622641509434,0.5615094339622642,42,37,81,79,2,1.0
F001,F035,0.7026415094339622,0.07853400852459914,0.7090566037735849,0.659622641509434,0.7460377358490566,42,21,67,63,4,1.0
F001,F036,0.6581132075471698,0.07853400852459914,0.8249056603773585,0.7766037735849056,0.5615094339622642,42,42,86,84,2,1.0
F001,F037,0.11962264150943391,0.0,0.08301886792452828,0.2245283018867924,0.4420754716981132,42,28,71,70,1,1.0
F001,F038,0.3411320754716981,0.0,0.5920754716981131,0.5279245283018867,0.4420754716981132,42,31,74,73,1,1.0
F001,F039,0.40415094339622637,0.0,0.7467924528301887,0.8350943396226416,0.5615094339622642,42,34,78,76,2,1.0
F001,F040,0.1622641509433962,0.0,0.11698113207547167,0.3886792452830189,0.5615094339622642,42,27,71,69,2,1.0
F001,F041,0.24792452830188683,0.0,0.36754716981132074,0.459622641509434,0.7460377358490566,42,21,67,63,4,1.0
F001,F042,0.12566037735849056,0.0,0.07207547169811324,0.3007547169811321,0.6722641509433962,42,26,71,68,3,1.0
F001,F043,0.24,0.0,0.23547169811320756,0.459622641509434,0.5615094339622642,42,30,74,72,2,1.0
F001,F044,0.20301886792452828,0.0,0.18339622641509434,0.5279245283018867,0.5615094339622642,42,34,78,76,2,1.0
F001,F045,0.2788679245283019,0.0,0.540377358490566,0.6003773584905661,0.14735849056603773,42,35,78,78,0,0.9871794871794872
F001,F046,0.5215094339622641,0.0,0.8283018867924529,0.8784905660377358,0.789622641509434,42,20,67,62,5,1.0
F001,F047,0.5316981132075471,0.0,0.8283018867924529,0.8784905660377358,0.23188679245283017,42,23,67,66,1,0.9848484848484849
F001,F048,0.3833962264150943,0.0,0.6709433962264151,0.6003773584905661,0.4420754716981132,42,32,75,74,1,1.0
F001,F049,0.4777358490566038,0.0,0.8120754716981132,0.8784905660377358,0.6722641509433962,42,33,78,75,3,1.0
F001,F050,0.08226415094339623,0.0,0.02490566037735853,0.42188679245283023,0.5615094339622642,42,27,71,69,2,1.0
F001,F051,0.31509433962264155,0.0,0.4154716981132075,0.6003773584905661,0.6722641509433962,42,33,78,75,3,1.0
F001,F052,0.43018867924528303,0.0,0.6962264150943396,0.6003773584905661,0.5615094339622642,42,27,71,69,2,1.0
F002,F003,0.860754716981132,0.9294506967326246,0.6962264150943396,0.5279245283018867,0.5615094339622642,45,19,66,64,2,1.0
F002,F004,0.9460377358490566,1.0,0.7860377358490566,0.5279245283018867,0.6722641509433962,45,27,75,72,3,1.0
F002,F005,0.5150943396226415,0.32148366584147414,0.5313207547169811,0.42188679245283023,0.6722641509433962,45,27,75,72,3,1.0
F002,F006,0.9030188679245283,1.0,0.8573584905660377,0.6988679245283018,0.6722641509433962,45,34,82,79,3,1.0
F002,F007,0.9566037735849057,1.0,0.8883018867924528,0.9328301886792453,0.5615094339622642,45,28,75,73,2,1.0
F002,F008,0.7762264150943397,0.8586958855927248,0.999245283018868,0.9592452830188679,0.7460377358490566,45,22,71,67,4,1.0
F002,F009,0.6799999999999999,0.546570044746234,0.3460377358490566,0.12943396226415094,0.6722641509433962,45,27,75,72,3,1.0
F002,F010,0.8483018867924528,0.9294506967326246,0.9947169811320755,0.9328301886792453,0.5615094339622642,45,31,78,76,2,1.0
F002,F011,0.6826415094339623,0.546570044746234,0.780377358490566,0.3886792452830189,0.7460377358490566,45,29,78,74,4,1.0
F002,F012,0.4966037735849057,0.32148366584147414,0.7916981132075471,0.6988679245283018,0.6722641509433962,45,34,82,79,3,1.0
F002,F013,0.8026415094339623,1.0,0.3143396226415094,0.8350943396226416,0.5615094339622642,45,31,78,76,2,1.0
F002,F014,0.6052830188679246,0.32148366584147414,0.3109433962264151,0.10528301886792457,0.5615094339622642,45,28,75,73,2,1.0
F002,F015,0.5966037735849057,0.32148366584147414,0.5800000000000001,0.42188679245283023,0.6722641509433962,45,23,71,68,3,1.0
F002,F016,0.45547169811320753,0.242949657316875,0.3815094339622641,0.10528301886792457,0.789622641509434,45,25,75,70,5,1.0
F002,F017,0.48716981132075476,0.32148366584147414,0.23094339622641513,0.10528301886792457,0.6722641509433962,45,27,75,72,3,1.0
F002,F018,0.46566037735849053,0.32148366584147414,0.5686792452830189,0.2245283018867924,0.6722641509433962,45,37,85,82,3,1.0
F002,F019,0.3479245283018868,0.242949657316875,0.5984905660377359,0.6988679245283018,0.5615094339622642,45,44,91,89,2,1.0
F002,F020,0.4143396226415095,0.242949657316875,0.2939622641509434,0.10528301886792457,0.6722641509433962,45,46,94,91,3,1.0
F002,F021,0.22754716981132073,0.0,0.6433962264150943,0.459622641509434,0.5615094339622642,45,51,98,96,2,1.0
F002,F022,0.3833962264150943,0.242949657316875,0.49283018867924533,0.2245283018867924,0.6722641509433962,45,46,94,91,3,1.0
F002,F023,0.13132075471698113,0.0,0.659245283018868,0.7766037735849056,0.789622641509434,45,25,75,70,5,1.0
F002,F024,0.2841509433962264,0.080983219105625,0.6377358490566039,0.3007547169811321,0.7460377358490566,45,29,78,74,4,1.0
F002,F025,0.23396226415094334,0.0,0.4286792452830188,0.42188679245283023,0.7460377358490566,45,26,75,71,4,1.0
F002,F026,0.4256603773584906,0.242949657316875,0.6709433962264151,0.6988679245283018,0.7460377358490566,45,33,82,78,4,1.0
F002,F027,0.29471698113207545,0.080983219105625,0.3815094339622641,0.09320754716981128,0.5615094339622642,45,35,82,80,2,1.0
F002,F028,0.6373584905660377,0.546570044746234,0.9694339622641509,0.9328301886792453,0.5615094339622642,45,28,75,73,2,1.0
F002,F029,0.2554716981132076,0.080983219105625,0.5920754716981131,0.42188679245283023,0.5615094339622642,45,24,71,69,2,1.0
F002,F030,0.5569811320754716,0.32148366584147414,0.2637735849056604,0.10528301886792457,0.7460377358490566,45,26,75,71,4,1.0
F002,F031,0.15433962264150947,0.0,0.6890566037735849,0.3886792452830189,0.7460377358490566,45,29,78,74,4,1.0
F002,F032,0.12943396226415094,0.0,0.6079245283018868,0.7766037735849056,0.6722641509433962,45,30,78,75,3,1.0
F002,F033,0.3362264150943396,0.242949657316875,0.8520754716981132,0.7766037735849056,0.5615094339622642,45,31,78,76,2,1.0
F002,F034,0.2686792452830189,0.242949657316875,0.8520754716981132,0.7766037735849056,0.6722641509433962,45,37,85,82,3,1.0
F002,F035,0.18377358490566043,0.0,0.7539622641509434,0.7766037735849056,0.789622641509434,45,21,71,66,5,1.0
F002,F036,0.1924528301886792,0.0,0.5739622641509434,0.42188679245283023,0.6722641509433962,45,42,90,87,3,1.0
F002,F037,0.005660377358490565,0.0,0.11433962264150943,0.5279245283018867,0.5615094339622642,45,28,75,73,2,1.0
F002,F038,0.06188679245283024,0.0,0.5181132075471698,0.6003773584905661,0.5615094339622642,45,31,78,76,2,1.0
F002,F039,0.09207547169811325,0.0,0.49283018867924533,0.6003773584905661,0.6722641509433962,45,34,82,79,3,1.0
F002,F040,0.012830188679245236,0.0,0.15396226415094338,0.7256603773584906,0.6722641509433962,45,27,75,72,3,1.0
F002,F041,0.03471698113207544,0.0,0.3886792452830189,0.7256603773584906,0.789622641509434,45,21,71,66,5,1.0
F002,F042,0.005660377358490565,0.0,0.099622641509434,0.659622641509434,0.7460377358490566,45,26,75,71,4,1.0
F002,F043,0.02943396226415096,0.0,0.32188679245283014,0.7256603773584906,0.6722641509433962,45,30,78,75,3,1.0
F002,F044,0.021886792452830206,0.0,0.2366037735849057,0.6003773584905661,0.6722641509433962,45,34,82,79,3,1.0
F002,F045,0.04603773584905657,0.0,0.4660377358490566,0.8350943396226416,0.5615094339622642,45,35,82,80,2,1.0
F002,F046,0.13132075471698113,0.0,0.5611320754716982,0.5279245283018867,0.5794339622641509,45,20,71,66,5,0.9848484848484849
F002,F047,0.12566037735849056,0.0,0.6433962264150943,0.5279245283018867,0.6722641509433962,45,23,71,68,3,1.0
F002,F048,0.07509433962264156,0.0,0.5860377358490566,0.8350943396226416,0.24301886792452826,45,32,79,78,1,0.9871794871794872
F002,F049,0.11207547169811316,0.0,0.6033962264150943,0.5279245283018867,0.7460377358490566,45,33,82,78,4,1.0
F002,F050,0.0007547169811320531,0.0,0.03924528301886787,0.6988679245283018,0.6722641509433962,45,27,75,72,3,1.0
F002,F051,0.04981132075471695,0.0,0.43849056603773584,0.8350943396226416,0.7460377358490566,45,33,82,78,4,1.0
F002,F052,0.08867924528301885,0.0,0.6079245283018868,0.8350943396226416,0.6722641509433962,45,27,75,72,3,1.0
F003,F004,0.980754716981132,0.9294506967326246,0.9762264150943396,0.9864150943396226,0.05094339622641508,19,27,47,47,0,0.9787234042553191
F003,F005,0.6826415094339623,0.32148366584147414,0.9350943396226415,0.9328301886792453,0.05094339622641508,19,27,47,47,0,0.9787234042553191
F003,F006,0.8935849056603774,0.9294506967326246,0.459622641509434,0.459622641509434,0.07377358490566038,19,34,54,54,0,0.9814814814814815
F003,F007,0.8833962264150943,0.9294506967326246,0.4883018867924528,0.659622641509434,0.34641509433962264,19,28,47,47,0,1.0
F003,F008,0.9233962264150943,0.9292451888601003,0.6890566037735849,0.6003773584905661,0.04207547169811321,19,22,43,43,0,0.9534883720930233
F003,F009,0.8833962264150943,0.546570044746234,0.6709433962264151,0.6003773584905661,0.05094339622641508,19,27,47,47,0,0.9787234042553191
F003,F010,0.9660377358490566,1.0,0.7467924528301887,0.659622641509434,0.34641509433962264,19,31,50,50,0,1.0
F003,F011,0.8781132075471698,0.6171193480136096,0.9792452830188679,0.6003773584905661,0.5615094339622642,19,29,50,48,2,1.0
F003,F012,0.6622641509433962,0.32148366584147414,0.9584905660377359,0.7766037735849056,0.07377358490566038,19,34,54,54,0,0.9814814814814815
F003,F013,0.7143396226415094,0.9294506967326246,0.19056603773584901,0.2516981132075472,0.34641509433962264,19,31,50,50,0,1.0
F003,F014,0.7875471698113208,0.32148366584147414,0.5920754716981131,0.5279245283018867,0.34641509433962264,19,28,47,47,0,1.0
F003,F015,0.7811320754716982,0.32148366584147414,0.9667924528301887,0.9328301886792453,0.047169811320754707,19,23,43,43,0,0.9767441860465116
F003,F016,0.6177358490566038,0.242949657316875,0.7467924528301887,0.5279245283018867,0.6722641509433962,19,25,47,44,3,1.0
F003,F017,0.6550943396226415,0.32148366584147414,0.3932075471698113,0.5279245283018867,0.05094339622641508,19,27,47,47,0,0.9787234042553191
F003,F018,0.6328301886792453,0.32148366584147414,0.940377358490566,0.7766037735849056,0.4420754716981132,19,37,57,56,1,1.0
F003,F019,0.4966037735849057,0.242949657316875,0.8943396226415095,0.7766037735849056,0.34641509433962264,19,44,63,63,0,1.0
F003,F020,0.5735849056603773,0.242949657316875,0.5547169811320755,0.5279245283018867,0.13622641509433964,19,46,66,66,0,0.9848484848484849
F003,F021,0.3362264150943396,0.0,0.8071698113207547,0.6003773584905661,0.34641509433962264,19,51,70,70,0,1.0
F003,F022,0.5418867924528301,0.242949657316875,0.8758490566037735,0.7766037735849056,0.13622641509433964,19,46,66,66,0,0.9848484848484849
F003,F023,0.21584905660377363,0.0,0.4660377358490566,0.3007547169811321,0.6722641509433962,19,25,47,44,3,1.0
F003,F024,0.4143396226415095,0.080983219105625,0.8626415094339622,0.459622641509434,0.5615094339622642,19,29,50,48,2,1.0
F003,F025,0.3433962264150944,0.0,0.72,0.5279245283018867,0.044339622641509424,19,26,47,47,0,0.9574468085106383
F003,F026,0.5901886792452831,0.242949657316875,0.9528301886792453,0.7766037735849056,0.5615094339622642,19,33,54,52,2,1.0
F003,F027,0.42792452830188676,0.080983219105625,0.7467924528301887,0.459622641509434,0.34641509433962264,19,35,54,54,0,1.0
F003,F028,0.8026415094339623,0.6171193480136096,0.8026415094339623,0.659622641509434,0.34641509433962264,19,28,47,47,0,1.0
F003,F029,0.3766037735849057,0.080983219105625,0.8166037735849057,0.5279245283018867,0.34641509433962264,19,24,43,43,0,1.0
F003,F030,0.7366037735849056,0.32148366584147414,0.49283018867924533,0.5279245283018867,0.044339622641509424,19,26,47,47,0,0.9574468085106383
F003,F031,0.24226415094339626,0.0,0.659245283018868,0.2245283018867924,0.5615094339622642,19,29,50,48,2,1.0
F003,F032,0.21320754716981127,0.0,0.35245283018867923,0.3007547169811321,0.059245283018867945,19,30,50,50,0,0.98
F003,F033,0.4826415094339622,0.242949657316875,0.8520754716981132,0.7766037735849056,0.34641509433962264,19,31,50,50,0,1.0
F003,F034,0.3905660377358491,0.242949657316875,0.6173584905660378,0.3007547169811321,0.4420754716981132,19,37,57,56,1,1.0
F003,F035,0.28113207547169816,0.0,0.5464150943396227,0.3007547169811321,0.6722641509433962,19,21,43,40,3,1.0
F003,F036,0.28943396226415097,0.0,0.7415094339622641,0.5279245283018867,0.11716981132075471,19,42,62,62,0,0.9838709677419355
F003,F037,0.020000000000000018,0.0,0.06830188679245286,0.10528301886792457,0.34641509433962264,19,28,47,47,0,1.0
F003,F038,0.11622641509433962,0.0,0.42000000000000004,0.3007547169811321,0.34641509433962264,19,31,50,50,0,1.0
F003,F039,0.1622641509433962,0.0,0.6079245283018868,0.6003773584905661,0.07377358490566038,19,34,54,54,0,0.9814814814814815
F003,F040,0.030943396226415065,0.0,0.099622641509434,0.20226415094339623,0.05094339622641508,19,27,47,47,0,0.9787234042553191
F003,F041,0.07018867924528305,0.0,0.2969811320754717,0.2516981132075472,0.6722641509433962,19,21,43,40,3,1.0
F003,F042,0.021132075471698153,0.0,0.05320754716981135,0.16150943396226414,0.044339622641509424,19,26,47,47,0,0.9574468085106383
F003,F043,0.06452830188679248,0.0,0.19622641509433958,0.2516981132075472,0.059245283018867945,19,30,50,50,0,0.98
F003,F044,0.046792452830188624,0.0,0.15169811320754722,0.3007547169811321,0.07377358490566038,19,34,54,54,0,0.9814814814814815
F003,F045,0.08867924528301885,0.0,0.37584905660377355,0.35056603773584905,0.34641509433962264,19,35,54,54,0,1.0
F003,F046,0.21584905660377363,0.0,0.6822641509433962,0.5279245283018867,0.37207547169811317,19,20,43,40,3,0.975
F003,F047,0.2075471698113207,0.0,0.6211320754716981,0.5279245283018867,0.047169811320754707,19,23,43,43,0,0.9767441860465116
F003,F048,0.13735849056603777,0.0,0.48226415094339625,0.35056603773584905,0.34641509433962264,19,32,51,51,0,1.0
F003,F049,0.18830188679245285,0.0,0.6033962264150943,0.5279245283018867,0.5615094339622642,19,33,54,52,2,1.0
F003,F050,0.009811320754717023,0.0,0.016603773584905612,0.2245283018867924,0.05094339622641508,19,27,47,47,0,0.9787234042553191
F003,F051,0.09547169811320755,0.0,0.32188679245283014,0.35056603773584905,0.5615094339622642,19,33,54,52,2,1.0
F003,F052,0.1569811320754717,0.0,0.4996226415094339,0.35056603773584905,0.05094339622641508,19,27,47,47,0,0.9787234042553191
F004,F005,0.6177358490566038,0.32148366584147414,0.8456603773584905,0.9328301886792453,0.5615094339622642,27,27,56,54,2,1.0
F004,F006,0.9158490566037736,1.0,0.540377358490566,0.459622641509434,0.21283018867924525,27,34,63,62,1,0.9838709677419355
F004,F007,0.9324528301886792,1.0,0.5611320754716982,0.659622641509434,0.4420754716981132,27,28,56,55,1,1.0
F004,F008,0.8656603773584906,0.8586958855927248,0.780377358490566,0.6003773584905661,0.27433962264150946,27,22,52,50,2,0.98
F004,F009,0.8026415094339623,0.546570044746234,0.5800000000000001,0.6003773584905661,0.5615094339622642,27,27,56,54,2,1.0
F004,F010,0.9415094339622642,0.9294506967326246,0.8324528301886792,0.659622641509434,0.09433962264150947,27,31,59,59,0,0.9830508474576272
F004,F011,0.7966037735849056,0.546570044746234,0.9969811320754717,0.6003773584905661,0.6722641509433962,27,29,59,56,3,1.0
F004,F012,0.5966037735849057,0.32148366584147414,0.9694339622641509,0.7766037735849056,0.21283018867924525,27,34,63,62,1,0.9838709677419355
F004,F013,0.7483018867924529,1.0,0.21509433962264146,0.2516981132075472,0.09433962264150947,27,31,59,59,0,0.9830508474576272
F004,F014,0.7109433962264151,0.32148366584147414,0.5135849056603774,0.5279245283018867,0.4420754716981132,27,28,56,55,1,1.0
F004,F015,0.7026415094339622,0.32148366584147414,0.9116981132075471,0.9328301886792453,0.5615094339622642,27,23,52,50,2,1.0
F004,F016,0.5547169811320755,0.242949657316875,0.6543396226415095,0.5279245283018867,0.7460377358490566,27,25,56,52,4,1.0
F004,F017,0.5932075471698113,0.32148366584147414,0.3426415094339622,0.5279245283018867,0.5615094339622642,27,27,56,54,2,1.0
F004,F018,0.5664150943396227,0.32148366584147414,0.9007547169811321,0.7766037735849056,0.5615094339622642,27,37,66,64,2,1.0
F004,F019,0.4320754716981132,0.242949657316875,0.8520754716981132,0.7766037735849056,0.4420754716981132,27,44,72,71,1,1.0
F004,F020,0.5105660377358491,0.242949657316875,0.4766037735849057,0.5279245283018867,0.5615094339622642,27,46,75,73,2,1.0
F004,F021,0.28943396226415097,0.0,0.7656603773584906,0.6003773584905661,0.4420754716981132,27,51,79,78,1,1.0
F004,F022,0.4777358490566038,0.242949657316875,0.8026415094339623,0.7766037735849056,0.5615094339622642,27,46,75,73,2,1.0
F004,F023,0.18150943396226416,0.0,0.5464150943396227,0.3007547169811321,0.7460377358490566,27,25,56,52,4,1.0
F004,F024,0.3581132075471698,0.080983219105625,0.8215094339622642,0.459622641509434,0.6722641509433962,27,29,59,56,3,1.0
F004,F025,0.29471698113207545,0.0,0.6709433962264151,0.5279245283018867,0.2888679245283019,27,26,56,54,2,0.9814814814814815
F004,F026,0.5173584905660378,0.242949657316875,0.9309433962264151,0.7766037735849056,0.6722641509433962,27,33,63,60,3,1.0
F004,F027,0.3766037735849057,0.080983219105625,0.6543396226415095,0.459622641509434,0.4420754716981132,27,35,63,62,1,1.0
F004,F028,0.7335849056603774,0.546570044746234,0.8943396226415095,0.659622641509434,0.4420754716981132,27,28,56,55,1,1.0
F004,F029,0.32716981132075473,0.080983219105625,0.7754716981132075,0.5279245283018867,0.4420754716981132,27,24,52,51,1,1.0
F004,F030,0.6664150943396226,0.32148366584147414,0.42000000000000004,0.5279245283018867,0.2888679245283019,27,26,56,54,2,0.9814814814814815
F004,F031,0.20377358490566033,0.0,0.6762264150943396,0.2245283018867924,0.6722641509433962,27,29,59,56,3,1.0
F004,F032,0.1773584905660377,0.0,0.40452830188679245,0.3007547169811321,0.5615094339622642,27,30,59,57,2,1.0
F004,F033,0.4207547169811321,0.242949657316875,0.8758490566037735,0.7766037735849056,0.09433962264150947,27,31,59,59,0,0.9830508474576272
F004,F034,0.33886792452830183,0.242949657316875,0.7143396226415094,0.3007547169811321,0.5615094339622642,27,37,66,64,2,1.0
F004,F035,0.24,0.0,0.6249056603773585,0.3007547169811321,0.7460377358490566,27,21,52,48,4,1.0
F004,F036,0.2513207547169811,0.0,0.7030188679245283,0.5279245283018867,0.5615094339622642,27,42,71,69,2,1.0
F004,F037,0.014716981132075424,0.0,0.07547169811320753,0.10528301886792457,0.4420754716981132,27,28,56,55,1,1.0
F004,F038,0.09094339622641512,0.0,0.4320754716981132,0.3007547169811321,0.09433962264150947,27,31,59,59,0,0.9830508474576272
F004,F039,0.1335849056603774,0.0,0.5984905660377359,0.6003773584905661,0.21283018867924525,27,34,63,62,1,0.9838709677419355
F004,F040,0.02490566037735853,0.0,0.11056603773584905,0.20226415094339623,0.5615094339622642,27,27,56,54,2,1.0
F004,F041,0.05320754716981135,0.0,0.33509433962264146,0.2516981132075472,0.7460377358490566,27,21,52,48,4,1.0
F004,F042,0.014716981132075424,0.0,0.06452830188679248,0.16150943396226414,0.2888679245283019,27,26,56,54,2,0.9814814814814815
F004,F043,0.04830188679245284,0.0,0.22075471698113203,0.2516981132075472,0.5615094339622642,27,30,59,57,2,1.0
F004,F044,0.03622641509433966,0.0,0.16415094339622638,0.3007547169811321,0.21283018867924525,27,34,63,62,1,0.9838709677419355
F004,F045,0.07132075471698118,0.0,0.3932075471698113,0.35056603773584905,0.4420754716981132,27,35,63,62,1,1.0
F004,F046,0.18150943396226416,0.0,0.6822641509433962,0.5279245283018867,0.789622641509434,27,20,52,47,5,1.0
F004,F047,0.17509433962264154,0.0,0.6433962264150943,0.5279245283018867,0.5615094339622642,27,23,52,50,2,1.0
F004,F048,0.11358490566037738,0.0,0.4996226415094339,0.35056603773584905,0.4420754716981132,27,32,60,59,1,1.0
F004,F049,0.1569811320754717,0.0,0.6211320754716981,0.5279245283018867,0.6722641509433962,27,33,63,60,3,1.0
F004,F050,0.00452830188679243,0.0,0.021132075471698153,0.2245283018867924,0.5615094339622642,27,27,56,54,2,1.0
F004,F051,0.07509433962264156,0.0,0.36377358490566036,0.35056603773584905,0.6722641509433962,27,33,63,60,3,1.0
F004,F052,0.12754716981132075,0.0,0.5181132075471698,0.35056603773584905,0.5615094339622642,27,27,56,54,2,1.0
F005,F006,0.5932075471698113,0.32148366584147414,0.349811320754717,0.459622641509434,0.21283018867924525,27,34,63,62,1,0.9838709677419355
F005,F007,0.5569811320754716,0.32148366584147414,0.3618867924528302,0.5279245283018867,0.4420754716981132,27,28,56,55,1,1.0
F005,F008,0.7271698113207548,0.32148366584147414,0.5256603773584906,0.459622641509434,0.27433962264150946,27,22,52,50,2,0.98
F005,F009,0.8418867924528302,0.5592700729234237,0.8456603773584905,0.6003773584905661,0.5615094339622642,27,27,56,54,2,1.0
F005,F010,0.6750943396226415,0.32148366584147414,0.5686792452830189,0.5279245283018867,0.09433962264150947,27,31,59,59,0,0.9830508474576272
F005,F011,0.8535849056603774,0.5592700729234237,0.8520754716981132,0.6988679245283018,0.6722641509433962,27,29,59,56,3,1.0
F005,F012,0.9883018867924528,1.0,0.8377358490566038,0.8784905660377358,0.21283018867924525,27,34,63,62,1,0.9838709677419355
F005,F013,0.46188679245283015,0.32148366584147414,0.15773584905660376,0.20226415094339623,0.09433962264150947,27,31,59,59,0,0.9830508474576272
F005,F014,0.9283018867924528,0.7843564518281836,0.7656603773584906,0.659622641509434,0.4420754716981132,27,28,56,55,1,1.0
F005,F015,0.9694339622641509,0.7843564518281836,0.9909433962264151,0.9864150943396226,0.5615094339622642,27,23,52,50,2,1.0
F005,F016,0.9694339622641509,0.9214659914754009,0.9226415094339623,0.659622641509434,0.7460377358490566,27,25,56,52,4,1.0
F005,F017,0.9158490566037736,0.9294506967326246,0.5256603773584906,0.659622641509434,0.5615094339622642,27,27,56,54,2,1.0
F005,F018,0.9916981132075472,1.0,0.9947169811320755,0.8784905660377358,0.5615094339622642,27,37,66,64,2,1.0
F005,F019,0.8279245283018868,0.7152558497665851,0.9641509433962264,0.8784905660377358,0.4420754716981132,27,44,72,71,1,1.0
F005,F020,0.8984905660377358,0.9214659914754009,0.7283018867924529,0.659622641509434,0.5615094339622642,27,46,75,73,2,1.0
F005,F021,0.6147169811320754,0.0,0.8694339622641509,0.6003773584905661,0.4420754716981132,27,51,79,78,1,1.0
F005,F022,0.890188679245283,0.9214659914754009,0.9792452830188679,0.8784905660377358,0.5615094339622642,27,46,75,73,2,1.0
F005,F023,0.4407547169811321,0.0,0.35245283018867923,0.3007547169811321,0.7460377358490566,27,25,56,52,4,1.0
F005,F024,0.7218867924528302,0.16018035160321933,0.9324528301886792,0.6003773584905661,0.6722641509433962,27,29,59,56,3,1.0
F005,F025,0.6147169811320754,0.0,0.8694339622641509,0.659622641509434,0.2888679245283019,27,26,56,54,2,0.9814814814814815
F005,F026,0.9535849056603773,0.9214659914754009,0.9471698113207547,0.8784905660377358,0.6722641509433962,27,33,63,60,3,1.0
F005,F027,0.730566037735849,0.16018035160321933,0.9116981132075471,0.6003773584905661,0.4420754716981132,27,35,63,62,1,1.0
F005,F028,0.870188679245283,0.5592700729234237,0.6249056603773585,0.5279245283018867,0.4420754716981132,27,28,56,55,1,1.0
F005,F029,0.6720754716981132,0.16018035160321933,0.9226415094339623,0.659622641509434,0.4420754716981132,27,24,52,51,1,1.0
F005,F030,0.9369811320754717,0.8551112629680833,0.649433962264151,0.659622641509434,0.2888679245283019,27,26,56,54,2,0.9814814814814815
F005,F031,0.4777358490566038,0.0,0.659245283018868,0.3007547169811321,0.6722641509433962,27,29,59,56,3,1.0
F005,F032,0.4358490566037736,0.0,0.28113207547169816,0.3007547169811321,0.5615094339622642,27,30,59,57,2,1.0
F005,F033,0.8094339622641509,0.7152558497665851,0.6762264150943396,0.7766037735849056,0.09433962264150947,27,31,59,59,0,0.9830508474576272
F005,F034,0.6973584905660377,0.6342726306609602,0.4660377358490566,0.3007547169811321,0.5615094339622642,27,37,66,64,2,1.0
F005,F035,0.5460377358490567,0.0,0.40452830188679245,0.3007547169811321,0.7460377358490566,27,21,52,48,4,1.0
F005,F036,0.5460377358490567,0.0,0.8520754716981132,0.659622641509434,0.5615094339622642,27,42,71,69,2,1.0
F005,F037,0.07811320754716977,0.0,0.04792452830188676,0.08754716981132071,0.4420754716981132,27,28,56,55,1,1.0
F005,F038,0.2622641509433963,0.0,0.3584905660377359,0.3007547169811321,0.09433962264150947,27,31,59,59,0,0.9830508474576272
F005,F039,0.32716981132075473,0.0,0.6377358490566039,0.459622641509434,0.21283018867924525,27,34,63,62,1,0.9838709677419355
F005,F040,0.10830188679245278,0.0,0.0777358490566038,0.16150943396226414,0.5615094339622642,27,27,56,54,2,1.0
F005,F041,0.1856603773584906,0.0,0.2366037735849057,0.20226415094339623,0.7460377358490566,27,21,52,48,4,1.0
F005,F042,0.0811320754716981,0.0,0.037735849056603765,0.10528301886792457,0.2888679245283019,27,26,56,54,2,0.9814814814814815
F005,F043,0.17433962264150948,0.0,0.15924528301886798,0.20226415094339623,0.5615094339622642,27,30,59,57,2,1.0
F005,F044,0.1452830188679245,0.0,0.12339622641509429,0.3007547169811321,0.21283018867924525,27,34,63,62,1,0.9838709677419355
F005,F045,0.21584905660377363,0.0,0.3479245283018868,0.2516981132075472,0.4420754716981132,27,35,63,62,1,1.0
F005,F046,0.4256603773584906,0.0,0.72,0.5279245283018867,0.789622641509434,27,20,52,47,5,1.0
F005,F047,0.4207547169811321,0.0,0.6543396226415095,0.5279245283018867,0.5615094339622642,27,23,52,50,2,1.0
F005,F048,0.29471698113207545,0.0,0.48226415094339625,0.2516981132075472,0.4420754716981132,27,32,60,59,1,1.0
F005,F049,0.3796226415094339,0.0,0.630943396226415,0.5279245283018867,0.6722641509433962,27,33,63,60,3,1.0
F005,F050,0.04830188679245284,0.0,0.007547169811320753,0.18452830188679248,0.5615094339622642,27,27,56,54,2,1.0
F005,F051,0.23622641509433961,0.0,0.25584905660377355,0.2516981132075472,0.6722641509433962,27,33,63,60,3,1.0
F005,F052,0.33396226415094343,0.0,0.43849056603773584,0.2516981132075472,0.5615094339622642,27,27,56,54,2,1.0
F006,F007,0.9988679245283019,1.0,1.0,0.7766037735849056,0.4420754716981132,34,28,63,62,1,1.0
F006,F008,0.9109433962264151,0.8586958855927248,0.8626415094339622,0.7256603773584906,0.6722641509433962,34,22,59,56,3,1.0
F006,F009,0.7271698113207548,0.546570044746234,0.2449056603773585,0.20226415094339623,0.21283018867924525,34,27,63,62,1,0.9838709677419355
F006,F010,0.9633962264150944,0.9294506967326246,0.8071698113207547,0.7766037735849056,0.13622641509433964,34,31,66,66,0,0.9848484848484849
F006,F011,0.7845283018867925,0.546570044746234,0.5354716981132075,0.8350943396226416,0.6722641509433962,34,29,66,63,3,1.0
F006,F012,0.5864150943396227,0.32148366584147414,0.5464150943396227,0.659622641509434,0.5615094339622642,34,34,70,68,2,1.0
F006,F013,0.890188679245283,1.0,0.459622641509434,0.3886792452830189,0.13622641509433964,34,31,66,66,0,0.9848484848484849
F006,F014,0.6520754716981132,0.32148366584147414,0.22867924528301886,0.2245283018867924,0.4420754716981132,34,28,63,62,1,1.0
F006,F015,0.6698113207547169,0.32148366584147414,0.3815094339622641,0.459622641509434,0.5615094339622642,34,23,59,57,2,1.0
F006,F016,0.5128301886792452,0.242949657316875,0.26943396226415095,0.2245283018867924,0.7460377358490566,34,25,63,59,4,1.0
F006,F017,0.5215094339622641,0.32148366584147414,0.17132075471698116,0.2245283018867924,0.21283018867924525,34,27,63,62,1,0.9838709677419355
F006,F018,0.5388679245283019,0.32148366584147414,0.37056603773584906,0.659622641509434,0.5615094339622642,34,37,73,71,2,1.0
F006,F019,0.4116981132075471,0.242949657316875,0.3932075471698113,0.659622641509434,0.4420754716981132,34,44,79,78,1,1.0
F006,F020,0.46566037735849053,0.242949657316875,0.21924528301886792,0.2245283018867924,0.5615094339622642,34,46,82,80,2,1.0
F006,F021,0.26603773584905666,0.0,0.4286792452830188,0.5279245283018867,0.4420754716981132,34,51,86,85,1,1.0
F006,F022,0.44981132075471697,0.242949657316875,0.3275471698113207,0.35056603773584905,0.5615094339622642,34,46,82,80,2,1.0
F006,F023,0.1690566037735849,0.0,0.7539622641509434,0.5279245283018867,0.7460377358490566,34,25,63,59,4,1.0
F006,F024,0.33396226415094343,0.080983219105625,0.42000000000000004,0.7256603773584906,0.6722641509433962,34,29,66,63,3,1.0
F006,F025,0.26603773584905666,0.0,0.2969811320754717,0.459622641509434,0.6722641509433962,34,26,63,60,3,1.0
F006,F026,0.5026415094339622,0.242949657316875,0.4437735849056603,0.659622641509434,0.6722641509433962,34,33,70,67,3,1.0
F006,F027,0.3411320754716981,0.080983219105625,0.26943396226415095,0.20226415094339623,0.4420754716981132,34,35,70,69,1,1.0
F006,F028,0.7433962264150944,0.546570044746234,0.7539622641509434,0.7766037735849056,0.4420754716981132,34,28,63,62,1,1.0
F006,F029,0.2984905660377358,0.080983219105625,0.3886792452830189,0.459622641509434,0.09433962264150947,34,24,59,59,0,0.9830508474576272
F006,F030,0.6052830188679246,0.32148366584147414,0.19886792452830193,0.2245283018867924,0.6722641509433962,34,26,63,60,3,1.0
F006,F031,0.1856603773584906,0.0,0.6173584905660378,0.8350943396226416,0.6722641509433962,34,29,66,63,3,1.0
F006,F032,0.1690566037735849,0.0,0.7030188679245283,0.5279245283018867,0.5615094339622642,34,30,66,64,2,1.0
F006,F033,0.40830188679245283,0.242949657316875,0.7030188679245283,0.659622641509434,0.13622641509433964,34,31,66,66,0,0.9848484848484849
F006,F034,0.33169811320754716,0.242949657316875,0.8215094339622642,0.5279245283018867,0.5615094339622642,34,37,73,71,2,1.0
F006,F035,0.23056603773584905,0.0,0.780377358490566,0.5279245283018867,0.7460377358490566,34,21,59,55,4,1.0
F006,F036,0.22528301886792457,0.0,0.37584905660377355,0.459622641509434,0.5615094339622642,34,42,78,76,2,1.0
F006,F037,0.010566037735849076,0.0,0.14830188679245282,0.18452830188679248,0.4420754716981132,34,28,63,62,1,1.0
F006,F038,0.07396226415094342,0.0,0.5984905660377359,0.8350943396226416,0.13622641509433964,34,31,66,66,0,0.9848484848484849
F006,F039,0.11018867924528297,0.0,0.4320754716981132,0.42188679245283023,0.5615094339622642,34,34,70,68,2,1.0
F006,F040,0.016981132075471694,0.0,0.20641509433962268,0.3007547169811321,0.21283018867924525,34,27,63,62,1,0.9838709677419355
F006,F041,0.044528301886792465,0.0,0.4509433962264151,0.3886792452830189,0.7460377358490566,34,21,59,55,4,1.0
F006,F042,0.01132075471698113,0.0,0.12867924528301888,0.2245283018867924,0.6722641509433962,34,26,63,60,3,1.0
F006,F043,0.03924528301886787,0.0,0.3852830188679245,0.3886792452830189,0.5615094339622642,34,30,66,64,2,1.0
F006,F044,0.028679245283018906,0.0,0.3309433962264151,0.8350943396226416,0.5615094339622642,34,34,70,68,2,1.0
F006,F045,0.05509433962264154,0.0,0.5464150943396227,0.459622641509434,0.4420754716981132,34,35,70,69,1,1.0
F006,F046,0.1588679245283019,0.0,0.5049056603773585,0.459622641509434,0.789622641509434,34,20,59,54,5,1.0
F006,F047,0.1554716981132076,0.0,0.5686792452830189,0.3886792452830189,0.5615094339622642,34,23,59,57,2,1.0
F006,F048,0.09094339622641512,0.0,0.5649056603773586,0.459622641509434,0.4420754716981132,34,32,67,66,1,1.0
F006,F049,0.1335849056603774,0.0,0.540377358490566,0.3886792452830189,0.6722641509433962,34,33,70,67,3,1.0
F006,F050,0.0037735849056603765,0.0,0.06830188679245286,0.42188679245283023,0.21283018867924525,34,27,63,62,1,0.9838709677419355
F006,F051,0.06452830188679248,0.0,0.5181132075471698,0.459622641509434,0.6722641509433962,34,33,70,67,3,1.0
F006,F052,0.11018867924528297,0.0,0.6173584905660378,0.459622641509434,0.21283018867924525,34,27,63,62,1,0.9838709677419355
F007,F008,0.8573584905660377,0.8586958855927248,0.8943396226415095,0.9592452830188679,0.5615094339622642,28,22,52,50,2,1.0
F007,F009,0.7060377358490566,0.546570044746234,0.25433962264150944,0.18452830188679248,0.4420754716981132,28,27,56,55,1,1.0
F007,F010,0.9283018867924528,0.9294506967326246,0.8324528301886792,0.9864150943396226,0.34641509433962264,28,31,59,59,0,1.0
F007,F011,0.7433962264150944,0.546570044746234,0.5573584905660378,0.459622641509434,0.5615094339622642,28,29,59,57,2,1.0
F007,F012,0.5460377358490567,0.32148366584147414,0.5649056603773586,0.7766037735849056,0.4420754716981132,28,34,63,62,1,1.0
F007,F013,0.890188679245283,1.0,0.4343396226415094,0.7256603773584906,0.34641509433962264,28,31,59,59,0,1.0
F007,F014,0.6245283018867924,0.32148366584147414,0.23433962264150943,0.16150943396226414,0.34641509433962264,28,28,56,56,0,1.0
F007,F015,0.6407547169811321,0.32148366584147414,0.40113207547169816,0.5279245283018867,0.4420754716981132,28,23,52,51,1,1.0
F007,F016,0.48716981132075476,0.242949657316875,0.28490566037735854,0.16150943396226414,0.2888679245283019,28,25,56,54,2,0.9814814814814815
F007,F017,0.5045283018867924,0.32148366584147414,0.17962264150943397,0.16150943396226414,0.4420754716981132,28,27,56,55,1,1.0
F007,F018,0.5075471698113208,0.32148366584147414,0.3969811320754717,0.3007547169811321,0.13622641509433964,28,37,66,66,0,0.9848484848484849
F007,F019,0.3815094339622641,0.242949657316875,0.41283018867924526,0.7766037735849056,0.34641509433962264,28,44,72,72,0,1.0
F007,F020,0.4358490566037736,0.242949657316875,0.22566037735849054,0.16150943396226414,0.4420754716981132,28,46,75,74,1,1.0
F007,F021,0.24566037735849056,0.0,0.4509433962264151,0.6003773584905661,0.34641509433962264,28,51,79,79,0,1.0
F007,F022,0.4207547169811321,0.242949657316875,0.3426415094339622,0.3007547169811321,0.4420754716981132,28,46,75,74,1,1.0
F007,F023,0.15245283018867928,0.0,0.7415094339622641,0.7766037735849056,0.2888679245283019,28,25,56,54,2,0.9814814814814815
F007,F024,0.31169811320754715,0.080983219105625,0.43849056603773584,0.3886792452830189,0.5615094339622642,28,29,59,57,2,1.0
F007,F025,0.24792452830188683,0.0,0.3109433962264151,0.5279245283018867,0.5615094339622642,28,26,56,54,2,1.0
F007,F026,0.4683018867924529,0.242949657316875,0.47018867924528307,0.7766037735849056,0.21283018867924525,28,33,63,62,1,0.9838709677419355
F007,F027,0.32150943396226417,0.080983219105625,0.28490566037735854,0.12943396226415094,0.34641509433962264,28,35,63,63,0,1.0
F007,F028,0.7026415094339622,0.546570044746234,0.780377358490566,0.9864150943396226,0.34641509433962264,28,28,56,56,0,1.0
F007,F029,0.2788679245283019,0.080983219105625,0.40981132075471693,0.5279245283018867,0.34641509433962264,28,24,52,52,0,1.0
F007,F030,0.580754716981132,0.32148366584147414,0.20867924528301884,0.16150943396226414,0.5615094339622642,28,26,56,54,2,1.0
F007,F031,0.1705660377358491,0.0,0.6249056603773585,0.459622641509434,0.5615094339622642,28,29,59,57,2,1.0
F007,F032,0.15245283018867928,0.0,0.6890566037735849,0.7766037735849056,0.09433962264150947,28,30,59,59,0,0.9830508474576272
F007,F033,0.3766037735849057,0.242949657316875,0.7339622641509433,0.7766037735849056,0.34641509433962264,28,31,59,59,0,1.0
F007,F034,0.30490566037735845,0.242949657316875,0.8283018867924529,0.7766037735849056,0.13622641509433964,28,37,66,66,0,0.9848484848484849
F007,F035,0.20528301886792455,0.0,0.7916981132075471,0.7766037735849056,0.27433962264150946,28,21,52,50,2,0.98
F007,F036,0.20528301886792455,0.0,0.39924528301886797,0.5279245283018867,0.4420754716981132,28,42,71,70,1,1.0
F007,F037,0.008301886792452806,0.0,0.14113207547169815,0.42188679245283023,0.34641509433962264,28,28,56,56,0,1.0
F007,F038,0.06830188679245286,0.0,0.5860377358490566,0.6003773584905661,0.34641509433962264,28,31,59,59,0,1.0
F007,F039,0.09999999999999998,0.0,0.43849056603773584,0.6003773584905661,0.4420754716981132,28,34,63,62,1,1.0
F007,F040,0.01584905660377356,0.0,0.19735849056603771,0.659622641509434,0.4420754716981132,28,27,56,55,1,1.0
F007,F041,0.03811320754716985,0.0,0.4437735849056603,0.7256603773584906,0.27433962264150946,28,21,52,50,2,0.98
F007,F042,0.00905660377358486,0.0,0.12339622641509429,0.5279245283018867,0.5615094339622642,28,26,56,54,2,1.0
F007,F043,0.0320754716981132,0.0,0.37584905660377355,0.7256603773584906,0.09433962264150947,28,30,59,59,0,0.9830508474576272
F007,F044,0.02716981132075469,0.0,0.31849056603773584,0.6003773584905661,0.4420754716981132,28,34,63,62,1,1.0
F007,F045,0.05056603773584911,0.0,0.5354716981132075,0.8350943396226416,0.34641509433962264,28,35,63,63,0,1.0
F007,F046,0.1452830188679245,0.0,0.5135849056603774,0.5279245283018867,0.7460377358490566,28,20,52,48,4,1.0
F007,F047,0.14150943396226412,0.0,0.5800000000000001,0.5279245283018867,0.4420754716981132,28,23,52,51,1,1.0
F007,F048,0.08339622641509437,0.0,0.5739622641509434,0.8350943396226416,0.34641509433962264,28,32,60,60,0,1.0
F007,F049,0.11962264150943391,0.0,0.5509433962264151,0.5279245283018867,0.21283018867924525,28,33,63,62,1,0.9838709677419355
F007,F050,0.0015094339622641062,0.0,0.06301886792452827,0.6003773584905661,0.4420754716981132,28,27,56,55,1,1.0
F007,F051,0.05509433962264154,0.0,0.5094339622641509,0.8350943396226416,0.21283018867924525,28,33,63,62,1,0.9838709677419355
F007,F052,0.09811320754716979,0.0,0.6249056603773585,0.8350943396226416,0.4420754716981132,28,27,56,55,1,1.0
F008,F009,0.8320754716981132,0.6173248558861338,0.3426415094339622,0.16150943396226414,0.27433962264150946,22,27,52,50,2,0.98
F008,F010,0.9864150943396226,0.9292451888601003,0.9932075471698113,0.9592452830188679,0.16943396226415092,22,31,55,54,1,0.9814814814814815
F008,F011,0.9460377358490566,0.6878741591535094,0.7754716981132075,0.42188679245283023,0.7460377358490566,22,29,55,51,4,1.0
F008,F012,0.7218867924528302,0.32148366584147414,0.7860377358490566,0.7256603773584906,0.6722641509433962,22,34,59,56,3,1.0
F008,F013,0.7532075471698113,0.8586958855927248,0.3162264150943396,0.7766037735849056,0.16943396226415092,22,31,55,54,1,0.9814814814814815
F008,F014,0.7713207547169811,0.3922384769813739,0.30679245283018863,0.12943396226415094,0.5615094339622642,22,28,52,50,2,1.0
F008,F015,0.8181132075471698,0.3922384769813739,0.5739622641509434,0.459622641509434,0.13999999999999996,22,23,48,47,1,0.9574468085106383
F008,F016,0.6449056603773584,0.242949657316875,0.37584905660377355,0.12943396226415094,0.789622641509434,22,25,52,47,5,1.0
F008,F017,0.6449056603773584,0.32148366584147414,0.22867924528301886,0.12943396226415094,0.27433962264150946,22,27,52,50,2,0.98
F008,F018,0.6720754716981132,0.32148366584147414,0.5649056603773586,0.2516981132075472,0.6722641509433962,22,37,62,59,3,1.0
F008,F019,0.5275471698113208,0.242949657316875,0.5920754716981131,0.7256603773584906,0.5615094339622642,22,44,68,66,2,1.0
F008,F020,0.5864150943396227,0.242949657316875,0.2924528301886793,0.12943396226415094,0.6722641509433962,22,46,71,68,3,1.0
F008,F021,0.3543396226415094,0.0,0.649433962264151,0.5279245283018867,0.5615094339622642,22,51,75,73,2,1.0
F008,F022,0.570566037735849,0.242949657316875,0.4883018867924528,0.2516981132075472,0.6722641509433962,22,46,71,68,3,1.0
F008,F023,0.2381132075471698,0.0,0.6822641509433962,0.8350943396226416,0.789622641509434,22,25,52,47,5,1.0
F008,F024,0.4407547169811321,0.080983219105625,0.630943396226415,0.35056603773584905,0.7460377358490566,22,29,55,51,4,1.0
F008,F025,0.3543396226415094,0.0,0.4252830188679245,0.459622641509434,0.7460377358490566,22,26,52,48,4,1.0
F008,F026,0.6328301886792453,0.242949657316875,0.6656603773584906,0.7256603773584906,0.7460377358490566,22,33,59,55,4,1.0
F008,F027,0.44528301886792454,0.080983219105625,0.37584905660377355,0.10528301886792457,0.5615094339622642,22,35,59,57,2,1.0
F008,F028,0.9109433962264151,0.6878741591535094,0.9667924528301887,0.9592452830188679,0.5615094339622642,22,28,52,50,2,1.0
F008,F029,0.4007547169811321,0.080983219105625,0.5860377358490566,0.459622641509434,0.14660377358490562,22,24,48,47,1,0.9787234042553191
F008,F030,0.7218867924528302,0.32148366584147414,0.26113207547169814,0.12943396226415094,0.7460377358490566,22,26,52,48,4,1.0
F008,F031,0.2584905660377359,0.0,0.7283018867924529,0.42188679245283023,0.7460377358490566,22,29,55,51,4,1.0
F008,F032,0.2381132075471698,0.0,0.630943396226415,0.8350943396226416,0.6722641509433962,22,30,55,52,3,1.0
F008,F033,0.5275471698113208,0.242949657316875,0.8883018867924528,0.8350943396226416,0.16943396226415092,22,31,55,54,1,0.9814814814814815
F008,F034,0.4358490566037736,0.242949657316875,0.8796226415094339,0.8350943396226416,0.6722641509433962,22,37,62,59,3,1.0
F008,F035,0.31169811320754715,0.0,0.7754716981132075,0.8350943396226416,0.789622641509434,22,21,48,43,5,1.0
F008,F036,0.30490566037735845,0.0,0.5686792452830189,0.459622641509434,0.6722641509433962,22,42,67,64,3,1.0
F008,F037,0.02301886792452834,0.0,0.11547169811320757,0.459622641509434,0.5615094339622642,22,28,52,50,2,1.0
F008,F038,0.11849056603773589,0.0,0.540377358490566,0.659622641509434,0.16943396226415092,22,31,55,54,1,0.9814814814814815
F008,F039,0.1622641509433962,0.0,0.5218867924528302,0.659622641509434,0.6722641509433962,22,34,59,56,3,1.0
F008,F040,0.033207547169811336,0.0,0.15584905660377357,0.6988679245283018,0.27433962264150946,22,27,52,50,2,0.98
F008,F041,0.07283018867924529,0.0,0.40452830188679245,0.7766037735849056,0.789622641509434,22,21,48,43,5,1.0
F008,F042,0.02490566037735853,0.0,0.10113207547169811,0.6003773584905661,0.7460377358490566,22,26,52,48,4,1.0
F008,F043,0.06679245283018864,0.0,0.3241509433962264,0.7766037735849056,0.6722641509433962,22,30,55,52,3,1.0
F008,F044,0.051320754716981165,0.0,0.23886792452830186,0.659622641509434,0.6722641509433962,22,34,59,56,3,1.0
F008,F045,0.08981132075471698,0.0,0.4883018867924528,0.8784905660377358,0.5615094339622642,22,35,59,57,2,1.0
F008,F046,0.22339622641509438,0.0,0.5984905660377359,0.6003773584905661,0.490377358490566,22,20,48,43,5,0.9767441860465116
F008,F047,0.22075471698113203,0.0,0.6762264150943396,0.6003773584905661,0.13999999999999996,22,23,48,47,1,0.9574468085106383
F008,F048,0.14150943396226412,0.0,0.6132075471698113,0.8784905660377358,0.5615094339622642,22,32,56,54,2,1.0
F008,F049,0.19471698113207547,0.0,0.6377358490566039,0.6003773584905661,0.7460377358490566,22,33,59,55,4,1.0
F008,F050,0.012075471698113183,0.0,0.040000000000000036,0.659622641509434,0.27433962264150946,22,27,52,50,2,0.98
F008,F051,0.10188679245283017,0.0,0.459622641509434,0.8784905660377358,0.7460377358490566,22,33,59,55,4,1.0
F008,F052,0.1656603773584906,0.0,0.630943396226415,0.8784905660377358,0.27433962264150946,22,27,52,50,2,0.98
F009,F010,0.8226415094339623,0.546570044746234,0.3652830188679246,0.18452830188679248,0.09433962264150947,27,31,59,59,0,0.9830508474576272
F009,F011,0.9369811320754717,0.9294506967326246,0.5860377358490566,0.35056603773584905,0.6722641509433962,27,29,59,56,3,1.0
F009,F012,0.7943396226415094,0.5592700729234237,0.5739622641509434,0.35056603773584905,0.21283018867924525,27,34,63,62,1,0.9838709677419355
F009,F013,0.570566037735849,0.546570044746234,0.11811320754716981,0.03698113207547171,0.09433962264150947,27,31,59,59,0,0.9830508474576272
F009,F014,0.9739622641509434,0.7749136210952401,0.9815094339622642,0.9592452830188679,0.4420754716981132,27,28,56,55,1,1.0
F009,F015,0.9233962264150943,0.7749136210952401,0.7860377358490566,0.6003773584905661,0.5615094339622642,27,23,52,50,2,1.0
F009,F016,0.7845283018867925,0.4807360643988245,0.9611320754716981,0.9592452830188679,0.7460377358490566,27,25,56,52,4,1.0
F009,F017,0.8252830188679245,0.6298193761907991,0.780377358490566,0.9592452830188679,0.5615094339622642,27,27,56,54,2,1.0
F009,F018,0.7845283018867925,0.5592700729234237,0.7973584905660378,0.5279245283018867,0.5615094339622642,27,37,66,64,2,1.0
F009,F019,0.6407547169811321,0.4807360643988245,0.7709433962264151,0.35056603773584905,0.4420754716981132,27,44,72,71,1,1.0
F009,F020,0.7335849056603774,0.4807360643988245,0.9350943396226415,0.9592452830188679,0.5615094339622642,27,46,75,73,2,1.0
F009,F021,0.46188679245283015,0.0,0.72,0.5279245283018867,0.4420754716981132,27,51,79,78,1,1.0
F009,F022,0.6826415094339623,0.4807360643988245,0.8943396226415095,0.8350943396226416,0.5615094339622642,27,46,75,73,2,1.0
F009,F023,0.3086792452830188,0.0,0.24603773584905664,0.053584905660377324,0.7460377358490566,27,25,56,52,4,1.0
F009,F024,0.5509433962264151,0.080983219105625,0.7339622641509433,0.2516981132075472,0.6722641509433962,27,29,59,56,3,1.0
F009,F025,0.4716981132075472,0.0,0.7973584905660378,0.6003773584905661,0.2888679245283019,27,26,56,54,2,0.9814814814814815
F009,F026,0.7271698113207548,0.4807360643988245,0.6962264150943396,0.35056603773584905,0.6722641509433962,27,33,63,60,3,1.0
F009,F027,0.5735849056603773,0.080983219105625,0.8883018867924528,0.9328301886792453,0.4420754716981132,27,35,63,62,1,1.0
F009,F028,0.8656603773584906,0.9294506967326246,0.40452830188679245,0.18452830188679248,0.4420754716981132,27,28,56,55,1,1.0
F009,F029,0.5105660377358491,0.080983219105625,0.7656603773584906,0.6003773584905661,0.4420754716981132,27,24,52,51,1,1.0
F009,F030,0.9233962264150943,0.7041588099553404,0.9166037735849056,0.9592452830188679,0.2888679245283019,27,26,56,54,2,0.9814814814814815
F009,F031,0.3433962264150944,0.0,0.4252830188679245,0.10528301886792457,0.6722641509433962,27,29,59,56,3,1.0
F009,F032,0.30490566037735845,0.0,0.20867924528301884,0.053584905660377324,0.5615094339622642,27,30,59,57,2,1.0
F009,F033,0.609056603773585,0.4807360643988245,0.43849056603773584,0.2516981132075472,0.09433962264150947,27,31,59,59,0,0.9830508474576272
F009,F034,0.5105660377358491,0.4807360643988245,0.31320754716981136,0.053584905660377324,0.5615094339622642,27,37,66,64,2,1.0
F009,F035,0.38566037735849057,0.0,0.28113207547169816,0.053584905660377324,0.7460377358490566,27,21,52,48,4,1.0
F009,F036,0.40830188679245283,0.0,0.7030188679245283,0.6003773584905661,0.5615094339622642,27,42,71,69,2,1.0
F009,F037,0.044528301886792465,0.0,0.028679245283018906,0.004905660377358512,0.4420754716981132,27,28,56,55,1,1.0
F009,F038,0.18377358490566043,0.0,0.2513207547169811,0.10528301886792457,0.09433962264150947,27,31,59,59,0,0.9830508474576272
F009,F039,0.24415094339622645,0.0,0.4996226415094339,0.5279245283018867,0.21283018867924525,27,34,63,62,1,0.9838709677419355
F009,F040,0.06301886792452827,0.0,0.05094339622641508,0.016981132075471694,0.5615094339622642,27,27,56,54,2,1.0
F009,F041,0.12075471698113205,0.0,0.1807547169811321,0.03698113207547171,0.7460377358490566,27,21,52,48,4,1.0
F009,F042,0.044528301886792465,0.0,0.023396226415094312,0.010188679245282994,0.2888679245283019,27,26,56,54,2,0.9814814814814815
F009,F043,0.11358490566037738,0.0,0.12075471698113205,0.03698113207547171,0.5615094339622642,27,30,59,57,2,1.0
F009,F044,0.08716981132075474,0.0,0.09433962264150941,0.10528301886792457,0.21283018867924525,27,34,63,62,1,0.9838709677419355
F009,F045,0.1505660377358491,0.0,0.24339622641509429,0.07509433962264156,0.4420754716981132,27,35,63,62,1,1.0
F009,F046,0.31169811320754715,0.0,0.5611320754716982,0.459622641509434,0.789622641509434,27,20,52,47,5,1.0
F009,F047,0.30490566037735845,0.0,0.4437735849056603,0.12943396226415094,0.5615094339622642,27,23,52,50,2,1.0
F009,F048,0.21207547169811325,0.0,0.32037735849056603,0.07509433962264156,0.4420754716981132,27,32,60,59,1,1.0
F009,F049,0.2724528301886793,0.0,0.47018867924528307,0.12943396226415094,0.6722641509433962,27,33,63,60,3,1.0
F009,F050,0.026415094339622636,0.0,0.0030188679245283234,0.053584905660377324,0.5615094339622642,27,27,56,54,2,1.0
F009,F051,0.16000000000000003,0.0,0.19207547169811323,0.07509433962264156,0.6722641509433962,27,33,63,60,3,1.0
F009,F052,0.23698113207547167,0.0,0.2988679245283019,0.07509433962264156,0.5615094339622642,27,27,56,54,2,1.0
F010,F011,0.8871698113207547,0.6171193480136096,0.8283018867924529,0.459622641509434,0.5615094339622642,31,29,62,60,2,1.0
F010,F012,0.6664150943396226,0.32148366584147414,0.8377358490566038,0.7766037735849056,0.13622641509433964,31,34,66,66,0,0.9848484848484849
F010,F013,0.7875471698113208,0.9294506967326246,0.2939622641509434,0.7256603773584906,0.34641509433962264,31,31,62,62,0,1.0
F010,F014,0.7433962264150944,0.32148366584147414,0.3309433962264151,0.16150943396226414,0.34641509433962264,31,28,59,59,0,1.0
F010,F015,0.7686792452830189,0.32148366584147414,0.630943396226415,0.5279245283018867,0.4420754716981132,31,23,55,54,1,1.0
F010,F016,0.6018867924528302,0.242949657316875,0.4154716981132075,0.16150943396226414,0.6722641509433962,31,25,59,56,3,1.0
F010,F017,0.6113207547169811,0.32148366584147414,0.23886792452830186,0.16150943396226414,0.09433962264150947,31,27,59,59,0,0.9830508474576272
F010,F018,0.6203773584905661,0.32148366584147414,0.6211320754716981,0.3007547169811321,0.4420754716981132,31,37,69,68,1,1.0
F010,F019,0.48716981132075476,0.242949657316875,0.649433962264151,0.7766037735849056,0.34641509433962264,31,44,75,75,0,1.0
F010,F020,0.5460377358490567,0.242949657316875,0.3143396226415094,0.16150943396226414,0.14735849056603773,31,46,78,78,0,0.9871794871794872
F010,F021,0.3237735849056603,0.0,0.6822641509433962,0.6003773584905661,0.34641509433962264,31,51,82,82,0,1.0
F010,F022,0.5215094339622641,0.242949657316875,0.5354716981132075,0.3007547169811321,0.14735849056603773,31,46,78,78,0,0.9871794871794872
F010,F023,0.21018867924528306,0.0,0.659245283018868,0.7766037735849056,0.6722641509433962,31,25,59,56,3,1.0
F010,F024,0.4007547169811321,0.080983219105625,0.6890566037735849,0.3886792452830189,0.5615094339622642,31,29,62,60,2,1.0
F010,F025,0.3256603773584905,0.0,0.47018867924528307,0.5279245283018867,0.5615094339622642,31,26,59,57,2,1.0
F010,F026,0.580754716981132,0.242949657316875,0.7283018867924529,0.7766037735849056,0.5615094339622642,31,33,66,64,2,1.0
F010,F027,0.4116981132075471,0.080983219105625,0.4154716981132075,0.12943396226415094,0.34641509433962264,31,35,66,66,0,1.0
F010,F028,0.8320754716981132,0.6171193480136096,0.9883018867924528,0.9864150943396226,0.34641509433962264,31,28,59,59,0,1.0
F010,F029,0.3652830188679246,0.080983219105625,0.6433962264150943,0.5279245283018867,0.34641509433962264,31,24,55,55,0,1.0
F010,F030,0.689811320754717,0.32148366584147414,0.2871698113207547,0.16150943396226414,0.5615094339622642,31,26,59,57,2,1.0
F010,F031,0.23396226415094334,0.0,0.7339622641509433,0.459622641509434,0.5615094339622642,31,29,62,60,2,1.0
F010,F032,0.2075471698113207,0.0,0.6079245283018868,0.7766037735849056,0.11716981132075471,31,30,62,62,0,0.9838709677419355
F010,F033,0.4826415094339622,0.242949657316875,0.8943396226415095,0.7766037735849056,0.34641509433962264,31,31,62,62,0,1.0
F010,F034,0.3905660377358491,0.242949657316875,0.8520754716981132,0.7766037735849056,0.4420754716981132,31,37,69,68,1,1.0
F010,F035,0.2769811320754717,0.0,0.7539622641509434,0.7766037735849056,0.6722641509433962,31,21,55,52,3,1.0
F010,F036,0.2750943396226415,0.0,0.6173584905660378,0.5279245283018867,0.4420754716981132,31,42,74,73,1,1.0
F010,F037,0.016981132075471694,0.0,0.10716981132075476,0.42188679245283023,0.34641509433962264,31,28,59,59,0,1.0
F010,F038,0.10339622641509438,0.0,0.5181132075471698,0.6003773584905661,0.34641509433962264,31,31,62,62,0,1.0
F010,F039,0.14754716981132077,0.0,0.5256603773584906,0.6003773584905661,0.13622641509433964,31,34,66,66,0,0.9848484848484849
F010,F040,0.027924528301886742,0.0,0.1467924528301887,0.659622641509434,0.09433962264150947,31,27,59,59,0,0.9830508474576272
F010,F041,0.06301886792452827,0.0,0.3886792452830189,0.7256603773584906,0.6722641509433962,31,21,55,52,3,1.0
F010,F042,0.01811320754716983,0.0,0.09207547169811325,0.5279245283018867,0.5615094339622642,31,26,59,57,2,1.0
F010,F043,0.05509433962264154,0.0,0.3026415094339623,0.7256603773584906,0.11716981132075471,31,30,62,62,0,0.9838709677419355
F010,F044,0.04150943396226414,0.0,0.22867924528301886,0.6003773584905661,0.13622641509433964,31,34,66,66,0,0.9848484848484849
F010,F045,0.07811320754716977,0.0,0.4660377358490566,0.8350943396226416,0.34641509433962264,31,35,66,66,0,1.0
F010,F046,0.20075471698113212,0.0,0.6033962264150943,0.5279245283018867,0.7460377358490566,31,20,55,51,4,1.0
F010,F047,0.1977358490566038,0.0,0.6822641509433962,0.5279245283018867,0.4420754716981132,31,23,55,54,1,1.0
F010,F048,0.12188679245283018,0.0,0.5860377358490566,0.8350943396226416,0.34641509433962264,31,32,63,63,0,1.0
F010,F049,0.1724528301886793,0.0,0.6433962264150943,0.5279245283018867,0.5615094339622642,31,33,66,64,2,1.0
F010,F050,0.007547169811320753,0.0,0.03622641509433966,0.6003773584905661,0.09433962264150947,31,27,59,59,0,0.9830508474576272
F010,F051,0.0860377358490566,0.0,0.43849056603773584,0.8350943396226416,0.5615094339622642,31,33,66,64,2,1.0
F010,F052,0.14754716981132077,0.0,0.6079245283018868,0.8350943396226416,0.09433962264150947,31,27,59,59,0,0.9830508474576272
F011,F012,0.8320754716981132,0.5592700729234237,0.9871698113207548,0.8350943396226416,0.6722641509433962,29,34,66,63,3,1.0
F011,F013,0.6328301886792453,0.546570044746234,0.2143396226415094,0.18452830188679248,0.5615094339622642,29,31,62,60,2,1.0
F011,F014,0.8984905660377358,0.7043643178278647,0.5181132075471698,0.3886792452830189,0.5615094339622642,29,28,59,57,2,1.0
F011,F015,0.9535849056603773,0.7043643178278647,0.9166037735849056,0.6988679245283018,0.6722641509433962,29,23,55,52,3,1.0
F011,F016,0.7641509433962264,0.4807360643988245,0.659245283018868,0.3886792452830189,0.789622641509434,29,25,59,54,5,1.0
F011,F017,0.7588679245283019,0.5592700729234237,0.3460377358490566,0.3886792452830189,0.6722641509433962,29,27,59,56,3,1.0
F011,F018,0.790566037735849,0.5592700729234237,0.9060377358490566,0.9030188679245283,0.6722641509433962,29,37,69,66,3,1.0
F011,F019,0.6328301886792453,0.4807360643988245,0.9007547169811321,0.8350943396226416,0.5615094339622642,29,44,75,73,2,1.0
F011,F020,0.689811320754717,0.4807360643988245,0.48226415094339625,0.3886792452830189,0.6722641509433962,29,46,78,75,3,1.0
F011,F021,0.44528301886792454,0.0,0.8120754716981132,0.659622641509434,0.5615094339622642,29,51,82,80,2,1.0
F011,F022,0.6777358490566038,0.4807360643988245,0.8071698113207547,0.5279245283018867,0.6722641509433962,29,46,78,75,3,1.0
F011,F023,0.30150943396226415,0.0,0.540377358490566,0.2516981132075472,0.789622641509434,29,25,59,54,5,1.0
F011,F024,0.5388679245283019,0.080983219105625,0.8694339622641509,0.9328301886792453,0.420188679245283,29,29,62,59,3,0.9830508474576272
F011,F025,0.44528301886792454,0.0,0.7245283018867925,0.6988679245283018,0.7460377358490566,29,26,59,55,4,1.0
F011,F026,0.7392452830188679,0.4807360643988245,0.9550943396226415,0.8350943396226416,0.7460377358490566,29,33,66,62,4,1.0
F011,F027,0.5509433962264151,0.080983219105625,0.659245283018868,0.35056603773584905,0.5615094339622642,29,35,66,64,2,1.0
F011,F028,0.9833962264150944,1.0,0.8883018867924528,0.459622641509434,0.5615094339622642,29,28,59,57,2,1.0
F011,F029,0.4932075471698113,0.080983219105625,0.8215094339622642,0.6988679245283018,0.16943396226415092,29,24,55,54,1,0.9814814814814815
F011,F030,0.8418867924528302,0.633609506687965,0.42301886792452825,0.3886792452830189,0.7460377358490566,29,26,59,55,4,1.0
F011,F031,0.3290566037735849,0.0,0.72,0.7256603773584906,0.420188679245283,29,29,62,59,3,0.9830508474576272
F011,F032,0.30150943396226415,0.0,0.40113207547169816,0.2516981132075472,0.6722641509433962,29,30,62,59,3,1.0
F011,F033,0.6245283018867924,0.4807360643988245,0.9116981132075471,0.7256603773584906,0.5615094339622642,29,31,62,60,2,1.0
F011,F034,0.5215094339622641,0.4807360643988245,0.7090566037735849,0.2516981132075472,0.6722641509433962,29,37,69,66,3,1.0
F011,F035,0.38566037735849057,0.0,0.6211320754716981,0.2516981132075472,0.789622641509434,29,21,55,50,5,1.0
F011,F036,0.3833962264150943,0.0,0.7467924528301887,0.6988679245283018,0.6722641509433962,29,42,74,71,3,1.0
F011,F037,0.03698113207547171,0.0,0.07471698113207548,0.07509433962264156,0.5615094339622642,29,28,59,57,2,1.0
F011,F038,0.1671698113207547,0.0,0.459622641509434,0.5279245283018867,0.5615094339622642,29,31,62,60,2,1.0
F011,F039,0.21584905660377363,0.0,0.6433962264150943,0.5279245283018867,0.6722641509433962,29,34,66,63,3,1.0
F011,F040,0.05320754716981135,0.0,0.10943396226415092,0.12943396226415094,0.6722641509433962,29,27,59,56,3,1.0
F011,F041,0.10830188679245278,0.0,0.33358490566037735,0.18452830188679248,0.789622641509434,29,21,55,50,5,1.0
F011,F042,0.03811320754716985,0.0,0.06301886792452827,0.09320754716981128,0.7460377358490566,29,26,59,55,4,1.0
F011,F043,0.09811320754716979,0.0,0.21924528301886792,0.18452830188679248,0.6722641509433962,29,30,62,59,3,1.0
F011,F044,0.07660377358490567,0.0,0.16264150943396227,0.5279245283018867,0.6722641509433962,29,34,66,63,3,1.0
F011,F045,0.12943396226415094,0.0,0.4154716981132075,0.2245283018867924,0.5615094339622642,29,35,66,64,2,1.0
F011,F046,0.2875471698113208,0.0,0.7339622641509433,0.6003773584905661,0.5024528301886793,29,20,55,50,5,0.98
F011,F047,0.2841509433962264,0.0,0.6762264150943396,0.459622641509434,0.6722641509433962,29,23,55,52,3,1.0
F011,F048,0.19471698113207547,0.0,0.5313207547169811,0.2245283018867924,0.21283018867924525,29,32,63,62,1,0.9838709677419355
F011,F049,0.25283018867924534,0.0,0.659245283018868,0.459622641509434,0.7460377358490566,29,33,66,62,4,1.0
F011,F050,0.020000000000000018,0.0,0.02037735849056599,0.20226415094339623,0.6722641509433962,29,27,59,56,3,1.0
F011,F051,0.1452830188679245,0.0,0.3618867924528302,0.2245283018867924,0.7460377358490566,29,33,66,62,4,1.0
F011,F052,0.22075471698113203,0.0,0.5509433962264151,0.2245283018867924,0.6722641509433962,29,27,59,56,3,1.0
F012,F013,0.46566037735849053,0.32148366584147414,0.2162264150943396,0.3886792452830189,0.13622641509433964,34,31,66,66,0,0.9848484848484849
F012,F014,0.860754716981132,0.7843564518281836,0.5094339622641509,0.3886792452830189,0.4420754716981132,34,28,63,62,1,1.0
F012,F015,0.9460377358490566,0.7843564518281836,0.9060377358490566,0.8784905660377358,0.5615094339622642,34,23,59,57,2,1.0
F012,F016,0.9324528301886792,0.9214659914754009,0.649433962264151,0.3886792452830189,0.7460377358490566,34,25,63,59,4,1.0
F012,F017,0.8418867924528302,0.9294506967326246,0.3392452830188679,0.3886792452830189,0.21283018867924525,34,27,63,62,1,0.9838709677419355
F012,F018,0.9864150943396226,1.0,0.8943396226415095,0.659622641509434,0.5615094339622642,34,37,73,71,2,1.0
F012,F019,0.8320754716981132,0.7152558497665851,0.9226415094339623,0.9864150943396226,0.4420754716981132,34,44,79,78,1,1.0
F012,F020,0.8535849056603774,0.9214659914754009,0.4732075471698113,0.3886792452830189,0.5615094339622642,34,46,82,80,2,1.0
F012,F021,0.6113207547169811,0.0,0.8758490566037735,0.8350943396226416,0.4420754716981132,34,51,86,85,1,1.0
F012,F022,0.8781132075471698,0.9214659914754009,0.7973584905660378,0.659622641509434,0.5615094339622642,34,46,82,80,2,1.0
F012,F023,0.4528301886792453,0.0,0.5509433962264151,0.5279245283018867,0.7460377358490566,34,25,63,59,4,1.0
F012,F024,0.7218867924528302,0.16018035160321933,0.9309433962264151,0.7256603773584906,0.6722641509433962,34,29,66,63,3,1.0
F012,F025,0.6052830188679246,0.0,0.7245283018867925,0.8784905660377358,0.6722641509433962,34,26,63,60,3,1.0
F012,F026,0.9633962264150944,0.9214659914754009,0.9641509433962264,0.9864150943396226,0.6722641509433962,34,33,70,67,3,1.0
F012,F027,0.7143396226415094,0.16018035160321933,0.649433962264151,0.35056603773584905,0.4420754716981132,34,35,70,69,1,1.0
F012,F028,0.8781132075471698,0.5592700729234237,0.9007547169811321,0.7766037735849056,0.4420754716981132,34,28,63,62,1,1.0
F012,F029,0.6698113207547169,0.16018035160321933,0.8833962264150943,0.8784905660377358,0.09433962264150947,34,24,59,59,0,0.9830508474576272
F012,F030,0.8656603773584906,0.8551112629680833,0.4154716981132075,0.3886792452830189,0.6722641509433962,34,26,63,60,3,1.0
F012,F031,0.4777358490566038,0.0,0.7860377358490566,0.42188679245283023,0.6722641509433962,34,29,66,63,3,1.0
F012,F032,0.4528301886792453,0.0,0.40981132075471693,0.5279245283018867,0.5615094339622642,34,30,66,64,2,1.0
F012,F033,0.8362264150943396,0.7152558497665851,0.940377358490566,0.9328301886792453,0.13622641509433964,34,31,66,66,0,0.9848484848484849
F012,F034,0.7218867924528302,0.6342726306609602,0.72,0.5279245283018867,0.5615094339622642,34,37,73,71,2,1.0
F012,F035,0.5569811320754716,0.0,0.630943396226415,0.5279245283018867,0.7460377358490566,34,21,59,55,4,1.0
F012,F036,0.5347169811320756,0.0,0.8071698113207547,0.8784905660377358,0.5615094339622642,34,42,78,76,2,1.0
F012,F037,0.07660377358490567,0.0,0.07622641509433958,0.18452830188679248,0.4420754716981132,34,28,63,62,1,1.0
F012,F038,0.2584905660377359,0.0,0.5218867924528302,0.42188679245283023,0.13622641509433964,34,31,66,66,0,0.9848484848484849
F012,F039,0.3173584905660377,0.0,0.7090566037735849,0.7256603773584906,0.5615094339622642,34,34,70,68,2,1.0
F012,F040,0.10679245283018868,0.0,0.11169811320754719,0.3007547169811321,0.21283018867924525,34,27,63,62,1,0.9838709677419355
F012,F041,0.17924528301886788,0.0,0.33698113207547165,0.3886792452830189,0.7460377358490566,34,21,59,55,4,1.0
F012,F042,0.07962264150943399,0.0,0.06603773584905659,0.2245283018867924,0.6722641509433962,34,26,63,60,3,1.0
F012,F043,0.1724528301886793,0.0,0.22188679245283016,0.3886792452830189,0.5615094339622642,34,30,66,64,2,1.0
F012,F044,0.14150943396226412,0.0,0.16641509433962265,0.42188679245283023,0.5615094339622642,34,34,70,68,2,1.0
F012,F045,0.21018867924528306,0.0,0.47018867924528307,0.459622641509434,0.4420754716981132,34,35,70,69,1,1.0
F012,F046,0.41660377358490563,0.0,0.7916981132075471,0.7766037735849056,0.789622641509434,34,20,59,54,5,1.0
F012,F047,0.41660377358490563,0.0,0.7539622641509434,0.7766037735849056,0.5615094339622642,34,23,59,57,2,1.0
F012,F048,0.2916981132075471,0.0,0.5920754716981131,0.459622641509434,0.4420754716981132,34,32,67,66,1,1.0
F012,F049,0.37283018867924533,0.0,0.7339622641509433,0.7766037735849056,0.6722641509433962,34,33,70,67,3,1.0
F012,F050,0.04830188679245284,0.0,0.021886792452830206,0.35056603773584905,0.21283018867924525,34,27,63,62,1,0.9838709677419355
F012,F051,0.23547169811320756,0.0,0.3652830188679246,0.459622641509434,0.6722641509433962,34,33,70,67,3,1.0
F012,F052,0.33169811320754716,0.0,0.6132075471698113,0.459622641509434,0.21283018867924525,34,27,63,62,1,0.9838709677419355
F013,F014,0.5045283018867924,0.32148366584147414,0.11056603773584905,0.0252830188679245,0.34641509433962264,31,28,59,59,0,1.0
F013,F015,0.5347169811320756,0.32148366584147414,0.16830188679245284,0.20226415094339623,0.4420754716981132,31,23,55,54,1,1.0
F013,F016,0.3905660377358491,0.242949657316875,0.1264150943396226,0.0252830188679245,0.6722641509433962,31,25,59,56,3,1.0
F013,F017,0.3935849056603774,0.32148366584147414,0.08037735849056604,0.0252830188679245,0.09433962264150947,31,27,59,59,0,0.9830508474576272
F013,F018,0.4207547169811321,0.32148366584147414,0.16415094339622638,0.09320754716981128,0.4420754716981132,31,37,69,68,1,1.0
F013,F019,0.31169811320754715,0.242949657316875,0.17132075471698116,0.3886792452830189,0.34641509433962264,31,44,75,75,0,1.0
F013,F020,0.3479245283018868,0.242949657316875,0.10528301886792457,0.0252830188679245,0.14735849056603773,31,46,78,78,0,0.9871794871794872
F013,F021,0.19056603773584901,0.0,0.1841509433962264,0.2245283018867924,0.34641509433962264,31,51,82,82,0,1.0
F013,F022,0.33886792452830183,0.242949657316875,0.15094339622641506,0.09320754716981128,0.14735849056603773,31,46,78,78,0,0.9871794871794872
F013,F023,0.11509433962264148,0.0,0.45358490566037735,0.9139622641509434,0.6722641509433962,31,25,59,56,3,1.0
F013,F024,0.24792452830188683,0.080983219105625,0.1822641509433962,0.12943396226415094,0.5615094339622642,31,29,62,60,2,1.0
F013,F025,0.19056603773584901,0.0,0.13962264150943393,0.20226415094339623,0.5615094339622642,31,26,59,57,2,1.0
F013,F026,0.38792452830188684,0.242949657316875,0.18716981132075472,0.3886792452830189,0.5615094339622642,31,33,66,64,2,1.0
F013,F027,0.250188679245283,0.080983219105625,0.1264150943396226,0.016981132075471694,0.34641509433962264,31,35,66,66,0,1.0
F013,F028,0.6147169811320754,0.546570044746234,0.2724528301886793,0.7256603773584906,0.34641509433962264,31,28,59,59,0,1.0
F013,F029,0.22075471698113203,0.080983219105625,0.16943396226415097,0.20226415094339623,0.34641509433962264,31,24,55,55,0,1.0
F013,F030,0.46188679245283015,0.32148366584147414,0.09584905660377363,0.0252830188679245,0.5615094339622642,31,26,59,57,2,1.0
F013,F031,0.12339622641509429,0.0,0.2584905660377359,0.459622641509434,0.5615094339622642,31,29,62,60,2,1.0
F013,F032,0.11735849056603775,0.0,0.5984905660377359,0.9139622641509434,0.11716981132075471,31,30,62,62,0,0.9838709677419355
F013,F033,0.3173584905660377,0.242949657316875,0.2513207547169811,0.459622641509434,0.34641509433962264,31,31,62,62,0,1.0
F013,F034,0.25283018867924534,0.242949657316875,0.3479245283018868,0.9139622641509434,0.4420754716981132,31,37,69,68,1,1.0
F013,F035,0.1656603773584906,0.0,0.3932075471698113,0.9139622641509434,0.6722641509433962,31,21,55,52,3,1.0
F013,F036,0.1569811320754717,0.0,0.16641509433962265,0.20226415094339623,0.4420754716981132,31,42,74,73,1,1.0
F013,F037,0.0022641509433962703,0.0,0.3162264150943396,0.8350943396226416,0.34641509433962264,31,28,59,59,0,1.0
F013,F038,0.04301886792452825,0.0,0.42000000000000004,0.6988679245283018,0.34641509433962264,31,31,62,62,0,1.0
F013,F039,0.06566037735849062,0.0,0.19547169811320753,0.3007547169811321,0.13622641509433964,31,34,66,66,0,0.9848484848484849
F013,F040,0.0067924528301887,0.0,0.37056603773584906,0.9030188679245283,0.09433962264150947,31,27,59,59,0,0.9830508474576272
F013,F041,0.02301886792452834,0.0,0.459622641509434,0.9030188679245283,0.6722641509433962,31,21,55,52,3,1.0
F013,F042,0.0030188679245283234,0.0,0.2750943396226415,0.9030188679245283,0.5615094339622642,31,26,59,57,2,1.0
F013,F043,0.018867924528301883,0.0,0.5573584905660378,0.9030188679245283,0.11716981132075471,31,30,62,62,0,0.9838709677419355
F013,F044,0.0135849056603774,0.0,0.4766037735849057,0.6988679245283018,0.13622641509433964,31,34,66,66,0,0.9848484848484849
F013,F045,0.030188679245283012,0.0,0.39924528301886797,0.9328301886792453,0.34641509433962264,31,35,66,66,0,1.0
F013,F046,0.10188679245283017,0.0,0.20339622641509436,0.2516981132075472,0.7460377358490566,31,20,55,51,4,1.0
F013,F047,0.09999999999999998,0.0,0.24867924528301888,0.7256603773584906,0.4420754716981132,31,23,55,54,1,1.0
F013,F048,0.05207547169811322,0.0,0.33698113207547165,0.9328301886792453,0.34641509433962264,31,32,63,63,0,1.0
F013,F049,0.08490566037735847,0.0,0.24188679245283018,0.7256603773584906,0.5615094339622642,31,33,66,64,2,1.0
F013,F050,0.0,0.0,0.14830188679245282,0.8784905660377358,0.09433962264150947,31,27,59,59,0,0.9830508474576272
F013,F051,0.03471698113207544,0.0,0.48226415094339625,0.9328301886792453,0.5615094339622642,31,33,66,64,2,1.0
F013,F052,0.06830188679245286,0.0,0.3584905660377359,0.9328301886792453,0.09433962264150947,31,27,59,59,0,0.9830508474576272
F014,F015,0.9633962264150944,1.0,0.7090566037735849,0.659622641509434,0.4420754716981132,28,23,52,51,1,1.0
F014,F016,0.8781132075471698,0.7058224433035845,0.9471698113207547,0.9864150943396226,0.2888679245283019,28,25,56,54,2,0.9814814814814815
F014,F017,0.9233962264150943,0.854905755095559,0.8626415094339622,0.9864150943396226,0.4420754716981132,28,27,56,55,1,1.0
F014,F018,0.8656603773584906,0.7843564518281836,0.72,0.6003773584905661,0.13622641509433964,28,37,66,66,0,0.9848484848484849
F014,F019,0.7177358490566037,0.6409164160020439,0.6890566037735849,0.3886792452830189,0.34641509433962264,28,44,72,72,0,1.0
F014,F020,0.8252830188679245,0.7058224433035845,0.9667924528301887,0.9864150943396226,0.4420754716981132,28,46,75,74,1,1.0
F014,F021,0.5347169811320756,0.0,0.630943396226415,0.6003773584905661,0.34641509433962264,28,51,79,79,0,1.0
F014,F022,0.7762264150943397,0.7058224433035845,0.8120754716981132,0.8784905660377358,0.4420754716981132,28,46,75,74,1,1.0
F014,F023,0.3679245283018868,0.0,0.23094339622641513,0.07509433962264156,0.2888679245283019,28,25,56,54,2,0.9814814814814815
F014,F024,0.6283018867924528,0.16018035160321933,0.649433962264151,0.3007547169811321,0.5615094339622642,28,29,59,57,2,1.0
F014,F025,0.5509433962264151,0.0,0.7973584905660378,0.659622641509434,0.5615094339622642,28,26,56,54,2,1.0
F014,F026,0.8094339622641509,0.7058224433035845,0.6132075471698113,0.3886792452830189,0.21283018867924525,28,33,63,62,1,0.9838709677419355
F014,F027,0.6550943396226415,0.16018035160321933,0.8883018867924528,0.9592452830188679,0.34641509433962264,28,35,63,63,0,1.0
F014,F028,0.8535849056603774,0.7043643178278647,0.3547169811320755,0.16150943396226414,0.34641509433962264,28,28,56,56,0,1.0
F014,F029,0.5901886792452831,0.16018035160321933,0.6962264150943396,0.659622641509434,0.34641509433962264,28,24,52,52,0,1.0
F014,F030,0.9988679245283019,0.9292451888601003,0.9641509433962264,0.9864150943396226,0.5615094339622642,28,26,56,54,2,1.0
F014,F031,0.40830188679245283,0.0,0.36754716981132074,0.12943396226415094,0.5615094339622642,28,29,59,57,2,1.0
F014,F032,0.3615094339622642,0.0,0.18830188679245285,0.07509433962264156,0.09433962264150947,28,30,59,59,0,0.9830508474576272
F014,F033,0.6799999999999999,0.6409164160020439,0.3852830188679245,0.3007547169811321,0.34641509433962264,28,31,59,59,0,1.0
F014,F034,0.5864150943396227,0.5599331968964188,0.28113207547169816,0.07509433962264156,0.13622641509433964,28,37,66,66,0,0.9848484848484849
F014,F035,0.45547169811320753,0.0,0.24716981132075466,0.07509433962264156,0.27433962264150946,28,21,52,50,2,0.98
F014,F036,0.4777358490566038,0.0,0.7030188679245283,0.659622641509434,0.4420754716981132,28,42,71,70,1,1.0
F014,F037,0.060754716981132106,0.0,0.024150943396226365,0.0022641509433962703,0.34641509433962264,28,28,56,56,0,1.0
F014,F038,0.22754716981132073,0.0,0.2332075471698113,0.12943396226415094,0.34641509433962264,28,31,59,59,0,1.0
F014,F039,0.28943396226415097,0.0,0.4996226415094339,0.459622641509434,0.4420754716981132,28,34,63,62,1,1.0
F014,F040,0.08490566037735847,0.0,0.04377358490566041,0.012830188679245236,0.4420754716981132,28,27,56,55,1,1.0
F014,F041,0.1588679245283019,0.0,0.16000000000000003,0.0252830188679245,0.27433962264150946,28,21,52,50,2,0.98
F014,F042,0.060754716981132106,0.0,0.0184905660377358,0.007547169811320753,0.5615094339622642,28,26,56,54,2,1.0
F014,F043,0.1452830188679245,0.0,0.11433962264150943,0.0252830188679245,0.09433962264150947,28,30,59,59,0,0.9830508474576272
F014,F044,0.11735849056603775,0.0,0.08490566037735847,0.12943396226415094,0.4420754716981132,28,34,63,62,1,1.0
F014,F045,0.18830188679245285,0.0,0.22679245283018867,0.053584905660377324,0.34641509433962264,28,35,63,63,0,1.0
F014,F046,0.36905660377358496,0.0,0.5509433962264151,0.5279245283018867,0.7460377358490566,28,20,52,48,4,1.0
F014,F047,0.3615094339622642,0.0,0.3886792452830189,0.16150943396226414,0.4420754716981132,28,23,52,51,1,1.0
F014,F048,0.2584905660377359,0.0,0.28943396226415097,0.053584905660377324,0.34641509433962264,28,32,60,60,0,1.0
F014,F049,0.3290566037735849,0.0,0.40981132075471693,0.16150943396226414,0.21283018867924525,28,33,63,62,1,0.9838709677419355
F014,F050,0.03471698113207544,0.0,0.0022641509433962703,0.03698113207547171,0.4420754716981132,28,27,56,55,1,1.0
F014,F051,0.19886792452830193,0.0,0.17622641509433967,0.053584905660377324,0.21283018867924525,28,33,63,62,1,0.9838709677419355
F014,F052,0.2841509433962264,0.0,0.2671698113207547,0.053584905660377324,0.4420754716981132,28,27,56,55,1,1.0
F015,F016,0.8833962264150943,0.7058224433035845,0.8573584905660377,0.659622641509434,0.7460377358490566,23,25,52,48,4,1.0
F015,F017,0.860754716981132,0.854905755095559,0.4732075471698113,0.659622641509434,0.5615094339622642,23,27,52,50,2,1.0
F015,F018,0.9109433962264151,0.7843564518281836,0.9909433962264151,0.8784905660377358,0.5615094339622642,23,37,62,60,2,1.0
F015,F019,0.7392452830188679,0.6409164160020439,0.9584905660377359,0.8784905660377358,0.4420754716981132,23,44,68,67,1,1.0
F015,F020,0.8094339622641509,0.7058224433035845,0.6626415094339623,0.659622641509434,0.5615094339622642,23,46,71,69,2,1.0
F015,F021,0.5347169811320756,0.0,0.8573584905660377,0.6003773584905661,0.4420754716981132,23,51,75,74,1,1.0
F015,F022,0.790566037735849,0.7058224433035845,0.9550943396226415,0.8784905660377358,0.5615094339622642,23,46,71,69,2,1.0
F015,F023,0.37283018867924533,0.0,0.3852830188679245,0.3007547169811321,0.7460377358490566,23,25,52,48,4,1.0
F015,F024,0.6373584905660377,0.16018035160321933,0.9286792452830188,0.6003773584905661,0.6722641509433962,23,29,55,52,3,1.0
F015,F025,0.5388679245283019,0.0,0.8166037735849057,0.659622641509434,0.27433962264150946,23,26,52,50,2,0.98
F015,F026,0.8535849056603774,0.7058224433035845,0.9724528301886792,0.8784905660377358,0.6722641509433962,23,33,59,56,3,1.0
F015,F027,0.6486792452830188,0.16018035160321933,0.8573584905660377,0.6003773584905661,0.09433962264150947,23,35,59,59,0,0.9830508474576272
F015,F028,0.949811320754717,0.7043643178278647,0.6890566037735849,0.5279245283018867,0.4420754716981132,23,28,52,51,1,1.0
F015,F029,0.5932075471698113,0.16018035160321933,0.9116981132075471,0.659622641509434,0.4420754716981132,23,24,48,47,1,1.0
F015,F030,0.9369811320754717,0.9292451888601003,0.5860377358490566,0.659622641509434,0.27433962264150946,23,26,52,50,2,0.98
F015,F031,0.40830188679245283,0.0,0.6762264150943396,0.3007547169811321,0.6722641509433962,23,29,55,52,3,1.0
F015,F032,0.37283018867924533,0.0,0.3026415094339623,0.3007547169811321,0.16943396226415092,23,30,55,54,1,0.9814814814814815
F015,F033,0.7218867924528302,0.6409164160020439,0.7415094339622641,0.7766037735849056,0.4420754716981132,23,31,55,54,1,1.0
F015,F034,0.6147169811320754,0.5599331968964188,0.5181132075471698,0.3007547169811321,0.5615094339622642,23,37,62,60,2,1.0
F015,F035,0.4716981132075472,0.0,0.4479245283018868,0.3007547169811321,0.7460377358490566,23,21,48,44,4,1.0
F015,F036,0.4716981132075472,0.0,0.8377358490566038,0.659622641509434,0.23188679245283017,23,42,67,66,1,0.9848484848484849
F015,F037,0.05660377358490565,0.0,0.05433962264150949,0.08754716981132071,0.4420754716981132,23,28,52,51,1,1.0
F015,F038,0.21584905660377363,0.0,0.39924528301886797,0.3007547169811321,0.4420754716981132,23,31,55,54,1,1.0
F015,F039,0.2750943396226415,0.0,0.6249056603773585,0.459622641509434,0.5615094339622642,23,34,59,57,2,1.0
F015,F040,0.0811320754716981,0.0,0.08679245283018866,0.16150943396226414,0.5615094339622642,23,27,52,50,2,1.0
F015,F041,0.14943396226415095,0.0,0.25433962264150944,0.20226415094339623,0.7460377358490566,23,21,48,44,4,1.0
F015,F042,0.058113207547169865,0.0,0.042264150943396195,0.10528301886792457,0.27433962264150946,23,26,52,50,2,0.98
F015,F043,0.1384905660377358,0.0,0.17471698113207546,0.20226415094339623,0.16943396226415092,23,30,55,54,1,0.9814814814814815
F015,F044,0.11207547169811316,0.0,0.13622641509433964,0.3007547169811321,0.5615094339622642,23,34,59,57,2,1.0
F015,F045,0.1758490566037736,0.0,0.37584905660377355,0.2516981132075472,0.09433962264150947,23,35,59,59,0,0.9830508474576272
F015,F046,0.3581132075471698,0.0,0.7090566037735849,0.5279245283018867,0.789622641509434,23,20,48,43,5,1.0
F015,F047,0.3543396226415094,0.0,0.6433962264150943,0.5279245283018867,0.14660377358490562,23,23,48,47,1,0.9787234042553191
F015,F048,0.24792452830188683,0.0,0.4996226415094339,0.2516981132075472,0.4420754716981132,23,32,56,55,1,1.0
F015,F049,0.32150943396226417,0.0,0.6211320754716981,0.5279245283018867,0.6722641509433962,23,33,59,56,3,1.0
F015,F050,0.0320754716981132,0.0,0.009811320754717023,0.18452830188679248,0.5615094339622642,23,27,52,50,2,1.0
F015,F051,0.1924528301886792,0.0,0.28113207547169816,0.2516981132075472,0.6722641509433962,23,33,59,56,3,1.0
F015,F052,0.2788679245283019,0.0,0.49283018867924533,0.2516981132075472,0.5615094339622642,23,27,52,50,2,1.0
F016,F017,0.9584905660377359,0.8509166882080255,0.7143396226415094,0.9864150943396226,0.7460377358490566,25,27,56,52,4,1.0
F016,F018,0.9916981132075472,0.9214659914754009,0.8694339622641509,0.6003773584905661,0.7460377358490566,25,37,66,62,4,1.0
F016,F019,0.9158490566037736,0.7937898582911843,0.8377358490566038,0.3886792452830189,0.6722641509433962,25,44,72,69,3,1.0
F016,F020,0.9833962264150944,1.0,0.9226415094339623,0.9864150943396226,0.7460377358490566,25,46,75,71,4,1.0
F016,F021,0.689811320754717,0.07853400852459914,0.7860377358490566,0.6003773584905661,0.6722641509433962,25,51,79,76,3,1.0
F016,F022,0.9694339622641509,1.0,0.9513207547169811,0.8784905660377358,0.7460377358490566,25,46,75,71,4,1.0
F016,F023,0.5045283018867924,0.07853400852459914,0.2724528301886793,0.07509433962264156,0.8047169811320755,25,25,56,50,6,1.0
F016,F024,0.8026415094339623,0.23871436012781846,0.8026415094339623,0.3007547169811321,0.789622641509434,25,29,59,54,5,1.0
F016,F025,0.6973584905660377,0.07853400852459914,0.9226415094339623,0.659622641509434,0.789622641509434,25,26,56,51,5,1.0
F016,F026,0.9739622641509434,1.0,0.7656603773584906,0.3886792452830189,0.4939622641509434,25,33,63,59,4,0.9830508474576272
F016,F027,0.8226415094339623,0.23871436012781846,0.9724528301886792,0.9592452830188679,0.6722641509433962,25,35,63,60,3,1.0
F016,F028,0.7686792452830189,0.4807360643988245,0.45358490566037735,0.16150943396226414,0.2888679245283019,25,28,56,54,2,0.9814814814814815
F016,F029,0.7532075471698113,0.23871436012781846,0.8456603773584905,0.659622641509434,0.27433962264150946,25,24,52,50,2,0.98
F016,F030,0.9158490566037736,0.7765772544434841,0.8377358490566038,0.9864150943396226,0.789622641509434,25,26,56,51,5,1.0
F016,F031,0.5509433962264151,0.07853400852459914,0.48226415094339625,0.12943396226415094,0.789622641509434,25,29,59,54,5,1.0
F016,F032,0.500754716981132,0.07853400852459914,0.22415094339622643,0.07509433962264156,0.7460377358490566,25,30,59,55,4,1.0
F016,F033,0.8573584905660377,0.7937898582911843,0.4996226415094339,0.3007547169811321,0.6722641509433962,25,31,59,56,3,1.0
F016,F034,0.7483018867924529,0.7128066391855593,0.3426415094339622,0.07509433962264156,0.7460377358490566,25,37,66,62,4,1.0
F016,F035,0.6075471698113207,0.07853400852459914,0.30679245283018863,0.07509433962264156,0.4941509433962264,25,21,52,47,5,0.9787234042553191
F016,F036,0.6203773584905661,0.07853400852459914,0.8215094339622642,0.659622641509434,0.7460377358490566,25,42,71,67,4,1.0
F016,F037,0.10415094339622644,0.0,0.032830188679245254,0.0022641509433962703,0.2888679245283019,25,28,56,54,2,0.9814814814814815
F016,F038,0.3173584905660377,0.0,0.28113207547169816,0.12943396226415094,0.6722641509433962,25,31,59,56,3,1.0
F016,F039,0.38792452830188684,0.0,0.6079245283018868,0.459622641509434,0.7460377358490566,25,34,63,59,4,1.0
F016,F040,0.1384905660377358,0.0,0.05962264150943397,0.012830188679245236,0.7460377358490566,25,27,56,52,4,1.0
F016,F041,0.23245283018867924,0.0,0.19396226415094342,0.0252830188679245,0.4941509433962264,25,21,52,47,5,0.9787234042553191
F016,F042,0.10528301886792457,0.0,0.026037735849056554,0.007547169811320753,0.789622641509434,25,26,56,51,5,1.0
F016,F043,0.21320754716981127,0.0,0.1316981132075472,0.0252830188679245,0.7460377358490566,25,30,59,55,4,1.0
F016,F044,0.17924528301886788,0.0,0.10377358490566035,0.12943396226415094,0.7460377358490566,25,34,63,59,4,1.0
F016,F045,0.26415094339622647,0.0,0.2671698113207547,0.053584905660377324,0.6722641509433962,25,35,63,60,3,1.0
F016,F046,0.4966037735849057,0.0,0.6822641509433962,0.5279245283018867,0.48754716981132074,25,20,52,47,5,0.9574468085106383
F016,F047,0.49094339622641514,0.0,0.5049056603773585,0.16150943396226414,0.7460377358490566,25,23,52,48,4,1.0
F016,F048,0.3543396226415094,0.0,0.35245283018867923,0.053584905660377324,0.6722641509433962,25,32,60,57,3,1.0
F016,F049,0.44528301886792454,0.0,0.5313207547169811,0.16150943396226414,0.4939622641509434,25,33,63,59,4,0.9830508474576272
F016,F050,0.06679245283018864,0.0,0.004150943396226459,0.03698113207547171,0.7460377358490566,25,27,56,52,4,1.0
F016,F051,0.28113207547169816,0.0,0.21132075471698109,0.053584905660377324,0.4939622641509434,25,33,63,59,4,0.9830508474576272
F016,F052,0.3935849056603774,0.0,0.3275471698113207,0.053584905660377324,0.7460377358490566,25,27,56,52,4,1.0
F017,F018,0.9030188679245283,0.9294506967326246,0.48226415094339625,0.6003773584905661,0.5615094339622642,27,37,66,64,2,1.0
F017,F019,0.8200000000000001,0.7152558497665851,0.459622641509434,0.3886792452830189,0.4420754716981132,27,44,72,71,1,1.0
F017,F020,0.9584905660377359,0.8509166882080255,0.9060377358490566,0.9864150943396226,0.5615094339622642,27,46,75,73,2,1.0
F017,F021,0.6486792452830188,0.0,0.42000000000000004,0.6003773584905661,0.4420754716981132,27,51,79,78,1,1.0
F017,F022,0.8781132075471698,0.8509166882080255,0.5611320754716982,0.8784905660377358,0.5615094339622642,27,46,75,73,2,1.0
F017,F023,0.4581132075471698,0.0,0.17320754716981135,0.07509433962264156,0.7460377358490566,27,25,56,52,4,1.0
F017,F024,0.7335849056603774,0.16018035160321933,0.4286792452830188,0.3007547169811321,0.6722641509433962,27,29,59,56,3,1.0
F017,F025,0.6664150943396226,0.0,0.6377358490566039,0.659622641509434,0.2888679245283019,27,26,56,54,2,0.9814814814814815
F017,F026,0.860754716981132,0.8509166882080255,0.40452830188679245,0.3886792452830189,0.6722641509433962,27,33,63,60,3,1.0
F017,F027,0.7811320754716982,0.16018035160321933,0.7143396226415094,0.9592452830188679,0.4420754716981132,27,35,63,62,1,1.0
F017,F028,0.7392452830188679,0.5592700729234237,0.25433962264150944,0.16150943396226414,0.4420754716981132,27,28,56,55,1,1.0
F017,F029,0.6973584905660377,0.16018035160321933,0.4660377358490566,0.659622641509434,0.4420754716981132,27,24,52,51,1,1.0
F017,F030,0.9739622641509434,0.9256605662354588,0.9569811320754718,0.9864150943396226,0.2888679245283019,27,26,56,54,2,0.9814814814814815
F017,F031,0.5075471698113208,0.0,0.2656603773584906,0.12943396226415094,0.6722641509433962,27,29,59,56,3,1.0
F017,F032,0.44528301886792454,0.0,0.1433962264150943,0.07509433962264156,0.5615094339622642,27,30,59,57,2,1.0
F017,F033,0.7532075471698113,0.7152558497665851,0.2750943396226415,0.3007547169811321,0.09433962264150947,27,31,59,59,0,0.9830508474576272
F017,F034,0.6581132075471698,0.6342726306609602,0.21320754716981127,0.07509433962264156,0.5615094339622642,27,37,66,64,2,1.0
F017,F035,0.5460377358490567,0.0,0.19056603773584901,0.07509433962264156,0.7460377358490566,27,21,52,48,4,1.0
F017,F036,0.5932075471698113,0.0,0.4766037735849057,0.659622641509434,0.5615094339622642,27,42,71,69,2,1.0
F017,F037,0.09396226415094344,0.0,0.011698113207547212,0.0022641509433962703,0.4420754716981132,27,28,56,55,1,1.0
F017,F038,0.2984905660377358,0.0,0.17811320754716986,0.12943396226415094,0.09433962264150947,27,31,59,59,0,0.9830508474576272
F017,F039,0.3815094339622641,0.0,0.3815094339622641,0.459622641509434,0.21283018867924525,27,34,63,62,1,0.9838709677419355
F017,F040,0.12566037735849056,0.0,0.02716981132075469,0.012830188679245236,0.5615094339622642,27,27,56,54,2,1.0
F017,F041,0.22075471698113203,0.0,0.1215094339622641,0.0252830188679245,0.7460377358490566,27,21,52,48,4,1.0
F017,F042,0.09396226415094344,0.0,0.0067924528301887,0.007547169811320753,0.2888679245283019,27,26,56,54,2,0.9814814814814815
F017,F043,0.20226415094339623,0.0,0.08301886792452828,0.0252830188679245,0.5615094339622642,27,30,59,57,2,1.0
F017,F044,0.1690566037735849,0.0,0.058113207547169865,0.12943396226415094,0.21283018867924525,27,34,63,62,1,0.9838709677419355
F017,F045,0.2554716981132076,0.0,0.16943396226415097,0.053584905660377324,0.4420754716981132,27,35,63,62,1,1.0
F017,F046,0.4716981132075472,0.0,0.3584905660377359,0.5279245283018867,0.789622641509434,27,20,52,47,5,1.0
F017,F047,0.459622641509434,0.0,0.2769811320754717,0.16150943396226414,0.5615094339622642,27,23,52,50,2,1.0
F017,F048,0.33886792452830183,0.0,0.21735849056603773,0.053584905660377324,0.4420754716981132,27,32,60,59,1,1.0
F017,F049,0.4241509433962264,0.0,0.28943396226415097,0.16150943396226414,0.6722641509433962,27,33,63,60,3,1.0
F017,F050,0.058113207547169865,0.0,0.0,0.03698113207547171,0.5615094339622642,27,27,56,54,2,1.0
F017,F051,0.2686792452830189,0.0,0.13622641509433964,0.053584905660377324,0.6722641509433962,27,33,63,60,3,1.0
F017,F052,0.370188679245283,0.0,0.20339622641509436,0.053584905660377324,0.5615094339622642,27,27,56,54,2,1.0
F018,F019,0.8984905660377358,0.7152558497665851,0.9845283018867924,0.659622641509434,0.4420754716981132,37,44,82,81,1,1.0
F018,F020,0.9324528301886792,0.9214659914754009,0.6709433962264151,0.6003773584905661,0.5615094339622642,37,46,85,83,2,1.0
F018,F021,0.6664150943396226,0.0,0.9116981132075471,0.42188679245283023,0.4420754716981132,37,51,89,88,1,1.0
F018,F022,0.9535849056603773,0.9214659914754009,0.9743396226415094,0.7256603773584906,0.5615094339622642,37,46,85,83,2,1.0
F018,F023,0.49094339622641514,0.0,0.37584905660377355,0.16150943396226414,0.7460377358490566,37,25,66,62,4,1.0
F018,F024,0.7845283018867925,0.16018035160321933,0.9550943396226415,0.8350943396226416,0.6722641509433962,37,29,69,66,3,1.0
F018,F025,0.6622641509433962,0.0,0.8796226415094339,0.459622641509434,0.6722641509433962,37,26,66,63,3,1.0
F018,F026,0.9988679245283019,0.9214659914754009,0.9724528301886792,0.659622641509434,0.6722641509433962,37,33,73,70,3,1.0
F018,F027,0.7845283018867925,0.16018035160321933,0.8694339622641509,0.5279245283018867,0.4420754716981132,37,35,73,72,1,1.0
F018,F028,0.8150943396226416,0.5592700729234237,0.6762264150943396,0.3007547169811321,0.13622641509433964,37,28,66,66,0,0.9848484848484849
F018,F029,0.7271698113207548,0.16018035160321933,0.9471698113207547,0.459622641509434,0.11716981132075471,37,24,62,62,0,0.9838709677419355
F018,F030,0.890188679245283,0.8551112629680833,0.5984905660377359,0.6003773584905661,0.6722641509433962,37,26,66,63,3,1.0
F018,F031,0.5215094339622641,0.0,0.7143396226415094,0.5279245283018867,0.6722641509433962,37,29,69,66,3,1.0
F018,F032,0.49094339622641514,0.0,0.2988679245283019,0.16150943396226414,0.5615094339622642,37,30,69,67,2,1.0
F018,F033,0.8781132075471698,0.7152558497665851,0.7339622641509433,0.5279245283018867,0.4420754716981132,37,31,69,68,1,1.0
F018,F034,0.7588679245283019,0.6342726306609602,0.5094339622641509,0.16150943396226414,0.5615094339622642,37,37,76,74,2,1.0
F018,F035,0.6018867924528302,0.0,0.43849056603773584,0.16150943396226414,0.420188679245283,37,21,62,59,3,0.9830508474576272
F018,F036,0.5966037735849057,0.0,0.8943396226415095,0.459622641509434,0.5615094339622642,37,42,81,79,2,1.0
F018,F037,0.0928301886792453,0.0,0.05207547169811322,0.016981132075471694,0.13622641509433964,37,28,66,66,0,0.9848484848484849
F018,F038,0.2916981132075471,0.0,0.3932075471698113,0.35056603773584905,0.4420754716981132,37,31,69,68,1,1.0
F018,F039,0.3581132075471698,0.0,0.6762264150943396,0.35056603773584905,0.5615094339622642,37,34,73,71,2,1.0
F018,F040,0.12566037735849056,0.0,0.08490566037735847,0.07509433962264156,0.5615094339622642,37,27,66,64,2,1.0
F018,F041,0.2075471698113207,0.0,0.24867924528301888,0.09320754716981128,0.420188679245283,37,21,62,59,3,0.9830508474576272
F018,F042,0.09547169811320755,0.0,0.04075471698113209,0.03698113207547171,0.6722641509433962,37,26,66,63,3,1.0
F018,F043,0.19886792452830193,0.0,0.17132075471698116,0.09320754716981128,0.5615094339622642,37,30,69,67,2,1.0
F018,F044,0.1671698113207547,0.0,0.1332075471698113,0.35056603773584905,0.5615094339622642,37,34,73,71,2,1.0
F018,F045,0.24226415094339626,0.0,0.36754716981132074,0.12943396226415094,0.4420754716981132,37,35,73,72,1,1.0
F018,F046,0.46566037735849053,0.0,0.7588679245283019,0.3886792452830189,0.789622641509434,37,20,62,57,5,1.0
F018,F047,0.46188679245283015,0.0,0.6962264150943396,0.3007547169811321,0.5615094339622642,37,23,62,60,2,1.0
F018,F048,0.33169811320754716,0.0,0.5256603773584906,0.12943396226415094,0.4420754716981132,37,32,70,69,1,1.0
F018,F049,0.4207547169811321,0.0,0.6709433962264151,0.3007547169811321,0.6722641509433962,37,33,73,70,3,1.0
F018,F050,0.05962264150943397,0.0,0.008301886792452806,0.10528301886792457,0.5615094339622642,37,27,66,64,2,1.0
F018,F051,0.26415094339622647,0.0,0.2769811320754717,0.12943396226415094,0.6722641509433962,37,33,73,70,3,1.0
F018,F052,0.370188679245283,0.0,0.48226415094339625,0.12943396226415094,0.5615094339622642,37,27,66,64,2,1.0
F019,F020,0.9324528301886792,0.7937898582911843,0.649433962264151,0.3886792452830189,0.4420754716981132,44,46,91,90,1,1.0
F019,F021,0.8226415094339623,0.21419484696603946,0.9584905660377359,0.8350943396226416,0.34641509433962264,44,51,95,95,0,1.0
F019,F022,0.9966037735849057,0.7937898582911843,0.9611320754716981,0.659622641509434,0.4420754716981132,44,46,91,90,1,1.0
F019,F023,0.6283018867924528,0.07853400852459914,0.3969811320754717,0.5279245283018867,0.6722641509433962,44,25,72,69,3,1.0
F019,F024,0.9566037735849057,0.3743751985692588,0.9909433962264151,0.7256603773584906,0.5615094339622642,44,29,75,73,2,1.0
F019,F025,0.8094339622641509,0.21419484696603946,0.9166037735849056,0.8784905660377358,0.5615094339622642,44,26,72,70,2,1.0
F019,F026,0.949811320754717,0.7937898582911843,0.9845283018867924,0.9864150943396226,0.24301886792452826,44,33,79,78,1,0.9871794871794872
F019,F027,0.9415094339622642,0.3743751985692588,0.8377358490566038,0.35056603773584905,0.34641509433962264,44,35,79,79,0,1.0
F019,F028,0.6581132075471698,0.4807360643988245,0.7090566037735849,0.7766037735849056,0.34641509433962264,44,28,72,72,0,1.0
F019,F029,0.8935849056603774,0.3743751985692588,0.9845283018867924,0.8784905660377358,0.34641509433962264,44,24,68,68,0,1.0
F019,F030,0.7641509433962264,0.6409164160020439,0.5686792452830189,0.3886792452830189,0.5615094339622642,44,26,72,70,2,1.0
F019,F031,0.6664150943396226,0.07853400852459914,0.7384905660377359,0.42188679245283023,0.5615094339622642,44,29,75,73,2,1.0
F019,F032,0.6245283018867924,0.07853400852459914,0.3109433962264151,0.5279245283018867,0.4420754716981132,44,30,75,74,1,1.0
F019,F033,0.9739622641509434,1.0,0.7588679245283019,0.9328301886792453,0.34641509433962264,44,31,75,75,0,1.0
F019,F034,0.8935849056603774,0.919016780894375,0.5313207547169811,0.5279245283018867,0.4420754716981132,44,37,82,81,1,1.0
F019,F035,0.7433962264150944,0.07853400852459914,0.459622641509434,0.5279245283018867,0.35132075471698115,44,21,68,66,2,0.9848484848484849
F019,F036,0.7335849056603774,0.07853400852459914,0.9471698113207547,0.8784905660377358,0.4420754716981132,44,42,87,86,1,1.0
F019,F037,0.1505660377358491,0.0,0.05698113207547173,0.18452830188679248,0.34641509433962264,44,28,72,72,0,1.0
F019,F038,0.3935849056603774,0.0,0.40981132075471693,0.42188679245283023,0.34641509433962264,44,31,75,75,0,1.0
F019,F039,0.4683018867924529,0.0,0.7588679245283019,0.7256603773584906,0.4420754716981132,44,34,79,78,1,1.0
F019,F040,0.1924528301886792,0.0,0.08905660377358493,0.3007547169811321,0.4420754716981132,44,27,72,71,1,1.0
F019,F041,0.28943396226415097,0.0,0.2584905660377359,0.3886792452830189,0.35132075471698115,44,21,68,66,2,0.9848484848484849
F019,F042,0.15433962264150947,0.0,0.04528301886792452,0.2245283018867924,0.5615094339622642,44,26,72,70,2,1.0
F019,F043,0.2788679245283019,0.0,0.17811320754716986,0.3886792452830189,0.4420754716981132,44,30,75,74,1,1.0
F019,F044,0.24,0.0,0.13811320754716983,0.42188679245283023,0.4420754716981132,44,34,79,78,1,1.0
F019,F045,0.3290566037735849,0.0,0.3886792452830189,0.459622641509434,0.34641509433962264,44,35,79,79,0,1.0
F019,F046,0.5992452830188679,0.0,0.8283018867924529,0.7766037735849056,0.7460377358490566,44,20,68,64,4,1.0
F019,F047,0.5992452830188679,0.0,0.7615094339622641,0.7766037735849056,0.4420754716981132,44,23,68,67,1,1.0
F019,F048,0.4407547169811321,0.0,0.5509433962264151,0.459622641509434,0.34641509433962264,44,32,76,76,0,1.0
F019,F049,0.5460377358490567,0.0,0.7539622641509434,0.7766037735849056,0.24301886792452826,44,33,79,78,1,0.9871794871794872
F019,F050,0.10188679245283017,0.0,0.011698113207547212,0.35056603773584905,0.4420754716981132,44,27,72,71,1,1.0
F019,F051,0.3615094339622642,0.0,0.28830188679245283,0.459622641509434,0.24301886792452826,44,33,79,78,1,0.9871794871794872
F019,F052,0.4932075471698113,0.0,0.5049056603773585,0.459622641509434,0.4420754716981132,44,27,72,71,1,1.0
F020,F021,0.7392452830188679,0.07853400852459914,0.5920754716981131,0.6003773584905661,0.4420754716981132,46,51,98,97,1,1.0
F020,F022,0.9739622641509434,1.0,0.7709433962264151,0.8784905660377358,0.5615094339622642,46,46,94,92,2,1.0
F020,F023,0.5418867924528301,0.07853400852459914,0.22075471698113203,0.07509433962264156,0.7460377358490566,46,25,75,71,4,1.0
F020,F024,0.8418867924528302,0.23871436012781846,0.6079245283018868,0.3007547169811321,0.6722641509433962,46,29,78,75,3,1.0
F020,F025,0.7588679245283019,0.07853400852459914,0.8456603773584905,0.659622641509434,0.6722641509433962,46,26,75,72,3,1.0
F020,F026,0.9283018867924528,1.0,0.5686792452830189,0.3886792452830189,0.6722641509433962,46,33,82,79,3,1.0
F020,F027,0.8871698113207547,0.23871436012781846,0.9226415094339623,0.9592452830188679,0.4420754716981132,46,35,82,81,1,1.0
F020,F028,0.6973584905660377,0.4807360643988245,0.33698113207547165,0.16150943396226414,0.4420754716981132,46,28,75,74,1,1.0
F020,F029,0.7984905660377358,0.23871436012781846,0.6543396226415095,0.659622641509434,0.4420754716981132,46,24,71,70,1,1.0
F020,F030,0.8781132075471698,0.7765772544434841,0.9694339622641509,0.9864150943396226,0.6722641509433962,46,26,75,72,3,1.0
F020,F031,0.5966037735849057,0.07853400852459914,0.35245283018867923,0.12943396226415094,0.6722641509433962,46,29,78,75,3,1.0
F020,F032,0.5275471698113208,0.07853400852459914,0.1822641509433962,0.07509433962264156,0.5615094339622642,46,30,78,76,2,1.0
F020,F033,0.8483018867924528,0.7937898582911843,0.3584905660377359,0.3007547169811321,0.14735849056603773,46,31,78,78,0,0.9871794871794872
F020,F034,0.7532075471698113,0.7128066391855593,0.2637735849056604,0.07509433962264156,0.5615094339622642,46,37,85,83,2,1.0
F020,F035,0.6373584905660377,0.07853400852459914,0.23886792452830186,0.07509433962264156,0.7460377358490566,46,21,71,67,4,1.0
F020,F036,0.6750943396226415,0.07853400852459914,0.6656603773584906,0.659622641509434,0.5615094339622642,46,42,90,88,2,1.0
F020,F037,0.12188679245283018,0.0,0.02264150943396226,0.0022641509433962703,0.4420754716981132,46,28,75,74,1,1.0
F020,F038,0.3513207547169811,0.0,0.22415094339622643,0.12943396226415094,0.14735849056603773,46,31,78,78,0,0.9871794871794872
F020,F039,0.4358490566037736,0.0,0.5464150943396227,0.459622641509434,0.5615094339622642,46,34,82,80,2,1.0
F020,F040,0.1622641509433962,0.0,0.03849056603773582,0.012830188679245236,0.5615094339622642,46,27,75,73,2,1.0
F020,F041,0.2622641509433963,0.0,0.1569811320754717,0.0252830188679245,0.7460377358490566,46,21,71,67,4,1.0
F020,F042,0.12339622641509429,0.0,0.01584905660377356,0.007547169811320753,0.6722641509433962,46,26,75,72,3,1.0
F020,F043,0.24566037735849056,0.0,0.10830188679245278,0.0252830188679245,0.5615094339622642,46,30,78,76,2,1.0
F020,F044,0.20528301886792455,0.0,0.07886792452830194,0.12943396226415094,0.5615094339622642,46,34,82,80,2,1.0
F020,F045,0.2984905660377358,0.0,0.21811320754716979,0.053584905660377324,0.4420754716981132,46,35,82,81,1,1.0
F020,F046,0.5460377358490567,0.0,0.5135849056603774,0.5279245283018867,0.789622641509434,46,20,71,66,5,1.0
F020,F047,0.5347169811320756,0.0,0.3618867924528302,0.16150943396226414,0.5615094339622642,46,23,71,69,2,1.0
F020,F048,0.3969811320754717,0.0,0.2724528301886793,0.053584905660377324,0.4420754716981132,46,32,79,78,1,1.0
F020,F049,0.4966037735849057,0.0,0.3815094339622641,0.16150943396226414,0.6722641509433962,46,33,82,79,3,1.0
F020,F050,0.07962264150943399,0.0,0.0015094339622641062,0.03698113207547171,0.5615094339622642,46,27,75,73,2,1.0
F020,F051,0.319622641509434,0.0,0.16641509433962265,0.053584905660377324,0.6722641509433962,46,33,82,79,3,1.0
F020,F052,0.4358490566037736,0.0,0.2513207547169811,0.053584905660377324,0.5615094339622642,46,27,75,73,2,1.0
F021,F022,0.7811320754716982,0.07853400852459914,0.9286792452830188,0.8350943396226416,0.4420754716981132,51,46,98,97,1,1.0
F021,F023,0.8279245283018868,0.7937898582911843,0.4320754716981132,0.35056603773584905,0.6722641509433962,51,25,79,76,3,1.0
F021,F024,0.949811320754717,0.8398196483967807,0.9883018867924528,0.5279245283018867,0.5615094339622642,51,29,82,80,2,1.0
F021,F025,0.9916981132075472,1.0,0.8573584905660377,0.9592452830188679,0.24301886792452826,51,26,79,78,1,0.9871794871794872
F021,F026,0.7060377358490566,0.07853400852459914,0.940377358490566,0.8350943396226416,0.5615094339622642,51,33,86,84,2,1.0
F021,F027,0.9283018867924528,0.8398196483967807,0.7860377358490566,0.5279245283018867,0.34641509433962264,51,35,86,86,0,1.0
F021,F028,0.46188679245283015,0.0,0.7539622641509434,0.6003773584905661,0.34641509433962264,51,28,79,79,0,1.0
F021,F029,0.9916981132075472,0.8398196483967807,0.9909433962264151,0.9592452830188679,0.34641509433962264,51,24,75,75,0,1.0
F021,F030,0.5762264150943397,0.0,0.5256603773584906,0.6003773584905661,0.24301886792452826,51,26,79,78,1,0.9871794871794872
F021,F031,0.8984905660377358,0.7937898582911843,0.7916981132075471,0.2516981132075472,0.5615094339622642,51,29,82,80,2,1.0
F021,F032,0.8094339622641509,0.7937898582911843,0.33358490566037735,0.35056603773584905,0.4420754716981132,51,30,82,81,1,1.0
F021,F033,0.790566037735849,0.21419484696603946,0.8120754716981132,0.8350943396226416,0.34641509433962264,51,31,82,82,0,1.0
F021,F034,0.8418867924528302,0.29517806607166447,0.5739622641509434,0.35056603773584905,0.4420754716981132,51,37,89,88,1,1.0
F021,F035,0.9109433962264151,0.7937898582911843,0.5094339622641509,0.35056603773584905,0.6722641509433962,51,21,75,72,3,1.0
F021,F036,0.9660377358490566,0.8643391615585597,0.9845283018867924,0.9592452830188679,0.4420754716981132,51,42,94,93,1,1.0
F021,F037,0.25283018867924534,0.16196643821125,0.06188679245283024,0.09320754716981128,0.34641509433962264,51,28,79,79,0,1.0
F021,F038,0.580754716981132,0.4031300089200943,0.4479245283018868,0.35056603773584905,0.34641509433962264,51,31,82,82,0,1.0
F021,F039,0.6550943396226415,0.4031300089200943,0.8833962264150943,0.9328301886792453,0.4420754716981132,51,34,86,85,1,1.0
F021,F040,0.31169811320754715,0.16196643821125,0.09433962264150941,0.18452830188679248,0.4420754716981132,51,27,79,78,1,1.0
F021,F041,0.44528301886792454,0.3239328764225,0.28490566037735854,0.2245283018867924,0.6722641509433962,51,21,75,72,3,1.0
F021,F042,0.26075471698113206,0.16196643821125,0.049056603773584895,0.12943396226415094,0.24301886792452826,51,26,79,78,1,0.9871794871794872
F021,F043,0.43018867924528303,0.3239328764225,0.18830188679245285,0.2245283018867924,0.4420754716981132,51,30,82,81,1,1.0
F021,F044,0.3766037735849057,0.3239328764225,0.14566037735849058,0.35056603773584905,0.4420754716981132,51,34,86,85,1,1.0
F021,F045,0.4966037735849057,0.3239328764225,0.4252830188679245,0.3007547169811321,0.34641509433962264,51,35,86,86,0,1.0
F021,F046,0.8094339622641509,0.4031300089200943,0.9471698113207547,0.9592452830188679,0.7460377358490566,51,20,75,71,4,1.0
F021,F047,0.8181132075471698,0.4031300089200943,0.8166037735849057,0.6003773584905661,0.4420754716981132,51,23,75,74,1,1.0
F021,F048,0.6328301886792453,0.4031300089200943,0.5984905660377359,0.3007547169811321,0.34641509433962264,51,32,83,83,0,1.0
F021,F049,0.7532075471698113,0.4031300089200943,0.8456603773584905,0.6003773584905661,0.5615094339622642,51,33,86,84,2,1.0
F021,F050,0.18830188679245285,0.16196643821125,0.014339622641509453,0.2516981132075472,0.4420754716981132,51,27,79,78,1,1.0
F021,F051,0.5347169811320756,0.3239328764225,0.30679245283018863,0.3007547169811321,0.5615094339622642,51,33,86,84,2,1.0
F021,F052,0.689811320754717,0.4031300089200943,0.5532075471698112,0.3007547169811321,0.4420754716981132,51,27,79,78,1,1.0
F022,F023,0.5864150943396227,0.07853400852459914,0.3309433962264151,0.16150943396226414,0.7460377358490566,46,25,75,71,4,1.0
F022,F024,0.9030188679245283,0.23871436012781846,0.940377358490566,0.42188679245283023,0.6722641509433962,46,29,78,75,3,1.0
F022,F025,0.7762264150943397,0.07853400852459914,0.9433962264150944,0.8784905660377358,0.6722641509433962,46,26,75,72,3,1.0
F022,F026,0.9773584905660377,1.0,0.9166037735849056,0.659622641509434,0.6722641509433962,46,33,82,79,3,1.0
F022,F027,0.9064150943396226,0.23871436012781846,0.9513207547169811,0.8350943396226416,0.4420754716981132,46,35,82,81,1,1.0
F022,F028,0.6973584905660377,0.4807360643988245,0.5800000000000001,0.3007547169811321,0.4420754716981132,46,28,75,74,1,1.0
F022,F029,0.8418867924528302,0.23871436012781846,0.9550943396226415,0.8784905660377358,0.4420754716981132,46,24,71,70,1,1.0
F022,F030,0.8150943396226416,0.7765772544434841,0.6962264150943396,0.8784905660377358,0.6722641509433962,46,26,75,72,3,1.0
F022,F031,0.6203773584905661,0.07853400852459914,0.6132075471698113,0.20226415094339623,0.6722641509433962,46,29,78,75,3,1.0
F022,F032,0.5762264150943397,0.07853400852459914,0.26113207547169814,0.16150943396226414,0.5615094339622642,46,30,78,76,2,1.0
F022,F033,0.9460377358490566,0.7937898582911843,0.630943396226415,0.5279245283018867,0.14735849056603773,46,31,78,78,0,0.9871794871794872
F022,F034,0.8362264150943396,0.7128066391855593,0.4286792452830188,0.16150943396226414,0.5615094339622642,46,37,85,83,2,1.0
F022,F035,0.689811320754717,0.07853400852459914,0.37056603773584906,0.16150943396226414,0.7460377358490566,46,21,71,67,4,1.0
F022,F036,0.6973584905660377,0.07853400852459914,0.9116981132075471,0.8784905660377358,0.5615094339622642,46,42,90,88,2,1.0
F022,F037,0.13132075471698113,0.0,0.04377358490566041,0.016981132075471694,0.4420754716981132,46,28,75,74,1,1.0
F022,F038,0.3679245283018868,0.0,0.3392452830188679,0.20226415094339623,0.14735849056603773,46,31,78,78,0,0.9871794871794872
F022,F039,0.4407547169811321,0.0,0.6962264150943396,0.7256603773584906,0.5615094339622642,46,34,82,80,2,1.0
F022,F040,0.1724528301886793,0.0,0.07396226415094342,0.07509433962264156,0.5615094339622642,46,27,75,73,2,1.0
F022,F041,0.2686792452830189,0.0,0.23094339622641513,0.09320754716981128,0.7460377358490566,46,21,71,67,4,1.0
F022,F042,0.13584905660377355,0.0,0.035094339622641524,0.03698113207547171,0.6722641509433962,46,26,75,72,3,1.0
F022,F043,0.2554716981132076,0.0,0.15396226415094338,0.09320754716981128,0.5615094339622642,46,30,78,76,2,1.0
F022,F044,0.21849056603773587,0.0,0.11924528301886794,0.20226415094339623,0.5615094339622642,46,34,82,80,2,1.0
F022,F045,0.3075471698113208,0.0,0.3241509433962264,0.12943396226415094,0.4420754716981132,46,35,82,81,1,1.0
F022,F046,0.5618867924528301,0.0,0.7709433962264151,0.7766037735849056,0.789622641509434,46,20,71,66,5,1.0
F022,F047,0.5569811320754716,0.0,0.6377358490566039,0.3007547169811321,0.5615094339622642,46,23,71,69,2,1.0
F022,F048,0.4116981132075471,0.0,0.4437735849056603,0.12943396226415094,0.4420754716981132,46,32,79,78,1,1.0
F022,F049,0.5105660377358491,0.0,0.6656603773584906,0.3007547169811321,0.6722641509433962,46,33,82,79,3,1.0
F022,F050,0.08716981132075474,0.0,0.006037735849056647,0.10528301886792457,0.5615094339622642,46,27,75,73,2,1.0
F022,F051,0.33169811320754716,0.0,0.24188679245283018,0.12943396226415094,0.6722641509433962,46,33,82,79,3,1.0
F022,F052,0.4581132075471698,0.0,0.40981132075471693,0.12943396226415094,0.5615094339622642,46,27,75,73,2,1.0
F023,F024,0.730566037735849,0.633609506687965,0.42301886792452825,0.20226415094339623,0.789622641509434,25,29,59,54,5,1.0
F023,F025,0.7943396226415094,0.7937898582911843,0.2988679245283019,0.3007547169811321,0.789622641509434,25,26,56,51,5,1.0
F023,F026,0.5275471698113208,0.07853400852459914,0.4479245283018868,0.5279245283018867,0.4939622641509434,25,33,63,59,4,0.9830508474576272
F023,F027,0.689811320754717,0.633609506687965,0.2724528301886793,0.053584905660377324,0.6722641509433962,25,35,63,60,3,1.0
F023,F028,0.3237735849056603,0.0,0.6822641509433962,0.7766037735849056,0.2888679245283019,25,28,56,54,2,0.9814814814814815
F023,F029,0.7762264150943397,0.633609506687965,0.3932075471698113,0.3007547169811321,0.27433962264150946,25,24,52,50,2,0.98
F023,F030,0.3969811320754717,0.0,0.20075471698113212,0.07509433962264156,0.789622641509434,25,26,56,51,5,1.0
F023,F031,0.9694339622641509,1.0,0.7283018867924529,0.659622641509434,0.789622641509434,25,29,59,54,5,1.0
F023,F032,0.9988679245283019,1.0,0.9350943396226415,0.9864150943396226,0.7460377358490566,25,30,59,55,4,1.0
F023,F033,0.6245283018867924,0.07853400852459914,0.7090566037735849,0.659622641509434,0.6722641509433962,25,31,59,56,3,1.0
F023,F034,0.7177358490566037,0.15951722763022413,0.9226415094339623,0.9864150943396226,0.7460377358490566,25,37,66,62,4,1.0
F023,F035,0.9233962264150943,1.0,0.9762264150943396,0.9864150943396226,0.4941509433962264,25,21,52,47,5,0.9787234042553191
F023,F036,0.8656603773584906,0.9294506967326246,0.3815094339622641,0.3007547169811321,0.7460377358490566,25,42,71,67,4,1.0
F023,F037,0.3615094339622642,0.16196643821125,0.1467924528301887,0.6988679245283018,0.2888679245283019,25,28,56,54,2,0.9814814814814815
F023,F038,0.7026415094339622,0.4031300089200943,0.9471698113207547,0.8350943396226416,0.6722641509433962,25,31,59,56,3,1.0
F023,F039,0.7109433962264151,0.4031300089200943,0.4766037735849057,0.35056603773584905,0.7460377358490566,25,34,63,59,4,1.0
F023,F040,0.4320754716981132,0.16196643821125,0.20490566037735847,0.8784905660377358,0.7460377358490566,25,27,56,52,4,1.0
F023,F041,0.5618867924528301,0.3239328764225,0.7916981132075471,0.9139622641509434,0.4941509433962264,25,21,52,47,5,0.9787234042553191
F023,F042,0.37283018867924533,0.16196643821125,0.12754716981132075,0.7766037735849056,0.789622641509434,25,26,56,51,5,1.0
F023,F043,0.570566037735849,0.3239328764225,0.4766037735849057,0.9139622641509434,0.7460377358490566,25,30,59,55,4,1.0
F023,F044,0.5075471698113208,0.3239328764225,0.3275471698113207,0.8350943396226416,0.7460377358490566,25,34,63,59,4,1.0
F023,F045,0.6018867924528302,0.3239328764225,0.9007547169811321,0.9592452830188679,0.6722641509433962,25,35,63,60,3,1.0
F023,F046,0.8656603773584906,0.5387908473615347,0.5094339622641509,0.3886792452830189,0.48754716981132074,25,20,52,47,5,0.9574468085106383
F023,F047,0.919245283018868,0.5387908473615347,0.7030188679245283,0.8784905660377358,0.7460377358490566,25,23,52,48,4,1.0
F023,F048,0.7532075471698113,0.4031300089200943,0.9226415094339623,0.9592452830188679,0.6722641509433962,25,32,60,57,3,1.0
F023,F049,0.8483018867924528,0.5387908473615347,0.6656603773584906,0.8784905660377358,0.4939622641509434,25,33,63,59,4,0.9830508474576272
F023,F050,0.2841509433962264,0.16196643821125,0.06716981132075472,0.7256603773584906,0.7460377358490566,25,27,56,52,4,1.0
F023,F051,0.6750943396226415,0.3239328764225,0.8694339622641509,0.9592452830188679,0.4939622641509434,25,33,63,59,4,0.9830508474576272
F023,F052,0.8362264150943396,0.4031300089200943,0.9528301886792453,0.9592452830188679,0.7460377358490566,25,27,56,52,4,1.0
F024,F025,0.919245283018868,0.8398196483967807,0.8758490566037735,0.6003773584905661,0.7460377358490566,29,26,59,55,4,1.0
F024,F026,0.8226415094339623,0.23871436012781846,0.9694339622641509,0.7256603773584906,0.7460377358490566,29,33,66,62,4,1.0
F024,F027,0.9833962264150944,1.0,0.8026415094339623,0.35056603773584905,0.5615094339622642,29,35,66,64,2,1.0
F024,F028,0.5618867924528301,0.080983219105625,0.7467924528301887,0.3886792452830189,0.5615094339622642,29,28,59,57,2,1.0
F024,F029,0.9950943396226415,1.0,0.9969811320754717,0.6003773584905661,0.16943396226415092,29,24,55,54,1,0.9814814814814815
F024,F030,0.6664150943396226,0.16018035160321933,0.540377358490566,0.3007547169811321,0.7460377358490566,29,26,59,55,4,1.0
F024,F031,0.7762264150943397,0.633609506687965,0.7754716981132075,0.659622641509434,0.420188679245283,29,29,62,59,3,0.9830508474576272
F024,F032,0.7177358490566037,0.633609506687965,0.3241509433962264,0.20226415094339623,0.6722641509433962,29,30,62,59,3,1.0
F024,F033,0.9158490566037736,0.3743751985692588,0.7973584905660378,0.659622641509434,0.5615094339622642,29,31,62,60,2,1.0
F024,F034,0.9233962264150943,0.45535841767488383,0.5611320754716982,0.20226415094339623,0.6722641509433962,29,37,69,66,3,1.0
F024,F035,0.8418867924528302,0.633609506687965,0.49547169811320757,0.20226415094339623,0.789622641509434,29,21,55,50,5,1.0
F024,F036,0.8418867924528302,0.7041588099553404,0.9611320754716981,0.6003773584905661,0.6722641509433962,29,42,74,71,3,1.0
F024,F037,0.19660377358490566,0.080983219105625,0.06113207547169808,0.03698113207547171,0.5615094339622642,29,28,59,57,2,1.0
F024,F038,0.4777358490566038,0.242949657316875,0.4343396226415094,0.42188679245283023,0.5615094339622642,29,31,62,60,2,1.0
F024,F039,0.5535849056603774,0.242949657316875,0.8166037735849057,0.42188679245283023,0.6722641509433962,29,34,66,63,3,1.0
F024,F040,0.24415094339622645,0.080983219105625,0.09132075471698109,0.09320754716981128,0.6722641509433962,29,27,59,56,3,1.0
F024,F041,0.3581132075471698,0.242949657316875,0.2769811320754717,0.12943396226415094,0.789622641509434,29,21,55,50,5,1.0
F024,F042,0.20075471698113212,0.080983219105625,0.04792452830188676,0.07509433962264156,0.7460377358490566,29,26,59,55,4,1.0
F024,F043,0.3479245283018868,0.242949657316875,0.1856603773584906,0.12943396226415094,0.6722641509433962,29,30,62,59,3,1.0
F024,F044,0.2984905660377358,0.242949657316875,0.14113207547169815,0.42188679245283023,0.6722641509433962,29,34,66,63,3,1.0
F024,F045,0.40415094339622637,0.242949657316875,0.4154716981132075,0.18452830188679248,0.5615094339622642,29,35,66,64,2,1.0
F024,F046,0.6849056603773584,0.242949657316875,0.8943396226415095,0.459622641509434,0.5024528301886793,29,20,55,50,5,0.98
F024,F047,0.689811320754717,0.242949657316875,0.8026415094339623,0.3886792452830189,0.6722641509433962,29,23,55,52,3,1.0
F024,F048,0.5275471698113208,0.242949657316875,0.5800000000000001,0.18452830188679248,0.21283018867924525,29,32,63,62,1,0.9838709677419355
F024,F049,0.6407547169811321,0.242949657316875,0.8120754716981132,0.3886792452830189,0.7460377358490566,29,33,66,62,4,1.0
F024,F050,0.13962264150943393,0.080983219105625,0.0135849056603774,0.16150943396226414,0.6722641509433962,29,27,59,56,3,1.0
F024,F051,0.4358490566037736,0.242949657316875,0.3007547169811321,0.18452830188679248,0.7460377358490566,29,33,66,62,4,1.0
F024,F052,0.5864150943396227,0.242949657316875,0.540377358490566,0.18452830188679248,0.6722641509433962,29,27,59,56,3,1.0
F025,F026,0.689811320754717,0.07853400852459914,0.8324528301886792,0.8784905660377358,0.7460377358490566,26,33,63,59,4,1.0
F025,F027,0.9415094339622642,0.8398196483967807,0.9762264150943396,0.6003773584905661,0.21283018867924525,26,35,63,62,1,0.9838709677419355
F025,F028,0.4581132075471698,0.0,0.5181132075471698,0.5279245283018867,0.5615094339622642,26,28,56,54,2,1.0
F025,F029,0.9739622641509434,0.8398196483967807,0.9226415094339623,0.9864150943396226,0.5615094339622642,26,24,52,50,2,1.0
F025,F030,0.5932075471698113,0.0,0.7709433962264151,0.659622641509434,0.7460377358490566,26,26,56,52,4,1.0
F025,F031,0.8735849056603774,0.7937898582911843,0.5464150943396227,0.3007547169811321,0.7460377358490566,26,29,59,55,4,1.0
F025,F032,0.7641509433962264,0.7937898582911843,0.23886792452830186,0.3007547169811321,0.6722641509433962,26,30,59,56,3,1.0
F025,F033,0.7588679245283019,0.21419484696603946,0.5573584905660378,0.7766037735849056,0.5615094339622642,26,31,59,57,2,1.0
F025,F034,0.790566037735849,0.29517806607166447,0.37584905660377355,0.3007547169811321,0.6722641509433962,26,37,66,63,3,1.0
F025,F035,0.8418867924528302,0.7937898582911843,0.33698113207547165,0.3007547169811321,0.789622641509434,26,21,52,47,5,1.0
F025,F036,0.9773584905660377,0.8643391615585597,0.9324528301886792,0.9864150943396226,0.6722641509433962,26,42,71,68,3,1.0
F025,F037,0.2554716981132076,0.16196643821125,0.03698113207547171,0.08754716981132071,0.5615094339622642,26,28,56,54,2,1.0
F025,F038,0.5901886792452831,0.4031300089200943,0.30679245283018863,0.3007547169811321,0.5615094339622642,26,31,59,57,2,1.0
F025,F039,0.6750943396226415,0.4031300089200943,0.8026415094339623,0.9139622641509434,0.6722641509433962,26,34,63,60,3,1.0
F025,F040,0.31169811320754715,0.16196643821125,0.06981132075471697,0.16150943396226414,0.2888679245283019,26,27,56,54,2,0.9814814814814815
F025,F041,0.45547169811320753,0.3239328764225,0.21320754716981127,0.20226415094339623,0.789622641509434,26,21,52,47,5,1.0
F025,F042,0.2584905660377359,0.16196643821125,0.030566037735849094,0.10528301886792457,0.7460377358490566,26,26,56,52,4,1.0
F025,F043,0.43018867924528303,0.3239328764225,0.14113207547169815,0.20226415094339623,0.6722641509433962,26,30,59,56,3,1.0
F025,F044,0.3796226415094339,0.3239328764225,0.11245283018867924,0.3007547169811321,0.6722641509433962,26,34,63,60,3,1.0
F025,F045,0.5075471698113208,0.3239328764225,0.2954716981132075,0.2516981132075472,0.21283018867924525,26,35,63,62,1,0.9838709677419355
F025,F046,0.8226415094339623,0.4031300089200943,0.7656603773584906,0.9328301886792453,0.4941509433962264,26,20,52,47,5,0.9787234042553191
F025,F047,0.8150943396226416,0.4031300089200943,0.5611320754716982,0.5279245283018867,0.27433962264150946,26,23,52,50,2,0.98
F025,F048,0.6449056603773584,0.4031300089200943,0.3932075471698113,0.2516981132075472,0.19,26,32,60,59,1,0.9830508474576272
F025,F049,0.7641509433962264,0.4031300089200943,0.5920754716981131,0.5279245283018867,0.7460377358490566,26,33,63,59,4,1.0
F025,F050,0.1856603773584906,0.16196643821125,0.005283018867924483,0.2245283018867924,0.2888679245283019,26,27,56,54,2,0.9814814814814815
F025,F051,0.5388679245283019,0.3239328764225,0.22679245283018867,0.2516981132075472,0.7460377358490566,26,33,63,59,4,1.0
F025,F052,0.689811320754717,0.4031300089200943,0.3584905660377359,0.2516981132075472,0.2888679245283019,26,27,56,54,2,0.9814814814814815
F026,F027,0.8181132075471698,0.23871436012781846,0.7656603773584906,0.35056603773584905,0.5615094339622642,33,35,70,68,2,1.0
F026,F028,0.7762264150943397,0.4807360643988245,0.780377358490566,0.7766037735849056,0.21283018867924525,33,28,63,62,1,0.9838709677419355
F026,F029,0.7686792452830189,0.23871436012781846,0.9471698113207547,0.8784905660377358,0.5615094339622642,33,24,59,57,2,1.0
F026,F030,0.8320754716981132,0.7765772544434841,0.5094339622641509,0.3886792452830189,0.7460377358490566,33,26,63,59,4,1.0
F026,F031,0.5618867924528301,0.07853400852459914,0.780377358490566,0.42188679245283023,0.7460377358490566,33,29,66,62,4,1.0
F026,F032,0.5275471698113208,0.07853400852459914,0.3426415094339622,0.5279245283018867,0.6722641509433962,33,30,66,63,3,1.0
F026,F033,0.9369811320754717,0.7937898582911843,0.8283018867924529,0.9328301886792453,0.5615094339622642,33,31,66,64,2,1.0
F026,F034,0.8094339622641509,0.7128066391855593,0.5984905660377359,0.5279245283018867,0.6722641509433962,33,37,73,70,3,1.0
F026,F035,0.6449056603773584,0.07853400852459914,0.5256603773584906,0.5279245283018867,0.789622641509434,33,21,59,54,5,1.0
F026,F036,0.6203773584905661,0.07853400852459914,0.8833962264150943,0.8784905660377358,0.6722641509433962,33,42,78,75,3,1.0
F026,F037,0.10679245283018868,0.0,0.06603773584905659,0.18452830188679248,0.21283018867924525,33,28,63,62,1,0.9838709677419355
F026,F038,0.3173584905660377,0.0,0.4660377358490566,0.42188679245283023,0.5615094339622642,33,31,66,64,2,1.0
F026,F039,0.3796226415094339,0.0,0.7339622641509433,0.7256603773584906,0.6722641509433962,33,34,70,67,3,1.0
F026,F040,0.1433962264150943,0.0,0.09698113207547165,0.3007547169811321,0.6722641509433962,33,27,63,60,3,1.0
F026,F041,0.23056603773584905,0.0,0.2909433962264151,0.3886792452830189,0.789622641509434,33,21,59,54,5,1.0
F026,F042,0.11018867924528297,0.0,0.05094339622641508,0.2245283018867924,0.7460377358490566,33,26,63,59,4,1.0
F026,F043,0.21849056603773587,0.0,0.19207547169811323,0.3886792452830189,0.6722641509433962,33,30,66,63,3,1.0
F026,F044,0.18150943396226416,0.0,0.14981132075471693,0.42188679245283023,0.6722641509433962,33,34,70,67,3,1.0
F026,F045,0.26075471698113206,0.0,0.43849056603773584,0.459622641509434,0.5615094339622642,33,35,70,68,2,1.0
F026,F046,0.4966037735849057,0.0,0.8071698113207547,0.7766037735849056,0.5169811320754717,33,20,59,54,5,0.9814814814814815
F026,F047,0.4966037735849057,0.0,0.7467924528301887,0.7766037735849056,0.6722641509433962,33,23,59,56,3,1.0
F026,F048,0.3543396226415094,0.0,0.5860377358490566,0.459622641509434,0.23188679245283017,33,32,67,66,1,0.9848484848484849
F026,F049,0.44981132075471697,0.0,0.7283018867924529,0.7766037735849056,0.7460377358490566,33,33,70,66,4,1.0
F026,F050,0.069433962264151,0.0,0.015094339622641506,0.35056603773584905,0.6722641509433962,33,27,63,60,3,1.0
F026,F051,0.2867924528301887,0.0,0.3162264150943396,0.459622641509434,0.7460377358490566,33,33,70,66,4,1.0
F026,F052,0.4007547169811321,0.0,0.5649056603773586,0.459622641509434,0.6722641509433962,33,27,63,60,3,1.0
F027,F028,0.5618867924528301,0.080983219105625,0.45358490566037735,0.12943396226415094,0.34641509433962264,35,28,63,63,0,1.0
F027,F029,0.9792452830188679,1.0,0.8456603773584905,0.6003773584905661,0.34641509433962264,35,24,59,59,0,1.0
F027,F030,0.6973584905660377,0.16018035160321933,0.8377358490566038,0.9592452830188679,0.21283018867924525,35,26,63,62,1,0.9838709677419355
F027,F031,0.7588679245283019,0.633609506687965,0.48226415094339625,0.10528301886792457,0.5615094339622642,35,29,66,64,2,1.0
F027,F032,0.6777358490566038,0.633609506687965,0.22415094339622643,0.053584905660377324,0.13622641509433964,35,30,66,66,0,0.9848484848484849
F027,F033,0.860754716981132,0.3743751985692588,0.4996226415094339,0.2516981132075472,0.34641509433962264,35,31,66,66,0,1.0
F027,F034,0.8362264150943396,0.45535841767488383,0.3426415094339622,0.053584905660377324,0.4420754716981132,35,37,73,72,1,1.0
F027,F035,0.790566037735849,0.633609506687965,0.30679245283018863,0.053584905660377324,0.6722641509433962,35,21,59,56,3,1.0
F027,F036,0.8483018867924528,0.7041588099553404,0.8626415094339622,0.6003773584905661,0.14735849056603773,35,42,78,78,0,0.9871794871794872
F027,F037,0.19471698113207547,0.080983219105625,0.032830188679245254,0.0,0.34641509433962264,35,28,63,63,0,1.0
F027,F038,0.4826415094339622,0.242949657316875,0.28113207547169816,0.10528301886792457,0.34641509433962264,35,31,66,66,0,1.0
F027,F039,0.570566037735849,0.242949657316875,0.7143396226415094,0.42188679245283023,0.4420754716981132,35,34,70,69,1,1.0
F027,F040,0.24226415094339626,0.080983219105625,0.05962264150943397,0.010188679245282994,0.4420754716981132,35,27,63,62,1,1.0
F027,F041,0.3652830188679246,0.242949657316875,0.19396226415094342,0.016981132075471694,0.6722641509433962,35,21,59,56,3,1.0
F027,F042,0.19660377358490566,0.080983219105625,0.026037735849056554,0.004905660377358512,0.21283018867924525,35,26,63,62,1,0.9838709677419355
F027,F043,0.34528301886792456,0.242949657316875,0.1316981132075472,0.016981132075471694,0.13622641509433964,35,30,66,66,0,0.9848484848484849
F027,F044,0.29471698113207545,0.242949657316875,0.10377358490566035,0.10528301886792457,0.4420754716981132,35,34,70,69,1,1.0
F027,F045,0.4116981132075471,0.242949657316875,0.2671698113207547,0.03698113207547171,0.34641509433962264,35,35,70,70,0,1.0
F027,F046,0.6973584905660377,0.242949657316875,0.6962264150943396,0.459622641509434,0.7460377358490566,35,20,59,55,4,1.0
F027,F047,0.6849056603773584,0.242949657316875,0.5049056603773585,0.12943396226415094,0.09433962264150947,35,23,59,59,0,0.9830508474576272
F027,F048,0.5316981132075471,0.242949657316875,0.35245283018867923,0.03698113207547171,0.34641509433962264,35,32,67,67,0,1.0
F027,F049,0.6449056603773584,0.242949657316875,0.5313207547169811,0.12943396226415094,0.5615094339622642,35,33,70,68,2,1.0
F027,F050,0.13584905660377355,0.080983219105625,0.004150943396226459,0.0252830188679245,0.4420754716981132,35,27,63,62,1,1.0
F027,F051,0.4358490566037736,0.242949657316875,0.21132075471698109,0.03698113207547171,0.5615094339622642,35,33,70,68,2,1.0
F027,F052,0.580754716981132,0.242949657316875,0.3275471698113207,0.03698113207547171,0.4420754716981132,35,27,63,62,1,1.0
F028,F029,0.5128301886792452,0.080983219105625,0.7030188679245283,0.5279245283018867,0.34641509433962264,28,24,52,52,0,1.0
F028,F030,0.8150943396226416,0.633609506687965,0.3041509433962264,0.16150943396226414,0.5615094339622642,28,26,56,54,2,1.0
F028,F031,0.34528301886792456,0.0,0.7973584905660378,0.459622641509434,0.5615094339622642,28,29,59,57,2,1.0
F028,F032,0.3256603773584905,0.0,0.5800000000000001,0.7766037735849056,0.09433962264150947,28,30,59,59,0,0.9830508474576272
F028,F033,0.6622641509433962,0.4807360643988245,0.9471698113207547,0.7766037735849056,0.34641509433962264,28,31,59,59,0,1.0
F028,F034,0.5664150943396227,0.4807360643988245,0.8796226415094339,0.7766037735849056,0.13622641509433964,28,37,66,66,0,0.9848484848484849
F028,F035,0.4143396226415095,0.0,0.7754716981132075,0.7766037735849056,0.27433962264150946,28,21,52,50,2,0.98
F028,F036,0.3969811320754717,0.0,0.6822641509433962,0.5279245283018867,0.4420754716981132,28,42,71,70,1,1.0
F028,F037,0.040000000000000036,0.0,0.10188679245283017,0.42188679245283023,0.34641509433962264,28,28,56,56,0,1.0
F028,F038,0.1724528301886793,0.0,0.540377358490566,0.6003773584905661,0.34641509433962264,28,31,59,59,0,1.0
F028,F039,0.22339622641509438,0.0,0.5800000000000001,0.6003773584905661,0.4420754716981132,28,34,63,62,1,1.0
F028,F040,0.058113207547169865,0.0,0.13886792452830188,0.659622641509434,0.4420754716981132,28,27,56,55,1,1.0
F028,F041,0.11509433962264148,0.0,0.40452830188679245,0.7256603773584906,0.27433962264150946,28,21,52,50,2,0.98
F028,F042,0.04150943396226414,0.0,0.08754716981132071,0.5279245283018867,0.5615094339622642,28,26,56,54,2,1.0
F028,F043,0.10528301886792457,0.0,0.28490566037735854,0.7256603773584906,0.09433962264150947,28,30,59,59,0,0.9830508474576272
F028,F044,0.08339622641509437,0.0,0.2162264150943396,0.6003773584905661,0.4420754716981132,28,34,63,62,1,1.0
F028,F045,0.13584905660377355,0.0,0.4883018867924528,0.8350943396226416,0.34641509433962264,28,35,63,63,0,1.0
F028,F046,0.29471698113207545,0.0,0.6656603773584906,0.5279245283018867,0.7460377358490566,28,20,52,48,4,1.0
F028,F047,0.29471698113207545,0.0,0.7539622641509434,0.5279245283018867,0.4420754716981132,28,23,52,51,1,1.0
F028,F048,0.20075471698113212,0.0,0.6132075471698113,0.8350943396226416,0.34641509433962264,28,32,60,60,0,1.0
F028,F049,0.26415094339622647,0.0,0.7143396226415094,0.5279245283018867,0.21283018867924525,28,33,63,62,1,0.9838709677419355
F028,F050,0.02490566037735853,0.0,0.03396226415094339,0.6003773584905661,0.4420754716981132,28,27,56,55,1,1.0
F028,F051,0.15245283018867928,0.0,0.459622641509434,0.8350943396226416,0.21283018867924525,28,33,63,62,1,0.9838709677419355
F028,F052,0.23396226415094334,0.0,0.630943396226415,0.8350943396226416,0.4420754716981132,28,27,56,55,1,1.0
F029,F030,0.6245283018867924,0.16018035160321933,0.5739622641509434,0.659622641509434,0.5615094339622642,24,26,52,50,2,1.0
F029,F031,0.8279245283018868,0.633609506687965,0.7339622641509433,0.3007547169811321,0.16943396226415092,24,29,55,54,1,0.9814814814814815
F029,F032,0.7641509433962264,0.633609506687965,0.30679245283018863,0.3007547169811321,0.4420754716981132,24,30,55,54,1,1.0
F029,F033,0.8483018867924528,0.3743751985692588,0.7539622641509434,0.7766037735849056,0.34641509433962264,24,31,55,55,0,1.0
F029,F034,0.8833962264150943,0.45535841767488383,0.5256603773584906,0.3007547169811321,0.11716981132075471,24,37,62,62,0,0.9838709677419355
F029,F035,0.8781132075471698,0.633609506687965,0.45358490566037735,0.3007547169811321,0.13999999999999996,24,21,48,47,1,0.9574468085106383
F029,F036,0.9109433962264151,0.7041588099553404,0.9845283018867924,0.9864150943396226,0.4420754716981132,24,42,67,66,1,1.0
F029,F037,0.22528301886792457,0.080983219105625,0.05547169811320751,0.08754716981132071,0.34641509433962264,24,28,52,52,0,1.0
F029,F038,0.5215094339622641,0.242949657316875,0.40452830188679245,0.3007547169811321,0.34641509433962264,24,31,55,55,0,1.0
F029,F039,0.6052830188679246,0.242949657316875,0.8283018867924529,0.9139622641509434,0.09433962264150947,24,34,59,59,0,0.9830508474576272
F029,F040,0.2750943396226415,0.080983219105625,0.08830188679245288,0.16150943396226414,0.4420754716981132,24,27,52,51,1,1.0
F029,F041,0.4007547169811321,0.242949657316875,0.2566037735849057,0.20226415094339623,0.13999999999999996,24,21,48,47,1,0.9574468085106383
F029,F042,0.23056603773584905,0.080983219105625,0.04377358490566041,0.10528301886792457,0.5615094339622642,24,26,52,50,2,1.0
F029,F043,0.38566037735849057,0.242949657316875,0.17622641509433967,0.20226415094339623,0.4420754716981132,24,30,55,54,1,1.0
F029,F044,0.3362264150943396,0.242949657316875,0.13735849056603777,0.3007547169811321,0.09433962264150947,24,34,59,59,0,0.9830508474576272
F029,F045,0.44981132075471697,0.242949657316875,0.3852830188679245,0.2516981132075472,0.34641509433962264,24,35,59,59,0,1.0
F029,F046,0.7483018867924529,0.242949657316875,0.9116981132075471,0.9328301886792453,0.7460377358490566,24,20,48,44,4,1.0
F029,F047,0.7532075471698113,0.242949657316875,0.7588679245283019,0.5279245283018867,0.4420754716981132,24,23,48,47,1,1.0
F029,F048,0.580754716981132,0.242949657316875,0.5464150943396227,0.2516981132075472,0.34641509433962264,24,32,56,56,0,1.0
F029,F049,0.689811320754717,0.242949657316875,0.7860377358490566,0.5279245283018867,0.5615094339622642,24,33,59,57,2,1.0
F029,F050,0.1622641509433962,0.080983219105625,0.010566037735849076,0.2245283018867924,0.4420754716981132,24,27,52,51,1,1.0
F029,F051,0.48716981132075476,0.242949657316875,0.2871698113207547,0.2516981132075472,0.5615094339622642,24,33,59,57,2,1.0
F029,F052,0.6373584905660377,0.242949657316875,0.4996226415094339,0.2516981132075472,0.4420754716981132,24,27,52,51,1,1.0
F030,F031,0.4407547169811321,0.0,0.31849056603773584,0.12943396226415094,0.7460377358490566,26,29,59,55,4,1.0
F030,F032,0.38792452830188684,0.0,0.16150943396226414,0.07509433962264156,0.6722641509433962,26,30,59,56,3,1.0
F030,F033,0.7086792452830188,0.6409164160020439,0.3241509433962264,0.3007547169811321,0.5615094339622642,26,31,59,57,2,1.0
F030,F034,0.609056603773585,0.5599331968964188,0.24075471698113204,0.07509433962264156,0.6722641509433962,26,37,66,63,3,1.0
F030,F035,0.48716981132075476,0.0,0.22264150943396221,0.07509433962264156,0.789622641509434,26,21,52,47,5,1.0
F030,F036,0.5150943396226415,0.0,0.5920754716981131,0.659622641509434,0.6722641509433962,26,42,71,68,3,1.0
F030,F037,0.07132075471698118,0.0,0.0184905660377358,0.0022641509433962703,0.5615094339622642,26,28,56,54,2,1.0
F030,F038,0.250188679245283,0.0,0.20641509433962268,0.12943396226415094,0.5615094339622642,26,31,59,57,2,1.0
F030,F039,0.3237735849056603,0.0,0.4766037735849057,0.459622641509434,0.6722641509433962,26,34,63,60,3,1.0
F030,F040,0.09811320754716979,0.0,0.035094339622641524,0.012830188679245236,0.2888679245283019,26,27,56,54,2,0.9814814814814815
F030,F041,0.1773584905660377,0.0,0.14490566037735853,0.0252830188679245,0.789622641509434,26,21,52,47,5,1.0
F030,F042,0.07283018867924529,0.0,0.012830188679245236,0.007547169811320753,0.7460377358490566,26,26,56,52,4,1.0
F030,F043,0.16452830188679246,0.0,0.099622641509434,0.0252830188679245,0.6722641509433962,26,30,59,56,3,1.0
F030,F044,0.1335849056603774,0.0,0.07320754716981137,0.12943396226415094,0.6722641509433962,26,34,63,60,3,1.0
F030,F045,0.21018867924528306,0.0,0.19735849056603771,0.053584905660377324,0.21283018867924525,26,35,63,62,1,0.9838709677419355
F030,F046,0.40603773584905656,0.0,0.4479245283018868,0.5279245283018867,0.4941509433962264,26,20,52,47,5,0.9787234042553191
F030,F047,0.3935849056603774,0.0,0.3275471698113207,0.16150943396226414,0.27433962264150946,26,23,52,50,2,0.98
F030,F048,0.2841509433962264,0.0,0.2449056603773585,0.053584905660377324,0.19,26,32,60,59,1,0.9830508474576272
F030,F049,0.3615094339622642,0.0,0.3426415094339622,0.16150943396226414,0.7460377358490566,26,33,63,59,4,1.0
F030,F050,0.04150943396226414,0.0,0.0007547169811320531,0.03698113207547171,0.2888679245283019,26,27,56,54,2,0.9814814814814815
F030,F051,0.22339622641509438,0.0,0.15396226415094338,0.053584905660377324,0.7460377358490566,26,33,63,59,4,1.0
F030,F052,0.31509433962264155,0.0,0.23433962264150943,0.053584905660377324,0.2888679245283019,26,27,56,54,2,0.9814814814814815
F031,F032,0.9233962264150943,1.0,0.5547169811320755,0.659622641509434,0.6722641509433962,29,30,62,59,3,1.0
F031,F033,0.6486792452830188,0.07853400852459914,0.9226415094339623,0.35056603773584905,0.5615094339622642,29,31,62,60,2,1.0
F031,F034,0.7218867924528302,0.15951722763022413,0.9007547169811321,0.659622641509434,0.6722641509433962,29,37,69,66,3,1.0
F031,F035,0.9064150943396226,1.0,0.8166037735849057,0.659622641509434,0.789622641509434,29,21,55,50,5,1.0
F031,F036,0.9584905660377359,0.9294506967326246,0.72,0.3007547169811321,0.6722641509433962,29,42,74,71,3,1.0
F031,F037,0.3479245283018868,0.16196643821125,0.09698113207547165,0.2245283018867924,0.5615094339622642,29,28,59,57,2,1.0
F031,F038,0.7143396226415094,0.4031300089200943,0.7467924528301887,0.9030188679245283,0.5615094339622642,29,31,62,60,2,1.0
F031,F039,0.7667924528301887,0.4031300089200943,0.8456603773584905,0.20226415094339623,0.6722641509433962,29,34,66,63,3,1.0
F031,F040,0.4207547169811321,0.16196643821125,0.13471698113207542,0.3886792452830189,0.6722641509433962,29,27,59,56,3,1.0
F031,F041,0.5683018867924527,0.3239328764225,0.4479245283018868,0.459622641509434,0.789622641509434,29,21,55,50,5,1.0
F031,F042,0.3543396226415094,0.16196643821125,0.08150943396226418,0.3007547169811321,0.7460377358490566,29,26,59,55,4,1.0
F031,F043,0.5618867924528301,0.3239328764225,0.26943396226415095,0.459622641509434,0.6722641509433962,29,30,62,59,3,1.0
F031,F044,0.500754716981132,0.3239328764225,0.20867924528301884,0.9030188679245283,0.6722641509433962,29,34,66,63,3,1.0
F031,F045,0.6147169811320754,0.3239328764225,0.72,0.6003773584905661,0.5615094339622642,29,35,66,64,2,1.0
F031,F046,0.9415094339622642,0.5387908473615347,0.8833962264150943,0.2245283018867924,0.5024528301886793,29,20,55,50,5,0.98
F031,F047,0.9694339622641509,0.5387908473615347,0.9969811320754717,0.459622641509434,0.6722641509433962,29,23,55,52,3,1.0
F031,F048,0.7713207547169811,0.4031300089200943,0.9226415094339623,0.6003773584905661,0.21283018867924525,29,32,63,62,1,0.9838709677419355
F031,F049,0.8984905660377358,0.5387908473615347,0.9792452830188679,0.459622641509434,0.7460377358490566,29,33,66,62,4,1.0
F031,F050,0.2686792452830189,0.16196643821125,0.03169811320754712,0.5279245283018867,0.6722641509433962,29,27,59,56,3,1.0
F031,F051,0.6720754716981132,0.3239328764225,0.5049056603773585,0.6003773584905661,0.7460377358490566,29,33,66,62,4,1.0
F031,F052,0.8535849056603774,0.4031300089200943,0.8694339622641509,0.6003773584905661,0.6722641509433962,29,27,59,56,3,1.0
F032,F033,0.6328301886792453,0.07853400852459914,0.540377358490566,0.659622641509434,0.11716981132075471,30,31,62,62,0,0.9838709677419355
F032,F034,0.730566037735849,0.15951722763022413,0.7656603773584906,0.9864150943396226,0.5615094339622642,30,37,69,67,2,1.0
F032,F035,0.9369811320754717,1.0,0.8456603773584905,0.9864150943396226,0.7460377358490566,30,21,55,51,4,1.0
F032,F036,0.8200000000000001,0.9294506967326246,0.3007547169811321,0.3007547169811321,0.5615094339622642,30,42,74,72,2,1.0
F032,F037,0.3479245283018868,0.16196643821125,0.17811320754716986,0.6988679245283018,0.09433962264150947,30,28,59,59,0,0.9830508474576272
F032,F038,0.6664150943396226,0.4031300089200943,0.9007547169811321,0.8350943396226416,0.11716981132075471,30,31,62,62,0,0.9838709677419355
F032,F039,0.6622641509433962,0.4031300089200943,0.35584905660377364,0.35056603773584905,0.5615094339622642,30,34,66,64,2,1.0
F032,F040,0.4207547169811321,0.16196643821125,0.24339622641509429,0.8784905660377358,0.5615094339622642,30,27,59,57,2,1.0
F032,F041,0.5275471698113208,0.3239328764225,0.8377358490566038,0.9139622641509434,0.7460377358490566,30,21,55,51,4,1.0
F032,F042,0.3652830188679246,0.16196643821125,0.15584905660377357,0.7766037735849056,0.6722641509433962,30,26,59,56,3,1.0
F032,F043,0.5509433962264151,0.3239328764225,0.630943396226415,0.9139622641509434,0.5615094339622642,30,30,62,60,2,1.0
F032,F044,0.48716981132075476,0.3239328764225,0.4252830188679245,0.8350943396226416,0.5615094339622642,30,34,66,64,2,1.0
F032,F045,0.5664150943396227,0.3239328764225,0.8694339622641509,0.9592452830188679,0.13622641509433964,30,35,66,66,0,0.9848484848484849
F032,F046,0.8094339622641509,0.5387908473615347,0.37584905660377355,0.3886792452830189,0.789622641509434,30,20,55,50,5,1.0
F032,F047,0.860754716981132,0.5387908473615347,0.5354716981132075,0.8784905660377358,0.16943396226415092,30,23,55,54,1,0.9814814814814815
F032,F048,0.7086792452830188,0.4031300089200943,0.7467924528301887,0.9592452830188679,0.4420754716981132,30,32,63,62,1,1.0
F032,F049,0.7966037735849056,0.5387908473615347,0.5094339622641509,0.8784905660377358,0.6722641509433962,30,33,66,63,3,1.0
F032,F050,0.2750943396226415,0.16196643821125,0.08301886792452828,0.7256603773584906,0.5615094339622642,30,27,59,57,2,1.0
F032,F051,0.6449056603773584,0.3239328764225,0.9226415094339623,0.9592452830188679,0.6722641509433962,30,33,66,63,3,1.0
F032,F052,0.7943396226415094,0.4031300089200943,0.7973584905660378,0.9592452830188679,0.5615094339622642,30,27,59,57,2,1.0
F033,F034,0.9535849056603773,0.919016780894375,0.8796226415094339,0.659622641509434,0.4420754716981132,31,37,69,68,1,1.0
F033,F035,0.7588679245283019,0.07853400852459914,0.7973584905660378,0.659622641509434,0.6722641509433962,31,21,55,52,3,1.0
F033,F036,0.689811320754717,0.07853400852459914,0.7384905660377359,0.7766037735849056,0.4420754716981132,31,42,74,73,1,1.0
F033,F037,0.14150943396226412,0.0,0.09433962264150941,0.2245283018867924,0.34641509433962264,31,28,59,59,0,1.0
F033,F038,0.37283018867924533,0.0,0.6433962264150943,0.5279245283018867,0.34641509433962264,31,31,62,62,0,1.0
F033,F039,0.42792452830188676,0.0,0.7384905660377359,0.8350943396226416,0.13622641509433964,31,34,66,66,0,0.9848484848484849
F033,F040,0.18150943396226416,0.0,0.130188679245283,0.3886792452830189,0.09433962264150947,31,27,59,59,0,0.9830508474576272
F033,F041,0.27094339622641506,0.0,0.4320754716981132,0.459622641509434,0.6722641509433962,31,21,55,52,3,1.0
F033,F042,0.1486792452830189,0.0,0.08037735849056604,0.3007547169811321,0.5615094339622642,31,26,59,57,2,1.0
F033,F043,0.2686792452830189,0.0,0.26113207547169814,0.459622641509434,0.11716981132075471,31,30,62,62,0,0.9838709677419355
F033,F044,0.23056603773584905,0.0,0.20226415094339623,0.5279245283018867,0.13622641509433964,31,34,66,66,0,0.9848484848484849
F033,F045,0.3075471698113208,0.0,0.5800000000000001,0.6003773584905661,0.34641509433962264,31,35,66,66,0,1.0
F033,F046,0.5618867924528301,0.0,0.8215094339622642,0.8784905660377358,0.7460377358490566,31,20,55,51,4,1.0
F033,F047,0.570566037735849,0.0,0.8833962264150943,0.8784905660377358,0.4420754716981132,31,23,55,54,1,1.0
F033,F048,0.41660377358490563,0.0,0.7283018867924529,0.6003773584905661,0.34641509433962264,31,32,63,63,0,1.0
F033,F049,0.5150943396226415,0.0,0.8626415094339622,0.8784905660377358,0.5615094339622642,31,33,66,64,2,1.0
F033,F050,0.09660377358490568,0.0,0.030566037735849094,0.42188679245283023,0.09433962264150947,31,27,59,59,0,0.9830508474576272
F033,F051,0.3433962264150944,0.0,0.4883018867924528,0.6003773584905661,0.5615094339622642,31,33,66,64,2,1.0
F033,F052,0.4716981132075472,0.0,0.7467924528301887,0.6003773584905661,0.09433962264150947,31,27,59,59,0,0.9830508474576272
F034,F035,0.8656603773584906,0.15951722763022413,0.9724528301886792,0.9864150943396226,0.420188679245283,37,21,62,59,3,0.9830508474576272
F034,F036,0.7483018867924529,0.15951722763022413,0.5135849056603774,0.3007547169811321,0.5615094339622642,37,42,81,79,2,1.0
F034,F037,0.1773584905660377,0.0,0.12,0.6988679245283018,0.13622641509433964,37,28,66,66,0,0.9848484848484849
F034,F038,0.42792452830188676,0.0,0.7656603773584906,0.8350943396226416,0.4420754716981132,37,31,69,68,1,1.0
F034,F039,0.4826415094339622,0.0,0.630943396226415,0.35056603773584905,0.5615094339622642,37,34,73,71,2,1.0
F034,F040,0.22754716981132073,0.0,0.16641509433962265,0.8784905660377358,0.5615094339622642,37,27,66,64,2,1.0
F034,F041,0.319622641509434,0.0,0.5984905660377359,0.9139622641509434,0.420188679245283,37,21,62,59,3,0.9830508474576272
F034,F042,0.18830188679245285,0.0,0.10830188679245278,0.7766037735849056,0.6722641509433962,37,26,66,63,3,1.0
F034,F043,0.32150943396226417,0.0,0.35584905660377364,0.9139622641509434,0.5615094339622642,37,30,69,67,2,1.0
F034,F044,0.2724528301886793,0.0,0.2584905660377359,0.8350943396226416,0.5615094339622642,37,34,73,71,2,1.0
F034,F045,0.3513207547169811,0.0,0.7090566037735849,0.9592452830188679,0.4420754716981132,37,35,73,72,1,1.0
F034,F046,0.6203773584905661,0.0,0.6656603773584906,0.3886792452830189,0.789622641509434,37,20,62,57,5,1.0
F034,F047,0.6407547169811321,0.0,0.8626415094339622,0.8784905660377358,0.5615094339622642,37,23,62,60,2,1.0
F034,F048,0.4777358490566038,0.0,0.8456603773584905,0.9592452830188679,0.4420754716981132,37,32,70,69,1,1.0
F034,F049,0.5762264150943397,0.0,0.8215094339622642,0.8784905660377358,0.6722641509433962,37,33,73,70,3,1.0
F034,F050,0.1283018867924528,0.0,0.046792452830188624,0.7256603773584906,0.5615094339622642,37,27,66,64,2,1.0
F034,F051,0.40415094339622637,0.0,0.6709433962264151,0.9592452830188679,0.6722641509433962,37,33,73,70,3,1.0
F034,F052,0.5388679245283019,0.0,0.8694339622641509,0.9592452830188679,0.5615094339622642,37,27,66,64,2,1.0
F035,F036,0.870188679245283,0.9294506967326246,0.4437735849056603,0.3007547169811321,0.7460377358490566,21,42,67,63,4,1.0
F035,F037,0.2724528301886793,0.16196643821125,0.1332075471698113,0.6988679245283018,0.27433962264150946,21,28,52,50,2,0.98
F035,F038,0.5864150943396227,0.4031300089200943,0.8694339622641509,0.8350943396226416,0.6722641509433962,21,31,55,52,3,1.0
F035,F039,0.6147169811320754,0.4031300089200943,0.5547169811320755,0.35056603773584905,0.7460377358490566,21,34,59,55,4,1.0
F035,F040,0.3362264150943396,0.16196643821125,0.18490566037735845,0.8784905660377358,0.7460377358490566,21,27,52,48,4,1.0
F035,F041,0.44981132075471697,0.3239328764225,0.7030188679245283,0.9139622641509434,0.490377358490566,21,21,48,43,5,0.9767441860465116
F035,F042,0.2841509433962264,0.16196643821125,0.11622641509433962,0.7766037735849056,0.789622641509434,21,26,52,47,5,1.0
F035,F043,0.45547169811320753,0.3239328764225,0.40981132075471693,0.9139622641509434,0.7460377358490566,21,30,55,51,4,1.0
F035,F044,0.3969811320754717,0.3239328764225,0.2924528301886793,0.8350943396226416,0.7460377358490566,21,34,59,55,4,1.0
F035,F045,0.49094339622641514,0.3239328764225,0.8071698113207547,0.9592452830188679,0.6722641509433962,21,35,59,56,3,1.0
F035,F046,0.7713207547169811,0.5387908473615347,0.5860377358490566,0.3886792452830189,0.4852830188679245,21,20,48,43,5,0.9534883720930233
F035,F047,0.8094339622641509,0.5387908473615347,0.7916981132075471,0.8784905660377358,0.7460377358490566,21,23,48,44,4,1.0
F035,F048,0.6283018867924528,0.4031300089200943,0.9007547169811321,0.9592452830188679,0.2888679245283019,21,32,56,54,2,0.9814814814814815
F035,F049,0.7335849056603774,0.5387908473615347,0.7615094339622641,0.8784905660377358,0.789622641509434,21,33,59,54,5,1.0
F035,F050,0.21018867924528306,0.16196643821125,0.05698113207547173,0.7256603773584906,0.7460377358490566,21,27,52,48,4,1.0
F035,F051,0.5535849056603774,0.3239328764225,0.7754716981132075,0.9592452830188679,0.789622641509434,21,33,59,54,5,1.0
F035,F052,0.7060377358490566,0.4031300089200943,0.940377358490566,0.9592452830188679,0.7460377358490566,21,27,52,48,4,1.0
F036,F037,0.30150943396226415,0.16196643821125,0.05320754716981135,0.08754716981132071,0.4420754716981132,42,28,71,70,1,1.0
F036,F038,0.6581132075471698,0.4031300089200943,0.3969811320754717,0.3007547169811321,0.4420754716981132,42,31,74,73,1,1.0
F036,F039,0.7433962264150944,0.4031300089200943,0.9007547169811321,0.9139622641509434,0.5615094339622642,42,34,78,76,2,1.0
F036,F040,0.3652830188679246,0.16196643821125,0.0860377358490566,0.16150943396226414,0.5615094339622642,42,27,71,69,2,1.0
F036,F041,0.5173584905660378,0.3239328764225,0.2513207547169811,0.20226415094339623,0.7460377358490566,42,21,67,63,4,1.0
F036,F042,0.30490566037735845,0.16196643821125,0.04150943396226414,0.10528301886792457,0.6722641509433962,42,26,71,68,3,1.0
F036,F043,0.500754716981132,0.3239328764225,0.17320754716981135,0.20226415094339623,0.5615094339622642,42,30,74,72,2,1.0
F036,F044,0.4358490566037736,0.3239328764225,0.13471698113207542,0.3007547169811321,0.5615094339622642,42,34,78,76,2,1.0
F036,F045,0.5735849056603773,0.3239328764225,0.37056603773584906,0.2516981132075472,0.14735849056603773,42,35,78,78,0,0.9871794871794872
F036,F046,0.9109433962264151,0.5387908473615347,0.9373584905660377,0.9328301886792453,0.789622641509434,42,20,67,62,5,1.0
F036,F047,0.9064150943396226,0.5387908473615347,0.7415094339622641,0.5279245283018867,0.23188679245283017,42,23,67,66,1,0.9848484848484849
F036,F048,0.7143396226415094,0.4031300089200943,0.5313207547169811,0.2516981132075472,0.4420754716981132,42,32,75,74,1,1.0
F036,F049,0.8418867924528302,0.5387908473615347,0.7709433962264151,0.5279245283018867,0.6722641509433962,42,33,78,75,3,1.0
F036,F050,0.22754716981132073,0.16196643821125,0.00905660377358486,0.2245283018867924,0.5615094339622642,42,27,71,69,2,1.0
F036,F051,0.609056603773585,0.3239328764225,0.2784905660377358,0.2516981132075472,0.6722641509433962,42,33,78,75,3,1.0
F036,F052,0.7762264150943397,0.4031300089200943,0.4883018867924528,0.2516981132075472,0.5615094339622642,42,27,71,69,2,1.0
F037,F038,0.6018867924528302,0.24050044673584917,0.1433962264150943,0.3886792452830189,0.34641509433962264,28,31,59,59,0,1.0
F037,F039,0.4826415094339622,0.24050044673584917,0.0709433962264151,0.12943396226415094,0.4420754716981132,28,34,63,62,1,1.0
F037,F040,0.9633962264150944,1.0,0.8120754716981132,0.9030188679245283,0.4420754716981132,28,27,56,55,1,1.0
F037,F041,0.7271698113207548,0.3196975792334435,0.20490566037735847,0.8350943396226416,0.27433962264150946,28,21,52,50,2,0.98
F037,F042,0.9883018867924528,1.0,0.9641509433962264,0.9328301886792453,0.5615094339622642,28,26,56,54,2,1.0
F037,F043,0.7762264150943397,0.4006807983390685,0.3109433962264151,0.8350943396226416,0.09433962264150947,28,30,59,59,0,0.9830508474576272
F037,F044,0.8573584905660377,0.5363416367805088,0.43849056603773584,0.3886792452830189,0.4420754716981132,28,34,63,62,1,1.0
F037,F045,0.6581132075471698,0.3196975792334435,0.14981132075471693,0.7256603773584906,0.34641509433962264,28,35,63,63,0,1.0
F037,F046,0.3969811320754717,0.24050044673584917,0.07207547169811324,0.10528301886792457,0.7460377358490566,28,20,52,48,4,1.0
F037,F047,0.40415094339622637,0.24050044673584917,0.0928301886792453,0.42188679245283023,0.4420754716981132,28,23,52,51,1,1.0
F037,F048,0.5460377358490567,0.24050044673584917,0.11811320754716981,0.7256603773584906,0.34641509433962264,28,32,60,60,0,1.0
F037,F049,0.44528301886792454,0.24050044673584917,0.08981132075471698,0.42188679245283023,0.21283018867924525,28,33,63,62,1,0.9838709677419355
F037,F050,0.8984905660377358,1.0,0.459622641509434,0.7766037735849056,0.4420754716981132,28,27,56,55,1,1.0
F037,F051,0.6520754716981132,0.3196975792334435,0.189433962264151,0.7256603773584906,0.21283018867924525,28,33,63,62,1,0.9838709677419355
F037,F052,0.500754716981132,0.24050044673584917,0.12339622641509429,0.7256603773584906,0.4420754716981132,28,27,56,55,1,1.0
F038,F039,0.9064150943396226,0.7792912940973838,0.49547169811320757,0.35056603773584905,0.13622641509433964,31,34,66,66,0,0.9848484848484849
F038,F040,0.6826415094339623,0.24050044673584917,0.19886792452830193,0.6003773584905661,0.09433962264150947,31,27,59,59,0,0.9830508474576272
F038,F041,0.8984905660377358,0.9208028675024057,0.7916981132075471,0.6988679245283018,0.6722641509433962,31,21,55,52,3,1.0
F038,F042,0.5992452830188679,0.24050044673584917,0.12528301886792448,0.459622641509434,0.5615094339622642,31,26,59,57,2,1.0
F038,F043,0.870188679245283,0.8398196483967807,0.459622641509434,0.6988679245283018,0.11716981132075471,31,30,62,62,0,0.9838709677419355
F038,F044,0.790566037735849,0.7041588099553404,0.32037735849056603,0.9864150943396226,0.13622641509433964,31,34,66,66,0,0.9848484848484849
F038,F045,0.9535849056603773,0.9208028675024057,0.9909433962264151,0.7766037735849056,0.34641509433962264,31,35,66,66,0,1.0
F038,F046,0.8026415094339623,0.6436304556559435,0.5256603773584906,0.3886792452830189,0.7460377358490566,31,20,55,51,4,1.0
F038,F047,0.7984905660377358,0.6436304556559435,0.7245283018867925,0.6988679245283018,0.4420754716981132,31,23,55,54,1,1.0
F038,F048,0.9916981132075472,0.9294506967326246,0.9350943396226415,0.7766037735849056,0.34641509433962264,31,32,63,63,0,1.0
F038,F049,0.870188679245283,0.6436304556559435,0.6890566037735849,0.6988679245283018,0.5615094339622642,31,33,66,64,2,1.0
F038,F050,0.4716981132075472,0.24050044673584917,0.06452830188679248,0.7256603773584906,0.09433962264150947,31,27,59,59,0,0.9830508474576272
F038,F051,0.9916981132075472,0.9208028675024057,0.8573584905660377,0.7766037735849056,0.5615094339622642,31,33,66,64,2,1.0
F038,F052,0.9283018867924528,0.7792912940973838,0.9611320754716981,0.7766037735849056,0.09433962264150947,31,27,59,59,0,0.9830508474576272
F039,F040,0.5569811320754716,0.24050044673584917,0.10264150943396222,0.2245283018867924,0.21283018867924525,34,27,63,62,1,0.9838709677419355
F039,F041,0.7762264150943397,0.7000941615997894,0.3026415094339623,0.3007547169811321,0.7460377358490566,34,21,59,55,4,1.0
F039,F042,0.4716981132075472,0.24050044673584917,0.05547169811320751,0.18452830188679248,0.6722641509433962,34,26,63,60,3,1.0
F039,F043,0.7143396226415094,0.6191109424941644,0.20075471698113212,0.3007547169811321,0.5615094339622642,34,30,66,64,2,1.0
F039,F044,0.6520754716981132,0.48345010405272415,0.15245283018867928,0.35056603773584905,0.5615094339622642,34,34,70,68,2,1.0
F039,F045,0.8535849056603774,0.7000941615997894,0.47018867924528307,0.3886792452830189,0.4420754716981132,34,35,70,69,1,1.0
F039,F046,0.8935849056603774,0.8643391615585597,0.9792452830188679,0.9592452830188679,0.789622641509434,34,20,59,54,5,1.0
F039,F047,0.8535849056603774,0.8643391615585597,0.8758490566037735,0.6003773584905661,0.5615094339622642,34,23,59,57,2,1.0
F039,F048,0.9535849056603773,0.8498405973647591,0.6543396226415095,0.3886792452830189,0.4420754716981132,34,32,67,66,1,1.0
F039,F049,0.9324528301886792,0.8643391615585597,0.9060377358490566,0.6003773584905661,0.6722641509433962,34,33,70,67,3,1.0
F039,F050,0.3652830188679246,0.24050044673584917,0.017358490566037776,0.35056603773584905,0.21283018867924525,34,27,63,62,1,0.9838709677419355
F039,F051,0.8279245283018868,0.7000941615997894,0.3309433962264151,0.3886792452830189,0.6722641509433962,34,33,70,67,3,1.0
F039,F052,0.8984905660377358,1.0,0.6033962264150943,0.3886792452830189,0.21283018867924525,34,27,63,62,1,0.9838709677419355
F040,F041,0.8094339622641509,0.3196975792334435,0.2909433962264151,0.9328301886792453,0.7460377358490566,27,21,52,48,4,1.0
F040,F042,0.9607547169811321,1.0,0.6962264150943396,0.9328301886792453,0.2888679245283019,27,26,56,54,2,0.9814814814814815
F040,F043,0.8833962264150943,0.4006807983390685,0.49283018867924533,0.9328301886792453,0.5615094339622642,27,30,59,57,2,1.0
F040,F044,0.9607547169811321,0.5363416367805088,0.72,0.6003773584905661,0.21283018867924525,27,34,63,62,1,0.9838709677419355
F040,F045,0.7366037735849056,0.3196975792334435,0.20867924528301884,0.9030188679245283,0.4420754716981132,27,35,63,62,1,1.0
F040,F046,0.4747169811320755,0.24050044673584917,0.10528301886792457,0.20226415094339623,0.789622641509434,27,20,52,47,5,1.0
F040,F047,0.4826415094339622,0.24050044673584917,0.12867924528301888,0.659622641509434,0.5615094339622642,27,23,52,50,2,1.0
F040,F048,0.6283018867924528,0.24050044673584917,0.16075471698113208,0.9030188679245283,0.4420754716981132,27,32,60,59,1,1.0
F040,F049,0.5215094339622641,0.24050044673584917,0.12339622641509429,0.659622641509434,0.6722641509433962,27,33,63,60,3,1.0
F040,F050,0.8026415094339623,1.0,0.2954716981132075,0.7766037735849056,0.5615094339622642,27,27,56,54,2,1.0
F040,F051,0.7433962264150944,0.3196975792334435,0.2637735849056604,0.9030188679245283,0.6722641509433962,27,33,63,60,3,1.0
F040,F052,0.5864150943396227,0.24050044673584917,0.17471698113207546,0.9030188679245283,0.5615094339622642,27,27,56,54,2,1.0
F041,F042,0.7086792452830188,0.3196975792334435,0.1807547169811321,0.9030188679245283,0.789622641509434,21,26,52,47,5,1.0
F041,F043,0.9607547169811321,0.919016780894375,0.7615094339622641,0.9864150943396226,0.7460377358490566,21,30,55,51,4,1.0
F041,F044,0.919245283018868,0.7833559424529347,0.5313207547169811,0.6988679245283018,0.7460377358490566,21,34,59,55,4,1.0
F041,F045,0.9833962264150944,1.0,0.8215094339622642,0.9328301886792453,0.6722641509433962,21,35,59,56,3,1.0
F041,F046,0.6520754716981132,0.5644333231583492,0.31849056603773584,0.2516981132075472,0.4852830188679245,21,20,48,43,5,0.9534883720930233
F041,F047,0.6486792452830188,0.5644333231583492,0.4286792452830188,0.7256603773584906,0.7460377358490566,21,23,48,44,4,1.0
F041,F048,0.8279245283018868,0.8502535642350303,0.6173584905660378,0.9328301886792453,0.2888679245283019,21,32,56,54,2,0.9814814814814815
F041,F049,0.7060377358490566,0.5644333231583492,0.40981132075471693,0.7256603773584906,0.789622641509434,21,33,59,54,5,1.0
F041,F050,0.580754716981132,0.3196975792334435,0.09811320754716979,0.6988679245283018,0.7460377358490566,21,27,52,48,4,1.0
F041,F051,0.9324528301886792,1.0,0.9845283018867924,0.9328301886792453,0.789622641509434,21,33,59,54,5,1.0
F041,F052,0.7588679245283019,0.7000941615997894,0.6656603773584906,0.9328301886792453,0.7460377358490566,21,27,52,48,4,1.0
F042,F043,0.7762264150943397,0.4006807983390685,0.2637735849056604,0.9030188679245283,0.6722641509433962,26,30,59,56,3,1.0
F042,F044,0.8483018867924528,0.5363416367805088,0.3618867924528302,0.459622641509434,0.6722641509433962,26,34,63,60,3,1.0
F042,F045,0.6407547169811321,0.3196975792334435,0.130188679245283,0.8350943396226416,0.21283018867924525,26,35,63,62,1,0.9838709677419355
F042,F046,0.4007547169811321,0.24050044673584917,0.05962264150943397,0.16150943396226414,0.4941509433962264,26,20,52,47,5,0.9787234042553191
F042,F047,0.40830188679245283,0.24050044673584917,0.07886792452830194,0.5279245283018867,0.27433962264150946,26,23,52,50,2,0.98
F042,F048,0.5418867924528301,0.24050044673584917,0.1064150943396226,0.8350943396226416,0.19,26,32,60,59,1,0.9830508474576272
F042,F049,0.44981132075471697,0.24050044673584917,0.07698113207547175,0.5279245283018867,0.7460377358490566,26,33,63,59,4,1.0
F042,F050,0.9158490566037736,1.0,0.5573584905660378,0.8784905660377358,0.2888679245283019,26,27,56,54,2,0.9814814814814815
F042,F051,0.6520754716981132,0.3196975792334435,0.16264150943396227,0.8350943396226416,0.7460377358490566,26,33,63,59,4,1.0
F042,F052,0.5045283018867924,0.24050044673584917,0.1132075471698113,0.8350943396226416,0.2888679245283019,26,27,56,54,2,0.9814814814814815
F043,F044,0.980754716981132,0.8643391615585597,0.8758490566037735,0.6988679245283018,0.5615094339622642,30,34,66,64,2,1.0
F043,F045,0.9030188679245283,0.919016780894375,0.4883018867924528,0.9328301886792453,0.13622641509433964,30,35,66,66,0,0.9848484848484849
F043,F046,0.6245283018867924,0.48345010405272415,0.21132075471698109,0.2516981132075472,0.789622641509434,30,20,55,50,5,1.0
F043,F047,0.6328301886792453,0.48345010405272415,0.2584905660377359,0.7256603773584906,0.16943396226415092,30,23,55,54,1,0.9814814814814815
F043,F048,0.7984905660377358,0.7692703451294053,0.349811320754717,0.9328301886792453,0.4420754716981132,30,32,63,62,1,1.0
F043,F049,0.6799999999999999,0.48345010405272415,0.24716981132075466,0.7256603773584906,0.6722641509433962,30,33,66,63,3,1.0
F043,F050,0.6328301886792453,0.4006807983390685,0.1433962264150943,0.6988679245283018,0.5615094339622642,30,27,59,57,2,1.0
F043,F051,0.9369811320754717,0.919016780894375,0.6962264150943396,0.9328301886792453,0.6722641509433962,30,33,66,63,3,1.0
F043,F052,0.7483018867924529,0.6191109424941644,0.37056603773584906,0.9328301886792453,0.5615094339622642,30,27,59,57,2,1.0
F044,F045,0.8362264150943396,0.7833559424529347,0.33358490566037735,0.7766037735849056,0.4420754716981132,34,35,70,69,1,1.0
F044,F046,0.5618867924528301,0.48345010405272415,0.1584905660377358,0.3886792452830189,0.789622641509434,34,20,59,54,5,1.0
F044,F047,0.5664150943396227,0.48345010405272415,0.20075471698113212,0.6988679245283018,0.5615094339622642,34,23,59,57,2,1.0
F044,F048,0.7271698113207548,0.633609506687965,0.2513207547169811,0.7766037735849056,0.4420754716981132,34,32,67,66,1,1.0
F044,F049,0.6113207547169811,0.48345010405272415,0.19396226415094342,0.6988679245283018,0.6722641509433962,34,33,70,67,3,1.0
F044,F050,0.7026415094339622,0.5363416367805088,0.18641509433962267,0.7256603773584906,0.21283018867924525,34,27,63,62,1,0.9838709677419355
F044,F051,0.8483018867924528,0.7833559424529347,0.4732075471698113,0.7766037735849056,0.6722641509433962,34,33,70,67,3,1.0
F044,F052,0.6720754716981132,0.48345010405272415,0.2724528301886793,0.7766037735849056,0.21283018867924525,34,27,63,62,1,0.9838709677419355
F045,F046,0.7109433962264151,0.5644333231583492,0.4996226415094339,0.35056603773584905,0.7460377358490566,35,20,59,55,4,1.0
F045,F047,0.6973584905660377,0.5644333231583492,0.6890566037735849,0.8350943396226416,0.09433962264150947,35,23,59,59,0,0.9830508474576272
F045,F048,0.8935849056603774,0.8502535642350303,0.9116981132075471,0.9864150943396226,0.34641509433962264,35,32,67,67,0,1.0
F045,F049,0.7686792452830189,0.5644333231583492,0.659245283018868,0.8350943396226416,0.5615094339622642,35,33,70,68,2,1.0
F045,F050,0.5150943396226415,0.3196975792334435,0.06981132075471697,0.7766037735849056,0.4420754716981132,35,27,63,62,1,1.0
F045,F051,0.949811320754717,1.0,0.8883018867924528,0.9864150943396226,0.5615094339622642,35,33,70,68,2,1.0
F045,F052,0.8026415094339623,0.7000941615997894,0.940377358490566,0.9864150943396226,0.4420754716981132,35,27,63,62,1,1.0
F046,F047,0.9966037735849057,1.0,0.9116981132075471,0.659622641509434,0.789622641509434,20,23,48,43,5,1.0
F046,F048,0.8735849056603774,0.7141797589233189,0.6890566037735849,0.35056603773584905,0.7460377358490566,20,32,56,52,4,1.0
F046,F049,0.9916981132075472,1.0,0.9350943396226415,0.659622641509434,0.5169811320754717,20,33,59,54,5,0.9814814814814815
F046,F050,0.30150943396226415,0.24050044673584917,0.019622641509433936,0.3007547169811321,0.789622641509434,20,27,52,47,5,1.0
F046,F051,0.7483018867924529,0.5644333231583492,0.3479245283018868,0.35056603773584905,0.5169811320754717,20,33,59,54,5,0.9814814814814815
F046,F052,0.9233962264150943,0.8643391615585597,0.6377358490566039,0.35056603773584905,0.789622641509434,20,27,52,47,5,1.0
F047,F048,0.870188679245283,0.7141797589233189,0.8943396226415095,0.8350943396226416,0.4420754716981132,23,32,56,55,1,1.0
F047,F049,0.9864150943396226,1.0,0.9984905660377359,0.9864150943396226,0.6722641509433962,23,33,59,56,3,1.0
F047,F050,0.31169811320754715,0.24050044673584917,0.02943396226415096,0.6003773584905661,0.5615094339622642,23,27,52,50,2,1.0
F047,F051,0.7588679245283019,0.5644333231583492,0.48226415094339625,0.8350943396226416,0.6722641509433962,23,33,59,56,3,1.0
F047,F052,0.9460377358490566,0.8643391615585597,0.8377358490566038,0.8350943396226416,0.5615094339622642,23,27,52,50,2,1.0
F048,F049,0.9415094339622642,0.7141797589233189,0.8626415094339622,0.8350943396226416,0.23188679245283017,32,33,67,66,1,0.9848484848484849
F048,F050,0.4256603773584906,0.24050044673584917,0.04603773584905657,0.7766037735849056,0.4420754716981132,32,27,60,59,1,1.0
F048,F051,0.9460377358490566,0.8502535642350303,0.6822641509433962,0.9864150943396226,0.23188679245283017,32,33,67,66,1,0.9848484848484849
F048,F052,0.9773584905660377,0.8498405973647591,0.9947169811320755,0.9864150943396226,0.4420754716981132,32,27,60,59,1,1.0
F049,F050,0.3411320754716981,0.24050044673584917,0.027924528301886742,0.6003773584905661,0.6722641509433962,33,27,63,60,3,1.0
F049,F051,0.8150943396226416,0.5644333231583492,0.45358490566037735,0.8350943396226416,0.7460377358490566,33,33,70,66,4,1.0
F049,F052,0.9792452830188679,0.8643391615585597,0.8120754716981132,0.8350943396226416,0.6722641509433962,33,27,63,60,3,1.0
F050,F051,0.5184905660377359,0.3196975792334435,0.09056603773584904,0.7766037735849056,0.6722641509433962,27,33,63,60,3,1.0
F050,F052,0.3905660377358491,0.24050044673584917,0.04981132075471695,0.7766037735849056,0.5615094339622642,27,27,56,54,2,1.0
F051,F052,0.8871698113207547,0.7000941615997894,0.7384905660377359,0.9864150943396226,0.6722641509433962,33,27,63,60,3,1.0
