iteration,ranker,candidate_rank,selected,left_index,right_index,base_airport,left_signature,right_signature,left_load,right_load,left_services,right_services,same_cluster_fraction,minimum_distance_km,airport_profile_gap_km,fuel_signature_gap,distance_relatedness,consensus_relatedness,airport_relatedness,fuel_relatedness,capacity_relatedness,static_relatedness_score,context_capacity_score,context_stop_score,context_airport_score,context_relatedness_score,combined_candidate_score,outcome,route_evaluations,technical_stop_searches,augmentation_cache_hits,lower_bound_pruned,augmentation_infeasible,saving_minutes,accepted,evaluated_elapsed_seconds,accepted_elapsed_seconds
0,static_selected_distance_context,1,True,99,103,A03,A03|F047|5|P0040+P1063+P1231+P2315+P2850,A03|F049|14|P1520+P2198+P2832+P2893+P2922+P3149+P3191+P3205+P3276+P3416+P3452+P3703+P3771+P3868,5,14,F047,F049,0.0,19.0,2.6666666666666665,,0.9864150943396226,1.0,0.9984905660377359,0.9864150943396226,0.6722641509433962,0.9864150943396226,1.0,0.75,1.0,0.875,0.9307075471698113,improving_not_selected,2,2,0,0,0,142,False,3.4287235000010696,
0,static_selected_distance_context,2,True,54,62,A02,A02|F025|7|P1886+P2791+P3216+P3506+P3560+P3584+P3815,A02|F029|12|P0226+P1827+P1956+P2101+P2590+P2617+P2683+P2796+P2810+P3402+P3626+P3741,7,12,F025,F029,0.0,24.0,12.666666666666666,,0.9739622641509434,0.8398196483967807,0.9226415094339623,0.9864150943396226,0.5615094339622642,0.9739622641509434,1.0,0.75,1.0,0.875,0.9244811320754718,improving_not_selected,2,2,0,0,0,117,False,2.6418521000014152,
0,static_selected_distance_context,3,True,27,29,A01,A01|F014|12|P0061+P0303+P0849+P1095+P1163+P1235+P1805+P1853+P1902+P2120+P2969+P3614,A01|F015|7|P0269+P0476+P0484+P0570+P0637+P1402+P3945,12,7,F014,F015,0.0,27.0,26.666666666666668,,0.9633962264150944,1.0,0.7090566037735849,0.659622641509434,0.4420754716981132,0.9633962264150944,1.0,0.75,1.0,0.875,0.9191981132075472,improving_not_selected,2,2,0,0,0,74,False,1.9906312999955844,
0,static_selected_distance_context,4,True,86,90,A03,A03|F041|5|P0227+P0326+P0368+P1137+P2262,A03|F043|14|P0095+P0132+P0520+P0588+P0601+P0778+P0848+P0965+P1050+P1171+P1294+P2636+P3023+P3270,5,14,F041,F043,0.0,28.0,23.0,,0.9607547169811321,0.919016780894375,0.7615094339622641,0.9864150943396226,0.7460377358490566,0.9607547169811321,1.0,0.75,1.0,0.875,0.9178773584905661,improving_not_selected,2,2,0,0,0,151,False,3.020647299999837,
0,static_selected_distance_context,5,True,21,29,A01,A01|F011|12|P0174+P0284+P0293+P0535+P0707+P0823+P0923+P1529+P1571+P1718+P3108+P3175,A01|F015|7|P0269+P0476+P0484+P0570+P0637+P1402+P3945,12,7,F011,F015,0.0,31.0,13.0,,0.9535849056603773,0.7043643178278647,0.9166037735849056,0.6988679245283018,0.6722641509433962,0.9535849056603773,1.0,0.75,1.0,0.875,0.9142924528301887,improving_not_selected,2,2,0,0,0,79,False,1.8575578999952995,
0,static_selected_distance_context,6,True,29,59,A01,A01|F015|7|P0269+P0476+P0484+P0570+P0637+P1402+P3945,A01|F028|12|P0241+P0272+P0289+P0320+P0490+P0559+P0600+P0634+P0700+P0953+P1113+P1179,7,12,F015,F028,0.0,32.0,27.666666666666668,,0.949811320754717,0.7043643178278647,0.6890566037735849,0.5279245283018867,0.4420754716981132,0.949811320754717,1.0,0.75,1.0,0.875,0.9124056603773585,improving_not_selected,2,2,0,0,0,92,False,2.2374779999954626,
0,static_selected_distance_context,7,True,9,29,A01,A01|F005|11|P0177+P0622+P0879+P0978+P1006+P1078+P1307+P1710+P1910+P3403+P3882,A01|F015|7|P0269+P0476+P0484+P0570+P0637+P1402+P3945,11,7,F005,F015,0.0,25.0,4.0,,0.9694339622641509,0.7843564518281836,0.9909433962264151,0.9864150943396226,0.5615094339622642,0.9694339622641509,0.9473684210526315,0.75,1.0,0.8486842105263157,0.9090590863952333,improving_not_selected,2,2,0,0,0,81,False,0.9434882999994443,
0,static_selected_distance_context,8,True,67,74,A02,A02|F032|14|P0099+P0379+P0390+P0422+P0546+P0616+P0618+P0738+P1254+P1300+P1681+P2097+P2351+P3385,A02|F035|5|P0115+P3360+P3552+P3652+P3844,14,5,F032,F035,0.0,35.0,17.333333333333332,,0.9369811320754717,1.0,0.8456603773584905,0.9864150943396226,0.7460377358490566,0.9369811320754717,1.0,0.75,1.0,0.875,0.9059905660377359,improving_not_selected,2,2,0,0,0,138,False,2.9127808999983245,
0,static_selected_distance_context,9,True,3,7,A01,A01|F002|7|P1754+P1771+P2409+P2625+P2819+P3592+P3961,A01|F004|11|P0146+P0632+P0908+P1052+P1216+P1264+P1553+P2173+P2793+P3113+P3938,7,11,F002,F004,0.0,33.0,21.333333333333332,,0.9460377358490566,1.0,0.7860377358490566,0.5279245283018867,0.6722641509433962,0.9460377358490566,0.9473684210526315,0.75,1.0,0.8486842105263157,0.8973609731876862,improving_not_selected,2,2,0,0,0,103,False,0.407392199995229,
0,static_selected_distance_context,10,True,52,54,A02,A02|F024|12|P0213+P0307+P0433+P0499+P0729+P1905+P2195+P2535+P2572+P3190+P3603+P3872,A02|F025|7|P1886+P2791+P3216+P3506+P3560+P3584+P3815,12,7,F024,F025,0.0,39.0,15.666666666666666,,0.919245283018868,0.8398196483967807,0.8758490566037735,0.6003773584905661,0.7460377358490566,0.919245283018868,1.0,0.75,1.0,0.875,0.897122641509434,improving_not_selected,2,2,0,0,0,98,False,2.5055817999964347,
0,static_selected_distance_context,11,True,0,37,A01,A01|F001|4|P0036+P0918+P2537+P2942,A01|F019|13|P0045+P0134+P0344+P0493+P0572+P0946+P1099+P1101+P1160+P1164+P1284+P1345+P1500,4,13,F001,F019,0.0,25.0,17.333333333333332,,0.9694339622641509,0.8643391615585597,0.8456603773584905,0.9328301886792453,0.4420754716981132,0.9694339622641509,0.8947368421052632,0.75,1.0,0.8223684210526316,0.8959011916583912,improving_not_selected,2,2,0,0,0,127,False,0.30437800000072457,
0,static_selected_distance_context,12,True,11,15,A01,A01|F006|16|P0042+P0044+P0089+P0113+P0151+P0158+P0186+P0240+P0244+P0267+P0393+P0718+P0863+P1394+P1611+P3271,A01|F008|3|P1310+P1334+P3410,16,3,F006,F008,0.0,41.0,16.333333333333332,,0.9109433962264151,0.8586958855927248,0.8626415094339622,0.7256603773584906,0.6722641509433962,0.9109433962264151,1.0,0.75,1.0,0.875,0.8929716981132075,improving_not_selected,2,2,0,0,0,112,False,1.120532099994307,
0,static_selected_distance_context,13,True,0,23,A01,A01|F001|4|P0036+P0918+P2537+P2942,A01|F012|15|P0004+P0049+P0093+P0228+P0239+P0247+P0266+P0510+P0525+P0561+P0584+P0619+P2131+P2753+P3211,4,15,F001,F012,0.0,42.0,5.333333333333333,,0.9064150943396226,0.8509166882080255,0.9815094339622642,0.9328301886792453,0.5615094339622642,0.9064150943396226,1.0,0.75,1.0,0.875,0.8907075471698114,improving_not_selected,2,2,0,0,0,122,False,0.16373339999699965,
0,static_selected_distance_context,14,True,17,29,A01,A01|F009|11|P0086+P0252+P0860+P1085+P1610+P1743+P1763+P1949+P2163+P3118+P3137,A01|F015|7|P0269+P0476+P0484+P0570+P0637+P1402+P3945,11,7,F009,F015,0.0,38.0,21.333333333333332,,0.9233962264150943,0.7749136210952401,0.7860377358490566,0.6003773584905661,0.5615094339622642,0.9233962264150943,0.9473684210526315,0.75,1.0,0.8486842105263157,0.886040218470705,improving_not_selected,2,2,0,0,0,72,False,1.7137243999968632,
0,static_selected_distance_context,15,True,88,104,A03,A03|F042|10|P0294+P0455+P0617+P0638+P1203+P1767+P2093+P2521+P2730+P2984,A03|F050|8|P0166+P0540+P0643+P0865+P2330+P2972+P3627+P3730,10,8,F042,F050,0.0,40.0,36.333333333333336,,0.9158490566037736,1.0,0.5573584905660378,0.8784905660377358,0.2888679245283019,0.9158490566037736,0.9473684210526315,0.75,1.0,0.8486842105263157,0.8822666335650446,accepted,2,2,0,0,0,244,True,3.155007299996214,3.653264100001252
0,static_selected_distance_context,16,True,97,103,A03,A03|F046|1|P2863,A03|F049|14|P1520+P2198+P2832+P2893+P2922+P3149+P3191+P3205+P3276+P3416+P3452+P3703+P3771+P3868,1,14,F046,F049,0.0,17.0,11.333333333333334,,0.9916981132075472,1.0,0.9350943396226415,0.659622641509434,0.5169811320754717,0.9916981132075472,0.7894736842105263,0.75,1.0,0.7697368421052632,0.8807174776564052,improving_not_selected,4,4,0,0,0,146,False,3.330196999995678,
0,static_selected_distance_context,17,True,45,74,A02,A02|F021|13|P0008+P0124+P1195+P3158+P3305+P3313+P3406+P3544+P3734+P3749+P3809+P3877+P3895,A02|F035|5|P0115+P3360+P3552+P3652+P3844,13,5,F021,F035,0.0,41.0,40.333333333333336,,0.9109433962264151,0.7937898582911843,0.5094339622641509,0.35056603773584905,0.6722641509433962,0.9109433962264151,0.9473684210526315,0.75,1.0,0.8486842105263157,0.8798138033763654,improving_not_selected,2,2,0,0,0,117,False,2.3425145000001066,
0,static_selected_distance_context,18,True,15,19,A01,A01|F008|3|P1310+P1334+P3410,A01|F010|12|P0028+P0077+P0375+P0395+P0583+P0631+P0642+P0835+P1907+P2840+P3644+P3775,3,12,F008,F010,0.0,19.0,3.6666666666666665,,0.9864150943396226,0.9292451888601003,0.9932075471698113,0.9592452830188679,0.16943396226415092,0.9864150943396226,0.7894736842105263,0.75,1.0,0.7697368421052632,0.8780759682224428,improving_not_selected,4,4,0,0,0,131,False,1.346400899994478,
0,static_selected_distance_context,19,True,65,74,A02,A02|F031|13|P0188+P0221+P0470+P0845+P1206+P1443+P1467+P1512+P1534+P1772+P1859+P2248+P3041,A02|F035|5|P0115+P3360+P3552+P3652+P3844,13,5,F031,F035,0.0,42.0,19.333333333333332,,0.9064150943396226,1.0,0.8166037735849057,0.659622641509434,0.789622641509434,0.9064150943396226,0.9473684210526315,0.75,1.0,0.8486842105263157,0.8775496524329691,improving_not_selected,2,2,0,0,0,126,False,2.7863072999971337,
0,static_selected_distance_context,20,True,3,13,A01,A01|F002|7|P1754+P1771+P2409+P2625+P2819+P3592+P3961,A01|F007|9|P0057+P0480+P0652+P0685+P0786+P0812+P1703+P1838+P2738,7,9,F002,F007,0.0,30.0,14.666666666666666,,0.9566037735849057,1.0,0.8883018867924528,0.9328301886792453,0.5615094339622642,0.9566037735849057,0.8421052631578947,0.75,1.0,0.7960526315789473,0.8763282025819266,improving_not_selected,4,4,0,0,0,122,False,0.5920738999993773,
0,static_selected_distance_context,21,True,99,109,A03,A03|F047|5|P0040+P1063+P1231+P2315+P2850,A03|F052|11|P0465+P1035+P2138+P2378+P3105+P3227+P3440+P3587+P3611+P3640+P3987,5,11,F047,F052,0.0,33.0,17.666666666666668,,0.9460377358490566,0.8643391615585597,0.8377358490566038,0.8350943396226416,0.5615094339622642,0.9460377358490566,0.8421052631578947,0.75,1.0,0.7960526315789473,0.871045183714002,improving_not_selected,4,4,0,0,0,162,False,3.6531806999992114,
0,static_selected_distance_context,22,True,8,15,A01,A01|F004|16|P2183+P2362+P2487+P2551+P2669+P2716+P3039+P3053+P3119+P3159+P3243+P3375+P3585+P3598+P3761+P3906,A01|F008|3|P1310+P1334+P3410,16,3,F004,F008,0.0,52.0,21.666666666666668,,0.8656603773584906,0.8586958855927248,0.780377358490566,0.6003773584905661,0.27433962264150946,0.8656603773584906,1.0,0.75,1.0,0.875,0.8703301886792453,improving_not_selected,2,2,0,0,0,98,False,0.8197140999982366,
0,static_selected_distance_context,23,True,3,19,A01,A01|F002|7|P1754+P1771+P2409+P2625+P2819+P3592+P3961,A01|F010|12|P0028+P0077+P0375+P0395+P0583+P0631+P0642+P0835+P1907+P2840+P3644+P3775,7,12,F002,F010,0.0,56.0,3.3333333333333335,,0.8483018867924528,0.9294506967326246,0.9947169811320755,0.9328301886792453,0.5615094339622642,0.8483018867924528,1.0,0.75,1.0,0.875,0.8616509433962264,improving_not_selected,2,2,0,0,0,93,False,0.7034397999959765,
0,static_selected_distance_context,24,True,15,21,A01,A01|F008|3|P1310+P1334+P3410,A01|F011|12|P0174+P0284+P0293+P0535+P0707+P0823+P0923+P1529+P1571+P1718+P3108+P3175,3,12,F008,F011,0.0,33.0,22.0,,0.9460377358490566,0.6878741591535094,0.7754716981132075,0.42188679245283023,0.7460377358490566,0.9460377358490566,0.7894736842105263,0.75,1.0,0.7697368421052632,0.8578872889771598,improving_not_selected,4,4,0,0,0,113,False,1.5996587999979965,
0,static_selected_distance_context,25,True,29,33,A01,A01|F015|7|P0269+P0476+P0484+P0570+P0637+P1402+P3945,A01|F017|11|P0137+P0418+P0598+P1079+P1380+P1493+P1521+P1745+P2207+P2309+P2999,7,11,F015,F017,0.0,53.0,43.0,,0.860754716981132,0.854905755095559,0.4732075471698113,0.659622641509434,0.5615094339622642,0.860754716981132,0.9473684210526315,0.75,1.0,0.8486842105263157,0.8547194637537239,improving_not_selected,2,2,0,0,0,63,False,2.1140531999990344,
0,static_selected_distance_context,26,False,15,18,A01,A01|F008|3|P1310+P1334+P3410,A01|F009|16|P2295+P2415+P2720+P2794+P2805+P2859+P2982+P2991+P3006+P3280+P3464+P3478+P3613+P3725+P3807+P3880,3,16,F008,F009,0.0,59.0,56.333333333333336,,0.8320754716981132,0.6173248558861338,0.3426415094339622,0.16150943396226414,0.27433962264150946,0.8320754716981132,1.0,0.75,1.0,0.875,0.8535377358490566,budget_not_selected,0,0,0,0,0,,False,,
0,static_selected_distance_context,27,False,62,74,A02,A02|F029|12|P0226+P1827+P1956+P2101+P2590+P2617+P2683+P2796+P2810+P3402+P3626+P3741,A02|F035|5|P0115+P3360+P3552+P3652+P3844,12,5,F029,F035,0.0,49.0,44.333333333333336,,0.8781132075471698,0.633609506687965,0.45358490566037735,0.3007547169811321,0.13999999999999996,0.8781132075471698,0.8947368421052632,0.75,1.0,0.8223684210526316,0.8502408142999007,budget_not_selected,0,0,0,0,0,,False,,
0,static_selected_distance_context,28,False,97,100,A03,A03|F046|1|P2863,A03|F048|16|P0255+P1217+P1261+P1569+P1604+P1761+P1870+P2022+P2105+P2156+P2369+P2395+P2743+P2914+P3267+P3471,1,16,F046,F048,0.0,50.0,27.666666666666668,,0.8735849056603774,0.7141797589233189,0.6890566037735849,0.35056603773584905,0.7460377358490566,0.8735849056603774,0.8947368421052632,0.75,1.0,0.8223684210526316,0.8479766633565045,budget_not_selected,0,0,0,0,0,,False,,
0,static_selected_distance_context,29,False,97,101,A03,A03|F046|1|P2863,A03|F048|16|P2396+P2419+P2481+P2604+P2619+P2692+P2712+P2776+P2858+P3027+P3589+P3599+P3699+P3885+P3903+P3966,1,16,F046,F048,0.0,50.0,27.666666666666668,,0.8735849056603774,0.7141797589233189,0.6890566037735849,0.35056603773584905,0.7460377358490566,0.8735849056603774,0.8947368421052632,0.75,1.0,0.8223684210526316,0.8479766633565045,budget_not_selected,0,0,0,0,0,,False,,
0,static_selected_distance_context,30,False,15,30,A01,A01|F008|3|P1310+P1334+P3410,A01|F015|16|P0409+P0513+P0605+P0969+P0998+P1080+P1364+P1506+P1774+P1782+P2091+P3098+P3234+P3836+P3939+P3985,3,16,F008,F015,0.0,64.0,35.0,,0.8181132075471698,0.3922384769813739,0.5739622641509434,0.459622641509434,0.13999999999999996,0.8181132075471698,1.0,0.75,1.0,0.875,0.8465566037735849,budget_not_selected,0,0,0,0,0,,False,,
0,static_selected_distance_context,31,False,82,97,A03,A03|F039|15|P0097+P0714+P0855+P1236+P1407+P1474+P1488+P1559+P1725+P1936+P1969+P2159+P2166+P3048+P3576,A03|F046|1|P2863,15,1,F039,F046,0.0,45.0,5.666666666666667,,0.8935849056603774,0.8643391615585597,0.9792452830188679,0.9592452830188679,0.789622641509434,0.8935849056603774,0.8421052631578947,0.75,1.0,0.7960526315789473,0.8448187686196624,budget_not_selected,0,0,0,0,0,,False,,
0,static_selected_distance_context,32,False,39,54,A02,A02|F019|12|P0059+P0542+P0957+P1677+P2598+P2822+P3044+P3288+P3409+P3524+P3711+P3982,A02|F025|7|P1886+P2791+P3216+P3506+P3560+P3584+P3815,12,7,F019,F025,0.0,66.0,13.0,,0.8094339622641509,0.21419484696603946,0.9166037735849056,0.8784905660377358,0.5615094339622642,0.8094339622641509,1.0,0.75,1.0,0.875,0.8422169811320754,budget_not_selected,0,0,0,0,0,,False,,
0,static_selected_distance_context,33,False,15,59,A01,A01|F008|3|P1310+P1334+P3410,A01|F028|12|P0241+P0272+P0289+P0320+P0490+P0559+P0600+P0634+P0700+P0953+P1113+P1179,3,12,F008,F028,0.0,41.0,7.333333333333333,,0.9109433962264151,0.6878741591535094,0.9667924528301887,0.9592452830188679,0.5615094339622642,0.9109433962264151,0.7894736842105263,0.75,1.0,0.7697368421052632,0.8403401191658391,budget_not_selected,0,0,0,0,0,,False,,
0,static_selected_distance_context,34,False,29,31,A01,A01|F015|7|P0269+P0476+P0484+P0570+P0637+P1402+P3945,A01|F016|9|P0275+P0423+P0482+P0613+P0647+P0950+P1114+P2472+P2898,7,9,F015,F016,0.0,48.0,16.666666666666668,,0.8833962264150943,0.7058224433035845,0.8573584905660377,0.659622641509434,0.7460377358490566,0.8833962264150943,0.8421052631578947,0.75,1.0,0.7960526315789473,0.8397244289970208,budget_not_selected,0,0,0,0,0,,False,,
0,static_selected_distance_context,35,False,84,104,A03,A03|F040|11|P0140+P0367+P0868+P0880+P1004+P1567+P1598+P1705+P1715+P1750+P2374,A03|F050|8|P0166+P0540+P0643+P0865+P2330+P2972+P3627+P3730,11,8,F040,F050,0.0,67.0,63.666666666666664,,0.8026415094339623,1.0,0.2954716981132075,0.7766037735849056,0.5615094339622642,0.8026415094339623,1.0,0.75,1.0,0.875,0.8388207547169811,budget_not_selected,0,0,0,0,0,,False,,
0,static_selected_distance_context,36,False,49,74,A02,A02|F023|9|P0068+P0111+P0298+P0611+P0693+P1031+P1482+P2314+P2790,A02|F035|5|P0115+P3360+P3552+P3652+P3844,9,5,F023,F035,0.0,38.0,6.0,,0.9233962264150943,1.0,0.9762264150943396,0.9864150943396226,0.4941509433962264,0.9233962264150943,0.7368421052631579,0.75,1.0,0.743421052631579,0.8334086395233367,budget_not_selected,0,0,0,0,0,,False,,
0,static_selected_distance_context,37,False,52,74,A02,A02|F024|12|P0213+P0307+P0433+P0499+P0729+P1905+P2195+P2535+P2572+P3190+P3603+P3872,A02|F035|5|P0115+P3360+P3552+P3652+P3844,12,5,F024,F035,0.0,57.0,41.333333333333336,,0.8418867924528302,0.633609506687965,0.49547169811320757,0.20226415094339623,0.789622641509434,0.8418867924528302,0.8947368421052632,0.75,1.0,0.8223684210526316,0.8321276067527309,budget_not_selected,0,0,0,0,0,,False,,
0,static_selected_distance_context,38,False,77,109,A03,A03|F036|8|P0401+P0709+P1087+P1650+P1817+P3698+P3755+P3770,A03|F052|11|P0465+P1035+P2138+P2378+P3105+P3227+P3440+P3587+P3611+P3640+P3987,8,11,F036,F052,0.0,75.0,42.0,,0.7762264150943397,0.4031300089200943,0.4883018867924528,0.2516981132075472,0.5615094339622642,0.7762264150943397,1.0,0.75,1.0,0.875,0.8256132075471698,budget_not_selected,0,0,0,0,0,,False,,
0,static_selected_distance_context,39,False,15,28,A01,A01|F008|3|P1310+P1334+P3410,A01|F014|16|P2127+P2447+P2512+P2561+P2767+P2844+P2908+P2953+P3160+P3475+P3554+P3634+P3651+P3808+P3973+P3994,3,16,F008,F014,0.0,76.0,61.666666666666664,,0.7713207547169811,0.3922384769813739,0.30679245283018863,0.12943396226415094,0.5615094339622642,0.7713207547169811,1.0,0.75,1.0,0.875,0.8231603773584906,budget_not_selected,0,0,0,0,0,,False,,
0,static_selected_distance_context,40,False,19,29,A01,A01|F010|12|P0028+P0077+P0375+P0395+P0583+P0631+P0642+P0835+P1907+P2840+P3644+P3775,A01|F015|7|P0269+P0476+P0484+P0570+P0637+P1402+P3945,12,7,F010,F015,0.0,77.0,31.333333333333332,,0.7686792452830189,0.32148366584147414,0.630943396226415,0.5279245283018867,0.4420754716981132,0.7686792452830189,1.0,0.75,1.0,0.875,0.8218396226415094,budget_not_selected,0,0,0,0,0,,False,,
0,static_selected_distance_context,41,False,0,9,A01,A01|F001|4|P0036+P0918+P2537+P2942,A01|F005|11|P0177+P0622+P0879+P0978+P1006+P1078+P1307+P1710+P1910+P3403+P3882,4,11,F001,F005,0.0,50.0,22.333333333333332,,0.8735849056603774,0.8509166882080255,0.7709433962264151,0.7766037735849056,0.5615094339622642,0.8735849056603774,0.7894736842105263,0.75,1.0,0.7697368421052632,0.8216608738828203,budget_not_selected,0,0,0,0,0,,False,,
0,static_selected_distance_context,42,False,54,70,A02,A02|F025|7|P1886+P2791+P3216+P3506+P3560+P3584+P3815,A02|F033|12|P0660+P0761+P1198+P1462+P2397+P2940+P3002+P3303+P3352+P3542+P3649+P3929,7,12,F025,F033,0.0,80.0,36.333333333333336,,0.7588679245283019,0.21419484696603946,0.5573584905660378,0.7766037735849056,0.5615094339622642,0.7588679245283019,1.0,0.75,1.0,0.875,0.8169339622641509,budget_not_selected,0,0,0,0,0,,False,,
0,static_selected_distance_context,43,False,15,26,A01,A01|F008|3|P1310+P1334+P3410,A01|F013|16|P1296+P1897+P1992+P2044+P2061+P2343+P2463+P2807+P3202+P3277+P3466+P3572+P3676+P3797+P3849+P3925,3,16,F008,F013,0.0,81.0,60.333333333333336,,0.7532075471698113,0.8586958855927248,0.3162264150943396,0.7766037735849056,0.16943396226415092,0.7532075471698113,1.0,0.75,1.0,0.875,0.8141037735849057,budget_not_selected,0,0,0,0,0,,False,,
0,static_selected_distance_context,44,False,0,31,A01,A01|F001|4|P0036+P0918+P2537+P2942,A01|F016|9|P0275+P0423+P0482+P0613+P0647+P0950+P1114+P2472+P2898,4,9,F001,F016,0.0,41.0,35.0,,0.9109433962264151,0.9294506967326246,0.5739622641509434,0.3007547169811321,0.7460377358490566,0.9109433962264151,0.6842105263157895,0.75,1.0,0.7171052631578947,0.8140243296921549,budget_not_selected,0,0,0,0,0,,False,,
0,static_selected_distance_context,45,False,81,97,A03,A03|F038|16|P1135+P1278+P1562+P1612+P1766+P1858+P2611+P2643+P2674+P2901+P3004+P3126+P3225+P3610+P3612+P3955,A03|F046|1|P2863,16,1,F038,F046,0.0,67.0,39.0,,0.8026415094339623,0.6436304556559435,0.5256603773584906,0.3886792452830189,0.7460377358490566,0.8026415094339623,0.8947368421052632,0.75,1.0,0.8223684210526316,0.812504965243297,budget_not_selected,0,0,0,0,0,,False,,
0,static_selected_distance_context,46,False,77,99,A03,A03|F036|8|P0401+P0709+P1087+P1650+P1817+P3698+P3755+P3770,A03|F047|5|P0040+P1063+P1231+P2315+P2850,8,5,F036,F047,0.0,42.0,24.333333333333332,,0.9064150943396226,0.5387908473615347,0.7415094339622641,0.5279245283018867,0.23188679245283017,0.9064150943396226,0.6842105263157895,0.75,1.0,0.7171052631578947,0.8117601787487587,budget_not_selected,0,0,0,0,0,,False,,
0,static_selected_distance_context,47,False,97,109,A03,A03|F046|1|P2863,A03|F052|11|P0465+P1035+P2138+P2378+P3105+P3227+P3440+P3587+P3611+P3640+P3987,1,11,F046,F052,0.0,38.0,31.0,,0.9233962264150943,0.8643391615585597,0.6377358490566039,0.35056603773584905,0.789622641509434,0.9233962264150943,0.631578947368421,0.75,1.0,0.6907894736842105,0.8070928500496524,budget_not_selected,0,0,0,0,0,,False,,
0,static_selected_distance_context,48,False,7,15,A01,A01|F004|11|P0146+P0632+P0908+P1052+P1216+P1264+P1553+P2173+P2793+P3113+P3938,A01|F008|3|P1310+P1334+P3410,11,3,F004,F008,0.0,52.0,21.666666666666668,,0.8656603773584906,0.8586958855927248,0.780377358490566,0.6003773584905661,0.27433962264150946,0.8656603773584906,0.7368421052631579,0.75,1.0,0.743421052631579,0.8045407149950348,budget_not_selected,0,0,0,0,0,,False,,
0,static_selected_distance_context,49,False,84,86,A03,A03|F040|11|P0140+P0367+P0868+P0880+P1004+P1567+P1598+P1705+P1715+P1750+P2374,A03|F041|5|P0227+P0326+P0368+P1137+P2262,11,5,F040,F041,0.0,66.0,64.66666666666667,,0.8094339622641509,0.3196975792334435,0.2909433962264151,0.9328301886792453,0.7460377358490566,0.8094339622641509,0.8421052631578947,0.75,1.0,0.7960526315789473,0.8027432969215491,budget_not_selected,0,0,0,0,0,,False,,
0,static_selected_distance_context,50,False,10,15,A01,A01|F005|16|P1933+P2027+P2062+P2096+P2165+P2202+P2334+P2540+P2661+P2725+P3074+P3363+P3624+P3706+P3814+P3917,A01|F008|3|P1310+P1334+P3410,16,3,F005,F008,0.0,88.0,39.0,,0.7271698113207548,0.32148366584147414,0.5256603773584906,0.459622641509434,0.27433962264150946,0.7271698113207548,1.0,0.75,1.0,0.875,0.8010849056603774,budget_not_selected,0,0,0,0,0,,False,,
0,static_selected_distance_context,51,False,15,25,A01,A01|F008|3|P1310+P1334+P3410,A01|F013|15|P0229+P0417+P0419+P0453+P0648+P0672+P0785+P0870+P0912+P1139+P1153+P2464+P3092+P3150+P3176,3,15,F008,F013,0.0,81.0,60.333333333333336,,0.7532075471698113,0.8586958855927248,0.3162264150943396,0.7766037735849056,0.16943396226415092,0.7532075471698113,0.9473684210526315,0.75,1.0,0.8486842105263157,0.8009458788480635,budget_not_selected,0,0,0,0,0,,False,,
0,static_selected_distance_context,52,False,0,61,A01,A01|F001|4|P0036+P0918+P2537+P2942,A01|F029|12|P0159+P0299+P0306+P0449+P0962+P0987+P1077+P1226+P1276+P1738+P1878+P1919,4,12,F001,F029,0.0,67.0,17.666666666666668,,0.8026415094339623,0.23871436012781846,0.8377358490566038,0.7766037735849056,0.4420754716981132,0.8026415094339623,0.8421052631578947,0.75,1.0,0.7960526315789473,0.7993470705064548,budget_not_selected,0,0,0,0,0,,False,,
0,static_selected_distance_context,53,False,80,97,A03,A03|F038|15|P0238+P0338+P0385+P0399+P0573+P0655+P0721+P0820+P0993+P1913+P2047+P2154+P2544+P2912+P3674,A03|F046|1|P2863,15,1,F038,F046,0.0,67.0,39.0,,0.8026415094339623,0.6436304556559435,0.5256603773584906,0.3886792452830189,0.7460377358490566,0.8026415094339623,0.8421052631578947,0.75,1.0,0.7960526315789473,0.7993470705064548,budget_not_selected,0,0,0,0,0,,False,,
0,static_selected_distance_context,54,False,97,107,A03,A03|F046|1|P2863,A03|F051|17|P1926+P1962+P2059+P2217+P2218+P2228+P2558+P2562+P2726+P2847+P2930+P2945+P3082+P3167+P3184+P3253+P3947,1,17,F046,F051,0.0,82.0,55.666666666666664,,0.7483018867924529,0.5644333231583492,0.3479245283018868,0.35056603773584905,0.5169811320754717,0.7483018867924529,0.9473684210526315,0.75,1.0,0.8486842105263157,0.7984930486593843,budget_not_selected,0,0,0,0,0,,False,,
0,static_selected_distance_context,55,False,15,63,A01,A01|F008|3|P1310+P1334+P3410,A01|F030|16|P0169+P0332+P0347+P0357+P0479+P0562+P0661+P1007+P1086+P1200+P1324+P1376+P1739+P1804+P2026+P2086,3,16,F008,F030,0.0,89.0,69.33333333333333,,0.7218867924528302,0.32148366584147414,0.26113207547169814,0.12943396226415094,0.7460377358490566,0.7218867924528302,1.0,0.75,1.0,0.875,0.798443396226415,budget_not_selected,0,0,0,0,0,,False,,
0,static_selected_distance_context,56,False,49,54,A02,A02|F023|9|P0068+P0111+P0298+P0611+P0693+P1031+P1482+P2314+P2790,A02|F025|7|P1886+P2791+P3216+P3506+P3560+P3584+P3815,9,7,F023,F025,0.0,70.0,63.0,,0.7943396226415094,0.7937898582911843,0.2988679245283019,0.3007547169811321,0.789622641509434,0.7943396226415094,0.8421052631578947,0.75,1.0,0.7960526315789473,0.7951961271102284,budget_not_selected,0,0,0,0,0,,False,,
0,static_selected_distance_context,57,False,70,74,A02,A02|F033|12|P0660+P0761+P1198+P1462+P2397+P2940+P3002+P3303+P3352+P3542+P3649+P3929,A02|F035|5|P0115+P3360+P3552+P3652+P3844,12,5,F033,F035,0.0,80.0,20.666666666666668,,0.7588679245283019,0.07853400852459914,0.7973584905660378,0.659622641509434,0.6722641509433962,0.7588679245283019,0.8947368421052632,0.75,1.0,0.8223684210526316,0.7906181727904668,budget_not_selected,0,0,0,0,0,,False,,
0,static_selected_distance_context,58,False,86,103,A03,A03|F041|5|P0227+P0326+P0368+P1137+P2262,A03|F049|14|P1520+P2198+P2832+P2893+P2922+P3149+P3191+P3205+P3276+P3416+P3452+P3703+P3771+P3868,5,14,F041,F049,0.0,94.0,48.666666666666664,,0.7060377358490566,0.5644333231583492,0.40981132075471693,0.7256603773584906,0.789622641509434,0.7060377358490566,1.0,0.75,1.0,0.875,0.7905188679245283,budget_not_selected,0,0,0,0,0,,False,,
0,static_selected_distance_context,59,False,15,17,A01,A01|F008|3|P1310+P1334+P3410,A01|F009|11|P0086+P0252+P0860+P1085+P1610+P1743+P1763+P1949+P2163+P3118+P3137,3,11,F008,F009,0.0,59.0,56.333333333333336,,0.8320754716981132,0.6173248558861338,0.3426415094339622,0.16150943396226414,0.27433962264150946,0.8320754716981132,0.7368421052631579,0.75,1.0,0.743421052631579,0.7877482621648462,budget_not_selected,0,0,0,0,0,,False,,
0,static_selected_distance_context,60,False,97,106,A03,A03|F046|1|P2863,A03|F051|16|P0102+P0184+P0349+P0446+P0462+P0502+P0530+P0541+P0797+P0856+P0904+P0997+P1081+P1684+P1723+P3708,1,16,F046,F051,0.0,82.0,55.666666666666664,,0.7483018867924529,0.5644333231583492,0.3479245283018868,0.35056603773584905,0.5169811320754717,0.7483018867924529,0.8947368421052632,0.75,1.0,0.8223684210526316,0.7853351539225423,budget_not_selected,0,0,0,0,0,,False,,
0,static_selected_distance_context,61,False,15,23,A01,A01|F008|3|P1310+P1334+P3410,A01|F012|15|P0004+P0049+P0093+P0228+P0239+P0247+P0266+P0510+P0525+P0561+P0584+P0619+P2131+P2753+P3211,3,15,F008,F012,0.0,89.0,21.333333333333332,,0.7218867924528302,0.32148366584147414,0.7860377358490566,0.7256603773584906,0.6722641509433962,0.7218867924528302,0.9473684210526315,0.75,1.0,0.8486842105263157,0.785285501489573,budget_not_selected,0,0,0,0,0,,False,,
0,static_selected_distance_context,62,False,39,74,A02,A02|F019|12|P0059+P0542+P0957+P1677+P2598+P2822+P3044+P3288+P3409+P3524+P3711+P3982,A02|F035|5|P0115+P3360+P3552+P3652+P3844,12,5,F019,F035,0.0,83.0,44.0,,0.7433962264150944,0.07853400852459914,0.459622641509434,0.5279245283018867,0.35132075471698115,0.7433962264150944,0.8947368421052632,0.75,1.0,0.8223684210526316,0.782882323733863,budget_not_selected,0,0,0,0,0,,False,,
0,static_selected_distance_context,63,False,48,74,A02,A02|F022|14|P2597+P2711+P2809+P3042+P3079+P3083+P3345+P3509+P3532+P3602+P3623+P3751+P3782+P3996,A02|F035|5|P0115+P3360+P3552+P3652+P3844,14,5,F022,F035,0.0,97.0,52.0,,0.689811320754717,0.07853400852459914,0.37056603773584906,0.16150943396226414,0.7460377358490566,0.689811320754717,1.0,0.75,1.0,0.875,0.7824056603773585,budget_not_selected,0,0,0,0,0,,False,,
0,static_selected_distance_context,64,False,0,33,A01,A01|F001|4|P0036+P0918+P2537+P2942,A01|F017|11|P0137+P0418+P0598+P1079+P1380+P1493+P1521+P1745+P2207+P2309+P2999,4,11,F001,F017,0.0,70.0,61.333333333333336,,0.7943396226415094,0.8509166882080255,0.3109433962264151,0.3007547169811321,0.5615094339622642,0.7943396226415094,0.7894736842105263,0.75,1.0,0.7697368421052632,0.7820382323733863,budget_not_selected,0,0,0,0,0,,False,,
0,static_selected_distance_context,65,False,3,21,A01,A01|F002|7|P1754+P1771+P2409+P2625+P2819+P3592+P3961,A01|F011|12|P0174+P0284+P0293+P0535+P0707+P0823+P0923+P1529+P1571+P1718+P3108+P3175,7,12,F002,F011,0.0,99.0,21.666666666666668,,0.6826415094339623,0.546570044746234,0.780377358490566,0.3886792452830189,0.7460377358490566,0.6826415094339623,1.0,0.75,1.0,0.875,0.7788207547169812,budget_not_selected,0,0,0,0,0,,False,,
0,static_selected_distance_context,66,False,86,109,A03,A03|F041|5|P0227+P0326+P0368+P1137+P2262,A03|F052|11|P0465+P1035+P2138+P2378+P3105+P3227+P3440+P3587+P3611+P3640+P3987,5,11,F041,F052,0.0,80.0,29.0,,0.7588679245283019,0.7000941615997894,0.6656603773584906,0.9328301886792453,0.7460377358490566,0.7588679245283019,0.8421052631578947,0.75,1.0,0.7960526315789473,0.7774602780536246,budget_not_selected,0,0,0,0,0,,False,,
0,static_selected_distance_context,67,False,7,29,A01,A01|F004|11|P0146+P0632+P0908+P1052+P1216+P1264+P1553+P2173+P2793+P3113+P3938,A01|F015|7|P0269+P0476+P0484+P0570+P0637+P1402+P3945,11,7,F004,F015,0.0,95.0,13.333333333333334,,0.7026415094339622,0.32148366584147414,0.9116981132075471,0.9328301886792453,0.5615094339622642,0.7026415094339622,0.9473684210526315,0.75,1.0,0.8486842105263157,0.775662859980139,budget_not_selected,0,0,0,0,0,,False,,
0,static_selected_distance_context,68,False,78,86,A03,A03|F037|12|P0199+P0260+P0330+P0911+P0980+P1009+P1042+P1221+P1477+P1484+P2048+P2956,A03|F041|5|P0227+P0326+P0368+P1137+P2262,12,5,F037,F041,0.0,88.0,84.33333333333333,,0.7271698113207548,0.3196975792334435,0.20490566037735847,0.8350943396226416,0.27433962264150946,0.7271698113207548,0.8947368421052632,0.75,1.0,0.8223684210526316,0.7747691161866932,budget_not_selected,0,0,0,0,0,,False,,
0,static_selected_distance_context,69,False,13,15,A01,A01|F007|9|P0057+P0480+P0652+P0685+P0786+P0812+P1703+P1838+P2738,A01|F008|3|P1310+P1334+P3410,9,3,F007,F008,0.0,54.0,14.333333333333334,,0.8573584905660377,0.8586958855927248,0.8943396226415095,0.9592452830188679,0.5615094339622642,0.8573584905660377,0.631578947368421,0.75,1.0,0.6907894736842105,0.7740739821251241,budget_not_selected,0,0,0,0,0,,False,,
0,static_selected_distance_context,70,False,15,27,A01,A01|F008|3|P1310+P1334+P3410,A01|F014|12|P0061+P0303+P0849+P1095+P1163+P1235+P1805+P1853+P1902+P2120+P2969+P3614,3,12,F008,F014,0.0,76.0,61.666666666666664,,0.7713207547169811,0.3922384769813739,0.30679245283018863,0.12943396226415094,0.5615094339622642,0.7713207547169811,0.7894736842105263,0.75,1.0,0.7697368421052632,0.7705287984111222,budget_not_selected,0,0,0,0,0,,False,,
0,static_selected_distance_context,71,False,94,97,A03,A03|F045|16|P0365+P0430+P0568+P0673+P0741+P0776+P0781+P0801+P0805+P0826+P0829+P1640+P1785+P1803+P2939+P3969,A03|F046|1|P2863,16,1,F045,F046,0.0,92.0,41.0,,0.7109433962264151,0.5644333231583492,0.4996226415094339,0.35056603773584905,0.7460377358490566,0.7109433962264151,0.8947368421052632,0.75,1.0,0.8223684210526316,0.7666559086395234,budget_not_selected,0,0,0,0,0,,False,,
0,static_selected_distance_context,72,False,54,74,A02,A02|F025|7|P1886+P2791+P3216+P3506+P3560+P3584+P3815,A02|F035|5|P0115+P3360+P3552+P3652+P3844,7,5,F025,F035,0.0,57.0,57.0,,0.8418867924528302,0.7937898582911843,0.33698113207547165,0.3007547169811321,0.789622641509434,0.8418867924528302,0.631578947368421,0.75,1.0,0.6907894736842105,0.7663381330685204,budget_not_selected,0,0,0,0,0,,False,,
0,static_selected_distance_context,73,False,0,27,A01,A01|F001|4|P0036+P0918+P2537+P2942,A01|F014|12|P0061+P0303+P0849+P1095+P1163+P1235+P1805+P1853+P1902+P2120+P2969+P3614,4,12,F001,F014,0.0,85.0,45.0,,0.7366037735849056,0.7058224433035845,0.4479245283018868,0.3007547169811321,0.4420754716981132,0.7366037735849056,0.8421052631578947,0.75,1.0,0.7960526315789473,0.7663282025819265,budget_not_selected,0,0,0,0,0,,False,,
0,static_selected_distance_context,74,False,97,99,A03,A03|F046|1|P2863,A03|F047|5|P0040+P1063+P1231+P2315+P2850,1,5,F046,F047,0.0,15.0,13.333333333333334,,0.9966037735849057,1.0,0.9116981132075471,0.659622641509434,0.789622641509434,0.9966037735849057,0.3157894736842105,0.75,1.0,0.5328947368421053,0.7647492552135056,budget_not_selected,0,0,0,0,0,,False,,
0,static_selected_distance_context,75,False,3,17,A01,A01|F002|7|P1754+P1771+P2409+P2625+P2819+P3592+P3961,A01|F009|11|P0086+P0252+P0860+P1085+P1610+P1743+P1763+P1949+P2163+P3118+P3137,7,11,F002,F009,0.0,100.0,56.0,,0.6799999999999999,0.546570044746234,0.3460377358490566,0.12943396226415094,0.6722641509433962,0.6799999999999999,0.9473684210526315,0.75,1.0,0.8486842105263157,0.7643421052631578,budget_not_selected,0,0,0,0,0,,False,,
0,static_selected_distance_context,76,False,77,97,A03,A03|F036|8|P0401+P0709+P1087+P1650+P1817+P3698+P3755+P3770,A03|F046|1|P2863,8,1,F036,F046,0.0,41.0,11.0,,0.9109433962264151,0.5387908473615347,0.9373584905660377,0.9328301886792453,0.789622641509434,0.9109433962264151,0.47368421052631576,0.75,1.0,0.6118421052631579,0.7613927507447864,budget_not_selected,0,0,0,0,0,,False,,
0,static_selected_distance_context,77,False,15,32,A01,A01|F008|3|P1310+P1334+P3410,A01|F016|16|P1347+P1537+P1579+P1582+P1680+P1697+P2185+P2192+P2227+P2731+P2736+P3170+P3192+P3316+P3356+P3427,3,16,F008,F016,0.0,112.0,51.666666666666664,,0.6449056603773584,0.242949657316875,0.37584905660377355,0.12943396226415094,0.789622641509434,0.6449056603773584,1.0,0.75,1.0,0.875,0.7599528301886792,budget_not_selected,0,0,0,0,0,,False,,
0,static_selected_distance_context,78,False,15,34,A01,A01|F008|3|P1310+P1334+P3410,A01|F017|16|P2043+P2137+P2139+P2152+P2229+P2499+P2682+P2789+P2825+P2836+P3112+P3240+P3279+P3310+P3655+P3684,3,16,F008,F017,0.0,112.0,78.0,,0.6449056603773584,0.32148366584147414,0.22867924528301886,0.12943396226415094,0.27433962264150946,0.6449056603773584,1.0,0.75,1.0,0.875,0.7599528301886792,budget_not_selected,0,0,0,0,0,,False,,
0,static_selected_distance_context,79,False,56,74,A02,A02|F026|14|P0230+P0574+P2408+P2710+P2867+P2971+P3013+P3174+P3320+P3582+P3658+P3694+P3862+P3914,A02|F035|5|P0115+P3360+P3552+P3652+P3844,14,5,F026,F035,0.0,112.0,39.0,,0.6449056603773584,0.07853400852459914,0.5256603773584906,0.5279245283018867,0.789622641509434,0.6449056603773584,1.0,0.75,1.0,0.875,0.7599528301886792,budget_not_selected,0,0,0,0,0,,False,,
0,static_selected_distance_context,80,False,3,59,A01,A01|F002|7|P1754+P1771+P2409+P2625+P2819+P3592+P3961,A01|F028|12|P0241+P0272+P0289+P0320+P0490+P0559+P0600+P0634+P0700+P0953+P1113+P1179,7,12,F002,F028,0.0,114.0,7.0,,0.6373584905660377,0.546570044746234,0.9694339622641509,0.9328301886792453,0.5615094339622642,0.6373584905660377,1.0,0.75,1.0,0.875,0.7561792452830188,budget_not_selected,0,0,0,0,0,,False,,
0,static_selected_distance_context,81,False,42,74,A02,A02|F020|14|P0635+P2429+P3026+P3060+P3093+P3278+P3341+P3483+P3633+P3727+P3822+P3848+P3937+P3998,A02|F035|5|P0115+P3360+P3552+P3652+P3844,14,5,F020,F035,0.0,114.0,74.33333333333333,,0.6373584905660377,0.07853400852459914,0.23886792452830186,0.07509433962264156,0.7460377358490566,0.6373584905660377,1.0,0.75,1.0,0.875,0.7561792452830188,budget_not_selected,0,0,0,0,0,,False,,
0,static_selected_distance_context,82,False,0,59,A01,A01|F001|4|P0036+P0918+P2537+P2942,A01|F028|12|P0241+P0272+P0289+P0320+P0490+P0559+P0600+P0634+P0700+P0953+P1113+P1179,4,12,F001,F028,0.0,91.0,10.666666666666666,,0.7143396226415094,0.4807360643988245,0.940377358490566,0.7766037735849056,0.4420754716981132,0.7143396226415094,0.8421052631578947,0.75,1.0,0.7960526315789473,0.7551961271102283,budget_not_selected,0,0,0,0,0,,False,,
0,static_selected_distance_context,83,False,90,99,A03,A03|F043|14|P0095+P0132+P0520+P0588+P0601+P0778+P0848+P0965+P1050+P1171+P1294+P2636+P3023+P3270,A03|F047|5|P0040+P1063+P1231+P2315+P2850,14,5,F043,F047,0.0,115.0,69.66666666666667,,0.6328301886792453,0.48345010405272415,0.2584905660377359,0.7256603773584906,0.16943396226415092,0.6328301886792453,1.0,0.75,1.0,0.875,0.7539150943396227,budget_not_selected,0,0,0,0,0,,False,,
0,static_selected_distance_context,84,False,3,27,A01,A01|F002|7|P1754+P1771+P2409+P2625+P2819+P3592+P3961,A01|F014|12|P0061+P0303+P0849+P1095+P1163+P1235+P1805+P1853+P1902+P2120+P2969+P3614,7,12,F002,F014,0.0,124.0,61.333333333333336,,0.6052830188679246,0.32148366584147414,0.3109433962264151,0.10528301886792457,0.5615094339622642,0.6052830188679246,1.0,0.75,1.0,0.875,0.7401415094339623,budget_not_selected,0,0,0,0,0,,False,,
0,static_selected_distance_context,85,False,86,88,A03,A03|F041|5|P0227+P0326+P0368+P1137+P2262,A03|F042|10|P0294+P0455+P0617+P0638+P1203+P1767+P2093+P2521+P2730+P2984,5,10,F041,F042,0.0,93.0,92.0,,0.7086792452830188,0.3196975792334435,0.1807547169811321,0.9030188679245283,0.789622641509434,0.7086792452830188,0.7894736842105263,0.75,1.0,0.7697368421052632,0.7392080436941411,budget_not_selected,0,0,0,0,0,,False,,
0,static_selected_distance_context,86,False,87,97,A03,A03|F041|16|P0377+P0519+P0657+P0794+P1479+P1556+P1742+P1850+P1978+P2178+P2650+P2871+P2966+P3089+P3423+P3954,A03|F046|1|P2863,16,1,F041,F046,0.0,110.0,60.0,,0.6520754716981132,0.5644333231583492,0.31849056603773584,0.2516981132075472,0.4852830188679245,0.6520754716981132,0.8947368421052632,0.75,1.0,0.8223684210526316,0.7372219463753724,budget_not_selected,0,0,0,0,0,,False,,
0,static_selected_distance_context,87,False,0,21,A01,A01|F001|4|P0036+P0918+P2537+P2942,A01|F011|12|P0174+P0284+P0293+P0535+P0707+P0823+P0923+P1529+P1571+P1718+P3108+P3175,4,12,F001,F011,0.0,101.0,10.0,,0.6777358490566038,0.4807360643988245,0.9471698113207547,0.7256603773584906,0.6722641509433962,0.6777358490566038,0.8421052631578947,0.75,1.0,0.7960526315789473,0.7368942403177756,budget_not_selected,0,0,0,0,0,,False,,
0,static_selected_distance_context,88,False,9,15,A01,A01|F005|11|P0177+P0622+P0879+P0978+P1006+P1078+P1307+P1710+P1910+P3403+P3882,A01|F008|3|P1310+P1334+P3410,11,3,F005,F008,0.0,88.0,39.0,,0.7271698113207548,0.32148366584147414,0.5256603773584906,0.459622641509434,0.27433962264150946,0.7271698113207548,0.7368421052631579,0.75,1.0,0.743421052631579,0.7352954319761669,budget_not_selected,0,0,0,0,0,,False,,
0,static_selected_distance_context,89,False,29,61,A01,A01|F015|7|P0269+P0476+P0484+P0570+P0637+P1402+P3945,A01|F029|12|P0159+P0299+P0306+P0449+P0962+P0987+P1077+P1226+P1276+P1738+P1878+P1919,7,12,F015,F029,0.0,128.0,13.333333333333334,,0.5932075471698113,0.16018035160321933,0.9116981132075471,0.659622641509434,0.4420754716981132,0.5932075471698113,1.0,0.75,1.0,0.875,0.7341037735849056,budget_not_selected,0,0,0,0,0,,False,,
0,static_selected_distance_context,90,False,15,40,A01,A01|F008|3|P1310+P1334+P3410,A01|F020|16|P0249+P0350+P0421+P0436+P0440+P0458+P0492+P0612+P1119+P1120+P1315+P1329+P1333+P1343+P1358+P1365,3,16,F008,F020,0.0,130.0,64.33333333333333,,0.5864150943396227,0.242949657316875,0.2924528301886793,0.12943396226415094,0.6722641509433962,0.5864150943396227,1.0,0.75,1.0,0.875,0.7307075471698113,budget_not_selected,0,0,0,0,0,,False,,
0,static_selected_distance_context,91,False,15,41,A01,A01|F008|3|P1310+P1334+P3410,A01|F020|16|P1453+P1671+P1699+P1713+P1790+P1794+P1857+P2034+P2057+P2216+P2287+P2469+P2543+P2657+P2722+P2831,3,16,F008,F020,0.0,130.0,64.33333333333333,,0.5864150943396227,0.242949657316875,0.2924528301886793,0.12943396226415094,0.6722641509433962,0.5864150943396227,1.0,0.75,1.0,0.875,0.7307075471698113,budget_not_selected,0,0,0,0,0,,False,,
0,static_selected_distance_context,92,False,15,29,A01,A01|F008|3|P1310+P1334+P3410,A01|F015|7|P0269+P0476+P0484+P0570+P0637+P1402+P3945,3,7,F008,F015,0.0,64.0,35.0,,0.8181132075471698,0.3922384769813739,0.5739622641509434,0.459622641509434,0.13999999999999996,0.8181132075471698,0.5263157894736842,0.75,1.0,0.638157894736842,0.7281355511420059,budget_not_selected,0,0,0,0,0,,False,,
0,static_selected_distance_context,93,False,0,29,A01,A01|F001|4|P0036+P0918+P2537+P2942,A01|F015|7|P0269+P0476+P0484+P0570+P0637+P1402+P3945,4,7,F001,F015,0.0,73.0,18.333333333333332,,0.7845283018867925,0.7058224433035845,0.8283018867924529,0.7766037735849056,0.23188679245283017,0.7845283018867925,0.5789473684210527,0.75,1.0,0.6644736842105263,0.7245009930486594,budget_not_selected,0,0,0,0,0,,False,,
0,static_selected_distance_context,94,False,91,97,A03,A03|F043|16|P1316+P1327+P1450+P1615+P1855+P1948+P2206+P2442+P2477+P2648+P2766+P3094+P3459+P3510+P3774+P3793,A03|F046|1|P2863,16,1,F043,F046,0.0,117.0,83.0,,0.6245283018867924,0.48345010405272415,0.21132075471698109,0.2516981132075472,0.789622641509434,0.6245283018867924,0.8947368421052632,0.75,1.0,0.8223684210526316,0.723448361469712,budget_not_selected,0,0,0,0,0,,False,,
0,static_selected_distance_context,95,False,15,46,A01,A01|F008|3|P1310+P1334+P3410,A01|F022|16|P0002+P0055+P0058+P0126+P0214+P0268+P0460+P0750+P0782+P0800+P0909+P0992+P1141+P1151+P1188+P1463,3,16,F008,F022,0.0,134.0,42.0,,0.570566037735849,0.242949657316875,0.4883018867924528,0.2516981132075472,0.6722641509433962,0.570566037735849,1.0,0.75,1.0,0.875,0.7227830188679245,budget_not_selected,0,0,0,0,0,,False,,
0,static_selected_distance_context,96,False,15,47,A01,A01|F008|3|P1310+P1334+P3410,A01|F022|16|P1476+P1481+P1544+P1577+P1627+P1900+P1984+P2051+P2258+P2317+P2333+P2382+P2393+P2425+P2462+P2578,3,16,F008,F022,0.0,134.0,42.0,,0.570566037735849,0.242949657316875,0.4883018867924528,0.2516981132075472,0.6722641509433962,0.570566037735849,1.0,0.75,1.0,0.875,0.7227830188679245,budget_not_selected,0,0,0,0,0,,False,,
0,static_selected_distance_context,97,False,93,97,A03,A03|F044|18|P0822+P1103+P1382+P1760+P1960+P2036+P2364+P2667+P2783+P2835+P3008+P3155+P3209+P3325+P3591+P3656+P3762+P3897,A03|F046|1|P2863,18,1,F044,F046,0.0,137.0,98.66666666666667,,0.5618867924528301,0.48345010405272415,0.1584905660377358,0.3886792452830189,0.789622641509434,0.5618867924528301,1.0,0.75,1.0,0.875,0.7184433962264151,budget_not_selected,0,0,0,0,0,,False,,
0,static_selected_distance_context,98,False,13,29,A01,A01|F007|9|P0057+P0480+P0652+P0685+P0786+P0812+P1703+P1838+P2738,A01|F015|7|P0269+P0476+P0484+P0570+P0637+P1402+P3945,9,7,F007,F015,0.0,113.0,49.333333333333336,,0.6407547169811321,0.32148366584147414,0.40113207547169816,0.5279245283018867,0.4420754716981132,0.6407547169811321,0.8421052631578947,0.75,1.0,0.7960526315789473,0.7184036742800397,budget_not_selected,0,0,0,0,0,,False,,
0,static_selected_distance_context,99,False,0,17,A01,A01|F001|4|P0036+P0918+P2537+P2942,A01|F009|11|P0086+P0252+P0860+P1085+P1610+P1743+P1763+P1949+P2163+P3118+P3137,4,11,F001,F009,0.0,107.0,39.666666666666664,,0.6603773584905661,0.4807360643988245,0.5181132075471698,0.2516981132075472,0.5615094339622642,0.6603773584905661,0.7894736842105263,0.75,1.0,0.7697368421052632,0.7150571002979147,budget_not_selected,0,0,0,0,0,,False,,
0,static_selected_distance_context,100,False,54,64,A02,A02|F025|7|P1886+P2791+P3216+P3506+P3560+P3584+P3815,A02|F030|10|P0448+P2098+P2453+P3096+P3117+P3531+P3615+P3686+P3799+P3847,7,10,F025,F030,0.0,128.0,22.333333333333332,,0.5932075471698113,0.0,0.7709433962264151,0.659622641509434,0.7460377358490566,0.5932075471698113,0.8947368421052632,0.75,1.0,0.8223684210526316,0.7077879841112215,budget_not_selected,0,0,0,0,0,,False,,
0,static_selected_distance_context,101,False,3,15,A01,A01|F002|7|P1754+P1771+P2409+P2625+P2819+P3592+P3961,A01|F008|3|P1310+P1334+P3410,7,3,F002,F008,0.0,75.0,2.3333333333333335,,0.7762264150943397,0.8586958855927248,0.999245283018868,0.9592452830188679,0.7460377358490566,0.7762264150943397,0.5263157894736842,0.75,1.0,0.638157894736842,0.7071921549155908,budget_not_selected,0,0,0,0,0,,False,,
0,static_selected_distance_context,102,False,90,97,A03,A03|F043|14|P0095+P0132+P0520+P0588+P0601+P0778+P0848+P0965+P1050+P1171+P1294+P2636+P3023+P3270,A03|F046|1|P2863,14,1,F043,F046,0.0,117.0,83.0,,0.6245283018867924,0.48345010405272415,0.21132075471698109,0.2516981132075472,0.789622641509434,0.6245283018867924,0.7894736842105263,0.75,1.0,0.7697368421052632,0.6971325719960277,budget_not_selected,0,0,0,0,0,,False,,
0,static_selected_distance_context,103,False,15,33,A01,A01|F008|3|P1310+P1334+P3410,A01|F017|11|P0137+P0418+P0598+P1079+P1380+P1493+P1521+P1745+P2207+P2309+P2999,3,11,F008,F017,0.0,112.0,78.0,,0.6449056603773584,0.32148366584147414,0.22867924528301886,0.12943396226415094,0.27433962264150946,0.6449056603773584,0.7368421052631579,0.75,1.0,0.743421052631579,0.6941633565044687,budget_not_selected,0,0,0,0,0,,False,,
0,static_selected_distance_context,104,False,92,97,A03,A03|F044|16|P0074+P0259+P0386+P0396+P0442+P0558+P0566+P0582+P0704+P0728+P0768+P0838+P2843+P3238+P3260+P3334,A03|F046|1|P2863,16,1,F044,F046,0.0,137.0,98.66666666666667,,0.5618867924528301,0.48345010405272415,0.1584905660377358,0.3886792452830189,0.789622641509434,0.5618867924528301,0.8947368421052632,0.75,1.0,0.8223684210526316,0.6921276067527309,budget_not_selected,0,0,0,0,0,,False,,
0,static_selected_distance_context,105,False,3,9,A01,A01|F002|7|P1754+P1771+P2409+P2625+P2819+P3592+P3961,A01|F005|11|P0177+P0622+P0879+P0978+P1006+P1078+P1307+P1710+P1910+P3403+P3882,7,11,F002,F005,0.0,151.0,38.666666666666664,,0.5150943396226415,0.32148366584147414,0.5313207547169811,0.42188679245283023,0.6722641509433962,0.5150943396226415,0.9473684210526315,0.75,1.0,0.8486842105263157,0.6818892750744786,budget_not_selected,0,0,0,0,0,,False,,
0,static_selected_distance_context,106,False,3,29,A01,A01|F002|7|P1754+P1771+P2409+P2625+P2819+P3592+P3961,A01|F015|7|P0269+P0476+P0484+P0570+P0637+P1402+P3945,7,7,F002,F015,0.0,127.0,34.666666666666664,,0.5966037735849057,0.32148366584147414,0.5800000000000001,0.42188679245283023,0.6722641509433962,0.5966037735849057,0.7368421052631579,0.75,1.0,0.743421052631579,0.6700124131082423,budget_not_selected,0,0,0,0,0,,False,,
0,static_selected_distance_context,107,False,3,33,A01,A01|F002|7|P1754+P1771+P2409+P2625+P2819+P3592+P3961,A01|F017|11|P0137+P0418+P0598+P1079+P1380+P1493+P1521+P1745+P2207+P2309+P2999,7,11,F002,F017,0.0,161.0,77.66666666666667,,0.48716981132075476,0.32148366584147414,0.23094339622641513,0.10528301886792457,0.6722641509433962,0.48716981132075476,0.9473684210526315,0.75,1.0,0.8486842105263157,0.6679270109235352,budget_not_selected,0,0,0,0,0,,False,,
0,static_selected_distance_context,108,False,13,31,A01,A01|F007|9|P0057+P0480+P0652+P0685+P0786+P0812+P1703+P1838+P2738,A01|F016|9|P0275+P0423+P0482+P0613+P0647+P0950+P1114+P2472+P2898,9,9,F007,F016,0.0,161.0,66.0,,0.48716981132075476,0.242949657316875,0.28490566037735854,0.16150943396226414,0.2888679245283019,0.48716981132075476,0.9473684210526315,0.75,1.0,0.8486842105263157,0.6679270109235352,budget_not_selected,0,0,0,0,0,,False,,
0,static_selected_distance_context,109,False,15,31,A01,A01|F008|3|P1310+P1334+P3410,A01|F016|9|P0275+P0423+P0482+P0613+P0647+P0950+P1114+P2472+P2898,3,9,F008,F016,0.0,112.0,51.666666666666664,,0.6449056603773584,0.242949657316875,0.37584905660377355,0.12943396226415094,0.789622641509434,0.6449056603773584,0.631578947368421,0.75,1.0,0.6907894736842105,0.6678475670307844,budget_not_selected,0,0,0,0,0,,False,,
0,static_selected_distance_context,110,False,0,19,A01,A01|F001|4|P0036+P0918+P2537+P2942,A01|F010|12|P0028+P0077+P0375+P0395+P0583+P0631+P0642+P0835+P1907+P2840+P3644+P3775,4,12,F001,F010,0.0,147.0,15.0,,0.5275471698113208,0.242949657316875,0.8833962264150943,0.7766037735849056,0.4420754716981132,0.5275471698113208,0.8421052631578947,0.75,1.0,0.7960526315789473,0.6617999006951341,budget_not_selected,0,0,0,0,0,,False,,
0,static_selected_distance_context,111,False,15,37,A01,A01|F008|3|P1310+P1334+P3410,A01|F019|13|P0045+P0134+P0344+P0493+P0572+P0946+P1099+P1101+P1160+P1164+P1284+P1345+P1500,3,13,F008,F019,0.0,147.0,34.0,,0.5275471698113208,0.242949657316875,0.5920754716981131,0.7256603773584906,0.5615094339622642,0.5275471698113208,0.8421052631578947,0.75,1.0,0.7960526315789473,0.6617999006951341,budget_not_selected,0,0,0,0,0,,False,,
0,static_selected_distance_context,112,False,86,104,A03,A03|F041|5|P0227+P0326+P0368+P1137+P2262,A03|F050|8|P0166+P0540+P0643+P0865+P2330+P2972+P3627+P3730,5,8,F041,F050,0.0,131.0,128.33333333333334,,0.580754716981132,0.3196975792334435,0.09811320754716979,0.6988679245283018,0.7460377358490566,0.580754716981132,0.6842105263157895,0.75,1.0,0.7171052631578947,0.6489299900695134,budget_not_selected,0,0,0,0,0,,False,,
0,static_selected_distance_context,113,False,85,97,A03,A03|F040|16|P1908+P2094+P2386+P2555+P2727+P2746+P2775+P2846+P2881+P2935+P3222+P3287+P3322+P3477+P3547+P3721,A03|F046|1|P2863,16,1,F040,F046,0.0,165.0,124.66666666666667,,0.4747169811320755,0.24050044673584917,0.10528301886792457,0.20226415094339623,0.789622641509434,0.4747169811320755,0.8947368421052632,0.75,1.0,0.8223684210526316,0.6485427010923536,budget_not_selected,0,0,0,0,0,,False,,
0,static_selected_distance_context,114,False,86,99,A03,A03|F041|5|P0227+P0326+P0368+P1137+P2262,A03|F047|5|P0040+P1063+P1231+P2315+P2850,5,5,F041,F047,0.0,111.0,46.666666666666664,,0.6486792452830188,0.5644333231583492,0.4286792452830188,0.7256603773584906,0.7460377358490566,0.6486792452830188,0.5263157894736842,0.75,1.0,0.638157894736842,0.6434185700099304,budget_not_selected,0,0,0,0,0,,False,,
0,static_selected_distance_context,115,False,84,99,A03,A03|F040|11|P0140+P0367+P0868+P0880+P1004+P1567+P1598+P1705+P1715+P1750+P2374,A03|F047|5|P0040+P1063+P1231+P2315+P2850,11,5,F040,F047,0.0,163.0,111.33333333333333,,0.4826415094339622,0.24050044673584917,0.12867924528301888,0.659622641509434,0.5615094339622642,0.4826415094339622,0.8421052631578947,0.75,1.0,0.7960526315789473,0.6393470705064548,budget_not_selected,0,0,0,0,0,,False,,
0,static_selected_distance_context,116,False,49,64,A02,A02|F023|9|P0068+P0111+P0298+P0611+P0693+P1031+P1482+P2314+P2790,A02|F030|10|P0448+P2098+P2453+P3096+P3117+P3531+P3615+P3686+P3799+P3847,9,10,F023,F030,0.0,192.0,85.33333333333333,,0.3969811320754717,0.0,0.20075471698113212,0.07509433962264156,0.789622641509434,0.3969811320754717,1.0,0.75,1.0,0.875,0.6359905660377358,budget_not_selected,0,0,0,0,0,,False,,
0,static_selected_distance_context,117,False,104,109,A03,A03|F050|8|P0166+P0540+P0643+P0865+P2330+P2972+P3627+P3730,A03|F052|11|P0465+P1035+P2138+P2378+P3105+P3227+P3440+P3587+P3611+P3640+P3987,8,11,F050,F052,0.0,194.0,157.33333333333334,,0.3905660377358491,0.24050044673584917,0.04981132075471695,0.7766037735849056,0.5615094339622642,0.3905660377358491,1.0,0.75,1.0,0.875,0.6327830188679245,budget_not_selected,0,0,0,0,0,,False,,
0,static_selected_distance_context,118,False,64,74,A02,A02|F030|10|P0448+P2098+P2453+P3096+P3117+P3531+P3615+P3686+P3799+P3847,A02|F035|5|P0115+P3360+P3552+P3652+P3844,10,5,F030,F035,0.0,161.0,79.33333333333333,,0.48716981132075476,0.0,0.22264150943396221,0.07509433962264156,0.789622641509434,0.48716981132075476,0.7894736842105263,0.75,1.0,0.7697368421052632,0.628453326713009,budget_not_selected,0,0,0,0,0,,False,,
0,static_selected_distance_context,119,False,3,31,A01,A01|F002|7|P1754+P1771+P2409+P2625+P2819+P3592+P3961,A01|F016|9|P0275+P0423+P0482+P0613+P0647+P0950+P1114+P2472+P2898,7,9,F002,F016,0.0,172.0,51.333333333333336,,0.45547169811320753,0.242949657316875,0.3815094339622641,0.10528301886792457,0.789622641509434,0.45547169811320753,0.8421052631578947,0.75,1.0,0.7960526315789473,0.6257621648460774,budget_not_selected,0,0,0,0,0,,False,,
0,static_selected_distance_context,120,False,77,84,A03,A03|F036|8|P0401+P0709+P1087+P1650+P1817+P3698+P3755+P3770,A03|F040|11|P0140+P0367+P0868+P0880+P1004+P1567+P1598+P1705+P1715+P1750+P2374,8,11,F036,F040,0.0,205.0,135.66666666666666,,0.3652830188679246,0.16196643821125,0.0860377358490566,0.16150943396226414,0.5615094339622642,0.3652830188679246,1.0,0.75,1.0,0.875,0.6201415094339623,budget_not_selected,0,0,0,0,0,,False,,
0,static_selected_distance_context,121,False,0,7,A01,A01|F001|4|P0036+P0918+P2537+P2942,A01|F004|11|P0146+P0632+P0908+P1052+P1216+P1264+P1553+P2173+P2793+P3113+P3938,4,11,F001,F004,0.0,168.0,12.333333333333334,,0.46566037735849053,0.242949657316875,0.9286792452830188,0.7766037735849056,0.5615094339622642,0.46566037735849053,0.7894736842105263,0.75,1.0,0.7697368421052632,0.6176986097318768,budget_not_selected,0,0,0,0,0,,False,,
0,static_selected_distance_context,122,False,77,86,A03,A03|F036|8|P0401+P0709+P1087+P1650+P1817+P3698+P3755+P3770,A03|F041|5|P0227+P0326+P0368+P1137+P2262,8,5,F036,F041,0.0,150.0,71.0,,0.5173584905660378,0.3239328764225,0.2513207547169811,0.20226415094339623,0.7460377358490566,0.5173584905660378,0.6842105263157895,0.75,1.0,0.7171052631578947,0.6172318768619662,budget_not_selected,0,0,0,0,0,,False,,
0,static_selected_distance_context,123,False,78,99,A03,A03|F037|12|P0199+P0260+P0330+P0911+P0980+P1009+P1042+P1221+P1477+P1484+P2048+P2956,A03|F047|5|P0040+P1063+P1231+P2315+P2850,12,5,F037,F047,0.0,190.0,131.0,,0.40415094339622637,0.24050044673584917,0.0928301886792453,0.42188679245283023,0.4420754716981132,0.40415094339622637,0.8947368421052632,0.75,1.0,0.8223684210526316,0.613259682224429,budget_not_selected,0,0,0,0,0,,False,,
0,static_selected_distance_context,124,False,0,25,A01,A01|F001|4|P0036+P0918+P2537+P2942,A01|F013|15|P0229+P0417+P0419+P0453+P0648+P0672+P0785+P0870+P0912+P1139+P1153+P2464+P3092+P3150+P3176,4,15,F001,F013,0.0,210.0,77.0,,0.3501886792452831,0.242949657316875,0.23245283018867924,0.459622641509434,0.4420754716981132,0.3501886792452831,1.0,0.75,1.0,0.875,0.6125943396226415,budget_not_selected,0,0,0,0,0,,False,,
0,static_selected_distance_context,125,False,89,97,A03,A03|F042|16|P1174+P1268+P1435+P1683+P2031+P2751+P2779+P2786+P2889+P2965+P3028+P3309+P3346+P3428+P3959+P3970,A03|F046|1|P2863,16,1,F042,F046,0.0,191.0,152.0,,0.4007547169811321,0.24050044673584917,0.05962264150943397,0.16150943396226414,0.4941509433962264,0.4007547169811321,0.8947368421052632,0.75,1.0,0.8223684210526316,0.6115615690168819,budget_not_selected,0,0,0,0,0,,False,,
0,static_selected_distance_context,126,False,79,97,A03,A03|F037|16|P2045+P2058+P2261+P2275+P2291+P2448+P2450+P2531+P3084+P3156+P3530+P3637+P3717+P3846+P3851+P3989,A03|F046|1|P2863,16,1,F037,F046,0.0,192.0,144.33333333333334,,0.3969811320754717,0.24050044673584917,0.07207547169811324,0.10528301886792457,0.7460377358490566,0.3969811320754717,0.8947368421052632,0.75,1.0,0.8223684210526316,0.6096747765640517,budget_not_selected,0,0,0,0,0,,False,,
0,static_selected_distance_context,127,False,15,73,A01,A01|F008|3|P1310+P1334+P3410,A01|F035|16|P0428+P0565+P0665+P0677+P0755+P1049+P1124+P1256+P1366+P1575+P1701+P1714+P2079+P2116+P2239+P2413,3,16,F008,F035,0.0,227.0,22.0,,0.31169811320754715,0.0,0.7754716981132075,0.8350943396226416,0.789622641509434,0.31169811320754715,1.0,0.75,1.0,0.875,0.5933490566037736,budget_not_selected,0,0,0,0,0,,False,,
0,static_selected_distance_context,128,False,86,97,A03,A03|F041|5|P0227+P0326+P0368+P1137+P2262,A03|F046|1|P2863,5,1,F041,F046,0.0,110.0,60.0,,0.6520754716981132,0.5644333231583492,0.31849056603773584,0.2516981132075472,0.4852830188679245,0.6520754716981132,0.3157894736842105,0.75,1.0,0.5328947368421053,0.5924851042701093,budget_not_selected,0,0,0,0,0,,False,,
0,static_selected_distance_context,129,False,88,99,A03,A03|F042|10|P0294+P0455+P0617+P0638+P1203+P1767+P2093+P2521+P2730+P2984,A03|F047|5|P0040+P1063+P1231+P2315+P2850,10,5,F042,F047,0.0,188.0,138.66666666666666,,0.40830188679245283,0.24050044673584917,0.07886792452830194,0.5279245283018867,0.27433962264150946,0.40830188679245283,0.7894736842105263,0.75,1.0,0.7697368421052632,0.5890193644488579,budget_not_selected,0,0,0,0,0,,False,,
0,static_selected_distance_context,130,False,15,61,A01,A01|F008|3|P1310+P1334+P3410,A01|F029|12|P0159+P0299+P0306+P0449+P0962+P0987+P1077+P1226+P1276+P1738+P1878+P1919,3,12,F008,F029,0.0,191.0,34.333333333333336,,0.4007547169811321,0.080983219105625,0.5860377358490566,0.459622641509434,0.14660377358490562,0.4007547169811321,0.7894736842105263,0.75,1.0,0.7697368421052632,0.5852457795431976,budget_not_selected,0,0,0,0,0,,False,,
0,static_selected_distance_context,131,False,84,97,A03,A03|F040|11|P0140+P0367+P0868+P0880+P1004+P1567+P1598+P1705+P1715+P1750+P2374,A03|F046|1|P2863,11,1,F040,F046,0.0,165.0,124.66666666666667,,0.4747169811320755,0.24050044673584917,0.10528301886792457,0.20226415094339623,0.789622641509434,0.4747169811320755,0.631578947368421,0.75,1.0,0.6907894736842105,0.5827532274081431,budget_not_selected,0,0,0,0,0,,False,,
0,static_selected_distance_context,132,False,77,88,A03,A03|F036|8|P0401+P0709+P1087+P1650+P1817+P3698+P3755+P3770,A03|F042|10|P0294+P0455+P0617+P0638+P1203+P1767+P2093+P2521+P2730+P2984,8,10,F036,F042,0.0,230.0,163.0,,0.30490566037735845,0.16196643821125,0.04150943396226414,0.10528301886792457,0.6722641509433962,0.30490566037735845,0.9473684210526315,0.75,1.0,0.8486842105263157,0.5767949354518371,budget_not_selected,0,0,0,0,0,,False,,
0,static_selected_distance_context,133,False,0,15,A01,A01|F001|4|P0036+P0918+P2537+P2942,A01|F008|3|P1310+P1334+P3410,4,3,F001,F008,0.0,131.0,16.666666666666668,,0.580754716981132,0.242949657316875,0.8573584905660377,0.8350943396226416,0.6722641509433962,0.580754716981132,0.3684210526315789,0.75,1.0,0.5592105263157895,0.5699826216484607,budget_not_selected,0,0,0,0,0,,False,,
0,static_selected_distance_context,134,False,0,13,A01,A01|F001|4|P0036+P0918+P2537+P2942,A01|F007|9|P0057+P0480+P0652+P0685+P0786+P0812+P1703+P1838+P2738,4,9,F001,F007,0.0,184.0,31.0,,0.4207547169811321,0.242949657316875,0.6377358490566039,0.7766037735849056,0.4420754716981132,0.4207547169811321,0.6842105263157895,0.75,1.0,0.7171052631578947,0.5689299900695134,budget_not_selected,0,0,0,0,0,,False,,
0,static_selected_distance_context,135,False,3,61,A01,A01|F002|7|P1754+P1771+P2409+P2625+P2819+P3592+P3961,A01|F029|12|P0159+P0299+P0306+P0449+P0962+P0987+P1077+P1226+P1276+P1738+P1878+P1919,7,12,F002,F029,0.0,253.0,34.0,,0.2554716981132076,0.080983219105625,0.5920754716981131,0.42188679245283023,0.5615094339622642,0.2554716981132076,1.0,0.75,1.0,0.875,0.5652358490566038,budget_not_selected,0,0,0,0,0,,False,,
0,static_selected_distance_context,136,False,78,97,A03,A03|F037|12|P0199+P0260+P0330+P0911+P0980+P1009+P1042+P1221+P1477+P1484+P2048+P2956,A03|F046|1|P2863,12,1,F037,F046,0.0,192.0,144.33333333333334,,0.3969811320754717,0.24050044673584917,0.07207547169811324,0.10528301886792457,0.7460377358490566,0.3969811320754717,0.6842105263157895,0.75,1.0,0.7171052631578947,0.5570431976166832,budget_not_selected,0,0,0,0,0,,False,,
0,static_selected_distance_context,137,False,88,97,A03,A03|F042|10|P0294+P0455+P0617+P0638+P1203+P1767+P2093+P2521+P2730+P2984,A03|F046|1|P2863,10,1,F042,F046,0.0,191.0,152.0,,0.4007547169811321,0.24050044673584917,0.05962264150943397,0.16150943396226414,0.4941509433962264,0.4007547169811321,0.5789473684210527,0.75,1.0,0.6644736842105263,0.5326142005958292,budget_not_selected,0,0,0,0,0,,False,,
0,static_selected_distance_context,138,False,0,3,A01,A01|F001|4|P0036+P0918+P2537+P2942,A01|F002|7|P1754+P1771+P2409+P2625+P2819+P3592+P3961,4,7,F001,F002,0.0,200.0,17.666666666666668,,0.3766037735849057,0.242949657316875,0.8377358490566038,0.7766037735849056,0.6722641509433962,0.3766037735849057,0.5789473684210527,0.75,1.0,0.6644736842105263,0.520538728897716,budget_not_selected,0,0,0,0,0,,False,,
0,static_selected_distance_context,139,False,99,104,A03,A03|F047|5|P0040+P1063+P1231+P2315+P2850,A03|F050|8|P0166+P0540+P0643+P0865+P2330+P2972+P3627+P3730,5,8,F047,F050,0.0,227.0,175.0,,0.31169811320754715,0.24050044673584917,0.02943396226415096,0.6003773584905661,0.5615094339622642,0.31169811320754715,0.6842105263157895,0.75,1.0,0.7171052631578947,0.5144016881827209,budget_not_selected,0,0,0,0,0,,False,,
0,static_selected_distance_context,140,False,77,104,A03,A03|F036|8|P0401+P0709+P1087+P1650+P1817+P3698+P3755+P3770,A03|F050|8|P0166+P0540+P0643+P0865+P2330+P2972+P3627+P3730,8,8,F036,F050,0.0,269.0,199.33333333333334,,0.22754716981132073,0.16196643821125,0.00905660377358486,0.2245283018867924,0.5615094339622642,0.22754716981132073,0.8421052631578947,0.75,1.0,0.7960526315789473,0.511799900695134,budget_not_selected,0,0,0,0,0,,False,,
0,static_selected_distance_context,141,False,97,104,A03,A03|F046|1|P2863,A03|F050|8|P0166+P0540+P0643+P0865+P2330+P2972+P3627+P3730,1,8,F046,F050,0.0,231.0,188.33333333333334,,0.30150943396226415,0.24050044673584917,0.019622641509433936,0.3007547169811321,0.789622641509434,0.30150943396226415,0.47368421052631576,0.75,1.0,0.6118421052631579,0.456675769612711,budget_not_selected,0,0,0,0,0,,False,,
1,static_selected_distance_context,1,True,98,102,A03,A03|F047|5|P0040+P1063+P1231+P2315+P2850,A03|F049|14|P1520+P2198+P2832+P2893+P2922+P3149+P3191+P3205+P3276+P3416+P3452+P3703+P3771+P3868,5,14,F047,F049,0.0,19.0,2.6666666666666665,,0.9864150943396226,1.0,0.9984905660377359,0.9864150943396226,0.6722641509433962,0.9864150943396226,1.0,0.75,1.0,0.875,0.9307075471698113,improving_not_selected,2,0,2,0,0,142,False,3.8206321999969077,
1,static_selected_distance_context,2,True,54,62,A02,A02|F025|7|P1886+P2791+P3216+P3506+P3560+P3584+P3815,A02|F029|12|P0226+P1827+P1956+P2101+P2590+P2617+P2683+P2796+P2810+P3402+P3626+P3741,7,12,F025,F029,0.0,24.0,12.666666666666666,,0.9739622641509434,0.8398196483967807,0.9226415094339623,0.9864150943396226,0.5615094339622642,0.9739622641509434,1.0,0.75,1.0,0.875,0.9244811320754718,improving_not_selected,2,0,2,0,0,117,False,3.8190675000005285,
1,static_selected_distance_context,3,True,27,29,A01,A01|F014|12|P0061+P0303+P0849+P1095+P1163+P1235+P1805+P1853+P1902+P2120+P2969+P3614,A01|F015|7|P0269+P0476+P0484+P0570+P0637+P1402+P3945,12,7,F014,F015,0.0,27.0,26.666666666666668,,0.9633962264150944,1.0,0.7090566037735849,0.659622641509434,0.4420754716981132,0.9633962264150944,1.0,0.75,1.0,0.875,0.9191981132075472,improving_not_selected,2,0,2,0,0,74,False,3.8184614999991027,
1,static_selected_distance_context,4,True,86,89,A03,A03|F041|5|P0227+P0326+P0368+P1137+P2262,A03|F043|14|P0095+P0132+P0520+P0588+P0601+P0778+P0848+P0965+P1050+P1171+P1294+P2636+P3023+P3270,5,14,F041,F043,0.0,28.0,23.0,,0.9607547169811321,0.919016780894375,0.7615094339622641,0.9864150943396226,0.7460377358490566,0.9607547169811321,1.0,0.75,1.0,0.875,0.9178773584905661,improving_not_selected,2,0,2,0,0,151,False,3.819842199998675,
1,static_selected_distance_context,5,True,21,29,A01,A01|F011|12|P0174+P0284+P0293+P0535+P0707+P0823+P0923+P1529+P1571+P1718+P3108+P3175,A01|F015|7|P0269+P0476+P0484+P0570+P0637+P1402+P3945,12,7,F011,F015,0.0,31.0,13.0,,0.9535849056603773,0.7043643178278647,0.9166037735849056,0.6988679245283018,0.6722641509433962,0.9535849056603773,1.0,0.75,1.0,0.875,0.9142924528301887,improving_not_selected,2,0,2,0,0,79,False,3.8183442000008654,
1,static_selected_distance_context,6,True,29,59,A01,A01|F015|7|P0269+P0476+P0484+P0570+P0637+P1402+P3945,A01|F028|12|P0241+P0272+P0289+P0320+P0490+P0559+P0600+P0634+P0700+P0953+P1113+P1179,7,12,F015,F028,0.0,32.0,27.666666666666668,,0.949811320754717,0.7043643178278647,0.6890566037735849,0.5279245283018867,0.4420754716981132,0.949811320754717,1.0,0.75,1.0,0.875,0.9124056603773585,improving_not_selected,2,0,2,0,0,92,False,3.818705300000147,
1,static_selected_distance_context,7,True,9,29,A01,A01|F005|11|P0177+P0622+P0879+P0978+P1006+P1078+P1307+P1710+P1910+P3403+P3882,A01|F015|7|P0269+P0476+P0484+P0570+P0637+P1402+P3945,11,7,F005,F015,0.0,25.0,4.0,,0.9694339622641509,0.7843564518281836,0.9909433962264151,0.9864150943396226,0.5615094339622642,0.9694339622641509,0.9473684210526315,0.75,1.0,0.8486842105263157,0.9090590863952333,improving_not_selected,2,0,2,0,0,81,False,3.683673200001067,
1,static_selected_distance_context,8,True,67,74,A02,A02|F032|14|P0099+P0379+P0390+P0422+P0546+P0616+P0618+P0738+P1254+P1300+P1681+P2097+P2351+P3385,A02|F035|5|P0115+P3360+P3552+P3652+P3844,14,5,F032,F035,0.0,35.0,17.333333333333332,,0.9369811320754717,1.0,0.8456603773584905,0.9864150943396226,0.7460377358490566,0.9369811320754717,1.0,0.75,1.0,0.875,0.9059905660377359,improving_not_selected,2,0,2,0,0,138,False,3.819527100000414,
1,static_selected_distance_context,9,True,3,7,A01,A01|F002|7|P1754+P1771+P2409+P2625+P2819+P3592+P3961,A01|F004|11|P0146+P0632+P0908+P1052+P1216+P1264+P1553+P2173+P2793+P3113+P3938,7,11,F002,F004,0.0,33.0,21.333333333333332,,0.9460377358490566,1.0,0.7860377358490566,0.5279245283018867,0.6722641509433962,0.9460377358490566,0.9473684210526315,0.75,1.0,0.8486842105263157,0.8973609731876862,improving_not_selected,2,0,2,0,0,103,False,3.6825068999969517,
1,static_selected_distance_context,10,True,52,54,A02,A02|F024|12|P0213+P0307+P0433+P0499+P0729+P1905+P2195+P2535+P2572+P3190+P3603+P3872,A02|F025|7|P1886+P2791+P3216+P3506+P3560+P3584+P3815,12,7,F024,F025,0.0,39.0,15.666666666666666,,0.919245283018868,0.8398196483967807,0.8758490566037735,0.6003773584905661,0.7460377358490566,0.919245283018868,1.0,0.75,1.0,0.875,0.897122641509434,improving_not_selected,2,0,2,0,0,98,False,3.818951199995354,
1,static_selected_distance_context,11,True,0,37,A01,A01|F001|4|P0036+P0918+P2537+P2942,A01|F019|13|P0045+P0134+P0344+P0493+P0572+P0946+P1099+P1101+P1160+P1164+P1284+P1345+P1500,4,13,F001,F019,0.0,25.0,17.333333333333332,,0.9694339622641509,0.8643391615585597,0.8456603773584905,0.9328301886792453,0.4420754716981132,0.9694339622641509,0.8947368421052632,0.75,1.0,0.8223684210526316,0.8959011916583912,improving_not_selected,2,0,2,0,0,127,False,3.6822143999961554,
1,static_selected_distance_context,12,True,11,15,A01,A01|F006|16|P0042+P0044+P0089+P0113+P0151+P0158+P0186+P0240+P0244+P0267+P0393+P0718+P0863+P1394+P1611+P3271,A01|F008|3|P1310+P1334+P3410,16,3,F006,F008,0.0,41.0,16.333333333333332,,0.9109433962264151,0.8586958855927248,0.8626415094339622,0.7256603773584906,0.6722641509433962,0.9109433962264151,1.0,0.75,1.0,0.875,0.8929716981132075,improving_not_selected,2,0,2,0,0,112,False,3.6839630999966175,
1,static_selected_distance_context,13,True,0,23,A01,A01|F001|4|P0036+P0918+P2537+P2942,A01|F012|15|P0004+P0049+P0093+P0228+P0239+P0247+P0266+P0510+P0525+P0561+P0584+P0619+P2131+P2753+P3211,4,15,F001,F012,0.0,42.0,5.333333333333333,,0.9064150943396226,0.8509166882080255,0.9815094339622642,0.9328301886792453,0.5615094339622642,0.9064150943396226,1.0,0.75,1.0,0.875,0.8907075471698114,improving_not_selected,2,0,2,0,0,122,False,3.681862999997975,
1,static_selected_distance_context,14,True,17,29,A01,A01|F009|11|P0086+P0252+P0860+P1085+P1610+P1743+P1763+P1949+P2163+P3118+P3137,A01|F015|7|P0269+P0476+P0484+P0570+P0637+P1402+P3945,11,7,F009,F015,0.0,38.0,21.333333333333332,,0.9233962264150943,0.7749136210952401,0.7860377358490566,0.6003773584905661,0.5615094339622642,0.9233962264150943,0.9473684210526315,0.75,1.0,0.8486842105263157,0.886040218470705,improving_not_selected,2,0,2,0,0,72,False,3.8182311999989906,
1,static_selected_distance_context,15,True,96,102,A03,A03|F046|1|P2863,A03|F049|14|P1520+P2198+P2832+P2893+P2922+P3149+P3191+P3205+P3276+P3416+P3452+P3703+P3771+P3868,1,14,F046,F049,0.0,17.0,11.333333333333334,,0.9916981132075472,1.0,0.9350943396226415,0.659622641509434,0.5169811320754717,0.9916981132075472,0.7894736842105263,0.75,1.0,0.7697368421052632,0.8807174776564052,improving_not_selected,4,0,4,0,0,146,False,3.8203183000005083,
1,static_selected_distance_context,16,True,45,74,A02,A02|F021|13|P0008+P0124+P1195+P3158+P3305+P3313+P3406+P3544+P3734+P3749+P3809+P3877+P3895,A02|F035|5|P0115+P3360+P3552+P3652+P3844,13,5,F021,F035,0.0,41.0,40.333333333333336,,0.9109433962264151,0.7937898582911843,0.5094339622641509,0.35056603773584905,0.6722641509433962,0.9109433962264151,0.9473684210526315,0.75,1.0,0.8486842105263157,0.8798138033763654,improving_not_selected,2,0,2,0,0,117,False,3.8188316999949166,
1,static_selected_distance_context,17,True,15,19,A01,A01|F008|3|P1310+P1334+P3410,A01|F010|12|P0028+P0077+P0375+P0395+P0583+P0631+P0642+P0835+P1907+P2840+P3644+P3775,3,12,F008,F010,0.0,19.0,3.6666666666666665,,0.9864150943396226,0.9292451888601003,0.9932075471698113,0.9592452830188679,0.16943396226415092,0.9864150943396226,0.7894736842105263,0.75,1.0,0.7697368421052632,0.8780759682224428,improving_not_selected,4,0,4,0,0,131,False,3.817930899997009,
1,static_selected_distance_context,18,True,65,74,A02,A02|F031|13|P0188+P0221+P0470+P0845+P1206+P1443+P1467+P1512+P1534+P1772+P1859+P2248+P3041,A02|F035|5|P0115+P3360+P3552+P3652+P3844,13,5,F031,F035,0.0,42.0,19.333333333333332,,0.9064150943396226,1.0,0.8166037735849057,0.659622641509434,0.789622641509434,0.9064150943396226,0.9473684210526315,0.75,1.0,0.8486842105263157,0.8775496524329691,improving_not_selected,2,0,2,0,0,126,False,3.819220500001393,
1,static_selected_distance_context,19,True,3,13,A01,A01|F002|7|P1754+P1771+P2409+P2625+P2819+P3592+P3961,A01|F007|9|P0057+P0480+P0652+P0685+P0786+P0812+P1703+P1838+P2738,7,9,F002,F007,0.0,30.0,14.666666666666666,,0.9566037735849057,1.0,0.8883018867924528,0.9328301886792453,0.5615094339622642,0.9566037735849057,0.8421052631578947,0.75,1.0,0.7960526315789473,0.8763282025819266,improving_not_selected,4,0,4,0,0,122,False,3.682997299998533,
1,static_selected_distance_context,20,True,98,107,A03,A03|F047|5|P0040+P1063+P1231+P2315+P2850,A03|F052|11|P0465+P1035+P2138+P2378+P3105+P3227+P3440+P3587+P3611+P3640+P3987,5,11,F047,F052,0.0,33.0,17.666666666666668,,0.9460377358490566,0.8643391615585597,0.8377358490566038,0.8350943396226416,0.5615094339622642,0.9460377358490566,0.8421052631578947,0.75,1.0,0.7960526315789473,0.871045183714002,accepted,4,0,4,0,0,162,True,3.8211178999990807,3.82119160000002
1,static_selected_distance_context,21,True,8,15,A01,A01|F004|16|P2183+P2362+P2487+P2551+P2669+P2716+P3039+P3053+P3119+P3159+P3243+P3375+P3585+P3598+P3761+P3906,A01|F008|3|P1310+P1334+P3410,16,3,F004,F008,0.0,52.0,21.666666666666668,,0.8656603773584906,0.8586958855927248,0.780377358490566,0.6003773584905661,0.27433962264150946,0.8656603773584906,1.0,0.75,1.0,0.875,0.8703301886792453,improving_not_selected,2,0,2,0,0,98,False,3.683484299996053,
1,static_selected_distance_context,22,True,3,19,A01,A01|F002|7|P1754+P1771+P2409+P2625+P2819+P3592+P3961,A01|F010|12|P0028+P0077+P0375+P0395+P0583+P0631+P0642+P0835+P1907+P2840+P3644+P3775,7,12,F002,F010,0.0,56.0,3.3333333333333335,,0.8483018867924528,0.9294506967326246,0.9947169811320755,0.9328301886792453,0.5615094339622642,0.8483018867924528,1.0,0.75,1.0,0.875,0.8616509433962264,improving_not_selected,2,0,2,0,0,93,False,3.6832995000004303,
1,static_selected_distance_context,23,True,15,21,A01,A01|F008|3|P1310+P1334+P3410,A01|F011|12|P0174+P0284+P0293+P0535+P0707+P0823+P0923+P1529+P1571+P1718+P3108+P3175,3,12,F008,F011,0.0,33.0,22.0,,0.9460377358490566,0.6878741591535094,0.7754716981132075,0.42188679245283023,0.7460377358490566,0.9460377358490566,0.7894736842105263,0.75,1.0,0.7697368421052632,0.8578872889771598,improving_not_selected,4,0,4,0,0,113,False,3.8181145999988075,
1,static_selected_distance_context,24,True,29,33,A01,A01|F015|7|P0269+P0476+P0484+P0570+P0637+P1402+P3945,A01|F017|11|P0137+P0418+P0598+P1079+P1380+P1493+P1521+P1745+P2207+P2309+P2999,7,11,F015,F017,0.0,53.0,43.0,,0.860754716981132,0.854905755095559,0.4732075471698113,0.659622641509434,0.5615094339622642,0.860754716981132,0.9473684210526315,0.75,1.0,0.8486842105263157,0.8547194637537239,improving_not_selected,2,0,2,0,0,63,False,3.8185760999986087,
1,static_selected_distance_context,25,True,15,18,A01,A01|F008|3|P1310+P1334+P3410,A01|F009|16|P2295+P2415+P2720+P2794+P2805+P2859+P2982+P2991+P3006+P3280+P3464+P3478+P3613+P3725+P3807+P3880,3,16,F008,F009,0.0,59.0,56.333333333333336,,0.8320754716981132,0.6173248558861338,0.3426415094339622,0.16150943396226414,0.27433962264150946,0.8320754716981132,1.0,0.75,1.0,0.875,0.8535377358490566,improving_not_selected,2,2,0,0,0,90,False,3.817663199995877,
1,static_selected_distance_context,26,False,62,74,A02,A02|F029|12|P0226+P1827+P1956+P2101+P2590+P2617+P2683+P2796+P2810+P3402+P3626+P3741,A02|F035|5|P0115+P3360+P3552+P3652+P3844,12,5,F029,F035,0.0,49.0,44.333333333333336,,0.8781132075471698,0.633609506687965,0.45358490566037735,0.3007547169811321,0.13999999999999996,0.8781132075471698,0.8947368421052632,0.75,1.0,0.8223684210526316,0.8502408142999007,budget_not_selected,0,0,0,0,0,,False,,
1,static_selected_distance_context,27,False,96,99,A03,A03|F046|1|P2863,A03|F048|16|P0255+P1217+P1261+P1569+P1604+P1761+P1870+P2022+P2105+P2156+P2369+P2395+P2743+P2914+P3267+P3471,1,16,F046,F048,0.0,50.0,27.666666666666668,,0.8735849056603774,0.7141797589233189,0.6890566037735849,0.35056603773584905,0.7460377358490566,0.8735849056603774,0.8947368421052632,0.75,1.0,0.8223684210526316,0.8479766633565045,budget_not_selected,0,0,0,0,0,,False,,
1,static_selected_distance_context,28,False,96,100,A03,A03|F046|1|P2863,A03|F048|16|P2396+P2419+P2481+P2604+P2619+P2692+P2712+P2776+P2858+P3027+P3589+P3599+P3699+P3885+P3903+P3966,1,16,F046,F048,0.0,50.0,27.666666666666668,,0.8735849056603774,0.7141797589233189,0.6890566037735849,0.35056603773584905,0.7460377358490566,0.8735849056603774,0.8947368421052632,0.75,1.0,0.8223684210526316,0.8479766633565045,budget_not_selected,0,0,0,0,0,,False,,
1,static_selected_distance_context,29,False,15,30,A01,A01|F008|3|P1310+P1334+P3410,A01|F015|16|P0409+P0513+P0605+P0969+P0998+P1080+P1364+P1506+P1774+P1782+P2091+P3098+P3234+P3836+P3939+P3985,3,16,F008,F015,0.0,64.0,35.0,,0.8181132075471698,0.3922384769813739,0.5739622641509434,0.459622641509434,0.13999999999999996,0.8181132075471698,1.0,0.75,1.0,0.875,0.8465566037735849,budget_not_selected,0,0,0,0,0,,False,,
1,static_selected_distance_context,30,False,82,96,A03,A03|F039|15|P0097+P0714+P0855+P1236+P1407+P1474+P1488+P1559+P1725+P1936+P1969+P2159+P2166+P3048+P3576,A03|F046|1|P2863,15,1,F039,F046,0.0,45.0,5.666666666666667,,0.8935849056603774,0.8643391615585597,0.9792452830188679,0.9592452830188679,0.789622641509434,0.8935849056603774,0.8421052631578947,0.75,1.0,0.7960526315789473,0.8448187686196624,budget_not_selected,0,0,0,0,0,,False,,
1,static_selected_distance_context,31,False,39,54,A02,A02|F019|12|P0059+P0542+P0957+P1677+P2598+P2822+P3044+P3288+P3409+P3524+P3711+P3982,A02|F025|7|P1886+P2791+P3216+P3506+P3560+P3584+P3815,12,7,F019,F025,0.0,66.0,13.0,,0.8094339622641509,0.21419484696603946,0.9166037735849056,0.8784905660377358,0.5615094339622642,0.8094339622641509,1.0,0.75,1.0,0.875,0.8422169811320754,budget_not_selected,0,0,0,0,0,,False,,
1,static_selected_distance_context,32,False,15,59,A01,A01|F008|3|P1310+P1334+P3410,A01|F028|12|P0241+P0272+P0289+P0320+P0490+P0559+P0600+P0634+P0700+P0953+P1113+P1179,3,12,F008,F028,0.0,41.0,7.333333333333333,,0.9109433962264151,0.6878741591535094,0.9667924528301887,0.9592452830188679,0.5615094339622642,0.9109433962264151,0.7894736842105263,0.75,1.0,0.7697368421052632,0.8403401191658391,budget_not_selected,0,0,0,0,0,,False,,
1,static_selected_distance_context,33,False,29,31,A01,A01|F015|7|P0269+P0476+P0484+P0570+P0637+P1402+P3945,A01|F016|9|P0275+P0423+P0482+P0613+P0647+P0950+P1114+P2472+P2898,7,9,F015,F016,0.0,48.0,16.666666666666668,,0.8833962264150943,0.7058224433035845,0.8573584905660377,0.659622641509434,0.7460377358490566,0.8833962264150943,0.8421052631578947,0.75,1.0,0.7960526315789473,0.8397244289970208,budget_not_selected,0,0,0,0,0,,False,,
1,static_selected_distance_context,34,False,49,74,A02,A02|F023|9|P0068+P0111+P0298+P0611+P0693+P1031+P1482+P2314+P2790,A02|F035|5|P0115+P3360+P3552+P3652+P3844,9,5,F023,F035,0.0,38.0,6.0,,0.9233962264150943,1.0,0.9762264150943396,0.9864150943396226,0.4941509433962264,0.9233962264150943,0.7368421052631579,0.75,1.0,0.743421052631579,0.8334086395233367,budget_not_selected,0,0,0,0,0,,False,,
1,static_selected_distance_context,35,False,52,74,A02,A02|F024|12|P0213+P0307+P0433+P0499+P0729+P1905+P2195+P2535+P2572+P3190+P3603+P3872,A02|F035|5|P0115+P3360+P3552+P3652+P3844,12,5,F024,F035,0.0,57.0,41.333333333333336,,0.8418867924528302,0.633609506687965,0.49547169811320757,0.20226415094339623,0.789622641509434,0.8418867924528302,0.8947368421052632,0.75,1.0,0.8223684210526316,0.8321276067527309,budget_not_selected,0,0,0,0,0,,False,,
1,static_selected_distance_context,36,False,77,107,A03,A03|F036|8|P0401+P0709+P1087+P1650+P1817+P3698+P3755+P3770,A03|F052|11|P0465+P1035+P2138+P2378+P3105+P3227+P3440+P3587+P3611+P3640+P3987,8,11,F036,F052,0.0,75.0,42.0,,0.7762264150943397,0.4031300089200943,0.4883018867924528,0.2516981132075472,0.5615094339622642,0.7762264150943397,1.0,0.75,1.0,0.875,0.8256132075471698,budget_not_selected,0,0,0,0,0,,False,,
1,static_selected_distance_context,37,False,15,28,A01,A01|F008|3|P1310+P1334+P3410,A01|F014|16|P2127+P2447+P2512+P2561+P2767+P2844+P2908+P2953+P3160+P3475+P3554+P3634+P3651+P3808+P3973+P3994,3,16,F008,F014,0.0,76.0,61.666666666666664,,0.7713207547169811,0.3922384769813739,0.30679245283018863,0.12943396226415094,0.5615094339622642,0.7713207547169811,1.0,0.75,1.0,0.875,0.8231603773584906,budget_not_selected,0,0,0,0,0,,False,,
1,static_selected_distance_context,38,False,19,29,A01,A01|F010|12|P0028+P0077+P0375+P0395+P0583+P0631+P0642+P0835+P1907+P2840+P3644+P3775,A01|F015|7|P0269+P0476+P0484+P0570+P0637+P1402+P3945,12,7,F010,F015,0.0,77.0,31.333333333333332,,0.7686792452830189,0.32148366584147414,0.630943396226415,0.5279245283018867,0.4420754716981132,0.7686792452830189,1.0,0.75,1.0,0.875,0.8218396226415094,budget_not_selected,0,0,0,0,0,,False,,
1,static_selected_distance_context,39,False,0,9,A01,A01|F001|4|P0036+P0918+P2537+P2942,A01|F005|11|P0177+P0622+P0879+P0978+P1006+P1078+P1307+P1710+P1910+P3403+P3882,4,11,F001,F005,0.0,50.0,22.333333333333332,,0.8735849056603774,0.8509166882080255,0.7709433962264151,0.7766037735849056,0.5615094339622642,0.8735849056603774,0.7894736842105263,0.75,1.0,0.7697368421052632,0.8216608738828203,budget_not_selected,0,0,0,0,0,,False,,
1,static_selected_distance_context,40,False,54,70,A02,A02|F025|7|P1886+P2791+P3216+P3506+P3560+P3584+P3815,A02|F033|12|P0660+P0761+P1198+P1462+P2397+P2940+P3002+P3303+P3352+P3542+P3649+P3929,7,12,F025,F033,0.0,80.0,36.333333333333336,,0.7588679245283019,0.21419484696603946,0.5573584905660378,0.7766037735849056,0.5615094339622642,0.7588679245283019,1.0,0.75,1.0,0.875,0.8169339622641509,budget_not_selected,0,0,0,0,0,,False,,
1,static_selected_distance_context,41,False,15,26,A01,A01|F008|3|P1310+P1334+P3410,A01|F013|16|P1296+P1897+P1992+P2044+P2061+P2343+P2463+P2807+P3202+P3277+P3466+P3572+P3676+P3797+P3849+P3925,3,16,F008,F013,0.0,81.0,60.333333333333336,,0.7532075471698113,0.8586958855927248,0.3162264150943396,0.7766037735849056,0.16943396226415092,0.7532075471698113,1.0,0.75,1.0,0.875,0.8141037735849057,budget_not_selected,0,0,0,0,0,,False,,
1,static_selected_distance_context,42,False,0,31,A01,A01|F001|4|P0036+P0918+P2537+P2942,A01|F016|9|P0275+P0423+P0482+P0613+P0647+P0950+P1114+P2472+P2898,4,9,F001,F016,0.0,41.0,35.0,,0.9109433962264151,0.9294506967326246,0.5739622641509434,0.3007547169811321,0.7460377358490566,0.9109433962264151,0.6842105263157895,0.75,1.0,0.7171052631578947,0.8140243296921549,budget_not_selected,0,0,0,0,0,,False,,
1,static_selected_distance_context,43,False,81,96,A03,A03|F038|16|P1135+P1278+P1562+P1612+P1766+P1858+P2611+P2643+P2674+P2901+P3004+P3126+P3225+P3610+P3612+P3955,A03|F046|1|P2863,16,1,F038,F046,0.0,67.0,39.0,,0.8026415094339623,0.6436304556559435,0.5256603773584906,0.3886792452830189,0.7460377358490566,0.8026415094339623,0.8947368421052632,0.75,1.0,0.8223684210526316,0.812504965243297,budget_not_selected,0,0,0,0,0,,False,,
1,static_selected_distance_context,44,False,77,98,A03,A03|F036|8|P0401+P0709+P1087+P1650+P1817+P3698+P3755+P3770,A03|F047|5|P0040+P1063+P1231+P2315+P2850,8,5,F036,F047,0.0,42.0,24.333333333333332,,0.9064150943396226,0.5387908473615347,0.7415094339622641,0.5279245283018867,0.23188679245283017,0.9064150943396226,0.6842105263157895,0.75,1.0,0.7171052631578947,0.8117601787487587,budget_not_selected,0,0,0,0,0,,False,,
1,static_selected_distance_context,45,False,96,107,A03,A03|F046|1|P2863,A03|F052|11|P0465+P1035+P2138+P2378+P3105+P3227+P3440+P3587+P3611+P3640+P3987,1,11,F046,F052,0.0,38.0,31.0,,0.9233962264150943,0.8643391615585597,0.6377358490566039,0.35056603773584905,0.789622641509434,0.9233962264150943,0.631578947368421,0.75,1.0,0.6907894736842105,0.8070928500496524,budget_not_selected,0,0,0,0,0,,False,,
1,static_selected_distance_context,46,False,7,15,A01,A01|F004|11|P0146+P0632+P0908+P1052+P1216+P1264+P1553+P2173+P2793+P3113+P3938,A01|F008|3|P1310+P1334+P3410,11,3,F004,F008,0.0,52.0,21.666666666666668,,0.8656603773584906,0.8586958855927248,0.780377358490566,0.6003773584905661,0.27433962264150946,0.8656603773584906,0.7368421052631579,0.75,1.0,0.743421052631579,0.8045407149950348,budget_not_selected,0,0,0,0,0,,False,,
1,static_selected_distance_context,47,False,84,86,A03,A03|F040|11|P0140+P0367+P0868+P0880+P1004+P1567+P1598+P1705+P1715+P1750+P2374,A03|F041|5|P0227+P0326+P0368+P1137+P2262,11,5,F040,F041,0.0,66.0,64.66666666666667,,0.8094339622641509,0.3196975792334435,0.2909433962264151,0.9328301886792453,0.7460377358490566,0.8094339622641509,0.8421052631578947,0.75,1.0,0.7960526315789473,0.8027432969215491,budget_not_selected,0,0,0,0,0,,False,,
1,static_selected_distance_context,48,False,10,15,A01,A01|F005|16|P1933+P2027+P2062+P2096+P2165+P2202+P2334+P2540+P2661+P2725+P3074+P3363+P3624+P3706+P3814+P3917,A01|F008|3|P1310+P1334+P3410,16,3,F005,F008,0.0,88.0,39.0,,0.7271698113207548,0.32148366584147414,0.5256603773584906,0.459622641509434,0.27433962264150946,0.7271698113207548,1.0,0.75,1.0,0.875,0.8010849056603774,budget_not_selected,0,0,0,0,0,,False,,
1,static_selected_distance_context,49,False,15,25,A01,A01|F008|3|P1310+P1334+P3410,A01|F013|15|P0229+P0417+P0419+P0453+P0648+P0672+P0785+P0870+P0912+P1139+P1153+P2464+P3092+P3150+P3176,3,15,F008,F013,0.0,81.0,60.333333333333336,,0.7532075471698113,0.8586958855927248,0.3162264150943396,0.7766037735849056,0.16943396226415092,0.7532075471698113,0.9473684210526315,0.75,1.0,0.8486842105263157,0.8009458788480635,budget_not_selected,0,0,0,0,0,,False,,
1,static_selected_distance_context,50,False,0,61,A01,A01|F001|4|P0036+P0918+P2537+P2942,A01|F029|12|P0159+P0299+P0306+P0449+P0962+P0987+P1077+P1226+P1276+P1738+P1878+P1919,4,12,F001,F029,0.0,67.0,17.666666666666668,,0.8026415094339623,0.23871436012781846,0.8377358490566038,0.7766037735849056,0.4420754716981132,0.8026415094339623,0.8421052631578947,0.75,1.0,0.7960526315789473,0.7993470705064548,budget_not_selected,0,0,0,0,0,,False,,
1,static_selected_distance_context,51,False,80,96,A03,A03|F038|15|P0238+P0338+P0385+P0399+P0573+P0655+P0721+P0820+P0993+P1913+P2047+P2154+P2544+P2912+P3674,A03|F046|1|P2863,15,1,F038,F046,0.0,67.0,39.0,,0.8026415094339623,0.6436304556559435,0.5256603773584906,0.3886792452830189,0.7460377358490566,0.8026415094339623,0.8421052631578947,0.75,1.0,0.7960526315789473,0.7993470705064548,budget_not_selected,0,0,0,0,0,,False,,
1,static_selected_distance_context,52,False,96,105,A03,A03|F046|1|P2863,A03|F051|17|P1926+P1962+P2059+P2217+P2218+P2228+P2558+P2562+P2726+P2847+P2930+P2945+P3082+P3167+P3184+P3253+P3947,1,17,F046,F051,0.0,82.0,55.666666666666664,,0.7483018867924529,0.5644333231583492,0.3479245283018868,0.35056603773584905,0.5169811320754717,0.7483018867924529,0.9473684210526315,0.75,1.0,0.8486842105263157,0.7984930486593843,budget_not_selected,0,0,0,0,0,,False,,
1,static_selected_distance_context,53,False,15,63,A01,A01|F008|3|P1310+P1334+P3410,A01|F030|16|P0169+P0332+P0347+P0357+P0479+P0562+P0661+P1007+P1086+P1200+P1324+P1376+P1739+P1804+P2026+P2086,3,16,F008,F030,0.0,89.0,69.33333333333333,,0.7218867924528302,0.32148366584147414,0.26113207547169814,0.12943396226415094,0.7460377358490566,0.7218867924528302,1.0,0.75,1.0,0.875,0.798443396226415,budget_not_selected,0,0,0,0,0,,False,,
1,static_selected_distance_context,54,False,49,54,A02,A02|F023|9|P0068+P0111+P0298+P0611+P0693+P1031+P1482+P2314+P2790,A02|F025|7|P1886+P2791+P3216+P3506+P3560+P3584+P3815,9,7,F023,F025,0.0,70.0,63.0,,0.7943396226415094,0.7937898582911843,0.2988679245283019,0.3007547169811321,0.789622641509434,0.7943396226415094,0.8421052631578947,0.75,1.0,0.7960526315789473,0.7951961271102284,budget_not_selected,0,0,0,0,0,,False,,
1,static_selected_distance_context,55,False,70,74,A02,A02|F033|12|P0660+P0761+P1198+P1462+P2397+P2940+P3002+P3303+P3352+P3542+P3649+P3929,A02|F035|5|P0115+P3360+P3552+P3652+P3844,12,5,F033,F035,0.0,80.0,20.666666666666668,,0.7588679245283019,0.07853400852459914,0.7973584905660378,0.659622641509434,0.6722641509433962,0.7588679245283019,0.8947368421052632,0.75,1.0,0.8223684210526316,0.7906181727904668,budget_not_selected,0,0,0,0,0,,False,,
1,static_selected_distance_context,56,False,86,102,A03,A03|F041|5|P0227+P0326+P0368+P1137+P2262,A03|F049|14|P1520+P2198+P2832+P2893+P2922+P3149+P3191+P3205+P3276+P3416+P3452+P3703+P3771+P3868,5,14,F041,F049,0.0,94.0,48.666666666666664,,0.7060377358490566,0.5644333231583492,0.40981132075471693,0.7256603773584906,0.789622641509434,0.7060377358490566,1.0,0.75,1.0,0.875,0.7905188679245283,budget_not_selected,0,0,0,0,0,,False,,
1,static_selected_distance_context,57,False,15,17,A01,A01|F008|3|P1310+P1334+P3410,A01|F009|11|P0086+P0252+P0860+P1085+P1610+P1743+P1763+P1949+P2163+P3118+P3137,3,11,F008,F009,0.0,59.0,56.333333333333336,,0.8320754716981132,0.6173248558861338,0.3426415094339622,0.16150943396226414,0.27433962264150946,0.8320754716981132,0.7368421052631579,0.75,1.0,0.743421052631579,0.7877482621648462,budget_not_selected,0,0,0,0,0,,False,,
1,static_selected_distance_context,58,False,96,104,A03,A03|F046|1|P2863,A03|F051|16|P0102+P0184+P0349+P0446+P0462+P0502+P0530+P0541+P0797+P0856+P0904+P0997+P1081+P1684+P1723+P3708,1,16,F046,F051,0.0,82.0,55.666666666666664,,0.7483018867924529,0.5644333231583492,0.3479245283018868,0.35056603773584905,0.5169811320754717,0.7483018867924529,0.8947368421052632,0.75,1.0,0.8223684210526316,0.7853351539225423,budget_not_selected,0,0,0,0,0,,False,,
1,static_selected_distance_context,59,False,15,23,A01,A01|F008|3|P1310+P1334+P3410,A01|F012|15|P0004+P0049+P0093+P0228+P0239+P0247+P0266+P0510+P0525+P0561+P0584+P0619+P2131+P2753+P3211,3,15,F008,F012,0.0,89.0,21.333333333333332,,0.7218867924528302,0.32148366584147414,0.7860377358490566,0.7256603773584906,0.6722641509433962,0.7218867924528302,0.9473684210526315,0.75,1.0,0.8486842105263157,0.785285501489573,budget_not_selected,0,0,0,0,0,,False,,
1,static_selected_distance_context,60,False,39,74,A02,A02|F019|12|P0059+P0542+P0957+P1677+P2598+P2822+P3044+P3288+P3409+P3524+P3711+P3982,A02|F035|5|P0115+P3360+P3552+P3652+P3844,12,5,F019,F035,0.0,83.0,44.0,,0.7433962264150944,0.07853400852459914,0.459622641509434,0.5279245283018867,0.35132075471698115,0.7433962264150944,0.8947368421052632,0.75,1.0,0.8223684210526316,0.782882323733863,budget_not_selected,0,0,0,0,0,,False,,
1,static_selected_distance_context,61,False,48,74,A02,A02|F022|14|P2597+P2711+P2809+P3042+P3079+P3083+P3345+P3509+P3532+P3602+P3623+P3751+P3782+P3996,A02|F035|5|P0115+P3360+P3552+P3652+P3844,14,5,F022,F035,0.0,97.0,52.0,,0.689811320754717,0.07853400852459914,0.37056603773584906,0.16150943396226414,0.7460377358490566,0.689811320754717,1.0,0.75,1.0,0.875,0.7824056603773585,budget_not_selected,0,0,0,0,0,,False,,
1,static_selected_distance_context,62,False,0,33,A01,A01|F001|4|P0036+P0918+P2537+P2942,A01|F017|11|P0137+P0418+P0598+P1079+P1380+P1493+P1521+P1745+P2207+P2309+P2999,4,11,F001,F017,0.0,70.0,61.333333333333336,,0.7943396226415094,0.8509166882080255,0.3109433962264151,0.3007547169811321,0.5615094339622642,0.7943396226415094,0.7894736842105263,0.75,1.0,0.7697368421052632,0.7820382323733863,budget_not_selected,0,0,0,0,0,,False,,
1,static_selected_distance_context,63,False,3,21,A01,A01|F002|7|P1754+P1771+P2409+P2625+P2819+P3592+P3961,A01|F011|12|P0174+P0284+P0293+P0535+P0707+P0823+P0923+P1529+P1571+P1718+P3108+P3175,7,12,F002,F011,0.0,99.0,21.666666666666668,,0.6826415094339623,0.546570044746234,0.780377358490566,0.3886792452830189,0.7460377358490566,0.6826415094339623,1.0,0.75,1.0,0.875,0.7788207547169812,budget_not_selected,0,0,0,0,0,,False,,
1,static_selected_distance_context,64,False,86,107,A03,A03|F041|5|P0227+P0326+P0368+P1137+P2262,A03|F052|11|P0465+P1035+P2138+P2378+P3105+P3227+P3440+P3587+P3611+P3640+P3987,5,11,F041,F052,0.0,80.0,29.0,,0.7588679245283019,0.7000941615997894,0.6656603773584906,0.9328301886792453,0.7460377358490566,0.7588679245283019,0.8421052631578947,0.75,1.0,0.7960526315789473,0.7774602780536246,budget_not_selected,0,0,0,0,0,,False,,
1,static_selected_distance_context,65,False,7,29,A01,A01|F004|11|P0146+P0632+P0908+P1052+P1216+P1264+P1553+P2173+P2793+P3113+P3938,A01|F015|7|P0269+P0476+P0484+P0570+P0637+P1402+P3945,11,7,F004,F015,0.0,95.0,13.333333333333334,,0.7026415094339622,0.32148366584147414,0.9116981132075471,0.9328301886792453,0.5615094339622642,0.7026415094339622,0.9473684210526315,0.75,1.0,0.8486842105263157,0.775662859980139,budget_not_selected,0,0,0,0,0,,False,,
1,static_selected_distance_context,66,False,78,86,A03,A03|F037|12|P0199+P0260+P0330+P0911+P0980+P1009+P1042+P1221+P1477+P1484+P2048+P2956,A03|F041|5|P0227+P0326+P0368+P1137+P2262,12,5,F037,F041,0.0,88.0,84.33333333333333,,0.7271698113207548,0.3196975792334435,0.20490566037735847,0.8350943396226416,0.27433962264150946,0.7271698113207548,0.8947368421052632,0.75,1.0,0.8223684210526316,0.7747691161866932,budget_not_selected,0,0,0,0,0,,False,,
1,static_selected_distance_context,67,False,13,15,A01,A01|F007|9|P0057+P0480+P0652+P0685+P0786+P0812+P1703+P1838+P2738,A01|F008|3|P1310+P1334+P3410,9,3,F007,F008,0.0,54.0,14.333333333333334,,0.8573584905660377,0.8586958855927248,0.8943396226415095,0.9592452830188679,0.5615094339622642,0.8573584905660377,0.631578947368421,0.75,1.0,0.6907894736842105,0.7740739821251241,budget_not_selected,0,0,0,0,0,,False,,
1,static_selected_distance_context,68,False,15,27,A01,A01|F008|3|P1310+P1334+P3410,A01|F014|12|P0061+P0303+P0849+P1095+P1163+P1235+P1805+P1853+P1902+P2120+P2969+P3614,3,12,F008,F014,0.0,76.0,61.666666666666664,,0.7713207547169811,0.3922384769813739,0.30679245283018863,0.12943396226415094,0.5615094339622642,0.7713207547169811,0.7894736842105263,0.75,1.0,0.7697368421052632,0.7705287984111222,budget_not_selected,0,0,0,0,0,,False,,
1,static_selected_distance_context,69,False,93,96,A03,A03|F045|16|P0365+P0430+P0568+P0673+P0741+P0776+P0781+P0801+P0805+P0826+P0829+P1640+P1785+P1803+P2939+P3969,A03|F046|1|P2863,16,1,F045,F046,0.0,92.0,41.0,,0.7109433962264151,0.5644333231583492,0.4996226415094339,0.35056603773584905,0.7460377358490566,0.7109433962264151,0.8947368421052632,0.75,1.0,0.8223684210526316,0.7666559086395234,budget_not_selected,0,0,0,0,0,,False,,
1,static_selected_distance_context,70,False,54,74,A02,A02|F025|7|P1886+P2791+P3216+P3506+P3560+P3584+P3815,A02|F035|5|P0115+P3360+P3552+P3652+P3844,7,5,F025,F035,0.0,57.0,57.0,,0.8418867924528302,0.7937898582911843,0.33698113207547165,0.3007547169811321,0.789622641509434,0.8418867924528302,0.631578947368421,0.75,1.0,0.6907894736842105,0.7663381330685204,budget_not_selected,0,0,0,0,0,,False,,
1,static_selected_distance_context,71,False,0,27,A01,A01|F001|4|P0036+P0918+P2537+P2942,A01|F014|12|P0061+P0303+P0849+P1095+P1163+P1235+P1805+P1853+P1902+P2120+P2969+P3614,4,12,F001,F014,0.0,85.0,45.0,,0.7366037735849056,0.7058224433035845,0.4479245283018868,0.3007547169811321,0.4420754716981132,0.7366037735849056,0.8421052631578947,0.75,1.0,0.7960526315789473,0.7663282025819265,budget_not_selected,0,0,0,0,0,,False,,
1,static_selected_distance_context,72,False,96,98,A03,A03|F046|1|P2863,A03|F047|5|P0040+P1063+P1231+P2315+P2850,1,5,F046,F047,0.0,15.0,13.333333333333334,,0.9966037735849057,1.0,0.9116981132075471,0.659622641509434,0.789622641509434,0.9966037735849057,0.3157894736842105,0.75,1.0,0.5328947368421053,0.7647492552135056,budget_not_selected,0,0,0,0,0,,False,,
1,static_selected_distance_context,73,False,3,17,A01,A01|F002|7|P1754+P1771+P2409+P2625+P2819+P3592+P3961,A01|F009|11|P0086+P0252+P0860+P1085+P1610+P1743+P1763+P1949+P2163+P3118+P3137,7,11,F002,F009,0.0,100.0,56.0,,0.6799999999999999,0.546570044746234,0.3460377358490566,0.12943396226415094,0.6722641509433962,0.6799999999999999,0.9473684210526315,0.75,1.0,0.8486842105263157,0.7643421052631578,budget_not_selected,0,0,0,0,0,,False,,
1,static_selected_distance_context,74,False,77,96,A03,A03|F036|8|P0401+P0709+P1087+P1650+P1817+P3698+P3755+P3770,A03|F046|1|P2863,8,1,F036,F046,0.0,41.0,11.0,,0.9109433962264151,0.5387908473615347,0.9373584905660377,0.9328301886792453,0.789622641509434,0.9109433962264151,0.47368421052631576,0.75,1.0,0.6118421052631579,0.7613927507447864,budget_not_selected,0,0,0,0,0,,False,,
1,static_selected_distance_context,75,False,15,32,A01,A01|F008|3|P1310+P1334+P3410,A01|F016|16|P1347+P1537+P1579+P1582+P1680+P1697+P2185+P2192+P2227+P2731+P2736+P3170+P3192+P3316+P3356+P3427,3,16,F008,F016,0.0,112.0,51.666666666666664,,0.6449056603773584,0.242949657316875,0.37584905660377355,0.12943396226415094,0.789622641509434,0.6449056603773584,1.0,0.75,1.0,0.875,0.7599528301886792,budget_not_selected,0,0,0,0,0,,False,,
1,static_selected_distance_context,76,False,15,34,A01,A01|F008|3|P1310+P1334+P3410,A01|F017|16|P2043+P2137+P2139+P2152+P2229+P2499+P2682+P2789+P2825+P2836+P3112+P3240+P3279+P3310+P3655+P3684,3,16,F008,F017,0.0,112.0,78.0,,0.6449056603773584,0.32148366584147414,0.22867924528301886,0.12943396226415094,0.27433962264150946,0.6449056603773584,1.0,0.75,1.0,0.875,0.7599528301886792,budget_not_selected,0,0,0,0,0,,False,,
1,static_selected_distance_context,77,False,56,74,A02,A02|F026|14|P0230+P0574+P2408+P2710+P2867+P2971+P3013+P3174+P3320+P3582+P3658+P3694+P3862+P3914,A02|F035|5|P0115+P3360+P3552+P3652+P3844,14,5,F026,F035,0.0,112.0,39.0,,0.6449056603773584,0.07853400852459914,0.5256603773584906,0.5279245283018867,0.789622641509434,0.6449056603773584,1.0,0.75,1.0,0.875,0.7599528301886792,budget_not_selected,0,0,0,0,0,,False,,
1,static_selected_distance_context,78,False,3,59,A01,A01|F002|7|P1754+P1771+P2409+P2625+P2819+P3592+P3961,A01|F028|12|P0241+P0272+P0289+P0320+P0490+P0559+P0600+P0634+P0700+P0953+P1113+P1179,7,12,F002,F028,0.0,114.0,7.0,,0.6373584905660377,0.546570044746234,0.9694339622641509,0.9328301886792453,0.5615094339622642,0.6373584905660377,1.0,0.75,1.0,0.875,0.7561792452830188,budget_not_selected,0,0,0,0,0,,False,,
1,static_selected_distance_context,79,False,42,74,A02,A02|F020|14|P0635+P2429+P3026+P3060+P3093+P3278+P3341+P3483+P3633+P3727+P3822+P3848+P3937+P3998,A02|F035|5|P0115+P3360+P3552+P3652+P3844,14,5,F020,F035,0.0,114.0,74.33333333333333,,0.6373584905660377,0.07853400852459914,0.23886792452830186,0.07509433962264156,0.7460377358490566,0.6373584905660377,1.0,0.75,1.0,0.875,0.7561792452830188,budget_not_selected,0,0,0,0,0,,False,,
1,static_selected_distance_context,80,False,0,59,A01,A01|F001|4|P0036+P0918+P2537+P2942,A01|F028|12|P0241+P0272+P0289+P0320+P0490+P0559+P0600+P0634+P0700+P0953+P1113+P1179,4,12,F001,F028,0.0,91.0,10.666666666666666,,0.7143396226415094,0.4807360643988245,0.940377358490566,0.7766037735849056,0.4420754716981132,0.7143396226415094,0.8421052631578947,0.75,1.0,0.7960526315789473,0.7551961271102283,budget_not_selected,0,0,0,0,0,,False,,
1,static_selected_distance_context,81,False,89,98,A03,A03|F043|14|P0095+P0132+P0520+P0588+P0601+P0778+P0848+P0965+P1050+P1171+P1294+P2636+P3023+P3270,A03|F047|5|P0040+P1063+P1231+P2315+P2850,14,5,F043,F047,0.0,115.0,69.66666666666667,,0.6328301886792453,0.48345010405272415,0.2584905660377359,0.7256603773584906,0.16943396226415092,0.6328301886792453,1.0,0.75,1.0,0.875,0.7539150943396227,budget_not_selected,0,0,0,0,0,,False,,
1,static_selected_distance_context,82,False,3,27,A01,A01|F002|7|P1754+P1771+P2409+P2625+P2819+P3592+P3961,A01|F014|12|P0061+P0303+P0849+P1095+P1163+P1235+P1805+P1853+P1902+P2120+P2969+P3614,7,12,F002,F014,0.0,124.0,61.333333333333336,,0.6052830188679246,0.32148366584147414,0.3109433962264151,0.10528301886792457,0.5615094339622642,0.6052830188679246,1.0,0.75,1.0,0.875,0.7401415094339623,budget_not_selected,0,0,0,0,0,,False,,
1,static_selected_distance_context,83,False,87,96,A03,A03|F041|16|P0377+P0519+P0657+P0794+P1479+P1556+P1742+P1850+P1978+P2178+P2650+P2871+P2966+P3089+P3423+P3954,A03|F046|1|P2863,16,1,F041,F046,0.0,110.0,60.0,,0.6520754716981132,0.5644333231583492,0.31849056603773584,0.2516981132075472,0.4852830188679245,0.6520754716981132,0.8947368421052632,0.75,1.0,0.8223684210526316,0.7372219463753724,budget_not_selected,0,0,0,0,0,,False,,
1,static_selected_distance_context,84,False,0,21,A01,A01|F001|4|P0036+P0918+P2537+P2942,A01|F011|12|P0174+P0284+P0293+P0535+P0707+P0823+P0923+P1529+P1571+P1718+P3108+P3175,4,12,F001,F011,0.0,101.0,10.0,,0.6777358490566038,0.4807360643988245,0.9471698113207547,0.7256603773584906,0.6722641509433962,0.6777358490566038,0.8421052631578947,0.75,1.0,0.7960526315789473,0.7368942403177756,budget_not_selected,0,0,0,0,0,,False,,
1,static_selected_distance_context,85,False,9,15,A01,A01|F005|11|P0177+P0622+P0879+P0978+P1006+P1078+P1307+P1710+P1910+P3403+P3882,A01|F008|3|P1310+P1334+P3410,11,3,F005,F008,0.0,88.0,39.0,,0.7271698113207548,0.32148366584147414,0.5256603773584906,0.459622641509434,0.27433962264150946,0.7271698113207548,0.7368421052631579,0.75,1.0,0.743421052631579,0.7352954319761669,budget_not_selected,0,0,0,0,0,,False,,
1,static_selected_distance_context,86,False,29,61,A01,A01|F015|7|P0269+P0476+P0484+P0570+P0637+P1402+P3945,A01|F029|12|P0159+P0299+P0306+P0449+P0962+P0987+P1077+P1226+P1276+P1738+P1878+P1919,7,12,F015,F029,0.0,128.0,13.333333333333334,,0.5932075471698113,0.16018035160321933,0.9116981132075471,0.659622641509434,0.4420754716981132,0.5932075471698113,1.0,0.75,1.0,0.875,0.7341037735849056,budget_not_selected,0,0,0,0,0,,False,,
1,static_selected_distance_context,87,False,15,40,A01,A01|F008|3|P1310+P1334+P3410,A01|F020|16|P0249+P0350+P0421+P0436+P0440+P0458+P0492+P0612+P1119+P1120+P1315+P1329+P1333+P1343+P1358+P1365,3,16,F008,F020,0.0,130.0,64.33333333333333,,0.5864150943396227,0.242949657316875,0.2924528301886793,0.12943396226415094,0.6722641509433962,0.5864150943396227,1.0,0.75,1.0,0.875,0.7307075471698113,budget_not_selected,0,0,0,0,0,,False,,
1,static_selected_distance_context,88,False,15,41,A01,A01|F008|3|P1310+P1334+P3410,A01|F020|16|P1453+P1671+P1699+P1713+P1790+P1794+P1857+P2034+P2057+P2216+P2287+P2469+P2543+P2657+P2722+P2831,3,16,F008,F020,0.0,130.0,64.33333333333333,,0.5864150943396227,0.242949657316875,0.2924528301886793,0.12943396226415094,0.6722641509433962,0.5864150943396227,1.0,0.75,1.0,0.875,0.7307075471698113,budget_not_selected,0,0,0,0,0,,False,,
1,static_selected_distance_context,89,False,15,29,A01,A01|F008|3|P1310+P1334+P3410,A01|F015|7|P0269+P0476+P0484+P0570+P0637+P1402+P3945,3,7,F008,F015,0.0,64.0,35.0,,0.8181132075471698,0.3922384769813739,0.5739622641509434,0.459622641509434,0.13999999999999996,0.8181132075471698,0.5263157894736842,0.75,1.0,0.638157894736842,0.7281355511420059,budget_not_selected,0,0,0,0,0,,False,,
1,static_selected_distance_context,90,False,0,29,A01,A01|F001|4|P0036+P0918+P2537+P2942,A01|F015|7|P0269+P0476+P0484+P0570+P0637+P1402+P3945,4,7,F001,F015,0.0,73.0,18.333333333333332,,0.7845283018867925,0.7058224433035845,0.8283018867924529,0.7766037735849056,0.23188679245283017,0.7845283018867925,0.5789473684210527,0.75,1.0,0.6644736842105263,0.7245009930486594,budget_not_selected,0,0,0,0,0,,False,,
1,static_selected_distance_context,91,False,90,96,A03,A03|F043|16|P1316+P1327+P1450+P1615+P1855+P1948+P2206+P2442+P2477+P2648+P2766+P3094+P3459+P3510+P3774+P3793,A03|F046|1|P2863,16,1,F043,F046,0.0,117.0,83.0,,0.6245283018867924,0.48345010405272415,0.21132075471698109,0.2516981132075472,0.789622641509434,0.6245283018867924,0.8947368421052632,0.75,1.0,0.8223684210526316,0.723448361469712,budget_not_selected,0,0,0,0,0,,False,,
1,static_selected_distance_context,92,False,15,46,A01,A01|F008|3|P1310+P1334+P3410,A01|F022|16|P0002+P0055+P0058+P0126+P0214+P0268+P0460+P0750+P0782+P0800+P0909+P0992+P1141+P1151+P1188+P1463,3,16,F008,F022,0.0,134.0,42.0,,0.570566037735849,0.242949657316875,0.4883018867924528,0.2516981132075472,0.6722641509433962,0.570566037735849,1.0,0.75,1.0,0.875,0.7227830188679245,budget_not_selected,0,0,0,0,0,,False,,
1,static_selected_distance_context,93,False,15,47,A01,A01|F008|3|P1310+P1334+P3410,A01|F022|16|P1476+P1481+P1544+P1577+P1627+P1900+P1984+P2051+P2258+P2317+P2333+P2382+P2393+P2425+P2462+P2578,3,16,F008,F022,0.0,134.0,42.0,,0.570566037735849,0.242949657316875,0.4883018867924528,0.2516981132075472,0.6722641509433962,0.570566037735849,1.0,0.75,1.0,0.875,0.7227830188679245,budget_not_selected,0,0,0,0,0,,False,,
1,static_selected_distance_context,94,False,92,96,A03,A03|F044|18|P0822+P1103+P1382+P1760+P1960+P2036+P2364+P2667+P2783+P2835+P3008+P3155+P3209+P3325+P3591+P3656+P3762+P3897,A03|F046|1|P2863,18,1,F044,F046,0.0,137.0,98.66666666666667,,0.5618867924528301,0.48345010405272415,0.1584905660377358,0.3886792452830189,0.789622641509434,0.5618867924528301,1.0,0.75,1.0,0.875,0.7184433962264151,budget_not_selected,0,0,0,0,0,,False,,
1,static_selected_distance_context,95,False,13,29,A01,A01|F007|9|P0057+P0480+P0652+P0685+P0786+P0812+P1703+P1838+P2738,A01|F015|7|P0269+P0476+P0484+P0570+P0637+P1402+P3945,9,7,F007,F015,0.0,113.0,49.333333333333336,,0.6407547169811321,0.32148366584147414,0.40113207547169816,0.5279245283018867,0.4420754716981132,0.6407547169811321,0.8421052631578947,0.75,1.0,0.7960526315789473,0.7184036742800397,budget_not_selected,0,0,0,0,0,,False,,
1,static_selected_distance_context,96,False,0,17,A01,A01|F001|4|P0036+P0918+P2537+P2942,A01|F009|11|P0086+P0252+P0860+P1085+P1610+P1743+P1763+P1949+P2163+P3118+P3137,4,11,F001,F009,0.0,107.0,39.666666666666664,,0.6603773584905661,0.4807360643988245,0.5181132075471698,0.2516981132075472,0.5615094339622642,0.6603773584905661,0.7894736842105263,0.75,1.0,0.7697368421052632,0.7150571002979147,budget_not_selected,0,0,0,0,0,,False,,
1,static_selected_distance_context,97,False,54,64,A02,A02|F025|7|P1886+P2791+P3216+P3506+P3560+P3584+P3815,A02|F030|10|P0448+P2098+P2453+P3096+P3117+P3531+P3615+P3686+P3799+P3847,7,10,F025,F030,0.0,128.0,22.333333333333332,,0.5932075471698113,0.0,0.7709433962264151,0.659622641509434,0.7460377358490566,0.5932075471698113,0.8947368421052632,0.75,1.0,0.8223684210526316,0.7077879841112215,budget_not_selected,0,0,0,0,0,,False,,
1,static_selected_distance_context,98,False,3,15,A01,A01|F002|7|P1754+P1771+P2409+P2625+P2819+P3592+P3961,A01|F008|3|P1310+P1334+P3410,7,3,F002,F008,0.0,75.0,2.3333333333333335,,0.7762264150943397,0.8586958855927248,0.999245283018868,0.9592452830188679,0.7460377358490566,0.7762264150943397,0.5263157894736842,0.75,1.0,0.638157894736842,0.7071921549155908,budget_not_selected,0,0,0,0,0,,False,,
1,static_selected_distance_context,99,False,89,96,A03,A03|F043|14|P0095+P0132+P0520+P0588+P0601+P0778+P0848+P0965+P1050+P1171+P1294+P2636+P3023+P3270,A03|F046|1|P2863,14,1,F043,F046,0.0,117.0,83.0,,0.6245283018867924,0.48345010405272415,0.21132075471698109,0.2516981132075472,0.789622641509434,0.6245283018867924,0.7894736842105263,0.75,1.0,0.7697368421052632,0.6971325719960277,budget_not_selected,0,0,0,0,0,,False,,
1,static_selected_distance_context,100,False,15,33,A01,A01|F008|3|P1310+P1334+P3410,A01|F017|11|P0137+P0418+P0598+P1079+P1380+P1493+P1521+P1745+P2207+P2309+P2999,3,11,F008,F017,0.0,112.0,78.0,,0.6449056603773584,0.32148366584147414,0.22867924528301886,0.12943396226415094,0.27433962264150946,0.6449056603773584,0.7368421052631579,0.75,1.0,0.743421052631579,0.6941633565044687,budget_not_selected,0,0,0,0,0,,False,,
1,static_selected_distance_context,101,False,91,96,A03,A03|F044|16|P0074+P0259+P0386+P0396+P0442+P0558+P0566+P0582+P0704+P0728+P0768+P0838+P2843+P3238+P3260+P3334,A03|F046|1|P2863,16,1,F044,F046,0.0,137.0,98.66666666666667,,0.5618867924528301,0.48345010405272415,0.1584905660377358,0.3886792452830189,0.789622641509434,0.5618867924528301,0.8947368421052632,0.75,1.0,0.8223684210526316,0.6921276067527309,budget_not_selected,0,0,0,0,0,,False,,
1,static_selected_distance_context,102,False,3,9,A01,A01|F002|7|P1754+P1771+P2409+P2625+P2819+P3592+P3961,A01|F005|11|P0177+P0622+P0879+P0978+P1006+P1078+P1307+P1710+P1910+P3403+P3882,7,11,F002,F005,0.0,151.0,38.666666666666664,,0.5150943396226415,0.32148366584147414,0.5313207547169811,0.42188679245283023,0.6722641509433962,0.5150943396226415,0.9473684210526315,0.75,1.0,0.8486842105263157,0.6818892750744786,budget_not_selected,0,0,0,0,0,,False,,
1,static_selected_distance_context,103,False,3,29,A01,A01|F002|7|P1754+P1771+P2409+P2625+P2819+P3592+P3961,A01|F015|7|P0269+P0476+P0484+P0570+P0637+P1402+P3945,7,7,F002,F015,0.0,127.0,34.666666666666664,,0.5966037735849057,0.32148366584147414,0.5800000000000001,0.42188679245283023,0.6722641509433962,0.5966037735849057,0.7368421052631579,0.75,1.0,0.743421052631579,0.6700124131082423,budget_not_selected,0,0,0,0,0,,False,,
1,static_selected_distance_context,104,False,3,33,A01,A01|F002|7|P1754+P1771+P2409+P2625+P2819+P3592+P3961,A01|F017|11|P0137+P0418+P0598+P1079+P1380+P1493+P1521+P1745+P2207+P2309+P2999,7,11,F002,F017,0.0,161.0,77.66666666666667,,0.48716981132075476,0.32148366584147414,0.23094339622641513,0.10528301886792457,0.6722641509433962,0.48716981132075476,0.9473684210526315,0.75,1.0,0.8486842105263157,0.6679270109235352,budget_not_selected,0,0,0,0,0,,False,,
1,static_selected_distance_context,105,False,13,31,A01,A01|F007|9|P0057+P0480+P0652+P0685+P0786+P0812+P1703+P1838+P2738,A01|F016|9|P0275+P0423+P0482+P0613+P0647+P0950+P1114+P2472+P2898,9,9,F007,F016,0.0,161.0,66.0,,0.48716981132075476,0.242949657316875,0.28490566037735854,0.16150943396226414,0.2888679245283019,0.48716981132075476,0.9473684210526315,0.75,1.0,0.8486842105263157,0.6679270109235352,budget_not_selected,0,0,0,0,0,,False,,
1,static_selected_distance_context,106,False,15,31,A01,A01|F008|3|P1310+P1334+P3410,A01|F016|9|P0275+P0423+P0482+P0613+P0647+P0950+P1114+P2472+P2898,3,9,F008,F016,0.0,112.0,51.666666666666664,,0.6449056603773584,0.242949657316875,0.37584905660377355,0.12943396226415094,0.789622641509434,0.6449056603773584,0.631578947368421,0.75,1.0,0.6907894736842105,0.6678475670307844,budget_not_selected,0,0,0,0,0,,False,,
1,static_selected_distance_context,107,False,0,19,A01,A01|F001|4|P0036+P0918+P2537+P2942,A01|F010|12|P0028+P0077+P0375+P0395+P0583+P0631+P0642+P0835+P1907+P2840+P3644+P3775,4,12,F001,F010,0.0,147.0,15.0,,0.5275471698113208,0.242949657316875,0.8833962264150943,0.7766037735849056,0.4420754716981132,0.5275471698113208,0.8421052631578947,0.75,1.0,0.7960526315789473,0.6617999006951341,budget_not_selected,0,0,0,0,0,,False,,
1,static_selected_distance_context,108,False,15,37,A01,A01|F008|3|P1310+P1334+P3410,A01|F019|13|P0045+P0134+P0344+P0493+P0572+P0946+P1099+P1101+P1160+P1164+P1284+P1345+P1500,3,13,F008,F019,0.0,147.0,34.0,,0.5275471698113208,0.242949657316875,0.5920754716981131,0.7256603773584906,0.5615094339622642,0.5275471698113208,0.8421052631578947,0.75,1.0,0.7960526315789473,0.6617999006951341,budget_not_selected,0,0,0,0,0,,False,,
1,static_selected_distance_context,109,False,85,96,A03,A03|F040|16|P1908+P2094+P2386+P2555+P2727+P2746+P2775+P2846+P2881+P2935+P3222+P3287+P3322+P3477+P3547+P3721,A03|F046|1|P2863,16,1,F040,F046,0.0,165.0,124.66666666666667,,0.4747169811320755,0.24050044673584917,0.10528301886792457,0.20226415094339623,0.789622641509434,0.4747169811320755,0.8947368421052632,0.75,1.0,0.8223684210526316,0.6485427010923536,budget_not_selected,0,0,0,0,0,,False,,
1,static_selected_distance_context,110,False,86,98,A03,A03|F041|5|P0227+P0326+P0368+P1137+P2262,A03|F047|5|P0040+P1063+P1231+P2315+P2850,5,5,F041,F047,0.0,111.0,46.666666666666664,,0.6486792452830188,0.5644333231583492,0.4286792452830188,0.7256603773584906,0.7460377358490566,0.6486792452830188,0.5263157894736842,0.75,1.0,0.638157894736842,0.6434185700099304,budget_not_selected,0,0,0,0,0,,False,,
1,static_selected_distance_context,111,False,84,98,A03,A03|F040|11|P0140+P0367+P0868+P0880+P1004+P1567+P1598+P1705+P1715+P1750+P2374,A03|F047|5|P0040+P1063+P1231+P2315+P2850,11,5,F040,F047,0.0,163.0,111.33333333333333,,0.4826415094339622,0.24050044673584917,0.12867924528301888,0.659622641509434,0.5615094339622642,0.4826415094339622,0.8421052631578947,0.75,1.0,0.7960526315789473,0.6393470705064548,budget_not_selected,0,0,0,0,0,,False,,
1,static_selected_distance_context,112,False,49,64,A02,A02|F023|9|P0068+P0111+P0298+P0611+P0693+P1031+P1482+P2314+P2790,A02|F030|10|P0448+P2098+P2453+P3096+P3117+P3531+P3615+P3686+P3799+P3847,9,10,F023,F030,0.0,192.0,85.33333333333333,,0.3969811320754717,0.0,0.20075471698113212,0.07509433962264156,0.789622641509434,0.3969811320754717,1.0,0.75,1.0,0.875,0.6359905660377358,budget_not_selected,0,0,0,0,0,,False,,
1,static_selected_distance_context,113,False,64,74,A02,A02|F030|10|P0448+P2098+P2453+P3096+P3117+P3531+P3615+P3686+P3799+P3847,A02|F035|5|P0115+P3360+P3552+P3652+P3844,10,5,F030,F035,0.0,161.0,79.33333333333333,,0.48716981132075476,0.0,0.22264150943396221,0.07509433962264156,0.789622641509434,0.48716981132075476,0.7894736842105263,0.75,1.0,0.7697368421052632,0.628453326713009,budget_not_selected,0,0,0,0,0,,False,,
1,static_selected_distance_context,114,False,3,31,A01,A01|F002|7|P1754+P1771+P2409+P2625+P2819+P3592+P3961,A01|F016|9|P0275+P0423+P0482+P0613+P0647+P0950+P1114+P2472+P2898,7,9,F002,F016,0.0,172.0,51.333333333333336,,0.45547169811320753,0.242949657316875,0.3815094339622641,0.10528301886792457,0.789622641509434,0.45547169811320753,0.8421052631578947,0.75,1.0,0.7960526315789473,0.6257621648460774,budget_not_selected,0,0,0,0,0,,False,,
1,static_selected_distance_context,115,False,77,84,A03,A03|F036|8|P0401+P0709+P1087+P1650+P1817+P3698+P3755+P3770,A03|F040|11|P0140+P0367+P0868+P0880+P1004+P1567+P1598+P1705+P1715+P1750+P2374,8,11,F036,F040,0.0,205.0,135.66666666666666,,0.3652830188679246,0.16196643821125,0.0860377358490566,0.16150943396226414,0.5615094339622642,0.3652830188679246,1.0,0.75,1.0,0.875,0.6201415094339623,budget_not_selected,0,0,0,0,0,,False,,
1,static_selected_distance_context,116,False,0,7,A01,A01|F001|4|P0036+P0918+P2537+P2942,A01|F004|11|P0146+P0632+P0908+P1052+P1216+P1264+P1553+P2173+P2793+P3113+P3938,4,11,F001,F004,0.0,168.0,12.333333333333334,,0.46566037735849053,0.242949657316875,0.9286792452830188,0.7766037735849056,0.5615094339622642,0.46566037735849053,0.7894736842105263,0.75,1.0,0.7697368421052632,0.6176986097318768,budget_not_selected,0,0,0,0,0,,False,,
1,static_selected_distance_context,117,False,77,86,A03,A03|F036|8|P0401+P0709+P1087+P1650+P1817+P3698+P3755+P3770,A03|F041|5|P0227+P0326+P0368+P1137+P2262,8,5,F036,F041,0.0,150.0,71.0,,0.5173584905660378,0.3239328764225,0.2513207547169811,0.20226415094339623,0.7460377358490566,0.5173584905660378,0.6842105263157895,0.75,1.0,0.7171052631578947,0.6172318768619662,budget_not_selected,0,0,0,0,0,,False,,
1,static_selected_distance_context,118,False,78,98,A03,A03|F037|12|P0199+P0260+P0330+P0911+P0980+P1009+P1042+P1221+P1477+P1484+P2048+P2956,A03|F047|5|P0040+P1063+P1231+P2315+P2850,12,5,F037,F047,0.0,190.0,131.0,,0.40415094339622637,0.24050044673584917,0.0928301886792453,0.42188679245283023,0.4420754716981132,0.40415094339622637,0.8947368421052632,0.75,1.0,0.8223684210526316,0.613259682224429,budget_not_selected,0,0,0,0,0,,False,,
1,static_selected_distance_context,119,False,0,25,A01,A01|F001|4|P0036+P0918+P2537+P2942,A01|F013|15|P0229+P0417+P0419+P0453+P0648+P0672+P0785+P0870+P0912+P1139+P1153+P2464+P3092+P3150+P3176,4,15,F001,F013,0.0,210.0,77.0,,0.3501886792452831,0.242949657316875,0.23245283018867924,0.459622641509434,0.4420754716981132,0.3501886792452831,1.0,0.75,1.0,0.875,0.6125943396226415,budget_not_selected,0,0,0,0,0,,False,,
1,static_selected_distance_context,120,False,88,96,A03,A03|F042|16|P1174+P1268+P1435+P1683+P2031+P2751+P2779+P2786+P2889+P2965+P3028+P3309+P3346+P3428+P3959+P3970,A03|F046|1|P2863,16,1,F042,F046,0.0,191.0,152.0,,0.4007547169811321,0.24050044673584917,0.05962264150943397,0.16150943396226414,0.4941509433962264,0.4007547169811321,0.8947368421052632,0.75,1.0,0.8223684210526316,0.6115615690168819,budget_not_selected,0,0,0,0,0,,False,,
1,static_selected_distance_context,121,False,79,96,A03,A03|F037|16|P2045+P2058+P2261+P2275+P2291+P2448+P2450+P2531+P3084+P3156+P3530+P3637+P3717+P3846+P3851+P3989,A03|F046|1|P2863,16,1,F037,F046,0.0,192.0,144.33333333333334,,0.3969811320754717,0.24050044673584917,0.07207547169811324,0.10528301886792457,0.7460377358490566,0.3969811320754717,0.8947368421052632,0.75,1.0,0.8223684210526316,0.6096747765640517,budget_not_selected,0,0,0,0,0,,False,,
1,static_selected_distance_context,122,False,15,73,A01,A01|F008|3|P1310+P1334+P3410,A01|F035|16|P0428+P0565+P0665+P0677+P0755+P1049+P1124+P1256+P1366+P1575+P1701+P1714+P2079+P2116+P2239+P2413,3,16,F008,F035,0.0,227.0,22.0,,0.31169811320754715,0.0,0.7754716981132075,0.8350943396226416,0.789622641509434,0.31169811320754715,1.0,0.75,1.0,0.875,0.5933490566037736,budget_not_selected,0,0,0,0,0,,False,,
1,static_selected_distance_context,123,False,86,96,A03,A03|F041|5|P0227+P0326+P0368+P1137+P2262,A03|F046|1|P2863,5,1,F041,F046,0.0,110.0,60.0,,0.6520754716981132,0.5644333231583492,0.31849056603773584,0.2516981132075472,0.4852830188679245,0.6520754716981132,0.3157894736842105,0.75,1.0,0.5328947368421053,0.5924851042701093,budget_not_selected,0,0,0,0,0,,False,,
1,static_selected_distance_context,124,False,15,61,A01,A01|F008|3|P1310+P1334+P3410,A01|F029|12|P0159+P0299+P0306+P0449+P0962+P0987+P1077+P1226+P1276+P1738+P1878+P1919,3,12,F008,F029,0.0,191.0,34.333333333333336,,0.4007547169811321,0.080983219105625,0.5860377358490566,0.459622641509434,0.14660377358490562,0.4007547169811321,0.7894736842105263,0.75,1.0,0.7697368421052632,0.5852457795431976,budget_not_selected,0,0,0,0,0,,False,,
1,static_selected_distance_context,125,False,84,96,A03,A03|F040|11|P0140+P0367+P0868+P0880+P1004+P1567+P1598+P1705+P1715+P1750+P2374,A03|F046|1|P2863,11,1,F040,F046,0.0,165.0,124.66666666666667,,0.4747169811320755,0.24050044673584917,0.10528301886792457,0.20226415094339623,0.789622641509434,0.4747169811320755,0.631578947368421,0.75,1.0,0.6907894736842105,0.5827532274081431,budget_not_selected,0,0,0,0,0,,False,,
1,static_selected_distance_context,126,False,96,108,A03,A03|F046|1|P2863,A03|F042+F050|18|P0166+P0294+P0455+P0540+P0617+P0638+P0643+P0865+P1203+P1767+P2093+P2330+P2521+P2730+P2972+P2984+P3627+P3730,1,18,F046,F042|F050,0.0,191.0,170.16666666666669,,0.4007547169811321,0.24050044673584917,0.05962264150943397,0.16150943396226414,0.4941509433962264,0.4007547169811321,1.0,0.5,1.0,0.75,0.575377358490566,budget_not_selected,0,0,0,0,0,,False,,
1,static_selected_distance_context,127,False,0,15,A01,A01|F001|4|P0036+P0918+P2537+P2942,A01|F008|3|P1310+P1334+P3410,4,3,F001,F008,0.0,131.0,16.666666666666668,,0.580754716981132,0.242949657316875,0.8573584905660377,0.8350943396226416,0.6722641509433962,0.580754716981132,0.3684210526315789,0.75,1.0,0.5592105263157895,0.5699826216484607,budget_not_selected,0,0,0,0,0,,False,,
1,static_selected_distance_context,128,False,0,13,A01,A01|F001|4|P0036+P0918+P2537+P2942,A01|F007|9|P0057+P0480+P0652+P0685+P0786+P0812+P1703+P1838+P2738,4,9,F001,F007,0.0,184.0,31.0,,0.4207547169811321,0.242949657316875,0.6377358490566039,0.7766037735849056,0.4420754716981132,0.4207547169811321,0.6842105263157895,0.75,1.0,0.7171052631578947,0.5689299900695134,budget_not_selected,0,0,0,0,0,,False,,
1,static_selected_distance_context,129,False,3,61,A01,A01|F002|7|P1754+P1771+P2409+P2625+P2819+P3592+P3961,A01|F029|12|P0159+P0299+P0306+P0449+P0962+P0987+P1077+P1226+P1276+P1738+P1878+P1919,7,12,F002,F029,0.0,253.0,34.0,,0.2554716981132076,0.080983219105625,0.5920754716981131,0.42188679245283023,0.5615094339622642,0.2554716981132076,1.0,0.75,1.0,0.875,0.5652358490566038,budget_not_selected,0,0,0,0,0,,False,,
1,static_selected_distance_context,130,False,78,96,A03,A03|F037|12|P0199+P0260+P0330+P0911+P0980+P1009+P1042+P1221+P1477+P1484+P2048+P2956,A03|F046|1|P2863,12,1,F037,F046,0.0,192.0,144.33333333333334,,0.3969811320754717,0.24050044673584917,0.07207547169811324,0.10528301886792457,0.7460377358490566,0.3969811320754717,0.6842105263157895,0.75,1.0,0.7171052631578947,0.5570431976166832,budget_not_selected,0,0,0,0,0,,False,,
1,static_selected_distance_context,131,False,0,3,A01,A01|F001|4|P0036+P0918+P2537+P2942,A01|F002|7|P1754+P1771+P2409+P2625+P2819+P3592+P3961,4,7,F001,F002,0.0,200.0,17.666666666666668,,0.3766037735849057,0.242949657316875,0.8377358490566038,0.7766037735849056,0.6722641509433962,0.3766037735849057,0.5789473684210527,0.75,1.0,0.6644736842105263,0.520538728897716,budget_not_selected,0,0,0,0,0,,False,,
2,static_selected_distance_context,1,True,54,62,A02,A02|F025|7|P1886+P2791+P3216+P3506+P3560+P3584+P3815,A02|F029|12|P0226+P1827+P1956+P2101+P2590+P2617+P2683+P2796+P2810+P3402+P3626+P3741,7,12,F025,F029,0.0,24.0,12.666666666666666,,0.9739622641509434,0.8398196483967807,0.9226415094339623,0.9864150943396226,0.5615094339622642,0.9739622641509434,1.0,0.75,1.0,0.875,0.9244811320754718,improving_not_selected,2,0,2,0,0,117,False,3.8563867999982904,
2,static_selected_distance_context,2,True,27,29,A01,A01|F014|12|P0061+P0303+P0849+P1095+P1163+P1235+P1805+P1853+P1902+P2120+P2969+P3614,A01|F015|7|P0269+P0476+P0484+P0570+P0637+P1402+P3945,12,7,F014,F015,0.0,27.0,26.666666666666668,,0.9633962264150944,1.0,0.7090566037735849,0.659622641509434,0.4420754716981132,0.9633962264150944,1.0,0.75,1.0,0.875,0.9191981132075472,improving_not_selected,2,0,2,0,0,74,False,3.8547650999971665,
2,static_selected_distance_context,3,True,86,89,A03,A03|F041|5|P0227+P0326+P0368+P1137+P2262,A03|F043|14|P0095+P0132+P0520+P0588+P0601+P0778+P0848+P0965+P1050+P1171+P1294+P2636+P3023+P3270,5,14,F041,F043,0.0,28.0,23.0,,0.9607547169811321,0.919016780894375,0.7615094339622641,0.9864150943396226,0.7460377358490566,0.9607547169811321,1.0,0.75,1.0,0.875,0.9178773584905661,accepted,2,0,2,0,0,151,True,3.993454399998882,4.110640200000489
2,static_selected_distance_context,4,True,21,29,A01,A01|F011|12|P0174+P0284+P0293+P0535+P0707+P0823+P0923+P1529+P1571+P1718+P3108+P3175,A01|F015|7|P0269+P0476+P0484+P0570+P0637+P1402+P3945,12,7,F011,F015,0.0,31.0,13.0,,0.9535849056603773,0.7043643178278647,0.9166037735849056,0.6988679245283018,0.6722641509433962,0.9535849056603773,1.0,0.75,1.0,0.875,0.9142924528301887,improving_not_selected,2,0,2,0,0,79,False,3.854449399994337,
2,static_selected_distance_context,5,True,29,59,A01,A01|F015|7|P0269+P0476+P0484+P0570+P0637+P1402+P3945,A01|F028|12|P0241+P0272+P0289+P0320+P0490+P0559+P0600+P0634+P0700+P0953+P1113+P1179,7,12,F015,F028,0.0,32.0,27.666666666666668,,0.949811320754717,0.7043643178278647,0.6890566037735849,0.5279245283018867,0.4420754716981132,0.949811320754717,1.0,0.75,1.0,0.875,0.9124056603773585,improving_not_selected,2,0,2,0,0,92,False,3.8554006999984267,
2,static_selected_distance_context,6,True,9,29,A01,A01|F005|11|P0177+P0622+P0879+P0978+P1006+P1078+P1307+P1710+P1910+P3403+P3882,A01|F015|7|P0269+P0476+P0484+P0570+P0637+P1402+P3945,11,7,F005,F015,0.0,25.0,4.0,,0.9694339622641509,0.7843564518281836,0.9909433962264151,0.9864150943396226,0.5615094339622642,0.9694339622641509,0.9473684210526315,0.75,1.0,0.8486842105263157,0.9090590863952333,improving_not_selected,2,0,2,0,0,81,False,3.852155299995502,
2,static_selected_distance_context,7,True,67,74,A02,A02|F032|14|P0099+P0379+P0390+P0422+P0546+P0616+P0618+P0738+P1254+P1300+P1681+P2097+P2351+P3385,A02|F035|5|P0115+P3360+P3552+P3652+P3844,14,5,F032,F035,0.0,35.0,17.333333333333332,,0.9369811320754717,1.0,0.8456603773584905,0.9864150943396226,0.7460377358490566,0.9369811320754717,1.0,0.75,1.0,0.875,0.9059905660377359,improving_not_selected,2,0,2,0,0,138,False,3.993318000000727,
2,static_selected_distance_context,8,True,3,7,A01,A01|F002|7|P1754+P1771+P2409+P2625+P2819+P3592+P3961,A01|F004|11|P0146+P0632+P0908+P1052+P1216+P1264+P1553+P2173+P2793+P3113+P3938,7,11,F002,F004,0.0,33.0,21.333333333333332,,0.9460377358490566,1.0,0.7860377358490566,0.5279245283018867,0.6722641509433962,0.9460377358490566,0.9473684210526315,0.75,1.0,0.8486842105263157,0.8973609731876862,improving_not_selected,2,0,2,0,0,103,False,3.8505481999964104,
2,static_selected_distance_context,9,True,52,54,A02,A02|F024|12|P0213+P0307+P0433+P0499+P0729+P1905+P2195+P2535+P2572+P3190+P3603+P3872,A02|F025|7|P1886+P2791+P3216+P3506+P3560+P3584+P3815,12,7,F024,F025,0.0,39.0,15.666666666666666,,0.919245283018868,0.8398196483967807,0.8758490566037735,0.6003773584905661,0.7460377358490566,0.919245283018868,1.0,0.75,1.0,0.875,0.897122641509434,improving_not_selected,2,0,2,0,0,98,False,3.8560608999978285,
2,static_selected_distance_context,10,True,0,37,A01,A01|F001|4|P0036+P0918+P2537+P2942,A01|F019|13|P0045+P0134+P0344+P0493+P0572+P0946+P1099+P1101+P1160+P1164+P1284+P1345+P1500,4,13,F001,F019,0.0,25.0,17.333333333333332,,0.9694339622641509,0.8643391615585597,0.8456603773584905,0.9328301886792453,0.4420754716981132,0.9694339622641509,0.8947368421052632,0.75,1.0,0.8223684210526316,0.8959011916583912,improving_not_selected,2,0,2,0,0,127,False,3.85022349999781,
2,static_selected_distance_context,11,True,11,15,A01,A01|F006|16|P0042+P0044+P0089+P0113+P0151+P0158+P0186+P0240+P0244+P0267+P0393+P0718+P0863+P1394+P1611+P3271,A01|F008|3|P1310+P1334+P3410,16,3,F006,F008,0.0,41.0,16.333333333333332,,0.9109433962264151,0.8586958855927248,0.8626415094339622,0.7256603773584906,0.6722641509433962,0.9109433962264151,1.0,0.75,1.0,0.875,0.8929716981132075,improving_not_selected,2,0,2,0,0,112,False,3.852487600001041,
2,static_selected_distance_context,12,True,0,23,A01,A01|F001|4|P0036+P0918+P2537+P2942,A01|F012|15|P0004+P0049+P0093+P0228+P0239+P0247+P0266+P0510+P0525+P0561+P0584+P0619+P2131+P2753+P3211,4,15,F001,F012,0.0,42.0,5.333333333333333,,0.9064150943396226,0.8509166882080255,0.9815094339622642,0.9328301886792453,0.5615094339622642,0.9064150943396226,1.0,0.75,1.0,0.875,0.8907075471698114,improving_not_selected,2,0,2,0,0,122,False,3.8498454000000493,
2,static_selected_distance_context,13,True,17,29,A01,A01|F009|11|P0086+P0252+P0860+P1085+P1610+P1743+P1763+P1949+P2163+P3118+P3137,A01|F015|7|P0269+P0476+P0484+P0570+P0637+P1402+P3945,11,7,F009,F015,0.0,38.0,21.333333333333332,,0.9233962264150943,0.7749136210952401,0.7860377358490566,0.6003773584905661,0.5615094339622642,0.9233962264150943,0.9473684210526315,0.75,1.0,0.8486842105263157,0.886040218470705,improving_not_selected,2,0,2,0,0,72,False,3.8541274999952293,
2,static_selected_distance_context,14,True,96,101,A03,A03|F046|1|P2863,A03|F049|14|P1520+P2198+P2832+P2893+P2922+P3149+P3191+P3205+P3276+P3416+P3452+P3703+P3771+P3868,1,14,F046,F049,0.0,17.0,11.333333333333334,,0.9916981132075472,1.0,0.9350943396226415,0.659622641509434,0.5169811320754717,0.9916981132075472,0.7894736842105263,0.75,1.0,0.7697368421052632,0.8807174776564052,improving_not_selected,4,0,4,0,0,146,False,4.110608700000739,
2,static_selected_distance_context,15,True,45,74,A02,A02|F021|13|P0008+P0124+P1195+P3158+P3305+P3313+P3406+P3544+P3734+P3749+P3809+P3877+P3895,A02|F035|5|P0115+P3360+P3552+P3652+P3844,13,5,F021,F035,0.0,41.0,40.333333333333336,,0.9109433962264151,0.7937898582911843,0.5094339622641509,0.35056603773584905,0.6722641509433962,0.9109433962264151,0.9473684210526315,0.75,1.0,0.8486842105263157,0.8798138033763654,improving_not_selected,2,0,2,0,0,117,False,3.8557346999950823,
2,static_selected_distance_context,16,True,15,19,A01,A01|F008|3|P1310+P1334+P3410,A01|F010|12|P0028+P0077+P0375+P0395+P0583+P0631+P0642+P0835+P1907+P2840+P3644+P3775,3,12,F008,F010,0.0,19.0,3.6666666666666665,,0.9864150943396226,0.9292451888601003,0.9932075471698113,0.9592452830188679,0.16943396226415092,0.9864150943396226,0.7894736842105263,0.75,1.0,0.7697368421052632,0.8780759682224428,improving_not_selected,4,0,4,0,0,131,False,3.8533299999980954,
2,static_selected_distance_context,17,True,65,74,A02,A02|F031|13|P0188+P0221+P0470+P0845+P1206+P1443+P1467+P1512+P1534+P1772+P1859+P2248+P3041,A02|F035|5|P0115+P3360+P3552+P3652+P3844,13,5,F031,F035,0.0,42.0,19.333333333333332,,0.9064150943396226,1.0,0.8166037735849057,0.659622641509434,0.789622641509434,0.9064150943396226,0.9473684210526315,0.75,1.0,0.8486842105263157,0.8775496524329691,improving_not_selected,2,0,2,0,0,126,False,3.9931858999989345,
2,static_selected_distance_context,18,True,3,13,A01,A01|F002|7|P1754+P1771+P2409+P2625+P2819+P3592+P3961,A01|F007|9|P0057+P0480+P0652+P0685+P0786+P0812+P1703+P1838+P2738,7,9,F002,F007,0.0,30.0,14.666666666666666,,0.9566037735849057,1.0,0.8883018867924528,0.9328301886792453,0.5615094339622642,0.9566037735849057,0.8421052631578947,0.75,1.0,0.7960526315789473,0.8763282025819266,improving_not_selected,4,0,4,0,0,122,False,3.8510779999996885,
2,static_selected_distance_context,19,True,8,15,A01,A01|F004|16|P2183+P2362+P2487+P2551+P2669+P2716+P3039+P3053+P3119+P3159+P3243+P3375+P3585+P3598+P3761+P3906,A01|F008|3|P1310+P1334+P3410,16,3,F004,F008,0.0,52.0,21.666666666666668,,0.8656603773584906,0.8586958855927248,0.780377358490566,0.6003773584905661,0.27433962264150946,0.8656603773584906,1.0,0.75,1.0,0.875,0.8703301886792453,improving_not_selected,2,0,2,0,0,98,False,3.851755999996385,
2,static_selected_distance_context,20,True,3,19,A01,A01|F002|7|P1754+P1771+P2409+P2625+P2819+P3592+P3961,A01|F010|12|P0028+P0077+P0375+P0395+P0583+P0631+P0642+P0835+P1907+P2840+P3644+P3775,7,12,F002,F010,0.0,56.0,3.3333333333333335,,0.8483018867924528,0.9294506967326246,0.9947169811320755,0.9328301886792453,0.5615094339622642,0.8483018867924528,1.0,0.75,1.0,0.875,0.8616509433962264,improving_not_selected,2,0,2,0,0,93,False,3.8514305999997305,
2,static_selected_distance_context,21,True,15,21,A01,A01|F008|3|P1310+P1334+P3410,A01|F011|12|P0174+P0284+P0293+P0535+P0707+P0823+P0923+P1529+P1571+P1718+P3108+P3175,3,12,F008,F011,0.0,33.0,22.0,,0.9460377358490566,0.6878741591535094,0.7754716981132075,0.42188679245283023,0.7460377358490566,0.9460377358490566,0.7894736842105263,0.75,1.0,0.7697368421052632,0.8578872889771598,improving_not_selected,4,0,4,0,0,113,False,3.8538214000000153,
2,static_selected_distance_context,22,True,29,33,A01,A01|F015|7|P0269+P0476+P0484+P0570+P0637+P1402+P3945,A01|F017|11|P0137+P0418+P0598+P1079+P1380+P1493+P1521+P1745+P2207+P2309+P2999,7,11,F015,F017,0.0,53.0,43.0,,0.860754716981132,0.854905755095559,0.4732075471698113,0.659622641509434,0.5615094339622642,0.860754716981132,0.9473684210526315,0.75,1.0,0.8486842105263157,0.8547194637537239,improving_not_selected,2,0,2,0,0,63,False,3.855073499995342,
2,static_selected_distance_context,23,True,15,18,A01,A01|F008|3|P1310+P1334+P3410,A01|F009|16|P2295+P2415+P2720+P2794+P2805+P2859+P2982+P2991+P3006+P3280+P3464+P3478+P3613+P3725+P3807+P3880,3,16,F008,F009,0.0,59.0,56.333333333333336,,0.8320754716981132,0.6173248558861338,0.3426415094339622,0.16150943396226414,0.27433962264150946,0.8320754716981132,1.0,0.75,1.0,0.875,0.8535377358490566,improving_not_selected,2,0,2,0,0,90,False,3.852810500000487,
2,static_selected_distance_context,24,True,62,74,A02,A02|F029|12|P0226+P1827+P1956+P2101+P2590+P2617+P2683+P2796+P2810+P3402+P3626+P3741,A02|F035|5|P0115+P3360+P3552+P3652+P3844,12,5,F029,F035,0.0,49.0,44.333333333333336,,0.8781132075471698,0.633609506687965,0.45358490566037735,0.3007547169811321,0.13999999999999996,0.8781132075471698,0.8947368421052632,0.75,1.0,0.8223684210526316,0.8502408142999007,improving_not_selected,2,2,0,0,0,104,False,3.992995000000519,
2,static_selected_distance_context,25,True,96,98,A03,A03|F046|1|P2863,A03|F048|16|P0255+P1217+P1261+P1569+P1604+P1761+P1870+P2022+P2105+P2156+P2369+P2395+P2743+P2914+P3267+P3471,1,16,F046,F048,0.0,50.0,27.666666666666668,,0.8735849056603774,0.7141797589233189,0.6890566037735849,0.35056603773584905,0.7460377358490566,0.8735849056603774,0.8947368421052632,0.75,1.0,0.8223684210526316,0.8479766633565045,improving_not_selected,2,2,0,0,0,115,False,4.11033789999783,
2,static_selected_distance_context,26,False,96,99,A03,A03|F046|1|P2863,A03|F048|16|P2396+P2419+P2481+P2604+P2619+P2692+P2712+P2776+P2858+P3027+P3589+P3599+P3699+P3885+P3903+P3966,1,16,F046,F048,0.0,50.0,27.666666666666668,,0.8735849056603774,0.7141797589233189,0.6890566037735849,0.35056603773584905,0.7460377358490566,0.8735849056603774,0.8947368421052632,0.75,1.0,0.8223684210526316,0.8479766633565045,budget_not_selected,0,0,0,0,0,,False,,
2,static_selected_distance_context,27,False,96,107,A03,A03|F046|1|P2863,A03|F047+F052|16|P0040+P0465+P1035+P1063+P1231+P2138+P2315+P2378+P2850+P3105+P3227+P3440+P3587+P3611+P3640+P3987,1,16,F046,F052|F047,0.0,15.0,22.166666666666668,,0.9966037735849057,1.0,0.9116981132075471,0.659622641509434,0.789622641509434,0.9966037735849057,0.8947368421052632,0.5,1.0,0.6973684210526316,0.8469860973187686,budget_not_selected,0,0,0,0,0,,False,,
2,static_selected_distance_context,28,False,15,30,A01,A01|F008|3|P1310+P1334+P3410,A01|F015|16|P0409+P0513+P0605+P0969+P0998+P1080+P1364+P1506+P1774+P1782+P2091+P3098+P3234+P3836+P3939+P3985,3,16,F008,F015,0.0,64.0,35.0,,0.8181132075471698,0.3922384769813739,0.5739622641509434,0.459622641509434,0.13999999999999996,0.8181132075471698,1.0,0.75,1.0,0.875,0.8465566037735849,budget_not_selected,0,0,0,0,0,,False,,
2,static_selected_distance_context,29,False,82,96,A03,A03|F039|15|P0097+P0714+P0855+P1236+P1407+P1474+P1488+P1559+P1725+P1936+P1969+P2159+P2166+P3048+P3576,A03|F046|1|P2863,15,1,F039,F046,0.0,45.0,5.666666666666667,,0.8935849056603774,0.8643391615585597,0.9792452830188679,0.9592452830188679,0.789622641509434,0.8935849056603774,0.8421052631578947,0.75,1.0,0.7960526315789473,0.8448187686196624,budget_not_selected,0,0,0,0,0,,False,,
2,static_selected_distance_context,30,False,39,54,A02,A02|F019|12|P0059+P0542+P0957+P1677+P2598+P2822+P3044+P3288+P3409+P3524+P3711+P3982,A02|F025|7|P1886+P2791+P3216+P3506+P3560+P3584+P3815,12,7,F019,F025,0.0,66.0,13.0,,0.8094339622641509,0.21419484696603946,0.9166037735849056,0.8784905660377358,0.5615094339622642,0.8094339622641509,1.0,0.75,1.0,0.875,0.8422169811320754,budget_not_selected,0,0,0,0,0,,False,,
2,static_selected_distance_context,31,False,15,59,A01,A01|F008|3|P1310+P1334+P3410,A01|F028|12|P0241+P0272+P0289+P0320+P0490+P0559+P0600+P0634+P0700+P0953+P1113+P1179,3,12,F008,F028,0.0,41.0,7.333333333333333,,0.9109433962264151,0.6878741591535094,0.9667924528301887,0.9592452830188679,0.5615094339622642,0.9109433962264151,0.7894736842105263,0.75,1.0,0.7697368421052632,0.8403401191658391,budget_not_selected,0,0,0,0,0,,False,,
2,static_selected_distance_context,32,False,29,31,A01,A01|F015|7|P0269+P0476+P0484+P0570+P0637+P1402+P3945,A01|F016|9|P0275+P0423+P0482+P0613+P0647+P0950+P1114+P2472+P2898,7,9,F015,F016,0.0,48.0,16.666666666666668,,0.8833962264150943,0.7058224433035845,0.8573584905660377,0.659622641509434,0.7460377358490566,0.8833962264150943,0.8421052631578947,0.75,1.0,0.7960526315789473,0.8397244289970208,budget_not_selected,0,0,0,0,0,,False,,
2,static_selected_distance_context,33,False,49,74,A02,A02|F023|9|P0068+P0111+P0298+P0611+P0693+P1031+P1482+P2314+P2790,A02|F035|5|P0115+P3360+P3552+P3652+P3844,9,5,F023,F035,0.0,38.0,6.0,,0.9233962264150943,1.0,0.9762264150943396,0.9864150943396226,0.4941509433962264,0.9233962264150943,0.7368421052631579,0.75,1.0,0.743421052631579,0.8334086395233367,budget_not_selected,0,0,0,0,0,,False,,
2,static_selected_distance_context,34,False,52,74,A02,A02|F024|12|P0213+P0307+P0433+P0499+P0729+P1905+P2195+P2535+P2572+P3190+P3603+P3872,A02|F035|5|P0115+P3360+P3552+P3652+P3844,12,5,F024,F035,0.0,57.0,41.333333333333336,,0.8418867924528302,0.633609506687965,0.49547169811320757,0.20226415094339623,0.789622641509434,0.8418867924528302,0.8947368421052632,0.75,1.0,0.8223684210526316,0.8321276067527309,budget_not_selected,0,0,0,0,0,,False,,
2,static_selected_distance_context,35,False,15,28,A01,A01|F008|3|P1310+P1334+P3410,A01|F014|16|P2127+P2447+P2512+P2561+P2767+P2844+P2908+P2953+P3160+P3475+P3554+P3634+P3651+P3808+P3973+P3994,3,16,F008,F014,0.0,76.0,61.666666666666664,,0.7713207547169811,0.3922384769813739,0.30679245283018863,0.12943396226415094,0.5615094339622642,0.7713207547169811,1.0,0.75,1.0,0.875,0.8231603773584906,budget_not_selected,0,0,0,0,0,,False,,
2,static_selected_distance_context,36,False,19,29,A01,A01|F010|12|P0028+P0077+P0375+P0395+P0583+P0631+P0642+P0835+P1907+P2840+P3644+P3775,A01|F015|7|P0269+P0476+P0484+P0570+P0637+P1402+P3945,12,7,F010,F015,0.0,77.0,31.333333333333332,,0.7686792452830189,0.32148366584147414,0.630943396226415,0.5279245283018867,0.4420754716981132,0.7686792452830189,1.0,0.75,1.0,0.875,0.8218396226415094,budget_not_selected,0,0,0,0,0,,False,,
2,static_selected_distance_context,37,False,0,9,A01,A01|F001|4|P0036+P0918+P2537+P2942,A01|F005|11|P0177+P0622+P0879+P0978+P1006+P1078+P1307+P1710+P1910+P3403+P3882,4,11,F001,F005,0.0,50.0,22.333333333333332,,0.8735849056603774,0.8509166882080255,0.7709433962264151,0.7766037735849056,0.5615094339622642,0.8735849056603774,0.7894736842105263,0.75,1.0,0.7697368421052632,0.8216608738828203,budget_not_selected,0,0,0,0,0,,False,,
2,static_selected_distance_context,38,False,54,70,A02,A02|F025|7|P1886+P2791+P3216+P3506+P3560+P3584+P3815,A02|F033|12|P0660+P0761+P1198+P1462+P2397+P2940+P3002+P3303+P3352+P3542+P3649+P3929,7,12,F025,F033,0.0,80.0,36.333333333333336,,0.7588679245283019,0.21419484696603946,0.5573584905660378,0.7766037735849056,0.5615094339622642,0.7588679245283019,1.0,0.75,1.0,0.875,0.8169339622641509,budget_not_selected,0,0,0,0,0,,False,,
2,static_selected_distance_context,39,False,15,26,A01,A01|F008|3|P1310+P1334+P3410,A01|F013|16|P1296+P1897+P1992+P2044+P2061+P2343+P2463+P2807+P3202+P3277+P3466+P3572+P3676+P3797+P3849+P3925,3,16,F008,F013,0.0,81.0,60.333333333333336,,0.7532075471698113,0.8586958855927248,0.3162264150943396,0.7766037735849056,0.16943396226415092,0.7532075471698113,1.0,0.75,1.0,0.875,0.8141037735849057,budget_not_selected,0,0,0,0,0,,False,,
2,static_selected_distance_context,40,False,0,31,A01,A01|F001|4|P0036+P0918+P2537+P2942,A01|F016|9|P0275+P0423+P0482+P0613+P0647+P0950+P1114+P2472+P2898,4,9,F001,F016,0.0,41.0,35.0,,0.9109433962264151,0.9294506967326246,0.5739622641509434,0.3007547169811321,0.7460377358490566,0.9109433962264151,0.6842105263157895,0.75,1.0,0.7171052631578947,0.8140243296921549,budget_not_selected,0,0,0,0,0,,False,,
2,static_selected_distance_context,41,False,81,96,A03,A03|F038|16|P1135+P1278+P1562+P1612+P1766+P1858+P2611+P2643+P2674+P2901+P3004+P3126+P3225+P3610+P3612+P3955,A03|F046|1|P2863,16,1,F038,F046,0.0,67.0,39.0,,0.8026415094339623,0.6436304556559435,0.5256603773584906,0.3886792452830189,0.7460377358490566,0.8026415094339623,0.8947368421052632,0.75,1.0,0.8223684210526316,0.812504965243297,budget_not_selected,0,0,0,0,0,,False,,
2,static_selected_distance_context,42,False,7,15,A01,A01|F004|11|P0146+P0632+P0908+P1052+P1216+P1264+P1553+P2173+P2793+P3113+P3938,A01|F008|3|P1310+P1334+P3410,11,3,F004,F008,0.0,52.0,21.666666666666668,,0.8656603773584906,0.8586958855927248,0.780377358490566,0.6003773584905661,0.27433962264150946,0.8656603773584906,0.7368421052631579,0.75,1.0,0.743421052631579,0.8045407149950348,budget_not_selected,0,0,0,0,0,,False,,
2,static_selected_distance_context,43,False,84,86,A03,A03|F040|11|P0140+P0367+P0868+P0880+P1004+P1567+P1598+P1705+P1715+P1750+P2374,A03|F041|5|P0227+P0326+P0368+P1137+P2262,11,5,F040,F041,0.0,66.0,64.66666666666667,,0.8094339622641509,0.3196975792334435,0.2909433962264151,0.9328301886792453,0.7460377358490566,0.8094339622641509,0.8421052631578947,0.75,1.0,0.7960526315789473,0.8027432969215491,budget_not_selected,0,0,0,0,0,,False,,
2,static_selected_distance_context,44,False,10,15,A01,A01|F005|16|P1933+P2027+P2062+P2096+P2165+P2202+P2334+P2540+P2661+P2725+P3074+P3363+P3624+P3706+P3814+P3917,A01|F008|3|P1310+P1334+P3410,16,3,F005,F008,0.0,88.0,39.0,,0.7271698113207548,0.32148366584147414,0.5256603773584906,0.459622641509434,0.27433962264150946,0.7271698113207548,1.0,0.75,1.0,0.875,0.8010849056603774,budget_not_selected,0,0,0,0,0,,False,,
2,static_selected_distance_context,45,False,15,25,A01,A01|F008|3|P1310+P1334+P3410,A01|F013|15|P0229+P0417+P0419+P0453+P0648+P0672+P0785+P0870+P0912+P1139+P1153+P2464+P3092+P3150+P3176,3,15,F008,F013,0.0,81.0,60.333333333333336,,0.7532075471698113,0.8586958855927248,0.3162264150943396,0.7766037735849056,0.16943396226415092,0.7532075471698113,0.9473684210526315,0.75,1.0,0.8486842105263157,0.8009458788480635,budget_not_selected,0,0,0,0,0,,False,,
2,static_selected_distance_context,46,False,0,61,A01,A01|F001|4|P0036+P0918+P2537+P2942,A01|F029|12|P0159+P0299+P0306+P0449+P0962+P0987+P1077+P1226+P1276+P1738+P1878+P1919,4,12,F001,F029,0.0,67.0,17.666666666666668,,0.8026415094339623,0.23871436012781846,0.8377358490566038,0.7766037735849056,0.4420754716981132,0.8026415094339623,0.8421052631578947,0.75,1.0,0.7960526315789473,0.7993470705064548,budget_not_selected,0,0,0,0,0,,False,,
2,static_selected_distance_context,47,False,80,96,A03,A03|F038|15|P0238+P0338+P0385+P0399+P0573+P0655+P0721+P0820+P0993+P1913+P2047+P2154+P2544+P2912+P3674,A03|F046|1|P2863,15,1,F038,F046,0.0,67.0,39.0,,0.8026415094339623,0.6436304556559435,0.5256603773584906,0.3886792452830189,0.7460377358490566,0.8026415094339623,0.8421052631578947,0.75,1.0,0.7960526315789473,0.7993470705064548,budget_not_selected,0,0,0,0,0,,False,,
2,static_selected_distance_context,48,False,96,104,A03,A03|F046|1|P2863,A03|F051|17|P1926+P1962+P2059+P2217+P2218+P2228+P2558+P2562+P2726+P2847+P2930+P2945+P3082+P3167+P3184+P3253+P3947,1,17,F046,F051,0.0,82.0,55.666666666666664,,0.7483018867924529,0.5644333231583492,0.3479245283018868,0.35056603773584905,0.5169811320754717,0.7483018867924529,0.9473684210526315,0.75,1.0,0.8486842105263157,0.7984930486593843,budget_not_selected,0,0,0,0,0,,False,,
2,static_selected_distance_context,49,False,15,63,A01,A01|F008|3|P1310+P1334+P3410,A01|F030|16|P0169+P0332+P0347+P0357+P0479+P0562+P0661+P1007+P1086+P1200+P1324+P1376+P1739+P1804+P2026+P2086,3,16,F008,F030,0.0,89.0,69.33333333333333,,0.7218867924528302,0.32148366584147414,0.26113207547169814,0.12943396226415094,0.7460377358490566,0.7218867924528302,1.0,0.75,1.0,0.875,0.798443396226415,budget_not_selected,0,0,0,0,0,,False,,
2,static_selected_distance_context,50,False,49,54,A02,A02|F023|9|P0068+P0111+P0298+P0611+P0693+P1031+P1482+P2314+P2790,A02|F025|7|P1886+P2791+P3216+P3506+P3560+P3584+P3815,9,7,F023,F025,0.0,70.0,63.0,,0.7943396226415094,0.7937898582911843,0.2988679245283019,0.3007547169811321,0.789622641509434,0.7943396226415094,0.8421052631578947,0.75,1.0,0.7960526315789473,0.7951961271102284,budget_not_selected,0,0,0,0,0,,False,,
2,static_selected_distance_context,51,False,70,74,A02,A02|F033|12|P0660+P0761+P1198+P1462+P2397+P2940+P3002+P3303+P3352+P3542+P3649+P3929,A02|F035|5|P0115+P3360+P3552+P3652+P3844,12,5,F033,F035,0.0,80.0,20.666666666666668,,0.7588679245283019,0.07853400852459914,0.7973584905660378,0.659622641509434,0.6722641509433962,0.7588679245283019,0.8947368421052632,0.75,1.0,0.8223684210526316,0.7906181727904668,budget_not_selected,0,0,0,0,0,,False,,
2,static_selected_distance_context,52,False,86,101,A03,A03|F041|5|P0227+P0326+P0368+P1137+P2262,A03|F049|14|P1520+P2198+P2832+P2893+P2922+P3149+P3191+P3205+P3276+P3416+P3452+P3703+P3771+P3868,5,14,F041,F049,0.0,94.0,48.666666666666664,,0.7060377358490566,0.5644333231583492,0.40981132075471693,0.7256603773584906,0.789622641509434,0.7060377358490566,1.0,0.75,1.0,0.875,0.7905188679245283,budget_not_selected,0,0,0,0,0,,False,,
2,static_selected_distance_context,53,False,15,17,A01,A01|F008|3|P1310+P1334+P3410,A01|F009|11|P0086+P0252+P0860+P1085+P1610+P1743+P1763+P1949+P2163+P3118+P3137,3,11,F008,F009,0.0,59.0,56.333333333333336,,0.8320754716981132,0.6173248558861338,0.3426415094339622,0.16150943396226414,0.27433962264150946,0.8320754716981132,0.7368421052631579,0.75,1.0,0.743421052631579,0.7877482621648462,budget_not_selected,0,0,0,0,0,,False,,
2,static_selected_distance_context,54,False,96,103,A03,A03|F046|1|P2863,A03|F051|16|P0102+P0184+P0349+P0446+P0462+P0502+P0530+P0541+P0797+P0856+P0904+P0997+P1081+P1684+P1723+P3708,1,16,F046,F051,0.0,82.0,55.666666666666664,,0.7483018867924529,0.5644333231583492,0.3479245283018868,0.35056603773584905,0.5169811320754717,0.7483018867924529,0.8947368421052632,0.75,1.0,0.8223684210526316,0.7853351539225423,budget_not_selected,0,0,0,0,0,,False,,
2,static_selected_distance_context,55,False,15,23,A01,A01|F008|3|P1310+P1334+P3410,A01|F012|15|P0004+P0049+P0093+P0228+P0239+P0247+P0266+P0510+P0525+P0561+P0584+P0619+P2131+P2753+P3211,3,15,F008,F012,0.0,89.0,21.333333333333332,,0.7218867924528302,0.32148366584147414,0.7860377358490566,0.7256603773584906,0.6722641509433962,0.7218867924528302,0.9473684210526315,0.75,1.0,0.8486842105263157,0.785285501489573,budget_not_selected,0,0,0,0,0,,False,,
2,static_selected_distance_context,56,False,39,74,A02,A02|F019|12|P0059+P0542+P0957+P1677+P2598+P2822+P3044+P3288+P3409+P3524+P3711+P3982,A02|F035|5|P0115+P3360+P3552+P3652+P3844,12,5,F019,F035,0.0,83.0,44.0,,0.7433962264150944,0.07853400852459914,0.459622641509434,0.5279245283018867,0.35132075471698115,0.7433962264150944,0.8947368421052632,0.75,1.0,0.8223684210526316,0.782882323733863,budget_not_selected,0,0,0,0,0,,False,,
2,static_selected_distance_context,57,False,48,74,A02,A02|F022|14|P2597+P2711+P2809+P3042+P3079+P3083+P3345+P3509+P3532+P3602+P3623+P3751+P3782+P3996,A02|F035|5|P0115+P3360+P3552+P3652+P3844,14,5,F022,F035,0.0,97.0,52.0,,0.689811320754717,0.07853400852459914,0.37056603773584906,0.16150943396226414,0.7460377358490566,0.689811320754717,1.0,0.75,1.0,0.875,0.7824056603773585,budget_not_selected,0,0,0,0,0,,False,,
2,static_selected_distance_context,58,False,0,33,A01,A01|F001|4|P0036+P0918+P2537+P2942,A01|F017|11|P0137+P0418+P0598+P1079+P1380+P1493+P1521+P1745+P2207+P2309+P2999,4,11,F001,F017,0.0,70.0,61.333333333333336,,0.7943396226415094,0.8509166882080255,0.3109433962264151,0.3007547169811321,0.5615094339622642,0.7943396226415094,0.7894736842105263,0.75,1.0,0.7697368421052632,0.7820382323733863,budget_not_selected,0,0,0,0,0,,False,,
2,static_selected_distance_context,59,False,3,21,A01,A01|F002|7|P1754+P1771+P2409+P2625+P2819+P3592+P3961,A01|F011|12|P0174+P0284+P0293+P0535+P0707+P0823+P0923+P1529+P1571+P1718+P3108+P3175,7,12,F002,F011,0.0,99.0,21.666666666666668,,0.6826415094339623,0.546570044746234,0.780377358490566,0.3886792452830189,0.7460377358490566,0.6826415094339623,1.0,0.75,1.0,0.875,0.7788207547169812,budget_not_selected,0,0,0,0,0,,False,,
2,static_selected_distance_context,60,False,7,29,A01,A01|F004|11|P0146+P0632+P0908+P1052+P1216+P1264+P1553+P2173+P2793+P3113+P3938,A01|F015|7|P0269+P0476+P0484+P0570+P0637+P1402+P3945,11,7,F004,F015,0.0,95.0,13.333333333333334,,0.7026415094339622,0.32148366584147414,0.9116981132075471,0.9328301886792453,0.5615094339622642,0.7026415094339622,0.9473684210526315,0.75,1.0,0.8486842105263157,0.775662859980139,budget_not_selected,0,0,0,0,0,,False,,
2,static_selected_distance_context,61,False,78,86,A03,A03|F037|12|P0199+P0260+P0330+P0911+P0980+P1009+P1042+P1221+P1477+P1484+P2048+P2956,A03|F041|5|P0227+P0326+P0368+P1137+P2262,12,5,F037,F041,0.0,88.0,84.33333333333333,,0.7271698113207548,0.3196975792334435,0.20490566037735847,0.8350943396226416,0.27433962264150946,0.7271698113207548,0.8947368421052632,0.75,1.0,0.8223684210526316,0.7747691161866932,budget_not_selected,0,0,0,0,0,,False,,
2,static_selected_distance_context,62,False,13,15,A01,A01|F007|9|P0057+P0480+P0652+P0685+P0786+P0812+P1703+P1838+P2738,A01|F008|3|P1310+P1334+P3410,9,3,F007,F008,0.0,54.0,14.333333333333334,,0.8573584905660377,0.8586958855927248,0.8943396226415095,0.9592452830188679,0.5615094339622642,0.8573584905660377,0.631578947368421,0.75,1.0,0.6907894736842105,0.7740739821251241,budget_not_selected,0,0,0,0,0,,False,,
2,static_selected_distance_context,63,False,15,27,A01,A01|F008|3|P1310+P1334+P3410,A01|F014|12|P0061+P0303+P0849+P1095+P1163+P1235+P1805+P1853+P1902+P2120+P2969+P3614,3,12,F008,F014,0.0,76.0,61.666666666666664,,0.7713207547169811,0.3922384769813739,0.30679245283018863,0.12943396226415094,0.5615094339622642,0.7713207547169811,0.7894736842105263,0.75,1.0,0.7697368421052632,0.7705287984111222,budget_not_selected,0,0,0,0,0,,False,,
2,static_selected_distance_context,64,False,93,96,A03,A03|F045|16|P0365+P0430+P0568+P0673+P0741+P0776+P0781+P0801+P0805+P0826+P0829+P1640+P1785+P1803+P2939+P3969,A03|F046|1|P2863,16,1,F045,F046,0.0,92.0,41.0,,0.7109433962264151,0.5644333231583492,0.4996226415094339,0.35056603773584905,0.7460377358490566,0.7109433962264151,0.8947368421052632,0.75,1.0,0.8223684210526316,0.7666559086395234,budget_not_selected,0,0,0,0,0,,False,,
2,static_selected_distance_context,65,False,54,74,A02,A02|F025|7|P1886+P2791+P3216+P3506+P3560+P3584+P3815,A02|F035|5|P0115+P3360+P3552+P3652+P3844,7,5,F025,F035,0.0,57.0,57.0,,0.8418867924528302,0.7937898582911843,0.33698113207547165,0.3007547169811321,0.789622641509434,0.8418867924528302,0.631578947368421,0.75,1.0,0.6907894736842105,0.7663381330685204,budget_not_selected,0,0,0,0,0,,False,,
2,static_selected_distance_context,66,False,0,27,A01,A01|F001|4|P0036+P0918+P2537+P2942,A01|F014|12|P0061+P0303+P0849+P1095+P1163+P1235+P1805+P1853+P1902+P2120+P2969+P3614,4,12,F001,F014,0.0,85.0,45.0,,0.7366037735849056,0.7058224433035845,0.4479245283018868,0.3007547169811321,0.4420754716981132,0.7366037735849056,0.8421052631578947,0.75,1.0,0.7960526315789473,0.7663282025819265,budget_not_selected,0,0,0,0,0,,False,,
2,static_selected_distance_context,67,False,3,17,A01,A01|F002|7|P1754+P1771+P2409+P2625+P2819+P3592+P3961,A01|F009|11|P0086+P0252+P0860+P1085+P1610+P1743+P1763+P1949+P2163+P3118+P3137,7,11,F002,F009,0.0,100.0,56.0,,0.6799999999999999,0.546570044746234,0.3460377358490566,0.12943396226415094,0.6722641509433962,0.6799999999999999,0.9473684210526315,0.75,1.0,0.8486842105263157,0.7643421052631578,budget_not_selected,0,0,0,0,0,,False,,
2,static_selected_distance_context,68,False,77,96,A03,A03|F036|8|P0401+P0709+P1087+P1650+P1817+P3698+P3755+P3770,A03|F046|1|P2863,8,1,F036,F046,0.0,41.0,11.0,,0.9109433962264151,0.5387908473615347,0.9373584905660377,0.9328301886792453,0.789622641509434,0.9109433962264151,0.47368421052631576,0.75,1.0,0.6118421052631579,0.7613927507447864,budget_not_selected,0,0,0,0,0,,False,,
2,static_selected_distance_context,69,False,15,32,A01,A01|F008|3|P1310+P1334+P3410,A01|F016|16|P1347+P1537+P1579+P1582+P1680+P1697+P2185+P2192+P2227+P2731+P2736+P3170+P3192+P3316+P3356+P3427,3,16,F008,F016,0.0,112.0,51.666666666666664,,0.6449056603773584,0.242949657316875,0.37584905660377355,0.12943396226415094,0.789622641509434,0.6449056603773584,1.0,0.75,1.0,0.875,0.7599528301886792,budget_not_selected,0,0,0,0,0,,False,,
2,static_selected_distance_context,70,False,15,34,A01,A01|F008|3|P1310+P1334+P3410,A01|F017|16|P2043+P2137+P2139+P2152+P2229+P2499+P2682+P2789+P2825+P2836+P3112+P3240+P3279+P3310+P3655+P3684,3,16,F008,F017,0.0,112.0,78.0,,0.6449056603773584,0.32148366584147414,0.22867924528301886,0.12943396226415094,0.27433962264150946,0.6449056603773584,1.0,0.75,1.0,0.875,0.7599528301886792,budget_not_selected,0,0,0,0,0,,False,,
2,static_selected_distance_context,71,False,56,74,A02,A02|F026|14|P0230+P0574+P2408+P2710+P2867+P2971+P3013+P3174+P3320+P3582+P3658+P3694+P3862+P3914,A02|F035|5|P0115+P3360+P3552+P3652+P3844,14,5,F026,F035,0.0,112.0,39.0,,0.6449056603773584,0.07853400852459914,0.5256603773584906,0.5279245283018867,0.789622641509434,0.6449056603773584,1.0,0.75,1.0,0.875,0.7599528301886792,budget_not_selected,0,0,0,0,0,,False,,
2,static_selected_distance_context,72,False,3,59,A01,A01|F002|7|P1754+P1771+P2409+P2625+P2819+P3592+P3961,A01|F028|12|P0241+P0272+P0289+P0320+P0490+P0559+P0600+P0634+P0700+P0953+P1113+P1179,7,12,F002,F028,0.0,114.0,7.0,,0.6373584905660377,0.546570044746234,0.9694339622641509,0.9328301886792453,0.5615094339622642,0.6373584905660377,1.0,0.75,1.0,0.875,0.7561792452830188,budget_not_selected,0,0,0,0,0,,False,,
2,static_selected_distance_context,73,False,42,74,A02,A02|F020|14|P0635+P2429+P3026+P3060+P3093+P3278+P3341+P3483+P3633+P3727+P3822+P3848+P3937+P3998,A02|F035|5|P0115+P3360+P3552+P3652+P3844,14,5,F020,F035,0.0,114.0,74.33333333333333,,0.6373584905660377,0.07853400852459914,0.23886792452830186,0.07509433962264156,0.7460377358490566,0.6373584905660377,1.0,0.75,1.0,0.875,0.7561792452830188,budget_not_selected,0,0,0,0,0,,False,,
2,static_selected_distance_context,74,False,0,59,A01,A01|F001|4|P0036+P0918+P2537+P2942,A01|F028|12|P0241+P0272+P0289+P0320+P0490+P0559+P0600+P0634+P0700+P0953+P1113+P1179,4,12,F001,F028,0.0,91.0,10.666666666666666,,0.7143396226415094,0.4807360643988245,0.940377358490566,0.7766037735849056,0.4420754716981132,0.7143396226415094,0.8421052631578947,0.75,1.0,0.7960526315789473,0.7551961271102283,budget_not_selected,0,0,0,0,0,,False,,
2,static_selected_distance_context,75,False,3,27,A01,A01|F002|7|P1754+P1771+P2409+P2625+P2819+P3592+P3961,A01|F014|12|P0061+P0303+P0849+P1095+P1163+P1235+P1805+P1853+P1902+P2120+P2969+P3614,7,12,F002,F014,0.0,124.0,61.333333333333336,,0.6052830188679246,0.32148366584147414,0.3109433962264151,0.10528301886792457,0.5615094339622642,0.6052830188679246,1.0,0.75,1.0,0.875,0.7401415094339623,budget_not_selected,0,0,0,0,0,,False,,
2,static_selected_distance_context,76,False,87,96,A03,A03|F041|16|P0377+P0519+P0657+P0794+P1479+P1556+P1742+P1850+P1978+P2178+P2650+P2871+P2966+P3089+P3423+P3954,A03|F046|1|P2863,16,1,F041,F046,0.0,110.0,60.0,,0.6520754716981132,0.5644333231583492,0.31849056603773584,0.2516981132075472,0.4852830188679245,0.6520754716981132,0.8947368421052632,0.75,1.0,0.8223684210526316,0.7372219463753724,budget_not_selected,0,0,0,0,0,,False,,
2,static_selected_distance_context,77,False,0,21,A01,A01|F001|4|P0036+P0918+P2537+P2942,A01|F011|12|P0174+P0284+P0293+P0535+P0707+P0823+P0923+P1529+P1571+P1718+P3108+P3175,4,12,F001,F011,0.0,101.0,10.0,,0.6777358490566038,0.4807360643988245,0.9471698113207547,0.7256603773584906,0.6722641509433962,0.6777358490566038,0.8421052631578947,0.75,1.0,0.7960526315789473,0.7368942403177756,budget_not_selected,0,0,0,0,0,,False,,
2,static_selected_distance_context,78,False,9,15,A01,A01|F005|11|P0177+P0622+P0879+P0978+P1006+P1078+P1307+P1710+P1910+P3403+P3882,A01|F008|3|P1310+P1334+P3410,11,3,F005,F008,0.0,88.0,39.0,,0.7271698113207548,0.32148366584147414,0.5256603773584906,0.459622641509434,0.27433962264150946,0.7271698113207548,0.7368421052631579,0.75,1.0,0.743421052631579,0.7352954319761669,budget_not_selected,0,0,0,0,0,,False,,
2,static_selected_distance_context,79,False,29,61,A01,A01|F015|7|P0269+P0476+P0484+P0570+P0637+P1402+P3945,A01|F029|12|P0159+P0299+P0306+P0449+P0962+P0987+P1077+P1226+P1276+P1738+P1878+P1919,7,12,F015,F029,0.0,128.0,13.333333333333334,,0.5932075471698113,0.16018035160321933,0.9116981132075471,0.659622641509434,0.4420754716981132,0.5932075471698113,1.0,0.75,1.0,0.875,0.7341037735849056,budget_not_selected,0,0,0,0,0,,False,,
2,static_selected_distance_context,80,False,15,40,A01,A01|F008|3|P1310+P1334+P3410,A01|F020|16|P0249+P0350+P0421+P0436+P0440+P0458+P0492+P0612+P1119+P1120+P1315+P1329+P1333+P1343+P1358+P1365,3,16,F008,F020,0.0,130.0,64.33333333333333,,0.5864150943396227,0.242949657316875,0.2924528301886793,0.12943396226415094,0.6722641509433962,0.5864150943396227,1.0,0.75,1.0,0.875,0.7307075471698113,budget_not_selected,0,0,0,0,0,,False,,
2,static_selected_distance_context,81,False,15,41,A01,A01|F008|3|P1310+P1334+P3410,A01|F020|16|P1453+P1671+P1699+P1713+P1790+P1794+P1857+P2034+P2057+P2216+P2287+P2469+P2543+P2657+P2722+P2831,3,16,F008,F020,0.0,130.0,64.33333333333333,,0.5864150943396227,0.242949657316875,0.2924528301886793,0.12943396226415094,0.6722641509433962,0.5864150943396227,1.0,0.75,1.0,0.875,0.7307075471698113,budget_not_selected,0,0,0,0,0,,False,,
2,static_selected_distance_context,82,False,15,29,A01,A01|F008|3|P1310+P1334+P3410,A01|F015|7|P0269+P0476+P0484+P0570+P0637+P1402+P3945,3,7,F008,F015,0.0,64.0,35.0,,0.8181132075471698,0.3922384769813739,0.5739622641509434,0.459622641509434,0.13999999999999996,0.8181132075471698,0.5263157894736842,0.75,1.0,0.638157894736842,0.7281355511420059,budget_not_selected,0,0,0,0,0,,False,,
2,static_selected_distance_context,83,False,0,29,A01,A01|F001|4|P0036+P0918+P2537+P2942,A01|F015|7|P0269+P0476+P0484+P0570+P0637+P1402+P3945,4,7,F001,F015,0.0,73.0,18.333333333333332,,0.7845283018867925,0.7058224433035845,0.8283018867924529,0.7766037735849056,0.23188679245283017,0.7845283018867925,0.5789473684210527,0.75,1.0,0.6644736842105263,0.7245009930486594,budget_not_selected,0,0,0,0,0,,False,,
2,static_selected_distance_context,84,False,90,96,A03,A03|F043|16|P1316+P1327+P1450+P1615+P1855+P1948+P2206+P2442+P2477+P2648+P2766+P3094+P3459+P3510+P3774+P3793,A03|F046|1|P2863,16,1,F043,F046,0.0,117.0,83.0,,0.6245283018867924,0.48345010405272415,0.21132075471698109,0.2516981132075472,0.789622641509434,0.6245283018867924,0.8947368421052632,0.75,1.0,0.8223684210526316,0.723448361469712,budget_not_selected,0,0,0,0,0,,False,,
2,static_selected_distance_context,85,False,15,46,A01,A01|F008|3|P1310+P1334+P3410,A01|F022|16|P0002+P0055+P0058+P0126+P0214+P0268+P0460+P0750+P0782+P0800+P0909+P0992+P1141+P1151+P1188+P1463,3,16,F008,F022,0.0,134.0,42.0,,0.570566037735849,0.242949657316875,0.4883018867924528,0.2516981132075472,0.6722641509433962,0.570566037735849,1.0,0.75,1.0,0.875,0.7227830188679245,budget_not_selected,0,0,0,0,0,,False,,
2,static_selected_distance_context,86,False,15,47,A01,A01|F008|3|P1310+P1334+P3410,A01|F022|16|P1476+P1481+P1544+P1577+P1627+P1900+P1984+P2051+P2258+P2317+P2333+P2382+P2393+P2425+P2462+P2578,3,16,F008,F022,0.0,134.0,42.0,,0.570566037735849,0.242949657316875,0.4883018867924528,0.2516981132075472,0.6722641509433962,0.570566037735849,1.0,0.75,1.0,0.875,0.7227830188679245,budget_not_selected,0,0,0,0,0,,False,,
2,static_selected_distance_context,87,False,92,96,A03,A03|F044|18|P0822+P1103+P1382+P1760+P1960+P2036+P2364+P2667+P2783+P2835+P3008+P3155+P3209+P3325+P3591+P3656+P3762+P3897,A03|F046|1|P2863,18,1,F044,F046,0.0,137.0,98.66666666666667,,0.5618867924528301,0.48345010405272415,0.1584905660377358,0.3886792452830189,0.789622641509434,0.5618867924528301,1.0,0.75,1.0,0.875,0.7184433962264151,budget_not_selected,0,0,0,0,0,,False,,
2,static_selected_distance_context,88,False,13,29,A01,A01|F007|9|P0057+P0480+P0652+P0685+P0786+P0812+P1703+P1838+P2738,A01|F015|7|P0269+P0476+P0484+P0570+P0637+P1402+P3945,9,7,F007,F015,0.0,113.0,49.333333333333336,,0.6407547169811321,0.32148366584147414,0.40113207547169816,0.5279245283018867,0.4420754716981132,0.6407547169811321,0.8421052631578947,0.75,1.0,0.7960526315789473,0.7184036742800397,budget_not_selected,0,0,0,0,0,,False,,
2,static_selected_distance_context,89,False,0,17,A01,A01|F001|4|P0036+P0918+P2537+P2942,A01|F009|11|P0086+P0252+P0860+P1085+P1610+P1743+P1763+P1949+P2163+P3118+P3137,4,11,F001,F009,0.0,107.0,39.666666666666664,,0.6603773584905661,0.4807360643988245,0.5181132075471698,0.2516981132075472,0.5615094339622642,0.6603773584905661,0.7894736842105263,0.75,1.0,0.7697368421052632,0.7150571002979147,budget_not_selected,0,0,0,0,0,,False,,
2,static_selected_distance_context,90,False,54,64,A02,A02|F025|7|P1886+P2791+P3216+P3506+P3560+P3584+P3815,A02|F030|10|P0448+P2098+P2453+P3096+P3117+P3531+P3615+P3686+P3799+P3847,7,10,F025,F030,0.0,128.0,22.333333333333332,,0.5932075471698113,0.0,0.7709433962264151,0.659622641509434,0.7460377358490566,0.5932075471698113,0.8947368421052632,0.75,1.0,0.8223684210526316,0.7077879841112215,budget_not_selected,0,0,0,0,0,,False,,
2,static_selected_distance_context,91,False,3,15,A01,A01|F002|7|P1754+P1771+P2409+P2625+P2819+P3592+P3961,A01|F008|3|P1310+P1334+P3410,7,3,F002,F008,0.0,75.0,2.3333333333333335,,0.7762264150943397,0.8586958855927248,0.999245283018868,0.9592452830188679,0.7460377358490566,0.7762264150943397,0.5263157894736842,0.75,1.0,0.638157894736842,0.7071921549155908,budget_not_selected,0,0,0,0,0,,False,,
2,static_selected_distance_context,92,False,89,96,A03,A03|F043|14|P0095+P0132+P0520+P0588+P0601+P0778+P0848+P0965+P1050+P1171+P1294+P2636+P3023+P3270,A03|F046|1|P2863,14,1,F043,F046,0.0,117.0,83.0,,0.6245283018867924,0.48345010405272415,0.21132075471698109,0.2516981132075472,0.789622641509434,0.6245283018867924,0.7894736842105263,0.75,1.0,0.7697368421052632,0.6971325719960277,budget_not_selected,0,0,0,0,0,,False,,
2,static_selected_distance_context,93,False,15,33,A01,A01|F008|3|P1310+P1334+P3410,A01|F017|11|P0137+P0418+P0598+P1079+P1380+P1493+P1521+P1745+P2207+P2309+P2999,3,11,F008,F017,0.0,112.0,78.0,,0.6449056603773584,0.32148366584147414,0.22867924528301886,0.12943396226415094,0.27433962264150946,0.6449056603773584,0.7368421052631579,0.75,1.0,0.743421052631579,0.6941633565044687,budget_not_selected,0,0,0,0,0,,False,,
2,static_selected_distance_context,94,False,91,96,A03,A03|F044|16|P0074+P0259+P0386+P0396+P0442+P0558+P0566+P0582+P0704+P0728+P0768+P0838+P2843+P3238+P3260+P3334,A03|F046|1|P2863,16,1,F044,F046,0.0,137.0,98.66666666666667,,0.5618867924528301,0.48345010405272415,0.1584905660377358,0.3886792452830189,0.789622641509434,0.5618867924528301,0.8947368421052632,0.75,1.0,0.8223684210526316,0.6921276067527309,budget_not_selected,0,0,0,0,0,,False,,
2,static_selected_distance_context,95,False,3,9,A01,A01|F002|7|P1754+P1771+P2409+P2625+P2819+P3592+P3961,A01|F005|11|P0177+P0622+P0879+P0978+P1006+P1078+P1307+P1710+P1910+P3403+P3882,7,11,F002,F005,0.0,151.0,38.666666666666664,,0.5150943396226415,0.32148366584147414,0.5313207547169811,0.42188679245283023,0.6722641509433962,0.5150943396226415,0.9473684210526315,0.75,1.0,0.8486842105263157,0.6818892750744786,budget_not_selected,0,0,0,0,0,,False,,
2,static_selected_distance_context,96,False,3,29,A01,A01|F002|7|P1754+P1771+P2409+P2625+P2819+P3592+P3961,A01|F015|7|P0269+P0476+P0484+P0570+P0637+P1402+P3945,7,7,F002,F015,0.0,127.0,34.666666666666664,,0.5966037735849057,0.32148366584147414,0.5800000000000001,0.42188679245283023,0.6722641509433962,0.5966037735849057,0.7368421052631579,0.75,1.0,0.743421052631579,0.6700124131082423,budget_not_selected,0,0,0,0,0,,False,,
2,static_selected_distance_context,97,False,3,33,A01,A01|F002|7|P1754+P1771+P2409+P2625+P2819+P3592+P3961,A01|F017|11|P0137+P0418+P0598+P1079+P1380+P1493+P1521+P1745+P2207+P2309+P2999,7,11,F002,F017,0.0,161.0,77.66666666666667,,0.48716981132075476,0.32148366584147414,0.23094339622641513,0.10528301886792457,0.6722641509433962,0.48716981132075476,0.9473684210526315,0.75,1.0,0.8486842105263157,0.6679270109235352,budget_not_selected,0,0,0,0,0,,False,,
2,static_selected_distance_context,98,False,13,31,A01,A01|F007|9|P0057+P0480+P0652+P0685+P0786+P0812+P1703+P1838+P2738,A01|F016|9|P0275+P0423+P0482+P0613+P0647+P0950+P1114+P2472+P2898,9,9,F007,F016,0.0,161.0,66.0,,0.48716981132075476,0.242949657316875,0.28490566037735854,0.16150943396226414,0.2888679245283019,0.48716981132075476,0.9473684210526315,0.75,1.0,0.8486842105263157,0.6679270109235352,budget_not_selected,0,0,0,0,0,,False,,
2,static_selected_distance_context,99,False,15,31,A01,A01|F008|3|P1310+P1334+P3410,A01|F016|9|P0275+P0423+P0482+P0613+P0647+P0950+P1114+P2472+P2898,3,9,F008,F016,0.0,112.0,51.666666666666664,,0.6449056603773584,0.242949657316875,0.37584905660377355,0.12943396226415094,0.789622641509434,0.6449056603773584,0.631578947368421,0.75,1.0,0.6907894736842105,0.6678475670307844,budget_not_selected,0,0,0,0,0,,False,,
2,static_selected_distance_context,100,False,0,19,A01,A01|F001|4|P0036+P0918+P2537+P2942,A01|F010|12|P0028+P0077+P0375+P0395+P0583+P0631+P0642+P0835+P1907+P2840+P3644+P3775,4,12,F001,F010,0.0,147.0,15.0,,0.5275471698113208,0.242949657316875,0.8833962264150943,0.7766037735849056,0.4420754716981132,0.5275471698113208,0.8421052631578947,0.75,1.0,0.7960526315789473,0.6617999006951341,budget_not_selected,0,0,0,0,0,,False,,
2,static_selected_distance_context,101,False,15,37,A01,A01|F008|3|P1310+P1334+P3410,A01|F019|13|P0045+P0134+P0344+P0493+P0572+P0946+P1099+P1101+P1160+P1164+P1284+P1345+P1500,3,13,F008,F019,0.0,147.0,34.0,,0.5275471698113208,0.242949657316875,0.5920754716981131,0.7256603773584906,0.5615094339622642,0.5275471698113208,0.8421052631578947,0.75,1.0,0.7960526315789473,0.6617999006951341,budget_not_selected,0,0,0,0,0,,False,,
2,static_selected_distance_context,102,False,85,96,A03,A03|F040|16|P1908+P2094+P2386+P2555+P2727+P2746+P2775+P2846+P2881+P2935+P3222+P3287+P3322+P3477+P3547+P3721,A03|F046|1|P2863,16,1,F040,F046,0.0,165.0,124.66666666666667,,0.4747169811320755,0.24050044673584917,0.10528301886792457,0.20226415094339623,0.789622641509434,0.4747169811320755,0.8947368421052632,0.75,1.0,0.8223684210526316,0.6485427010923536,budget_not_selected,0,0,0,0,0,,False,,
2,static_selected_distance_context,103,False,49,64,A02,A02|F023|9|P0068+P0111+P0298+P0611+P0693+P1031+P1482+P2314+P2790,A02|F030|10|P0448+P2098+P2453+P3096+P3117+P3531+P3615+P3686+P3799+P3847,9,10,F023,F030,0.0,192.0,85.33333333333333,,0.3969811320754717,0.0,0.20075471698113212,0.07509433962264156,0.789622641509434,0.3969811320754717,1.0,0.75,1.0,0.875,0.6359905660377358,budget_not_selected,0,0,0,0,0,,False,,
2,static_selected_distance_context,104,False,64,74,A02,A02|F030|10|P0448+P2098+P2453+P3096+P3117+P3531+P3615+P3686+P3799+P3847,A02|F035|5|P0115+P3360+P3552+P3652+P3844,10,5,F030,F035,0.0,161.0,79.33333333333333,,0.48716981132075476,0.0,0.22264150943396221,0.07509433962264156,0.789622641509434,0.48716981132075476,0.7894736842105263,0.75,1.0,0.7697368421052632,0.628453326713009,budget_not_selected,0,0,0,0,0,,False,,
2,static_selected_distance_context,105,False,3,31,A01,A01|F002|7|P1754+P1771+P2409+P2625+P2819+P3592+P3961,A01|F016|9|P0275+P0423+P0482+P0613+P0647+P0950+P1114+P2472+P2898,7,9,F002,F016,0.0,172.0,51.333333333333336,,0.45547169811320753,0.242949657316875,0.3815094339622641,0.10528301886792457,0.789622641509434,0.45547169811320753,0.8421052631578947,0.75,1.0,0.7960526315789473,0.6257621648460774,budget_not_selected,0,0,0,0,0,,False,,
2,static_selected_distance_context,106,False,77,84,A03,A03|F036|8|P0401+P0709+P1087+P1650+P1817+P3698+P3755+P3770,A03|F040|11|P0140+P0367+P0868+P0880+P1004+P1567+P1598+P1705+P1715+P1750+P2374,8,11,F036,F040,0.0,205.0,135.66666666666666,,0.3652830188679246,0.16196643821125,0.0860377358490566,0.16150943396226414,0.5615094339622642,0.3652830188679246,1.0,0.75,1.0,0.875,0.6201415094339623,budget_not_selected,0,0,0,0,0,,False,,
2,static_selected_distance_context,107,False,0,7,A01,A01|F001|4|P0036+P0918+P2537+P2942,A01|F004|11|P0146+P0632+P0908+P1052+P1216+P1264+P1553+P2173+P2793+P3113+P3938,4,11,F001,F004,0.0,168.0,12.333333333333334,,0.46566037735849053,0.242949657316875,0.9286792452830188,0.7766037735849056,0.5615094339622642,0.46566037735849053,0.7894736842105263,0.75,1.0,0.7697368421052632,0.6176986097318768,budget_not_selected,0,0,0,0,0,,False,,
2,static_selected_distance_context,108,False,77,86,A03,A03|F036|8|P0401+P0709+P1087+P1650+P1817+P3698+P3755+P3770,A03|F041|5|P0227+P0326+P0368+P1137+P2262,8,5,F036,F041,0.0,150.0,71.0,,0.5173584905660378,0.3239328764225,0.2513207547169811,0.20226415094339623,0.7460377358490566,0.5173584905660378,0.6842105263157895,0.75,1.0,0.7171052631578947,0.6172318768619662,budget_not_selected,0,0,0,0,0,,False,,
2,static_selected_distance_context,109,False,0,25,A01,A01|F001|4|P0036+P0918+P2537+P2942,A01|F013|15|P0229+P0417+P0419+P0453+P0648+P0672+P0785+P0870+P0912+P1139+P1153+P2464+P3092+P3150+P3176,4,15,F001,F013,0.0,210.0,77.0,,0.3501886792452831,0.242949657316875,0.23245283018867924,0.459622641509434,0.4420754716981132,0.3501886792452831,1.0,0.75,1.0,0.875,0.6125943396226415,budget_not_selected,0,0,0,0,0,,False,,
2,static_selected_distance_context,110,False,88,96,A03,A03|F042|16|P1174+P1268+P1435+P1683+P2031+P2751+P2779+P2786+P2889+P2965+P3028+P3309+P3346+P3428+P3959+P3970,A03|F046|1|P2863,16,1,F042,F046,0.0,191.0,152.0,,0.4007547169811321,0.24050044673584917,0.05962264150943397,0.16150943396226414,0.4941509433962264,0.4007547169811321,0.8947368421052632,0.75,1.0,0.8223684210526316,0.6115615690168819,budget_not_selected,0,0,0,0,0,,False,,
2,static_selected_distance_context,111,False,79,96,A03,A03|F037|16|P2045+P2058+P2261+P2275+P2291+P2448+P2450+P2531+P3084+P3156+P3530+P3637+P3717+P3846+P3851+P3989,A03|F046|1|P2863,16,1,F037,F046,0.0,192.0,144.33333333333334,,0.3969811320754717,0.24050044673584917,0.07207547169811324,0.10528301886792457,0.7460377358490566,0.3969811320754717,0.8947368421052632,0.75,1.0,0.8223684210526316,0.6096747765640517,budget_not_selected,0,0,0,0,0,,False,,
2,static_selected_distance_context,112,False,15,73,A01,A01|F008|3|P1310+P1334+P3410,A01|F035|16|P0428+P0565+P0665+P0677+P0755+P1049+P1124+P1256+P1366+P1575+P1701+P1714+P2079+P2116+P2239+P2413,3,16,F008,F035,0.0,227.0,22.0,,0.31169811320754715,0.0,0.7754716981132075,0.8350943396226416,0.789622641509434,0.31169811320754715,1.0,0.75,1.0,0.875,0.5933490566037736,budget_not_selected,0,0,0,0,0,,False,,
2,static_selected_distance_context,113,False,86,96,A03,A03|F041|5|P0227+P0326+P0368+P1137+P2262,A03|F046|1|P2863,5,1,F041,F046,0.0,110.0,60.0,,0.6520754716981132,0.5644333231583492,0.31849056603773584,0.2516981132075472,0.4852830188679245,0.6520754716981132,0.3157894736842105,0.75,1.0,0.5328947368421053,0.5924851042701093,budget_not_selected,0,0,0,0,0,,False,,
2,static_selected_distance_context,114,False,15,61,A01,A01|F008|3|P1310+P1334+P3410,A01|F029|12|P0159+P0299+P0306+P0449+P0962+P0987+P1077+P1226+P1276+P1738+P1878+P1919,3,12,F008,F029,0.0,191.0,34.333333333333336,,0.4007547169811321,0.080983219105625,0.5860377358490566,0.459622641509434,0.14660377358490562,0.4007547169811321,0.7894736842105263,0.75,1.0,0.7697368421052632,0.5852457795431976,budget_not_selected,0,0,0,0,0,,False,,
2,static_selected_distance_context,115,False,84,96,A03,A03|F040|11|P0140+P0367+P0868+P0880+P1004+P1567+P1598+P1705+P1715+P1750+P2374,A03|F046|1|P2863,11,1,F040,F046,0.0,165.0,124.66666666666667,,0.4747169811320755,0.24050044673584917,0.10528301886792457,0.20226415094339623,0.789622641509434,0.4747169811320755,0.631578947368421,0.75,1.0,0.6907894736842105,0.5827532274081431,budget_not_selected,0,0,0,0,0,,False,,
2,static_selected_distance_context,116,False,96,106,A03,A03|F046|1|P2863,A03|F042+F050|18|P0166+P0294+P0455+P0540+P0617+P0638+P0643+P0865+P1203+P1767+P2093+P2330+P2521+P2730+P2972+P2984+P3627+P3730,1,18,F046,F042|F050,0.0,191.0,170.16666666666669,,0.4007547169811321,0.24050044673584917,0.05962264150943397,0.16150943396226414,0.4941509433962264,0.4007547169811321,1.0,0.5,1.0,0.75,0.575377358490566,budget_not_selected,0,0,0,0,0,,False,,
2,static_selected_distance_context,117,False,0,15,A01,A01|F001|4|P0036+P0918+P2537+P2942,A01|F008|3|P1310+P1334+P3410,4,3,F001,F008,0.0,131.0,16.666666666666668,,0.580754716981132,0.242949657316875,0.8573584905660377,0.8350943396226416,0.6722641509433962,0.580754716981132,0.3684210526315789,0.75,1.0,0.5592105263157895,0.5699826216484607,budget_not_selected,0,0,0,0,0,,False,,
2,static_selected_distance_context,118,False,0,13,A01,A01|F001|4|P0036+P0918+P2537+P2942,A01|F007|9|P0057+P0480+P0652+P0685+P0786+P0812+P1703+P1838+P2738,4,9,F001,F007,0.0,184.0,31.0,,0.4207547169811321,0.242949657316875,0.6377358490566039,0.7766037735849056,0.4420754716981132,0.4207547169811321,0.6842105263157895,0.75,1.0,0.7171052631578947,0.5689299900695134,budget_not_selected,0,0,0,0,0,,False,,
2,static_selected_distance_context,119,False,3,61,A01,A01|F002|7|P1754+P1771+P2409+P2625+P2819+P3592+P3961,A01|F029|12|P0159+P0299+P0306+P0449+P0962+P0987+P1077+P1226+P1276+P1738+P1878+P1919,7,12,F002,F029,0.0,253.0,34.0,,0.2554716981132076,0.080983219105625,0.5920754716981131,0.42188679245283023,0.5615094339622642,0.2554716981132076,1.0,0.75,1.0,0.875,0.5652358490566038,budget_not_selected,0,0,0,0,0,,False,,
2,static_selected_distance_context,120,False,78,96,A03,A03|F037|12|P0199+P0260+P0330+P0911+P0980+P1009+P1042+P1221+P1477+P1484+P2048+P2956,A03|F046|1|P2863,12,1,F037,F046,0.0,192.0,144.33333333333334,,0.3969811320754717,0.24050044673584917,0.07207547169811324,0.10528301886792457,0.7460377358490566,0.3969811320754717,0.6842105263157895,0.75,1.0,0.7171052631578947,0.5570431976166832,budget_not_selected,0,0,0,0,0,,False,,
2,static_selected_distance_context,121,False,0,3,A01,A01|F001|4|P0036+P0918+P2537+P2942,A01|F002|7|P1754+P1771+P2409+P2625+P2819+P3592+P3961,4,7,F001,F002,0.0,200.0,17.666666666666668,,0.3766037735849057,0.242949657316875,0.8377358490566038,0.7766037735849056,0.6722641509433962,0.3766037735849057,0.5789473684210527,0.75,1.0,0.6644736842105263,0.520538728897716,budget_not_selected,0,0,0,0,0,,False,,
3,static_selected_distance_context,1,True,54,62,A02,A02|F025|7|P1886+P2791+P3216+P3506+P3560+P3584+P3815,A02|F029|12|P0226+P1827+P1956+P2101+P2590+P2617+P2683+P2796+P2810+P3402+P3626+P3741,7,12,F025,F029,0.0,24.0,12.666666666666666,,0.9739622641509434,0.8398196483967807,0.9226415094339623,0.9864150943396226,0.5615094339622642,0.9739622641509434,1.0,0.75,1.0,0.875,0.9244811320754718,improving_not_selected,2,0,2,0,0,117,False,4.133889599994291,
3,static_selected_distance_context,2,True,27,29,A01,A01|F014|12|P0061+P0303+P0849+P1095+P1163+P1235+P1805+P1853+P1902+P2120+P2969+P3614,A01|F015|7|P0269+P0476+P0484+P0570+P0637+P1402+P3945,12,7,F014,F015,0.0,27.0,26.666666666666668,,0.9633962264150944,1.0,0.7090566037735849,0.659622641509434,0.4420754716981132,0.9633962264150944,1.0,0.75,1.0,0.875,0.9191981132075472,improving_not_selected,2,0,2,0,0,74,False,4.133264500000223,
3,static_selected_distance_context,3,True,21,29,A01,A01|F011|12|P0174+P0284+P0293+P0535+P0707+P0823+P0923+P1529+P1571+P1718+P3108+P3175,A01|F015|7|P0269+P0476+P0484+P0570+P0637+P1402+P3945,12,7,F011,F015,0.0,31.0,13.0,,0.9535849056603773,0.7043643178278647,0.9166037735849056,0.6988679245283018,0.6722641509433962,0.9535849056603773,1.0,0.75,1.0,0.875,0.9142924528301887,improving_not_selected,2,0,2,0,0,79,False,4.132709199999226,
3,static_selected_distance_context,4,True,29,59,A01,A01|F015|7|P0269+P0476+P0484+P0570+P0637+P1402+P3945,A01|F028|12|P0241+P0272+P0289+P0320+P0490+P0559+P0600+P0634+P0700+P0953+P1113+P1179,7,12,F015,F028,0.0,32.0,27.666666666666668,,0.949811320754717,0.7043643178278647,0.6890566037735849,0.5279245283018867,0.4420754716981132,0.949811320754717,1.0,0.75,1.0,0.875,0.9124056603773585,improving_not_selected,2,0,2,0,0,92,False,4.133514199995261,
3,static_selected_distance_context,5,True,9,29,A01,A01|F005|11|P0177+P0622+P0879+P0978+P1006+P1078+P1307+P1710+P1910+P3403+P3882,A01|F015|7|P0269+P0476+P0484+P0570+P0637+P1402+P3945,11,7,F005,F015,0.0,25.0,4.0,,0.9694339622641509,0.7843564518281836,0.9909433962264151,0.9864150943396226,0.5615094339622642,0.9694339622641509,0.9473684210526315,0.75,1.0,0.8486842105263157,0.9090590863952333,improving_not_selected,2,0,2,0,0,81,False,4.131883599999128,
3,static_selected_distance_context,6,True,67,74,A02,A02|F032|14|P0099+P0379+P0390+P0422+P0546+P0616+P0618+P0738+P1254+P1300+P1681+P2097+P2351+P3385,A02|F035|5|P0115+P3360+P3552+P3652+P3844,14,5,F032,F035,0.0,35.0,17.333333333333332,,0.9369811320754717,1.0,0.8456603773584905,0.9864150943396226,0.7460377358490566,0.9369811320754717,1.0,0.75,1.0,0.875,0.9059905660377359,improving_not_selected,2,0,2,0,0,138,False,4.134255299999495,
3,static_selected_distance_context,7,True,3,7,A01,A01|F002|7|P1754+P1771+P2409+P2625+P2819+P3592+P3961,A01|F004|11|P0146+P0632+P0908+P1052+P1216+P1264+P1553+P2173+P2793+P3113+P3938,7,11,F002,F004,0.0,33.0,21.333333333333332,,0.9460377358490566,1.0,0.7860377358490566,0.5279245283018867,0.6722641509433962,0.9460377358490566,0.9473684210526315,0.75,1.0,0.8486842105263157,0.8973609731876862,improving_not_selected,2,0,2,0,0,103,False,4.131329999996524,
3,static_selected_distance_context,8,True,52,54,A02,A02|F024|12|P0213+P0307+P0433+P0499+P0729+P1905+P2195+P2535+P2572+P3190+P3603+P3872,A02|F025|7|P1886+P2791+P3216+P3506+P3560+P3584+P3815,12,7,F024,F025,0.0,39.0,15.666666666666666,,0.919245283018868,0.8398196483967807,0.8758490566037735,0.6003773584905661,0.7460377358490566,0.919245283018868,1.0,0.75,1.0,0.875,0.897122641509434,improving_not_selected,2,0,2,0,0,98,False,4.133766999999352,
3,static_selected_distance_context,9,True,0,37,A01,A01|F001|4|P0036+P0918+P2537+P2942,A01|F019|13|P0045+P0134+P0344+P0493+P0572+P0946+P1099+P1101+P1160+P1164+P1284+P1345+P1500,4,13,F001,F019,0.0,25.0,17.333333333333332,,0.9694339622641509,0.8643391615585597,0.8456603773584905,0.9328301886792453,0.4420754716981132,0.9694339622641509,0.8947368421052632,0.75,1.0,0.8223684210526316,0.8959011916583912,improving_not_selected,2,0,2,0,0,127,False,4.131212199994479,
3,static_selected_distance_context,10,True,11,15,A01,A01|F006|16|P0042+P0044+P0089+P0113+P0151+P0158+P0186+P0240+P0244+P0267+P0393+P0718+P0863+P1394+P1611+P3271,A01|F008|3|P1310+P1334+P3410,16,3,F006,F008,0.0,41.0,16.333333333333332,,0.9109433962264151,0.8586958855927248,0.8626415094339622,0.7256603773584906,0.6722641509433962,0.9109433962264151,1.0,0.75,1.0,0.875,0.8929716981132075,improving_not_selected,2,0,2,0,0,112,False,4.132001999998465,
3,static_selected_distance_context,11,True,0,23,A01,A01|F001|4|P0036+P0918+P2537+P2942,A01|F012|15|P0004+P0049+P0093+P0228+P0239+P0247+P0266+P0510+P0525+P0561+P0584+P0619+P2131+P2753+P3211,4,15,F001,F012,0.0,42.0,5.333333333333333,,0.9064150943396226,0.8509166882080255,0.9815094339622642,0.9328301886792453,0.5615094339622642,0.9064150943396226,1.0,0.75,1.0,0.875,0.8907075471698114,improving_not_selected,2,0,2,0,0,122,False,4.131030999997165,
3,static_selected_distance_context,12,True,17,29,A01,A01|F009|11|P0086+P0252+P0860+P1085+P1610+P1743+P1763+P1949+P2163+P3118+P3137,A01|F015|7|P0269+P0476+P0484+P0570+P0637+P1402+P3945,11,7,F009,F015,0.0,38.0,21.333333333333332,,0.9233962264150943,0.7749136210952401,0.7860377358490566,0.6003773584905661,0.5615094339622642,0.9233962264150943,0.9473684210526315,0.75,1.0,0.8486842105263157,0.886040218470705,improving_not_selected,2,0,2,0,0,72,False,4.132593800000905,
3,static_selected_distance_context,13,True,94,99,A03,A03|F046|1|P2863,A03|F049|14|P1520+P2198+P2832+P2893+P2922+P3149+P3191+P3205+P3276+P3416+P3452+P3703+P3771+P3868,1,14,F046,F049,0.0,17.0,11.333333333333334,,0.9916981132075472,1.0,0.9350943396226415,0.659622641509434,0.5169811320754717,0.9916981132075472,0.7894736842105263,0.75,1.0,0.7697368421052632,0.8807174776564052,accepted,4,0,4,0,0,146,True,4.134686299999885,4.134715199994389
3,static_selected_distance_context,14,True,45,74,A02,A02|F021|13|P0008+P0124+P1195+P3158+P3305+P3313+P3406+P3544+P3734+P3749+P3809+P3877+P3895,A02|F035|5|P0115+P3360+P3552+P3652+P3844,13,5,F021,F035,0.0,41.0,40.333333333333336,,0.9109433962264151,0.7937898582911843,0.5094339622641509,0.35056603773584905,0.6722641509433962,0.9109433962264151,0.9473684210526315,0.75,1.0,0.8486842105263157,0.8798138033763654,improving_not_selected,2,0,2,0,0,117,False,4.1336421000014525,
3,static_selected_distance_context,15,True,15,19,A01,A01|F008|3|P1310+P1334+P3410,A01|F010|12|P0028+P0077+P0375+P0395+P0583+P0631+P0642+P0835+P1907+P2840+P3644+P3775,3,12,F008,F010,0.0,19.0,3.6666666666666665,,0.9864150943396226,0.9292451888601003,0.9932075471698113,0.9592452830188679,0.16943396226415092,0.9864150943396226,0.7894736842105263,0.75,1.0,0.7697368421052632,0.8780759682224428,improving_not_selected,4,0,4,0,0,131,False,4.132301300000108,
3,static_selected_distance_context,16,True,65,74,A02,A02|F031|13|P0188+P0221+P0470+P0845+P1206+P1443+P1467+P1512+P1534+P1772+P1859+P2248+P3041,A02|F035|5|P0115+P3360+P3552+P3652+P3844,13,5,F031,F035,0.0,42.0,19.333333333333332,,0.9064150943396226,1.0,0.8166037735849057,0.659622641509434,0.789622641509434,0.9064150943396226,0.9473684210526315,0.75,1.0,0.8486842105263157,0.8775496524329691,improving_not_selected,2,0,2,0,0,126,False,4.134127599994827,
3,static_selected_distance_context,17,True,3,13,A01,A01|F002|7|P1754+P1771+P2409+P2625+P2819+P3592+P3961,A01|F007|9|P0057+P0480+P0652+P0685+P0786+P0812+P1703+P1838+P2738,7,9,F002,F007,0.0,30.0,14.666666666666666,,0.9566037735849057,1.0,0.8883018867924528,0.9328301886792453,0.5615094339622642,0.9566037735849057,0.8421052631578947,0.75,1.0,0.7960526315789473,0.8763282025819266,improving_not_selected,4,0,4,0,0,122,False,4.131523099997139,
3,static_selected_distance_context,18,True,8,15,A01,A01|F004|16|P2183+P2362+P2487+P2551+P2669+P2716+P3039+P3053+P3119+P3159+P3243+P3375+P3585+P3598+P3761+P3906,A01|F008|3|P1310+P1334+P3410,16,3,F004,F008,0.0,52.0,21.666666666666668,,0.8656603773584906,0.8586958855927248,0.780377358490566,0.6003773584905661,0.27433962264150946,0.8656603773584906,1.0,0.75,1.0,0.875,0.8703301886792453,improving_not_selected,2,0,2,0,0,98,False,4.131768299994292,
3,static_selected_distance_context,19,True,3,19,A01,A01|F002|7|P1754+P1771+P2409+P2625+P2819+P3592+P3961,A01|F010|12|P0028+P0077+P0375+P0395+P0583+P0631+P0642+P0835+P1907+P2840+P3644+P3775,7,12,F002,F010,0.0,56.0,3.3333333333333335,,0.8483018867924528,0.9294506967326246,0.9947169811320755,0.9328301886792453,0.5615094339622642,0.8483018867924528,1.0,0.75,1.0,0.875,0.8616509433962264,improving_not_selected,2,0,2,0,0,93,False,4.131646499998169,
3,static_selected_distance_context,20,True,15,21,A01,A01|F008|3|P1310+P1334+P3410,A01|F011|12|P0174+P0284+P0293+P0535+P0707+P0823+P0923+P1529+P1571+P1718+P3108+P3175,3,12,F008,F011,0.0,33.0,22.0,,0.9460377358490566,0.6878741591535094,0.7754716981132075,0.42188679245283023,0.7460377358490566,0.9460377358490566,0.7894736842105263,0.75,1.0,0.7697368421052632,0.8578872889771598,improving_not_selected,4,0,4,0,0,113,False,4.132479599997168,
3,static_selected_distance_context,21,True,29,33,A01,A01|F015|7|P0269+P0476+P0484+P0570+P0637+P1402+P3945,A01|F017|11|P0137+P0418+P0598+P1079+P1380+P1493+P1521+P1745+P2207+P2309+P2999,7,11,F015,F017,0.0,53.0,43.0,,0.860754716981132,0.854905755095559,0.4732075471698113,0.659622641509434,0.5615094339622642,0.860754716981132,0.9473684210526315,0.75,1.0,0.8486842105263157,0.8547194637537239,improving_not_selected,2,0,2,0,0,63,False,4.133390399998461,
3,static_selected_distance_context,22,True,15,18,A01,A01|F008|3|P1310+P1334+P3410,A01|F009|16|P2295+P2415+P2720+P2794+P2805+P2859+P2982+P2991+P3006+P3280+P3464+P3478+P3613+P3725+P3807+P3880,3,16,F008,F009,0.0,59.0,56.333333333333336,,0.8320754716981132,0.6173248558861338,0.3426415094339622,0.16150943396226414,0.27433962264150946,0.8320754716981132,1.0,0.75,1.0,0.875,0.8535377358490566,improving_not_selected,2,0,2,0,0,90,False,4.132120700000087,
3,static_selected_distance_context,23,True,62,74,A02,A02|F029|12|P0226+P1827+P1956+P2101+P2590+P2617+P2683+P2796+P2810+P3402+P3626+P3741,A02|F035|5|P0115+P3360+P3552+P3652+P3844,12,5,F029,F035,0.0,49.0,44.333333333333336,,0.8781132075471698,0.633609506687965,0.45358490566037735,0.3007547169811321,0.13999999999999996,0.8781132075471698,0.8947368421052632,0.75,1.0,0.8223684210526316,0.8502408142999007,improving_not_selected,2,0,2,0,0,104,False,4.134008099994389,
3,static_selected_distance_context,24,True,94,96,A03,A03|F046|1|P2863,A03|F048|16|P0255+P1217+P1261+P1569+P1604+P1761+P1870+P2022+P2105+P2156+P2369+P2395+P2743+P2914+P3267+P3471,1,16,F046,F048,0.0,50.0,27.666666666666668,,0.8735849056603774,0.7141797589233189,0.6890566037735849,0.35056603773584905,0.7460377358490566,0.8735849056603774,0.8947368421052632,0.75,1.0,0.8223684210526316,0.8479766633565045,improving_not_selected,2,0,2,0,0,115,False,4.134379099996295,
3,static_selected_distance_context,25,True,94,97,A03,A03|F046|1|P2863,A03|F048|16|P2396+P2419+P2481+P2604+P2619+P2692+P2712+P2776+P2858+P3027+P3589+P3599+P3699+P3885+P3903+P3966,1,16,F046,F048,0.0,50.0,27.666666666666668,,0.8735849056603774,0.7141797589233189,0.6890566037735849,0.35056603773584905,0.7460377358490566,0.8735849056603774,0.8947368421052632,0.75,1.0,0.8223684210526316,0.8479766633565045,improving_not_selected,2,0,2,0,0,115,False,4.134495199999947,
3,static_selected_distance_context,26,False,94,105,A03,A03|F046|1|P2863,A03|F047+F052|16|P0040+P0465+P1035+P1063+P1231+P2138+P2315+P2378+P2850+P3105+P3227+P3440+P3587+P3611+P3640+P3987,1,16,F046,F052|F047,0.0,15.0,22.166666666666668,,0.9966037735849057,1.0,0.9116981132075471,0.659622641509434,0.789622641509434,0.9966037735849057,0.8947368421052632,0.5,1.0,0.6973684210526316,0.8469860973187686,budget_not_selected,0,0,0,0,0,,False,,
3,static_selected_distance_context,27,False,15,30,A01,A01|F008|3|P1310+P1334+P3410,A01|F015|16|P0409+P0513+P0605+P0969+P0998+P1080+P1364+P1506+P1774+P1782+P2091+P3098+P3234+P3836+P3939+P3985,3,16,F008,F015,0.0,64.0,35.0,,0.8181132075471698,0.3922384769813739,0.5739622641509434,0.459622641509434,0.13999999999999996,0.8181132075471698,1.0,0.75,1.0,0.875,0.8465566037735849,budget_not_selected,0,0,0,0,0,,False,,
3,static_selected_distance_context,28,False,82,94,A03,A03|F039|15|P0097+P0714+P0855+P1236+P1407+P1474+P1488+P1559+P1725+P1936+P1969+P2159+P2166+P3048+P3576,A03|F046|1|P2863,15,1,F039,F046,0.0,45.0,5.666666666666667,,0.8935849056603774,0.8643391615585597,0.9792452830188679,0.9592452830188679,0.789622641509434,0.8935849056603774,0.8421052631578947,0.75,1.0,0.7960526315789473,0.8448187686196624,budget_not_selected,0,0,0,0,0,,False,,
3,static_selected_distance_context,29,False,39,54,A02,A02|F019|12|P0059+P0542+P0957+P1677+P2598+P2822+P3044+P3288+P3409+P3524+P3711+P3982,A02|F025|7|P1886+P2791+P3216+P3506+P3560+P3584+P3815,12,7,F019,F025,0.0,66.0,13.0,,0.8094339622641509,0.21419484696603946,0.9166037735849056,0.8784905660377358,0.5615094339622642,0.8094339622641509,1.0,0.75,1.0,0.875,0.8422169811320754,budget_not_selected,0,0,0,0,0,,False,,
3,static_selected_distance_context,30,False,15,59,A01,A01|F008|3|P1310+P1334+P3410,A01|F028|12|P0241+P0272+P0289+P0320+P0490+P0559+P0600+P0634+P0700+P0953+P1113+P1179,3,12,F008,F028,0.0,41.0,7.333333333333333,,0.9109433962264151,0.6878741591535094,0.9667924528301887,0.9592452830188679,0.5615094339622642,0.9109433962264151,0.7894736842105263,0.75,1.0,0.7697368421052632,0.8403401191658391,budget_not_selected,0,0,0,0,0,,False,,
3,static_selected_distance_context,31,False,29,31,A01,A01|F015|7|P0269+P0476+P0484+P0570+P0637+P1402+P3945,A01|F016|9|P0275+P0423+P0482+P0613+P0647+P0950+P1114+P2472+P2898,7,9,F015,F016,0.0,48.0,16.666666666666668,,0.8833962264150943,0.7058224433035845,0.8573584905660377,0.659622641509434,0.7460377358490566,0.8833962264150943,0.8421052631578947,0.75,1.0,0.7960526315789473,0.8397244289970208,budget_not_selected,0,0,0,0,0,,False,,
3,static_selected_distance_context,32,False,49,74,A02,A02|F023|9|P0068+P0111+P0298+P0611+P0693+P1031+P1482+P2314+P2790,A02|F035|5|P0115+P3360+P3552+P3652+P3844,9,5,F023,F035,0.0,38.0,6.0,,0.9233962264150943,1.0,0.9762264150943396,0.9864150943396226,0.4941509433962264,0.9233962264150943,0.7368421052631579,0.75,1.0,0.743421052631579,0.8334086395233367,budget_not_selected,0,0,0,0,0,,False,,
3,static_selected_distance_context,33,False,52,74,A02,A02|F024|12|P0213+P0307+P0433+P0499+P0729+P1905+P2195+P2535+P2572+P3190+P3603+P3872,A02|F035|5|P0115+P3360+P3552+P3652+P3844,12,5,F024,F035,0.0,57.0,41.333333333333336,,0.8418867924528302,0.633609506687965,0.49547169811320757,0.20226415094339623,0.789622641509434,0.8418867924528302,0.8947368421052632,0.75,1.0,0.8223684210526316,0.8321276067527309,budget_not_selected,0,0,0,0,0,,False,,
3,static_selected_distance_context,34,False,15,28,A01,A01|F008|3|P1310+P1334+P3410,A01|F014|16|P2127+P2447+P2512+P2561+P2767+P2844+P2908+P2953+P3160+P3475+P3554+P3634+P3651+P3808+P3973+P3994,3,16,F008,F014,0.0,76.0,61.666666666666664,,0.7713207547169811,0.3922384769813739,0.30679245283018863,0.12943396226415094,0.5615094339622642,0.7713207547169811,1.0,0.75,1.0,0.875,0.8231603773584906,budget_not_selected,0,0,0,0,0,,False,,
3,static_selected_distance_context,35,False,19,29,A01,A01|F010|12|P0028+P0077+P0375+P0395+P0583+P0631+P0642+P0835+P1907+P2840+P3644+P3775,A01|F015|7|P0269+P0476+P0484+P0570+P0637+P1402+P3945,12,7,F010,F015,0.0,77.0,31.333333333333332,,0.7686792452830189,0.32148366584147414,0.630943396226415,0.5279245283018867,0.4420754716981132,0.7686792452830189,1.0,0.75,1.0,0.875,0.8218396226415094,budget_not_selected,0,0,0,0,0,,False,,
3,static_selected_distance_context,36,False,0,9,A01,A01|F001|4|P0036+P0918+P2537+P2942,A01|F005|11|P0177+P0622+P0879+P0978+P1006+P1078+P1307+P1710+P1910+P3403+P3882,4,11,F001,F005,0.0,50.0,22.333333333333332,,0.8735849056603774,0.8509166882080255,0.7709433962264151,0.7766037735849056,0.5615094339622642,0.8735849056603774,0.7894736842105263,0.75,1.0,0.7697368421052632,0.8216608738828203,budget_not_selected,0,0,0,0,0,,False,,
3,static_selected_distance_context,37,False,54,70,A02,A02|F025|7|P1886+P2791+P3216+P3506+P3560+P3584+P3815,A02|F033|12|P0660+P0761+P1198+P1462+P2397+P2940+P3002+P3303+P3352+P3542+P3649+P3929,7,12,F025,F033,0.0,80.0,36.333333333333336,,0.7588679245283019,0.21419484696603946,0.5573584905660378,0.7766037735849056,0.5615094339622642,0.7588679245283019,1.0,0.75,1.0,0.875,0.8169339622641509,budget_not_selected,0,0,0,0,0,,False,,
3,static_selected_distance_context,38,False,15,26,A01,A01|F008|3|P1310+P1334+P3410,A01|F013|16|P1296+P1897+P1992+P2044+P2061+P2343+P2463+P2807+P3202+P3277+P3466+P3572+P3676+P3797+P3849+P3925,3,16,F008,F013,0.0,81.0,60.333333333333336,,0.7532075471698113,0.8586958855927248,0.3162264150943396,0.7766037735849056,0.16943396226415092,0.7532075471698113,1.0,0.75,1.0,0.875,0.8141037735849057,budget_not_selected,0,0,0,0,0,,False,,
3,static_selected_distance_context,39,False,0,31,A01,A01|F001|4|P0036+P0918+P2537+P2942,A01|F016|9|P0275+P0423+P0482+P0613+P0647+P0950+P1114+P2472+P2898,4,9,F001,F016,0.0,41.0,35.0,,0.9109433962264151,0.9294506967326246,0.5739622641509434,0.3007547169811321,0.7460377358490566,0.9109433962264151,0.6842105263157895,0.75,1.0,0.7171052631578947,0.8140243296921549,budget_not_selected,0,0,0,0,0,,False,,
3,static_selected_distance_context,40,False,81,94,A03,A03|F038|16|P1135+P1278+P1562+P1612+P1766+P1858+P2611+P2643+P2674+P2901+P3004+P3126+P3225+P3610+P3612+P3955,A03|F046|1|P2863,16,1,F038,F046,0.0,67.0,39.0,,0.8026415094339623,0.6436304556559435,0.5256603773584906,0.3886792452830189,0.7460377358490566,0.8026415094339623,0.8947368421052632,0.75,1.0,0.8223684210526316,0.812504965243297,budget_not_selected,0,0,0,0,0,,False,,
3,static_selected_distance_context,41,False,7,15,A01,A01|F004|11|P0146+P0632+P0908+P1052+P1216+P1264+P1553+P2173+P2793+P3113+P3938,A01|F008|3|P1310+P1334+P3410,11,3,F004,F008,0.0,52.0,21.666666666666668,,0.8656603773584906,0.8586958855927248,0.780377358490566,0.6003773584905661,0.27433962264150946,0.8656603773584906,0.7368421052631579,0.75,1.0,0.743421052631579,0.8045407149950348,budget_not_selected,0,0,0,0,0,,False,,
3,static_selected_distance_context,42,False,10,15,A01,A01|F005|16|P1933+P2027+P2062+P2096+P2165+P2202+P2334+P2540+P2661+P2725+P3074+P3363+P3624+P3706+P3814+P3917,A01|F008|3|P1310+P1334+P3410,16,3,F005,F008,0.0,88.0,39.0,,0.7271698113207548,0.32148366584147414,0.5256603773584906,0.459622641509434,0.27433962264150946,0.7271698113207548,1.0,0.75,1.0,0.875,0.8010849056603774,budget_not_selected,0,0,0,0,0,,False,,
3,static_selected_distance_context,43,False,15,25,A01,A01|F008|3|P1310+P1334+P3410,A01|F013|15|P0229+P0417+P0419+P0453+P0648+P0672+P0785+P0870+P0912+P1139+P1153+P2464+P3092+P3150+P3176,3,15,F008,F013,0.0,81.0,60.333333333333336,,0.7532075471698113,0.8586958855927248,0.3162264150943396,0.7766037735849056,0.16943396226415092,0.7532075471698113,0.9473684210526315,0.75,1.0,0.8486842105263157,0.8009458788480635,budget_not_selected,0,0,0,0,0,,False,,
3,static_selected_distance_context,44,False,0,61,A01,A01|F001|4|P0036+P0918+P2537+P2942,A01|F029|12|P0159+P0299+P0306+P0449+P0962+P0987+P1077+P1226+P1276+P1738+P1878+P1919,4,12,F001,F029,0.0,67.0,17.666666666666668,,0.8026415094339623,0.23871436012781846,0.8377358490566038,0.7766037735849056,0.4420754716981132,0.8026415094339623,0.8421052631578947,0.75,1.0,0.7960526315789473,0.7993470705064548,budget_not_selected,0,0,0,0,0,,False,,
3,static_selected_distance_context,45,False,80,94,A03,A03|F038|15|P0238+P0338+P0385+P0399+P0573+P0655+P0721+P0820+P0993+P1913+P2047+P2154+P2544+P2912+P3674,A03|F046|1|P2863,15,1,F038,F046,0.0,67.0,39.0,,0.8026415094339623,0.6436304556559435,0.5256603773584906,0.3886792452830189,0.7460377358490566,0.8026415094339623,0.8421052631578947,0.75,1.0,0.7960526315789473,0.7993470705064548,budget_not_selected,0,0,0,0,0,,False,,
3,static_selected_distance_context,46,False,94,102,A03,A03|F046|1|P2863,A03|F051|17|P1926+P1962+P2059+P2217+P2218+P2228+P2558+P2562+P2726+P2847+P2930+P2945+P3082+P3167+P3184+P3253+P3947,1,17,F046,F051,0.0,82.0,55.666666666666664,,0.7483018867924529,0.5644333231583492,0.3479245283018868,0.35056603773584905,0.5169811320754717,0.7483018867924529,0.9473684210526315,0.75,1.0,0.8486842105263157,0.7984930486593843,budget_not_selected,0,0,0,0,0,,False,,
3,static_selected_distance_context,47,False,15,63,A01,A01|F008|3|P1310+P1334+P3410,A01|F030|16|P0169+P0332+P0347+P0357+P0479+P0562+P0661+P1007+P1086+P1200+P1324+P1376+P1739+P1804+P2026+P2086,3,16,F008,F030,0.0,89.0,69.33333333333333,,0.7218867924528302,0.32148366584147414,0.26113207547169814,0.12943396226415094,0.7460377358490566,0.7218867924528302,1.0,0.75,1.0,0.875,0.798443396226415,budget_not_selected,0,0,0,0,0,,False,,
3,static_selected_distance_context,48,False,49,54,A02,A02|F023|9|P0068+P0111+P0298+P0611+P0693+P1031+P1482+P2314+P2790,A02|F025|7|P1886+P2791+P3216+P3506+P3560+P3584+P3815,9,7,F023,F025,0.0,70.0,63.0,,0.7943396226415094,0.7937898582911843,0.2988679245283019,0.3007547169811321,0.789622641509434,0.7943396226415094,0.8421052631578947,0.75,1.0,0.7960526315789473,0.7951961271102284,budget_not_selected,0,0,0,0,0,,False,,
3,static_selected_distance_context,49,False,70,74,A02,A02|F033|12|P0660+P0761+P1198+P1462+P2397+P2940+P3002+P3303+P3352+P3542+P3649+P3929,A02|F035|5|P0115+P3360+P3552+P3652+P3844,12,5,F033,F035,0.0,80.0,20.666666666666668,,0.7588679245283019,0.07853400852459914,0.7973584905660378,0.659622641509434,0.6722641509433962,0.7588679245283019,0.8947368421052632,0.75,1.0,0.8223684210526316,0.7906181727904668,budget_not_selected,0,0,0,0,0,,False,,
3,static_selected_distance_context,50,False,15,17,A01,A01|F008|3|P1310+P1334+P3410,A01|F009|11|P0086+P0252+P0860+P1085+P1610+P1743+P1763+P1949+P2163+P3118+P3137,3,11,F008,F009,0.0,59.0,56.333333333333336,,0.8320754716981132,0.6173248558861338,0.3426415094339622,0.16150943396226414,0.27433962264150946,0.8320754716981132,0.7368421052631579,0.75,1.0,0.743421052631579,0.7877482621648462,budget_not_selected,0,0,0,0,0,,False,,
3,static_selected_distance_context,51,False,94,101,A03,A03|F046|1|P2863,A03|F051|16|P0102+P0184+P0349+P0446+P0462+P0502+P0530+P0541+P0797+P0856+P0904+P0997+P1081+P1684+P1723+P3708,1,16,F046,F051,0.0,82.0,55.666666666666664,,0.7483018867924529,0.5644333231583492,0.3479245283018868,0.35056603773584905,0.5169811320754717,0.7483018867924529,0.8947368421052632,0.75,1.0,0.8223684210526316,0.7853351539225423,budget_not_selected,0,0,0,0,0,,False,,
3,static_selected_distance_context,52,False,15,23,A01,A01|F008|3|P1310+P1334+P3410,A01|F012|15|P0004+P0049+P0093+P0228+P0239+P0247+P0266+P0510+P0525+P0561+P0584+P0619+P2131+P2753+P3211,3,15,F008,F012,0.0,89.0,21.333333333333332,,0.7218867924528302,0.32148366584147414,0.7860377358490566,0.7256603773584906,0.6722641509433962,0.7218867924528302,0.9473684210526315,0.75,1.0,0.8486842105263157,0.785285501489573,budget_not_selected,0,0,0,0,0,,False,,
3,static_selected_distance_context,53,False,39,74,A02,A02|F019|12|P0059+P0542+P0957+P1677+P2598+P2822+P3044+P3288+P3409+P3524+P3711+P3982,A02|F035|5|P0115+P3360+P3552+P3652+P3844,12,5,F019,F035,0.0,83.0,44.0,,0.7433962264150944,0.07853400852459914,0.459622641509434,0.5279245283018867,0.35132075471698115,0.7433962264150944,0.8947368421052632,0.75,1.0,0.8223684210526316,0.782882323733863,budget_not_selected,0,0,0,0,0,,False,,
3,static_selected_distance_context,54,False,48,74,A02,A02|F022|14|P2597+P2711+P2809+P3042+P3079+P3083+P3345+P3509+P3532+P3602+P3623+P3751+P3782+P3996,A02|F035|5|P0115+P3360+P3552+P3652+P3844,14,5,F022,F035,0.0,97.0,52.0,,0.689811320754717,0.07853400852459914,0.37056603773584906,0.16150943396226414,0.7460377358490566,0.689811320754717,1.0,0.75,1.0,0.875,0.7824056603773585,budget_not_selected,0,0,0,0,0,,False,,
3,static_selected_distance_context,55,False,0,33,A01,A01|F001|4|P0036+P0918+P2537+P2942,A01|F017|11|P0137+P0418+P0598+P1079+P1380+P1493+P1521+P1745+P2207+P2309+P2999,4,11,F001,F017,0.0,70.0,61.333333333333336,,0.7943396226415094,0.8509166882080255,0.3109433962264151,0.3007547169811321,0.5615094339622642,0.7943396226415094,0.7894736842105263,0.75,1.0,0.7697368421052632,0.7820382323733863,budget_not_selected,0,0,0,0,0,,False,,
3,static_selected_distance_context,56,False,3,21,A01,A01|F002|7|P1754+P1771+P2409+P2625+P2819+P3592+P3961,A01|F011|12|P0174+P0284+P0293+P0535+P0707+P0823+P0923+P1529+P1571+P1718+P3108+P3175,7,12,F002,F011,0.0,99.0,21.666666666666668,,0.6826415094339623,0.546570044746234,0.780377358490566,0.3886792452830189,0.7460377358490566,0.6826415094339623,1.0,0.75,1.0,0.875,0.7788207547169812,budget_not_selected,0,0,0,0,0,,False,,
3,static_selected_distance_context,57,False,7,29,A01,A01|F004|11|P0146+P0632+P0908+P1052+P1216+P1264+P1553+P2173+P2793+P3113+P3938,A01|F015|7|P0269+P0476+P0484+P0570+P0637+P1402+P3945,11,7,F004,F015,0.0,95.0,13.333333333333334,,0.7026415094339622,0.32148366584147414,0.9116981132075471,0.9328301886792453,0.5615094339622642,0.7026415094339622,0.9473684210526315,0.75,1.0,0.8486842105263157,0.775662859980139,budget_not_selected,0,0,0,0,0,,False,,
3,static_selected_distance_context,58,False,13,15,A01,A01|F007|9|P0057+P0480+P0652+P0685+P0786+P0812+P1703+P1838+P2738,A01|F008|3|P1310+P1334+P3410,9,3,F007,F008,0.0,54.0,14.333333333333334,,0.8573584905660377,0.8586958855927248,0.8943396226415095,0.9592452830188679,0.5615094339622642,0.8573584905660377,0.631578947368421,0.75,1.0,0.6907894736842105,0.7740739821251241,budget_not_selected,0,0,0,0,0,,False,,
3,static_selected_distance_context,59,False,15,27,A01,A01|F008|3|P1310+P1334+P3410,A01|F014|12|P0061+P0303+P0849+P1095+P1163+P1235+P1805+P1853+P1902+P2120+P2969+P3614,3,12,F008,F014,0.0,76.0,61.666666666666664,,0.7713207547169811,0.3922384769813739,0.30679245283018863,0.12943396226415094,0.5615094339622642,0.7713207547169811,0.7894736842105263,0.75,1.0,0.7697368421052632,0.7705287984111222,budget_not_selected,0,0,0,0,0,,False,,
3,static_selected_distance_context,60,False,91,94,A03,A03|F045|16|P0365+P0430+P0568+P0673+P0741+P0776+P0781+P0801+P0805+P0826+P0829+P1640+P1785+P1803+P2939+P3969,A03|F046|1|P2863,16,1,F045,F046,0.0,92.0,41.0,,0.7109433962264151,0.5644333231583492,0.4996226415094339,0.35056603773584905,0.7460377358490566,0.7109433962264151,0.8947368421052632,0.75,1.0,0.8223684210526316,0.7666559086395234,budget_not_selected,0,0,0,0,0,,False,,
3,static_selected_distance_context,61,False,54,74,A02,A02|F025|7|P1886+P2791+P3216+P3506+P3560+P3584+P3815,A02|F035|5|P0115+P3360+P3552+P3652+P3844,7,5,F025,F035,0.0,57.0,57.0,,0.8418867924528302,0.7937898582911843,0.33698113207547165,0.3007547169811321,0.789622641509434,0.8418867924528302,0.631578947368421,0.75,1.0,0.6907894736842105,0.7663381330685204,budget_not_selected,0,0,0,0,0,,False,,
3,static_selected_distance_context,62,False,0,27,A01,A01|F001|4|P0036+P0918+P2537+P2942,A01|F014|12|P0061+P0303+P0849+P1095+P1163+P1235+P1805+P1853+P1902+P2120+P2969+P3614,4,12,F001,F014,0.0,85.0,45.0,,0.7366037735849056,0.7058224433035845,0.4479245283018868,0.3007547169811321,0.4420754716981132,0.7366037735849056,0.8421052631578947,0.75,1.0,0.7960526315789473,0.7663282025819265,budget_not_selected,0,0,0,0,0,,False,,
3,static_selected_distance_context,63,False,3,17,A01,A01|F002|7|P1754+P1771+P2409+P2625+P2819+P3592+P3961,A01|F009|11|P0086+P0252+P0860+P1085+P1610+P1743+P1763+P1949+P2163+P3118+P3137,7,11,F002,F009,0.0,100.0,56.0,,0.6799999999999999,0.546570044746234,0.3460377358490566,0.12943396226415094,0.6722641509433962,0.6799999999999999,0.9473684210526315,0.75,1.0,0.8486842105263157,0.7643421052631578,budget_not_selected,0,0,0,0,0,,False,,
3,static_selected_distance_context,64,False,77,94,A03,A03|F036|8|P0401+P0709+P1087+P1650+P1817+P3698+P3755+P3770,A03|F046|1|P2863,8,1,F036,F046,0.0,41.0,11.0,,0.9109433962264151,0.5387908473615347,0.9373584905660377,0.9328301886792453,0.789622641509434,0.9109433962264151,0.47368421052631576,0.75,1.0,0.6118421052631579,0.7613927507447864,budget_not_selected,0,0,0,0,0,,False,,
3,static_selected_distance_context,65,False,15,32,A01,A01|F008|3|P1310+P1334+P3410,A01|F016|16|P1347+P1537+P1579+P1582+P1680+P1697+P2185+P2192+P2227+P2731+P2736+P3170+P3192+P3316+P3356+P3427,3,16,F008,F016,0.0,112.0,51.666666666666664,,0.6449056603773584,0.242949657316875,0.37584905660377355,0.12943396226415094,0.789622641509434,0.6449056603773584,1.0,0.75,1.0,0.875,0.7599528301886792,budget_not_selected,0,0,0,0,0,,False,,
3,static_selected_distance_context,66,False,15,34,A01,A01|F008|3|P1310+P1334+P3410,A01|F017|16|P2043+P2137+P2139+P2152+P2229+P2499+P2682+P2789+P2825+P2836+P3112+P3240+P3279+P3310+P3655+P3684,3,16,F008,F017,0.0,112.0,78.0,,0.6449056603773584,0.32148366584147414,0.22867924528301886,0.12943396226415094,0.27433962264150946,0.6449056603773584,1.0,0.75,1.0,0.875,0.7599528301886792,budget_not_selected,0,0,0,0,0,,False,,
3,static_selected_distance_context,67,False,56,74,A02,A02|F026|14|P0230+P0574+P2408+P2710+P2867+P2971+P3013+P3174+P3320+P3582+P3658+P3694+P3862+P3914,A02|F035|5|P0115+P3360+P3552+P3652+P3844,14,5,F026,F035,0.0,112.0,39.0,,0.6449056603773584,0.07853400852459914,0.5256603773584906,0.5279245283018867,0.789622641509434,0.6449056603773584,1.0,0.75,1.0,0.875,0.7599528301886792,budget_not_selected,0,0,0,0,0,,False,,
3,static_selected_distance_context,68,False,3,59,A01,A01|F002|7|P1754+P1771+P2409+P2625+P2819+P3592+P3961,A01|F028|12|P0241+P0272+P0289+P0320+P0490+P0559+P0600+P0634+P0700+P0953+P1113+P1179,7,12,F002,F028,0.0,114.0,7.0,,0.6373584905660377,0.546570044746234,0.9694339622641509,0.9328301886792453,0.5615094339622642,0.6373584905660377,1.0,0.75,1.0,0.875,0.7561792452830188,budget_not_selected,0,0,0,0,0,,False,,
3,static_selected_distance_context,69,False,42,74,A02,A02|F020|14|P0635+P2429+P3026+P3060+P3093+P3278+P3341+P3483+P3633+P3727+P3822+P3848+P3937+P3998,A02|F035|5|P0115+P3360+P3552+P3652+P3844,14,5,F020,F035,0.0,114.0,74.33333333333333,,0.6373584905660377,0.07853400852459914,0.23886792452830186,0.07509433962264156,0.7460377358490566,0.6373584905660377,1.0,0.75,1.0,0.875,0.7561792452830188,budget_not_selected,0,0,0,0,0,,False,,
3,static_selected_distance_context,70,False,0,59,A01,A01|F001|4|P0036+P0918+P2537+P2942,A01|F028|12|P0241+P0272+P0289+P0320+P0490+P0559+P0600+P0634+P0700+P0953+P1113+P1179,4,12,F001,F028,0.0,91.0,10.666666666666666,,0.7143396226415094,0.4807360643988245,0.940377358490566,0.7766037735849056,0.4420754716981132,0.7143396226415094,0.8421052631578947,0.75,1.0,0.7960526315789473,0.7551961271102283,budget_not_selected,0,0,0,0,0,,False,,
3,static_selected_distance_context,71,False,3,27,A01,A01|F002|7|P1754+P1771+P2409+P2625+P2819+P3592+P3961,A01|F014|12|P0061+P0303+P0849+P1095+P1163+P1235+P1805+P1853+P1902+P2120+P2969+P3614,7,12,F002,F014,0.0,124.0,61.333333333333336,,0.6052830188679246,0.32148366584147414,0.3109433962264151,0.10528301886792457,0.5615094339622642,0.6052830188679246,1.0,0.75,1.0,0.875,0.7401415094339623,budget_not_selected,0,0,0,0,0,,False,,
3,static_selected_distance_context,72,False,86,94,A03,A03|F041|16|P0377+P0519+P0657+P0794+P1479+P1556+P1742+P1850+P1978+P2178+P2650+P2871+P2966+P3089+P3423+P3954,A03|F046|1|P2863,16,1,F041,F046,0.0,110.0,60.0,,0.6520754716981132,0.5644333231583492,0.31849056603773584,0.2516981132075472,0.4852830188679245,0.6520754716981132,0.8947368421052632,0.75,1.0,0.8223684210526316,0.7372219463753724,budget_not_selected,0,0,0,0,0,,False,,
3,static_selected_distance_context,73,False,0,21,A01,A01|F001|4|P0036+P0918+P2537+P2942,A01|F011|12|P0174+P0284+P0293+P0535+P0707+P0823+P0923+P1529+P1571+P1718+P3108+P3175,4,12,F001,F011,0.0,101.0,10.0,,0.6777358490566038,0.4807360643988245,0.9471698113207547,0.7256603773584906,0.6722641509433962,0.6777358490566038,0.8421052631578947,0.75,1.0,0.7960526315789473,0.7368942403177756,budget_not_selected,0,0,0,0,0,,False,,
3,static_selected_distance_context,74,False,9,15,A01,A01|F005|11|P0177+P0622+P0879+P0978+P1006+P1078+P1307+P1710+P1910+P3403+P3882,A01|F008|3|P1310+P1334+P3410,11,3,F005,F008,0.0,88.0,39.0,,0.7271698113207548,0.32148366584147414,0.5256603773584906,0.459622641509434,0.27433962264150946,0.7271698113207548,0.7368421052631579,0.75,1.0,0.743421052631579,0.7352954319761669,budget_not_selected,0,0,0,0,0,,False,,
3,static_selected_distance_context,75,False,29,61,A01,A01|F015|7|P0269+P0476+P0484+P0570+P0637+P1402+P3945,A01|F029|12|P0159+P0299+P0306+P0449+P0962+P0987+P1077+P1226+P1276+P1738+P1878+P1919,7,12,F015,F029,0.0,128.0,13.333333333333334,,0.5932075471698113,0.16018035160321933,0.9116981132075471,0.659622641509434,0.4420754716981132,0.5932075471698113,1.0,0.75,1.0,0.875,0.7341037735849056,budget_not_selected,0,0,0,0,0,,False,,
3,static_selected_distance_context,76,False,15,40,A01,A01|F008|3|P1310+P1334+P3410,A01|F020|16|P0249+P0350+P0421+P0436+P0440+P0458+P0492+P0612+P1119+P1120+P1315+P1329+P1333+P1343+P1358+P1365,3,16,F008,F020,0.0,130.0,64.33333333333333,,0.5864150943396227,0.242949657316875,0.2924528301886793,0.12943396226415094,0.6722641509433962,0.5864150943396227,1.0,0.75,1.0,0.875,0.7307075471698113,budget_not_selected,0,0,0,0,0,,False,,
3,static_selected_distance_context,77,False,15,41,A01,A01|F008|3|P1310+P1334+P3410,A01|F020|16|P1453+P1671+P1699+P1713+P1790+P1794+P1857+P2034+P2057+P2216+P2287+P2469+P2543+P2657+P2722+P2831,3,16,F008,F020,0.0,130.0,64.33333333333333,,0.5864150943396227,0.242949657316875,0.2924528301886793,0.12943396226415094,0.6722641509433962,0.5864150943396227,1.0,0.75,1.0,0.875,0.7307075471698113,budget_not_selected,0,0,0,0,0,,False,,
3,static_selected_distance_context,78,False,15,29,A01,A01|F008|3|P1310+P1334+P3410,A01|F015|7|P0269+P0476+P0484+P0570+P0637+P1402+P3945,3,7,F008,F015,0.0,64.0,35.0,,0.8181132075471698,0.3922384769813739,0.5739622641509434,0.459622641509434,0.13999999999999996,0.8181132075471698,0.5263157894736842,0.75,1.0,0.638157894736842,0.7281355511420059,budget_not_selected,0,0,0,0,0,,False,,
3,static_selected_distance_context,79,False,0,29,A01,A01|F001|4|P0036+P0918+P2537+P2942,A01|F015|7|P0269+P0476+P0484+P0570+P0637+P1402+P3945,4,7,F001,F015,0.0,73.0,18.333333333333332,,0.7845283018867925,0.7058224433035845,0.8283018867924529,0.7766037735849056,0.23188679245283017,0.7845283018867925,0.5789473684210527,0.75,1.0,0.6644736842105263,0.7245009930486594,budget_not_selected,0,0,0,0,0,,False,,
3,static_selected_distance_context,80,False,88,94,A03,A03|F043|16|P1316+P1327+P1450+P1615+P1855+P1948+P2206+P2442+P2477+P2648+P2766+P3094+P3459+P3510+P3774+P3793,A03|F046|1|P2863,16,1,F043,F046,0.0,117.0,83.0,,0.6245283018867924,0.48345010405272415,0.21132075471698109,0.2516981132075472,0.789622641509434,0.6245283018867924,0.8947368421052632,0.75,1.0,0.8223684210526316,0.723448361469712,budget_not_selected,0,0,0,0,0,,False,,
3,static_selected_distance_context,81,False,15,46,A01,A01|F008|3|P1310+P1334+P3410,A01|F022|16|P0002+P0055+P0058+P0126+P0214+P0268+P0460+P0750+P0782+P0800+P0909+P0992+P1141+P1151+P1188+P1463,3,16,F008,F022,0.0,134.0,42.0,,0.570566037735849,0.242949657316875,0.4883018867924528,0.2516981132075472,0.6722641509433962,0.570566037735849,1.0,0.75,1.0,0.875,0.7227830188679245,budget_not_selected,0,0,0,0,0,,False,,
3,static_selected_distance_context,82,False,15,47,A01,A01|F008|3|P1310+P1334+P3410,A01|F022|16|P1476+P1481+P1544+P1577+P1627+P1900+P1984+P2051+P2258+P2317+P2333+P2382+P2393+P2425+P2462+P2578,3,16,F008,F022,0.0,134.0,42.0,,0.570566037735849,0.242949657316875,0.4883018867924528,0.2516981132075472,0.6722641509433962,0.570566037735849,1.0,0.75,1.0,0.875,0.7227830188679245,budget_not_selected,0,0,0,0,0,,False,,
3,static_selected_distance_context,83,False,90,94,A03,A03|F044|18|P0822+P1103+P1382+P1760+P1960+P2036+P2364+P2667+P2783+P2835+P3008+P3155+P3209+P3325+P3591+P3656+P3762+P3897,A03|F046|1|P2863,18,1,F044,F046,0.0,137.0,98.66666666666667,,0.5618867924528301,0.48345010405272415,0.1584905660377358,0.3886792452830189,0.789622641509434,0.5618867924528301,1.0,0.75,1.0,0.875,0.7184433962264151,budget_not_selected,0,0,0,0,0,,False,,
3,static_selected_distance_context,84,False,13,29,A01,A01|F007|9|P0057+P0480+P0652+P0685+P0786+P0812+P1703+P1838+P2738,A01|F015|7|P0269+P0476+P0484+P0570+P0637+P1402+P3945,9,7,F007,F015,0.0,113.0,49.333333333333336,,0.6407547169811321,0.32148366584147414,0.40113207547169816,0.5279245283018867,0.4420754716981132,0.6407547169811321,0.8421052631578947,0.75,1.0,0.7960526315789473,0.7184036742800397,budget_not_selected,0,0,0,0,0,,False,,
3,static_selected_distance_context,85,False,0,17,A01,A01|F001|4|P0036+P0918+P2537+P2942,A01|F009|11|P0086+P0252+P0860+P1085+P1610+P1743+P1763+P1949+P2163+P3118+P3137,4,11,F001,F009,0.0,107.0,39.666666666666664,,0.6603773584905661,0.4807360643988245,0.5181132075471698,0.2516981132075472,0.5615094339622642,0.6603773584905661,0.7894736842105263,0.75,1.0,0.7697368421052632,0.7150571002979147,budget_not_selected,0,0,0,0,0,,False,,
3,static_selected_distance_context,86,False,54,64,A02,A02|F025|7|P1886+P2791+P3216+P3506+P3560+P3584+P3815,A02|F030|10|P0448+P2098+P2453+P3096+P3117+P3531+P3615+P3686+P3799+P3847,7,10,F025,F030,0.0,128.0,22.333333333333332,,0.5932075471698113,0.0,0.7709433962264151,0.659622641509434,0.7460377358490566,0.5932075471698113,0.8947368421052632,0.75,1.0,0.8223684210526316,0.7077879841112215,budget_not_selected,0,0,0,0,0,,False,,
3,static_selected_distance_context,87,False,3,15,A01,A01|F002|7|P1754+P1771+P2409+P2625+P2819+P3592+P3961,A01|F008|3|P1310+P1334+P3410,7,3,F002,F008,0.0,75.0,2.3333333333333335,,0.7762264150943397,0.8586958855927248,0.999245283018868,0.9592452830188679,0.7460377358490566,0.7762264150943397,0.5263157894736842,0.75,1.0,0.638157894736842,0.7071921549155908,budget_not_selected,0,0,0,0,0,,False,,
3,static_selected_distance_context,88,False,15,33,A01,A01|F008|3|P1310+P1334+P3410,A01|F017|11|P0137+P0418+P0598+P1079+P1380+P1493+P1521+P1745+P2207+P2309+P2999,3,11,F008,F017,0.0,112.0,78.0,,0.6449056603773584,0.32148366584147414,0.22867924528301886,0.12943396226415094,0.27433962264150946,0.6449056603773584,0.7368421052631579,0.75,1.0,0.743421052631579,0.6941633565044687,budget_not_selected,0,0,0,0,0,,False,,
3,static_selected_distance_context,89,False,89,94,A03,A03|F044|16|P0074+P0259+P0386+P0396+P0442+P0558+P0566+P0582+P0704+P0728+P0768+P0838+P2843+P3238+P3260+P3334,A03|F046|1|P2863,16,1,F044,F046,0.0,137.0,98.66666666666667,,0.5618867924528301,0.48345010405272415,0.1584905660377358,0.3886792452830189,0.789622641509434,0.5618867924528301,0.8947368421052632,0.75,1.0,0.8223684210526316,0.6921276067527309,budget_not_selected,0,0,0,0,0,,False,,
3,static_selected_distance_context,90,False,3,9,A01,A01|F002|7|P1754+P1771+P2409+P2625+P2819+P3592+P3961,A01|F005|11|P0177+P0622+P0879+P0978+P1006+P1078+P1307+P1710+P1910+P3403+P3882,7,11,F002,F005,0.0,151.0,38.666666666666664,,0.5150943396226415,0.32148366584147414,0.5313207547169811,0.42188679245283023,0.6722641509433962,0.5150943396226415,0.9473684210526315,0.75,1.0,0.8486842105263157,0.6818892750744786,budget_not_selected,0,0,0,0,0,,False,,
3,static_selected_distance_context,91,False,3,29,A01,A01|F002|7|P1754+P1771+P2409+P2625+P2819+P3592+P3961,A01|F015|7|P0269+P0476+P0484+P0570+P0637+P1402+P3945,7,7,F002,F015,0.0,127.0,34.666666666666664,,0.5966037735849057,0.32148366584147414,0.5800000000000001,0.42188679245283023,0.6722641509433962,0.5966037735849057,0.7368421052631579,0.75,1.0,0.743421052631579,0.6700124131082423,budget_not_selected,0,0,0,0,0,,False,,
3,static_selected_distance_context,92,False,3,33,A01,A01|F002|7|P1754+P1771+P2409+P2625+P2819+P3592+P3961,A01|F017|11|P0137+P0418+P0598+P1079+P1380+P1493+P1521+P1745+P2207+P2309+P2999,7,11,F002,F017,0.0,161.0,77.66666666666667,,0.48716981132075476,0.32148366584147414,0.23094339622641513,0.10528301886792457,0.6722641509433962,0.48716981132075476,0.9473684210526315,0.75,1.0,0.8486842105263157,0.6679270109235352,budget_not_selected,0,0,0,0,0,,False,,
3,static_selected_distance_context,93,False,13,31,A01,A01|F007|9|P0057+P0480+P0652+P0685+P0786+P0812+P1703+P1838+P2738,A01|F016|9|P0275+P0423+P0482+P0613+P0647+P0950+P1114+P2472+P2898,9,9,F007,F016,0.0,161.0,66.0,,0.48716981132075476,0.242949657316875,0.28490566037735854,0.16150943396226414,0.2888679245283019,0.48716981132075476,0.9473684210526315,0.75,1.0,0.8486842105263157,0.6679270109235352,budget_not_selected,0,0,0,0,0,,False,,
3,static_selected_distance_context,94,False,15,31,A01,A01|F008|3|P1310+P1334+P3410,A01|F016|9|P0275+P0423+P0482+P0613+P0647+P0950+P1114+P2472+P2898,3,9,F008,F016,0.0,112.0,51.666666666666664,,0.6449056603773584,0.242949657316875,0.37584905660377355,0.12943396226415094,0.789622641509434,0.6449056603773584,0.631578947368421,0.75,1.0,0.6907894736842105,0.6678475670307844,budget_not_selected,0,0,0,0,0,,False,,
3,static_selected_distance_context,95,False,0,19,A01,A01|F001|4|P0036+P0918+P2537+P2942,A01|F010|12|P0028+P0077+P0375+P0395+P0583+P0631+P0642+P0835+P1907+P2840+P3644+P3775,4,12,F001,F010,0.0,147.0,15.0,,0.5275471698113208,0.242949657316875,0.8833962264150943,0.7766037735849056,0.4420754716981132,0.5275471698113208,0.8421052631578947,0.75,1.0,0.7960526315789473,0.6617999006951341,budget_not_selected,0,0,0,0,0,,False,,
3,static_selected_distance_context,96,False,15,37,A01,A01|F008|3|P1310+P1334+P3410,A01|F019|13|P0045+P0134+P0344+P0493+P0572+P0946+P1099+P1101+P1160+P1164+P1284+P1345+P1500,3,13,F008,F019,0.0,147.0,34.0,,0.5275471698113208,0.242949657316875,0.5920754716981131,0.7256603773584906,0.5615094339622642,0.5275471698113208,0.8421052631578947,0.75,1.0,0.7960526315789473,0.6617999006951341,budget_not_selected,0,0,0,0,0,,False,,
3,static_selected_distance_context,97,False,85,94,A03,A03|F040|16|P1908+P2094+P2386+P2555+P2727+P2746+P2775+P2846+P2881+P2935+P3222+P3287+P3322+P3477+P3547+P3721,A03|F046|1|P2863,16,1,F040,F046,0.0,165.0,124.66666666666667,,0.4747169811320755,0.24050044673584917,0.10528301886792457,0.20226415094339623,0.789622641509434,0.4747169811320755,0.8947368421052632,0.75,1.0,0.8223684210526316,0.6485427010923536,budget_not_selected,0,0,0,0,0,,False,,
3,static_selected_distance_context,98,False,49,64,A02,A02|F023|9|P0068+P0111+P0298+P0611+P0693+P1031+P1482+P2314+P2790,A02|F030|10|P0448+P2098+P2453+P3096+P3117+P3531+P3615+P3686+P3799+P3847,9,10,F023,F030,0.0,192.0,85.33333333333333,,0.3969811320754717,0.0,0.20075471698113212,0.07509433962264156,0.789622641509434,0.3969811320754717,1.0,0.75,1.0,0.875,0.6359905660377358,budget_not_selected,0,0,0,0,0,,False,,
3,static_selected_distance_context,99,False,64,74,A02,A02|F030|10|P0448+P2098+P2453+P3096+P3117+P3531+P3615+P3686+P3799+P3847,A02|F035|5|P0115+P3360+P3552+P3652+P3844,10,5,F030,F035,0.0,161.0,79.33333333333333,,0.48716981132075476,0.0,0.22264150943396221,0.07509433962264156,0.789622641509434,0.48716981132075476,0.7894736842105263,0.75,1.0,0.7697368421052632,0.628453326713009,budget_not_selected,0,0,0,0,0,,False,,
3,static_selected_distance_context,100,False,3,31,A01,A01|F002|7|P1754+P1771+P2409+P2625+P2819+P3592+P3961,A01|F016|9|P0275+P0423+P0482+P0613+P0647+P0950+P1114+P2472+P2898,7,9,F002,F016,0.0,172.0,51.333333333333336,,0.45547169811320753,0.242949657316875,0.3815094339622641,0.10528301886792457,0.789622641509434,0.45547169811320753,0.8421052631578947,0.75,1.0,0.7960526315789473,0.6257621648460774,budget_not_selected,0,0,0,0,0,,False,,
3,static_selected_distance_context,101,False,77,84,A03,A03|F036|8|P0401+P0709+P1087+P1650+P1817+P3698+P3755+P3770,A03|F040|11|P0140+P0367+P0868+P0880+P1004+P1567+P1598+P1705+P1715+P1750+P2374,8,11,F036,F040,0.0,205.0,135.66666666666666,,0.3652830188679246,0.16196643821125,0.0860377358490566,0.16150943396226414,0.5615094339622642,0.3652830188679246,1.0,0.75,1.0,0.875,0.6201415094339623,budget_not_selected,0,0,0,0,0,,False,,
3,static_selected_distance_context,102,False,0,7,A01,A01|F001|4|P0036+P0918+P2537+P2942,A01|F004|11|P0146+P0632+P0908+P1052+P1216+P1264+P1553+P2173+P2793+P3113+P3938,4,11,F001,F004,0.0,168.0,12.333333333333334,,0.46566037735849053,0.242949657316875,0.9286792452830188,0.7766037735849056,0.5615094339622642,0.46566037735849053,0.7894736842105263,0.75,1.0,0.7697368421052632,0.6176986097318768,budget_not_selected,0,0,0,0,0,,False,,
3,static_selected_distance_context,103,False,0,25,A01,A01|F001|4|P0036+P0918+P2537+P2942,A01|F013|15|P0229+P0417+P0419+P0453+P0648+P0672+P0785+P0870+P0912+P1139+P1153+P2464+P3092+P3150+P3176,4,15,F001,F013,0.0,210.0,77.0,,0.3501886792452831,0.242949657316875,0.23245283018867924,0.459622641509434,0.4420754716981132,0.3501886792452831,1.0,0.75,1.0,0.875,0.6125943396226415,budget_not_selected,0,0,0,0,0,,False,,
3,static_selected_distance_context,104,False,87,94,A03,A03|F042|16|P1174+P1268+P1435+P1683+P2031+P2751+P2779+P2786+P2889+P2965+P3028+P3309+P3346+P3428+P3959+P3970,A03|F046|1|P2863,16,1,F042,F046,0.0,191.0,152.0,,0.4007547169811321,0.24050044673584917,0.05962264150943397,0.16150943396226414,0.4941509433962264,0.4007547169811321,0.8947368421052632,0.75,1.0,0.8223684210526316,0.6115615690168819,budget_not_selected,0,0,0,0,0,,False,,
3,static_selected_distance_context,105,False,79,94,A03,A03|F037|16|P2045+P2058+P2261+P2275+P2291+P2448+P2450+P2531+P3084+P3156+P3530+P3637+P3717+P3846+P3851+P3989,A03|F046|1|P2863,16,1,F037,F046,0.0,192.0,144.33333333333334,,0.3969811320754717,0.24050044673584917,0.07207547169811324,0.10528301886792457,0.7460377358490566,0.3969811320754717,0.8947368421052632,0.75,1.0,0.8223684210526316,0.6096747765640517,budget_not_selected,0,0,0,0,0,,False,,
3,static_selected_distance_context,106,False,15,73,A01,A01|F008|3|P1310+P1334+P3410,A01|F035|16|P0428+P0565+P0665+P0677+P0755+P1049+P1124+P1256+P1366+P1575+P1701+P1714+P2079+P2116+P2239+P2413,3,16,F008,F035,0.0,227.0,22.0,,0.31169811320754715,0.0,0.7754716981132075,0.8350943396226416,0.789622641509434,0.31169811320754715,1.0,0.75,1.0,0.875,0.5933490566037736,budget_not_selected,0,0,0,0,0,,False,,
3,static_selected_distance_context,107,False,15,61,A01,A01|F008|3|P1310+P1334+P3410,A01|F029|12|P0159+P0299+P0306+P0449+P0962+P0987+P1077+P1226+P1276+P1738+P1878+P1919,3,12,F008,F029,0.0,191.0,34.333333333333336,,0.4007547169811321,0.080983219105625,0.5860377358490566,0.459622641509434,0.14660377358490562,0.4007547169811321,0.7894736842105263,0.75,1.0,0.7697368421052632,0.5852457795431976,budget_not_selected,0,0,0,0,0,,False,,
3,static_selected_distance_context,108,False,84,94,A03,A03|F040|11|P0140+P0367+P0868+P0880+P1004+P1567+P1598+P1705+P1715+P1750+P2374,A03|F046|1|P2863,11,1,F040,F046,0.0,165.0,124.66666666666667,,0.4747169811320755,0.24050044673584917,0.10528301886792457,0.20226415094339623,0.789622641509434,0.4747169811320755,0.631578947368421,0.75,1.0,0.6907894736842105,0.5827532274081431,budget_not_selected,0,0,0,0,0,,False,,
3,static_selected_distance_context,109,False,94,104,A03,A03|F046|1|P2863,A03|F042+F050|18|P0166+P0294+P0455+P0540+P0617+P0638+P0643+P0865+P1203+P1767+P2093+P2330+P2521+P2730+P2972+P2984+P3627+P3730,1,18,F046,F042|F050,0.0,191.0,170.16666666666669,,0.4007547169811321,0.24050044673584917,0.05962264150943397,0.16150943396226414,0.4941509433962264,0.4007547169811321,1.0,0.5,1.0,0.75,0.575377358490566,budget_not_selected,0,0,0,0,0,,False,,
3,static_selected_distance_context,110,False,0,15,A01,A01|F001|4|P0036+P0918+P2537+P2942,A01|F008|3|P1310+P1334+P3410,4,3,F001,F008,0.0,131.0,16.666666666666668,,0.580754716981132,0.242949657316875,0.8573584905660377,0.8350943396226416,0.6722641509433962,0.580754716981132,0.3684210526315789,0.75,1.0,0.5592105263157895,0.5699826216484607,budget_not_selected,0,0,0,0,0,,False,,
3,static_selected_distance_context,111,False,0,13,A01,A01|F001|4|P0036+P0918+P2537+P2942,A01|F007|9|P0057+P0480+P0652+P0685+P0786+P0812+P1703+P1838+P2738,4,9,F001,F007,0.0,184.0,31.0,,0.4207547169811321,0.242949657316875,0.6377358490566039,0.7766037735849056,0.4420754716981132,0.4207547169811321,0.6842105263157895,0.75,1.0,0.7171052631578947,0.5689299900695134,budget_not_selected,0,0,0,0,0,,False,,
3,static_selected_distance_context,112,False,3,61,A01,A01|F002|7|P1754+P1771+P2409+P2625+P2819+P3592+P3961,A01|F029|12|P0159+P0299+P0306+P0449+P0962+P0987+P1077+P1226+P1276+P1738+P1878+P1919,7,12,F002,F029,0.0,253.0,34.0,,0.2554716981132076,0.080983219105625,0.5920754716981131,0.42188679245283023,0.5615094339622642,0.2554716981132076,1.0,0.75,1.0,0.875,0.5652358490566038,budget_not_selected,0,0,0,0,0,,False,,
3,static_selected_distance_context,113,False,78,94,A03,A03|F037|12|P0199+P0260+P0330+P0911+P0980+P1009+P1042+P1221+P1477+P1484+P2048+P2956,A03|F046|1|P2863,12,1,F037,F046,0.0,192.0,144.33333333333334,,0.3969811320754717,0.24050044673584917,0.07207547169811324,0.10528301886792457,0.7460377358490566,0.3969811320754717,0.6842105263157895,0.75,1.0,0.7171052631578947,0.5570431976166832,budget_not_selected,0,0,0,0,0,,False,,
3,static_selected_distance_context,114,False,0,3,A01,A01|F001|4|P0036+P0918+P2537+P2942,A01|F002|7|P1754+P1771+P2409+P2625+P2819+P3592+P3961,4,7,F001,F002,0.0,200.0,17.666666666666668,,0.3766037735849057,0.242949657316875,0.8377358490566038,0.7766037735849056,0.6722641509433962,0.3766037735849057,0.5789473684210527,0.75,1.0,0.6644736842105263,0.520538728897716,budget_not_selected,0,0,0,0,0,,False,,
4,static_selected_distance_context,1,True,54,62,A02,A02|F025|7|P1886+P2791+P3216+P3506+P3560+P3584+P3815,A02|F029|12|P0226+P1827+P1956+P2101+P2590+P2617+P2683+P2796+P2810+P3402+P3626+P3741,7,12,F025,F029,0.0,24.0,12.666666666666666,,0.9739622641509434,0.8398196483967807,0.9226415094339623,0.9864150943396226,0.5615094339622642,0.9739622641509434,1.0,0.75,1.0,0.875,0.9244811320754718,improving_not_selected,2,0,2,0,0,117,False,4.666786099995079,
4,static_selected_distance_context,2,True,27,29,A01,A01|F014|12|P0061+P0303+P0849+P1095+P1163+P1235+P1805+P1853+P1902+P2120+P2969+P3614,A01|F015|7|P0269+P0476+P0484+P0570+P0637+P1402+P3945,12,7,F014,F015,0.0,27.0,26.666666666666668,,0.9633962264150944,1.0,0.7090566037735849,0.659622641509434,0.4420754716981132,0.9633962264150944,1.0,0.75,1.0,0.875,0.9191981132075472,improving_not_selected,2,0,2,0,0,74,False,4.52741789999709,
4,static_selected_distance_context,3,True,21,29,A01,A01|F011|12|P0174+P0284+P0293+P0535+P0707+P0823+P0923+P1529+P1571+P1718+P3108+P3175,A01|F015|7|P0269+P0476+P0484+P0570+P0637+P1402+P3945,12,7,F011,F015,0.0,31.0,13.0,,0.9535849056603773,0.7043643178278647,0.9166037735849056,0.6988679245283018,0.6722641509433962,0.9535849056603773,1.0,0.75,1.0,0.875,0.9142924528301887,improving_not_selected,2,0,2,0,0,79,False,4.527297399996314,
4,static_selected_distance_context,4,True,29,59,A01,A01|F015|7|P0269+P0476+P0484+P0570+P0637+P1402+P3945,A01|F028|12|P0241+P0272+P0289+P0320+P0490+P0559+P0600+P0634+P0700+P0953+P1113+P1179,7,12,F015,F028,0.0,32.0,27.666666666666668,,0.949811320754717,0.7043643178278647,0.6890566037735849,0.5279245283018867,0.4420754716981132,0.949811320754717,1.0,0.75,1.0,0.875,0.9124056603773585,improving_not_selected,2,0,2,0,0,92,False,4.527653099998133,
4,static_selected_distance_context,5,True,9,29,A01,A01|F005|11|P0177+P0622+P0879+P0978+P1006+P1078+P1307+P1710+P1910+P3403+P3882,A01|F015|7|P0269+P0476+P0484+P0570+P0637+P1402+P3945,11,7,F005,F015,0.0,25.0,4.0,,0.9694339622641509,0.7843564518281836,0.9909433962264151,0.9864150943396226,0.5615094339622642,0.9694339622641509,0.9473684210526315,0.75,1.0,0.8486842105263157,0.9090590863952333,improving_not_selected,2,0,2,0,0,81,False,4.157280599996739,
4,static_selected_distance_context,6,True,67,74,A02,A02|F032|14|P0099+P0379+P0390+P0422+P0546+P0616+P0618+P0738+P1254+P1300+P1681+P2097+P2351+P3385,A02|F035|5|P0115+P3360+P3552+P3652+P3844,14,5,F032,F035,0.0,35.0,17.333333333333332,,0.9369811320754717,1.0,0.8456603773584905,0.9864150943396226,0.7460377358490566,0.9369811320754717,1.0,0.75,1.0,0.875,0.9059905660377359,accepted,2,0,2,0,0,138,True,4.667153999995207,4.667187599996396
4,static_selected_distance_context,7,True,3,7,A01,A01|F002|7|P1754+P1771+P2409+P2625+P2819+P3592+P3961,A01|F004|11|P0146+P0632+P0908+P1052+P1216+P1264+P1553+P2173+P2793+P3113+P3938,7,11,F002,F004,0.0,33.0,21.333333333333332,,0.9460377358490566,1.0,0.7860377358490566,0.5279245283018867,0.6722641509433962,0.9460377358490566,0.9473684210526315,0.75,1.0,0.8486842105263157,0.8973609731876862,improving_not_selected,2,0,2,0,0,103,False,4.156687899994722,
4,static_selected_distance_context,8,True,52,54,A02,A02|F024|12|P0213+P0307+P0433+P0499+P0729+P1905+P2195+P2535+P2572+P3190+P3603+P3872,A02|F025|7|P1886+P2791+P3216+P3506+P3560+P3584+P3815,12,7,F024,F025,0.0,39.0,15.666666666666666,,0.919245283018868,0.8398196483967807,0.8758490566037735,0.6003773584905661,0.7460377358490566,0.919245283018868,1.0,0.75,1.0,0.875,0.897122641509434,improving_not_selected,2,0,2,0,0,98,False,4.666665699995065,
4,static_selected_distance_context,9,True,0,37,A01,A01|F001|4|P0036+P0918+P2537+P2942,A01|F019|13|P0045+P0134+P0344+P0493+P0572+P0946+P1099+P1101+P1160+P1164+P1284+P1345+P1500,4,13,F001,F019,0.0,25.0,17.333333333333332,,0.9694339622641509,0.8643391615585597,0.8456603773584905,0.9328301886792453,0.4420754716981132,0.9694339622641509,0.8947368421052632,0.75,1.0,0.8223684210526316,0.8959011916583912,improving_not_selected,2,0,2,0,0,127,False,4.156289599995944,
4,static_selected_distance_context,10,True,11,15,A01,A01|F006|16|P0042+P0044+P0089+P0113+P0151+P0158+P0186+P0240+P0244+P0267+P0393+P0718+P0863+P1394+P1611+P3271,A01|F008|3|P1310+P1334+P3410,16,3,F006,F008,0.0,41.0,16.333333333333332,,0.9109433962264151,0.8586958855927248,0.8626415094339622,0.7256603773584906,0.6722641509433962,0.9109433962264151,1.0,0.75,1.0,0.875,0.8929716981132075,improving_not_selected,2,0,2,0,0,112,False,4.15745529999549,
4,static_selected_distance_context,11,True,0,23,A01,A01|F001|4|P0036+P0918+P2537+P2942,A01|F012|15|P0004+P0049+P0093+P0228+P0239+P0247+P0266+P0510+P0525+P0561+P0584+P0619+P2131+P2753+P3211,4,15,F001,F012,0.0,42.0,5.333333333333333,,0.9064150943396226,0.8509166882080255,0.9815094339622642,0.9328301886792453,0.5615094339622642,0.9064150943396226,1.0,0.75,1.0,0.875,0.8907075471698114,improving_not_selected,2,0,2,0,0,122,False,4.15536979999888,
4,static_selected_distance_context,12,True,17,29,A01,A01|F009|11|P0086+P0252+P0860+P1085+P1610+P1743+P1763+P1949+P2163+P3118+P3137,A01|F015|7|P0269+P0476+P0484+P0570+P0637+P1402+P3945,11,7,F009,F015,0.0,38.0,21.333333333333332,,0.9233962264150943,0.7749136210952401,0.7860377358490566,0.6003773584905661,0.5615094339622642,0.9233962264150943,0.9473684210526315,0.75,1.0,0.8486842105263157,0.886040218470705,improving_not_selected,2,0,2,0,0,72,False,4.52717290000146,
4,static_selected_distance_context,13,True,45,74,A02,A02|F021|13|P0008+P0124+P1195+P3158+P3305+P3313+P3406+P3544+P3734+P3749+P3809+P3877+P3895,A02|F035|5|P0115+P3360+P3552+P3652+P3844,13,5,F021,F035,0.0,41.0,40.333333333333336,,0.9109433962264151,0.7937898582911843,0.5094339622641509,0.35056603773584905,0.6722641509433962,0.9109433962264151,0.9473684210526315,0.75,1.0,0.8486842105263157,0.8798138033763654,improving_not_selected,2,0,2,0,0,117,False,4.666542099999788,
4,static_selected_distance_context,14,True,15,19,A01,A01|F008|3|P1310+P1334+P3410,A01|F010|12|P0028+P0077+P0375+P0395+P0583+P0631+P0642+P0835+P1907+P2840+P3644+P3775,3,12,F008,F010,0.0,19.0,3.6666666666666665,,0.9864150943396226,0.9292451888601003,0.9932075471698113,0.9592452830188679,0.16943396226415092,0.9864150943396226,0.7894736842105263,0.75,1.0,0.7697368421052632,0.8780759682224428,improving_not_selected,4,0,4,0,0,131,False,4.157783099995868,
4,static_selected_distance_context,15,True,65,74,A02,A02|F031|13|P0188+P0221+P0470+P0845+P1206+P1443+P1467+P1512+P1534+P1772+P1859+P2248+P3041,A02|F035|5|P0115+P3360+P3552+P3652+P3844,13,5,F031,F035,0.0,42.0,19.333333333333332,,0.9064150943396226,1.0,0.8166037735849057,0.659622641509434,0.789622641509434,0.9064150943396226,0.9473684210526315,0.75,1.0,0.8486842105263157,0.8775496524329691,improving_not_selected,2,0,2,0,0,126,False,4.667017699997814,
4,static_selected_distance_context,16,True,3,13,A01,A01|F002|7|P1754+P1771+P2409+P2625+P2819+P3592+P3961,A01|F007|9|P0057+P0480+P0652+P0685+P0786+P0812+P1703+P1838+P2738,7,9,F002,F007,0.0,30.0,14.666666666666666,,0.9566037735849057,1.0,0.8883018867924528,0.9328301886792453,0.5615094339622642,0.9566037735849057,0.8421052631578947,0.75,1.0,0.7960526315789473,0.8763282025819266,improving_not_selected,4,0,4,0,0,122,False,4.156903899995086,
4,static_selected_distance_context,17,True,8,15,A01,A01|F004|16|P2183+P2362+P2487+P2551+P2669+P2716+P3039+P3053+P3119+P3159+P3243+P3375+P3585+P3598+P3761+P3906,A01|F008|3|P1310+P1334+P3410,16,3,F004,F008,0.0,52.0,21.666666666666668,,0.8656603773584906,0.8586958855927248,0.780377358490566,0.6003773584905661,0.27433962264150946,0.8656603773584906,1.0,0.75,1.0,0.875,0.8703301886792453,improving_not_selected,2,0,2,0,0,98,False,4.15716469999461,
4,static_selected_distance_context,18,True,3,19,A01,A01|F002|7|P1754+P1771+P2409+P2625+P2819+P3592+P3961,A01|F010|12|P0028+P0077+P0375+P0395+P0583+P0631+P0642+P0835+P1907+P2840+P3644+P3775,7,12,F002,F010,0.0,56.0,3.3333333333333335,,0.8483018867924528,0.9294506967326246,0.9947169811320755,0.9328301886792453,0.5615094339622642,0.8483018867924528,1.0,0.75,1.0,0.875,0.8616509433962264,improving_not_selected,2,0,2,0,0,93,False,4.157039499994426,
4,static_selected_distance_context,19,True,15,21,A01,A01|F008|3|P1310+P1334+P3410,A01|F011|12|P0174+P0284+P0293+P0535+P0707+P0823+P0923+P1529+P1571+P1718+P3108+P3175,3,12,F008,F011,0.0,33.0,22.0,,0.9460377358490566,0.6878741591535094,0.7754716981132075,0.42188679245283023,0.7460377358490566,0.9460377358490566,0.7894736842105263,0.75,1.0,0.7697368421052632,0.8578872889771598,improving_not_selected,4,0,4,0,0,113,False,4.157967399994959,
4,static_selected_distance_context,20,True,29,33,A01,A01|F015|7|P0269+P0476+P0484+P0570+P0637+P1402+P3945,A01|F017|11|P0137+P0418+P0598+P1079+P1380+P1493+P1521+P1745+P2207+P2309+P2999,7,11,F015,F017,0.0,53.0,43.0,,0.860754716981132,0.854905755095559,0.4732075471698113,0.659622641509434,0.5615094339622642,0.860754716981132,0.9473684210526315,0.75,1.0,0.8486842105263157,0.8547194637537239,improving_not_selected,2,0,2,0,0,63,False,4.527536000001419,
4,static_selected_distance_context,21,True,15,18,A01,A01|F008|3|P1310+P1334+P3410,A01|F009|16|P2295+P2415+P2720+P2794+P2805+P2859+P2982+P2991+P3006+P3280+P3464+P3478+P3613+P3725+P3807+P3880,3,16,F008,F009,0.0,59.0,56.333333333333336,,0.8320754716981132,0.6173248558861338,0.3426415094339622,0.16150943396226414,0.27433962264150946,0.8320754716981132,1.0,0.75,1.0,0.875,0.8535377358490566,improving_not_selected,2,0,2,0,0,90,False,4.157589299997198,
4,static_selected_distance_context,22,True,62,74,A02,A02|F029|12|P0226+P1827+P1956+P2101+P2590+P2617+P2683+P2796+P2810+P3402+P3626+P3741,A02|F035|5|P0115+P3360+P3552+P3652+P3844,12,5,F029,F035,0.0,49.0,44.333333333333336,,0.8781132075471698,0.633609506687965,0.45358490566037735,0.3007547169811321,0.13999999999999996,0.8781132075471698,0.8947368421052632,0.75,1.0,0.8223684210526316,0.8502408142999007,improving_not_selected,2,0,2,0,0,104,False,4.666902299999492,
4,static_selected_distance_context,23,True,15,30,A01,A01|F008|3|P1310+P1334+P3410,A01|F015|16|P0409+P0513+P0605+P0969+P0998+P1080+P1364+P1506+P1774+P1782+P2091+P3098+P3234+P3836+P3939+P3985,3,16,F008,F015,0.0,64.0,35.0,,0.8181132075471698,0.3922384769813739,0.5739622641509434,0.459622641509434,0.13999999999999996,0.8181132075471698,1.0,0.75,1.0,0.875,0.8465566037735849,improving_not_selected,2,2,0,0,0,94,False,4.305062799998268,
4,static_selected_distance_context,24,True,39,54,A02,A02|F019|12|P0059+P0542+P0957+P1677+P2598+P2822+P3044+P3288+P3409+P3524+P3711+P3982,A02|F025|7|P1886+P2791+P3216+P3506+P3560+P3584+P3815,12,7,F019,F025,0.0,66.0,13.0,,0.8094339622641509,0.21419484696603946,0.9166037735849056,0.8784905660377358,0.5615094339622642,0.8094339622641509,1.0,0.75,1.0,0.875,0.8422169811320754,improving_not_selected,2,2,0,0,0,86,False,4.6663467999969725,
4,static_selected_distance_context,25,True,15,59,A01,A01|F008|3|P1310+P1334+P3410,A01|F028|12|P0241+P0272+P0289+P0320+P0490+P0559+P0600+P0634+P0700+P0953+P1113+P1179,3,12,F008,F028,0.0,41.0,7.333333333333333,,0.9109433962264151,0.6878741591535094,0.9667924528301887,0.9592452830188679,0.5615094339622642,0.9109433962264151,0.7894736842105263,0.75,1.0,0.7697368421052632,0.8403401191658391,improving_not_selected,4,4,0,0,0,115,False,4.526971699997375,
4,static_selected_distance_context,26,False,29,31,A01,A01|F015|7|P0269+P0476+P0484+P0570+P0637+P1402+P3945,A01|F016|9|P0275+P0423+P0482+P0613+P0647+P0950+P1114+P2472+P2898,7,9,F015,F016,0.0,48.0,16.666666666666668,,0.8833962264150943,0.7058224433035845,0.8573584905660377,0.659622641509434,0.7460377358490566,0.8833962264150943,0.8421052631578947,0.75,1.0,0.7960526315789473,0.8397244289970208,budget_not_selected,0,0,0,0,0,,False,,
4,static_selected_distance_context,27,False,49,74,A02,A02|F023|9|P0068+P0111+P0298+P0611+P0693+P1031+P1482+P2314+P2790,A02|F035|5|P0115+P3360+P3552+P3652+P3844,9,5,F023,F035,0.0,38.0,6.0,,0.9233962264150943,1.0,0.9762264150943396,0.9864150943396226,0.4941509433962264,0.9233962264150943,0.7368421052631579,0.75,1.0,0.743421052631579,0.8334086395233367,budget_not_selected,0,0,0,0,0,,False,,
4,static_selected_distance_context,28,False,52,74,A02,A02|F024|12|P0213+P0307+P0433+P0499+P0729+P1905+P2195+P2535+P2572+P3190+P3603+P3872,A02|F035|5|P0115+P3360+P3552+P3652+P3844,12,5,F024,F035,0.0,57.0,41.333333333333336,,0.8418867924528302,0.633609506687965,0.49547169811320757,0.20226415094339623,0.789622641509434,0.8418867924528302,0.8947368421052632,0.75,1.0,0.8223684210526316,0.8321276067527309,budget_not_selected,0,0,0,0,0,,False,,
4,static_selected_distance_context,29,False,15,28,A01,A01|F008|3|P1310+P1334+P3410,A01|F014|16|P2127+P2447+P2512+P2561+P2767+P2844+P2908+P2953+P3160+P3475+P3554+P3634+P3651+P3808+P3973+P3994,3,16,F008,F014,0.0,76.0,61.666666666666664,,0.7713207547169811,0.3922384769813739,0.30679245283018863,0.12943396226415094,0.5615094339622642,0.7713207547169811,1.0,0.75,1.0,0.875,0.8231603773584906,budget_not_selected,0,0,0,0,0,,False,,
4,static_selected_distance_context,30,False,19,29,A01,A01|F010|12|P0028+P0077+P0375+P0395+P0583+P0631+P0642+P0835+P1907+P2840+P3644+P3775,A01|F015|7|P0269+P0476+P0484+P0570+P0637+P1402+P3945,12,7,F010,F015,0.0,77.0,31.333333333333332,,0.7686792452830189,0.32148366584147414,0.630943396226415,0.5279245283018867,0.4420754716981132,0.7686792452830189,1.0,0.75,1.0,0.875,0.8218396226415094,budget_not_selected,0,0,0,0,0,,False,,
4,static_selected_distance_context,31,False,0,9,A01,A01|F001|4|P0036+P0918+P2537+P2942,A01|F005|11|P0177+P0622+P0879+P0978+P1006+P1078+P1307+P1710+P1910+P3403+P3882,4,11,F001,F005,0.0,50.0,22.333333333333332,,0.8735849056603774,0.8509166882080255,0.7709433962264151,0.7766037735849056,0.5615094339622642,0.8735849056603774,0.7894736842105263,0.75,1.0,0.7697368421052632,0.8216608738828203,budget_not_selected,0,0,0,0,0,,False,,
4,static_selected_distance_context,32,False,54,70,A02,A02|F025|7|P1886+P2791+P3216+P3506+P3560+P3584+P3815,A02|F033|12|P0660+P0761+P1198+P1462+P2397+P2940+P3002+P3303+P3352+P3542+P3649+P3929,7,12,F025,F033,0.0,80.0,36.333333333333336,,0.7588679245283019,0.21419484696603946,0.5573584905660378,0.7766037735849056,0.5615094339622642,0.7588679245283019,1.0,0.75,1.0,0.875,0.8169339622641509,budget_not_selected,0,0,0,0,0,,False,,
4,static_selected_distance_context,33,False,15,26,A01,A01|F008|3|P1310+P1334+P3410,A01|F013|16|P1296+P1897+P1992+P2044+P2061+P2343+P2463+P2807+P3202+P3277+P3466+P3572+P3676+P3797+P3849+P3925,3,16,F008,F013,0.0,81.0,60.333333333333336,,0.7532075471698113,0.8586958855927248,0.3162264150943396,0.7766037735849056,0.16943396226415092,0.7532075471698113,1.0,0.75,1.0,0.875,0.8141037735849057,budget_not_selected,0,0,0,0,0,,False,,
4,static_selected_distance_context,34,False,0,31,A01,A01|F001|4|P0036+P0918+P2537+P2942,A01|F016|9|P0275+P0423+P0482+P0613+P0647+P0950+P1114+P2472+P2898,4,9,F001,F016,0.0,41.0,35.0,,0.9109433962264151,0.9294506967326246,0.5739622641509434,0.3007547169811321,0.7460377358490566,0.9109433962264151,0.6842105263157895,0.75,1.0,0.7171052631578947,0.8140243296921549,budget_not_selected,0,0,0,0,0,,False,,
4,static_selected_distance_context,35,False,7,15,A01,A01|F004|11|P0146+P0632+P0908+P1052+P1216+P1264+P1553+P2173+P2793+P3113+P3938,A01|F008|3|P1310+P1334+P3410,11,3,F004,F008,0.0,52.0,21.666666666666668,,0.8656603773584906,0.8586958855927248,0.780377358490566,0.6003773584905661,0.27433962264150946,0.8656603773584906,0.7368421052631579,0.75,1.0,0.743421052631579,0.8045407149950348,budget_not_selected,0,0,0,0,0,,False,,
4,static_selected_distance_context,36,False,10,15,A01,A01|F005|16|P1933+P2027+P2062+P2096+P2165+P2202+P2334+P2540+P2661+P2725+P3074+P3363+P3624+P3706+P3814+P3917,A01|F008|3|P1310+P1334+P3410,16,3,F005,F008,0.0,88.0,39.0,,0.7271698113207548,0.32148366584147414,0.5256603773584906,0.459622641509434,0.27433962264150946,0.7271698113207548,1.0,0.75,1.0,0.875,0.8010849056603774,budget_not_selected,0,0,0,0,0,,False,,
4,static_selected_distance_context,37,False,15,25,A01,A01|F008|3|P1310+P1334+P3410,A01|F013|15|P0229+P0417+P0419+P0453+P0648+P0672+P0785+P0870+P0912+P1139+P1153+P2464+P3092+P3150+P3176,3,15,F008,F013,0.0,81.0,60.333333333333336,,0.7532075471698113,0.8586958855927248,0.3162264150943396,0.7766037735849056,0.16943396226415092,0.7532075471698113,0.9473684210526315,0.75,1.0,0.8486842105263157,0.8009458788480635,budget_not_selected,0,0,0,0,0,,False,,
4,static_selected_distance_context,38,False,0,61,A01,A01|F001|4|P0036+P0918+P2537+P2942,A01|F029|12|P0159+P0299+P0306+P0449+P0962+P0987+P1077+P1226+P1276+P1738+P1878+P1919,4,12,F001,F029,0.0,67.0,17.666666666666668,,0.8026415094339623,0.23871436012781846,0.8377358490566038,0.7766037735849056,0.4420754716981132,0.8026415094339623,0.8421052631578947,0.75,1.0,0.7960526315789473,0.7993470705064548,budget_not_selected,0,0,0,0,0,,False,,
4,static_selected_distance_context,39,False,15,63,A01,A01|F008|3|P1310+P1334+P3410,A01|F030|16|P0169+P0332+P0347+P0357+P0479+P0562+P0661+P1007+P1086+P1200+P1324+P1376+P1739+P1804+P2026+P2086,3,16,F008,F030,0.0,89.0,69.33333333333333,,0.7218867924528302,0.32148366584147414,0.26113207547169814,0.12943396226415094,0.7460377358490566,0.7218867924528302,1.0,0.75,1.0,0.875,0.798443396226415,budget_not_selected,0,0,0,0,0,,False,,
4,static_selected_distance_context,40,False,49,54,A02,A02|F023|9|P0068+P0111+P0298+P0611+P0693+P1031+P1482+P2314+P2790,A02|F025|7|P1886+P2791+P3216+P3506+P3560+P3584+P3815,9,7,F023,F025,0.0,70.0,63.0,,0.7943396226415094,0.7937898582911843,0.2988679245283019,0.3007547169811321,0.789622641509434,0.7943396226415094,0.8421052631578947,0.75,1.0,0.7960526315789473,0.7951961271102284,budget_not_selected,0,0,0,0,0,,False,,
4,static_selected_distance_context,41,False,70,74,A02,A02|F033|12|P0660+P0761+P1198+P1462+P2397+P2940+P3002+P3303+P3352+P3542+P3649+P3929,A02|F035|5|P0115+P3360+P3552+P3652+P3844,12,5,F033,F035,0.0,80.0,20.666666666666668,,0.7588679245283019,0.07853400852459914,0.7973584905660378,0.659622641509434,0.6722641509433962,0.7588679245283019,0.8947368421052632,0.75,1.0,0.8223684210526316,0.7906181727904668,budget_not_selected,0,0,0,0,0,,False,,
4,static_selected_distance_context,42,False,15,17,A01,A01|F008|3|P1310+P1334+P3410,A01|F009|11|P0086+P0252+P0860+P1085+P1610+P1743+P1763+P1949+P2163+P3118+P3137,3,11,F008,F009,0.0,59.0,56.333333333333336,,0.8320754716981132,0.6173248558861338,0.3426415094339622,0.16150943396226414,0.27433962264150946,0.8320754716981132,0.7368421052631579,0.75,1.0,0.743421052631579,0.7877482621648462,budget_not_selected,0,0,0,0,0,,False,,
4,static_selected_distance_context,43,False,15,23,A01,A01|F008|3|P1310+P1334+P3410,A01|F012|15|P0004+P0049+P0093+P0228+P0239+P0247+P0266+P0510+P0525+P0561+P0584+P0619+P2131+P2753+P3211,3,15,F008,F012,0.0,89.0,21.333333333333332,,0.7218867924528302,0.32148366584147414,0.7860377358490566,0.7256603773584906,0.6722641509433962,0.7218867924528302,0.9473684210526315,0.75,1.0,0.8486842105263157,0.785285501489573,budget_not_selected,0,0,0,0,0,,False,,
4,static_selected_distance_context,44,False,39,74,A02,A02|F019|12|P0059+P0542+P0957+P1677+P2598+P2822+P3044+P3288+P3409+P3524+P3711+P3982,A02|F035|5|P0115+P3360+P3552+P3652+P3844,12,5,F019,F035,0.0,83.0,44.0,,0.7433962264150944,0.07853400852459914,0.459622641509434,0.5279245283018867,0.35132075471698115,0.7433962264150944,0.8947368421052632,0.75,1.0,0.8223684210526316,0.782882323733863,budget_not_selected,0,0,0,0,0,,False,,
4,static_selected_distance_context,45,False,48,74,A02,A02|F022|14|P2597+P2711+P2809+P3042+P3079+P3083+P3345+P3509+P3532+P3602+P3623+P3751+P3782+P3996,A02|F035|5|P0115+P3360+P3552+P3652+P3844,14,5,F022,F035,0.0,97.0,52.0,,0.689811320754717,0.07853400852459914,0.37056603773584906,0.16150943396226414,0.7460377358490566,0.689811320754717,1.0,0.75,1.0,0.875,0.7824056603773585,budget_not_selected,0,0,0,0,0,,False,,
4,static_selected_distance_context,46,False,0,33,A01,A01|F001|4|P0036+P0918+P2537+P2942,A01|F017|11|P0137+P0418+P0598+P1079+P1380+P1493+P1521+P1745+P2207+P2309+P2999,4,11,F001,F017,0.0,70.0,61.333333333333336,,0.7943396226415094,0.8509166882080255,0.3109433962264151,0.3007547169811321,0.5615094339622642,0.7943396226415094,0.7894736842105263,0.75,1.0,0.7697368421052632,0.7820382323733863,budget_not_selected,0,0,0,0,0,,False,,
4,static_selected_distance_context,47,False,3,21,A01,A01|F002|7|P1754+P1771+P2409+P2625+P2819+P3592+P3961,A01|F011|12|P0174+P0284+P0293+P0535+P0707+P0823+P0923+P1529+P1571+P1718+P3108+P3175,7,12,F002,F011,0.0,99.0,21.666666666666668,,0.6826415094339623,0.546570044746234,0.780377358490566,0.3886792452830189,0.7460377358490566,0.6826415094339623,1.0,0.75,1.0,0.875,0.7788207547169812,budget_not_selected,0,0,0,0,0,,False,,
4,static_selected_distance_context,48,False,7,29,A01,A01|F004|11|P0146+P0632+P0908+P1052+P1216+P1264+P1553+P2173+P2793+P3113+P3938,A01|F015|7|P0269+P0476+P0484+P0570+P0637+P1402+P3945,11,7,F004,F015,0.0,95.0,13.333333333333334,,0.7026415094339622,0.32148366584147414,0.9116981132075471,0.9328301886792453,0.5615094339622642,0.7026415094339622,0.9473684210526315,0.75,1.0,0.8486842105263157,0.775662859980139,budget_not_selected,0,0,0,0,0,,False,,
4,static_selected_distance_context,49,False,13,15,A01,A01|F007|9|P0057+P0480+P0652+P0685+P0786+P0812+P1703+P1838+P2738,A01|F008|3|P1310+P1334+P3410,9,3,F007,F008,0.0,54.0,14.333333333333334,,0.8573584905660377,0.8586958855927248,0.8943396226415095,0.9592452830188679,0.5615094339622642,0.8573584905660377,0.631578947368421,0.75,1.0,0.6907894736842105,0.7740739821251241,budget_not_selected,0,0,0,0,0,,False,,
4,static_selected_distance_context,50,False,15,27,A01,A01|F008|3|P1310+P1334+P3410,A01|F014|12|P0061+P0303+P0849+P1095+P1163+P1235+P1805+P1853+P1902+P2120+P2969+P3614,3,12,F008,F014,0.0,76.0,61.666666666666664,,0.7713207547169811,0.3922384769813739,0.30679245283018863,0.12943396226415094,0.5615094339622642,0.7713207547169811,0.7894736842105263,0.75,1.0,0.7697368421052632,0.7705287984111222,budget_not_selected,0,0,0,0,0,,False,,
4,static_selected_distance_context,51,False,54,74,A02,A02|F025|7|P1886+P2791+P3216+P3506+P3560+P3584+P3815,A02|F035|5|P0115+P3360+P3552+P3652+P3844,7,5,F025,F035,0.0,57.0,57.0,,0.8418867924528302,0.7937898582911843,0.33698113207547165,0.3007547169811321,0.789622641509434,0.8418867924528302,0.631578947368421,0.75,1.0,0.6907894736842105,0.7663381330685204,budget_not_selected,0,0,0,0,0,,False,,
4,static_selected_distance_context,52,False,0,27,A01,A01|F001|4|P0036+P0918+P2537+P2942,A01|F014|12|P0061+P0303+P0849+P1095+P1163+P1235+P1805+P1853+P1902+P2120+P2969+P3614,4,12,F001,F014,0.0,85.0,45.0,,0.7366037735849056,0.7058224433035845,0.4479245283018868,0.3007547169811321,0.4420754716981132,0.7366037735849056,0.8421052631578947,0.75,1.0,0.7960526315789473,0.7663282025819265,budget_not_selected,0,0,0,0,0,,False,,
4,static_selected_distance_context,53,False,3,17,A01,A01|F002|7|P1754+P1771+P2409+P2625+P2819+P3592+P3961,A01|F009|11|P0086+P0252+P0860+P1085+P1610+P1743+P1763+P1949+P2163+P3118+P3137,7,11,F002,F009,0.0,100.0,56.0,,0.6799999999999999,0.546570044746234,0.3460377358490566,0.12943396226415094,0.6722641509433962,0.6799999999999999,0.9473684210526315,0.75,1.0,0.8486842105263157,0.7643421052631578,budget_not_selected,0,0,0,0,0,,False,,
4,static_selected_distance_context,54,False,15,32,A01,A01|F008|3|P1310+P1334+P3410,A01|F016|16|P1347+P1537+P1579+P1582+P1680+P1697+P2185+P2192+P2227+P2731+P2736+P3170+P3192+P3316+P3356+P3427,3,16,F008,F016,0.0,112.0,51.666666666666664,,0.6449056603773584,0.242949657316875,0.37584905660377355,0.12943396226415094,0.789622641509434,0.6449056603773584,1.0,0.75,1.0,0.875,0.7599528301886792,budget_not_selected,0,0,0,0,0,,False,,
4,static_selected_distance_context,55,False,15,34,A01,A01|F008|3|P1310+P1334+P3410,A01|F017|16|P2043+P2137+P2139+P2152+P2229+P2499+P2682+P2789+P2825+P2836+P3112+P3240+P3279+P3310+P3655+P3684,3,16,F008,F017,0.0,112.0,78.0,,0.6449056603773584,0.32148366584147414,0.22867924528301886,0.12943396226415094,0.27433962264150946,0.6449056603773584,1.0,0.75,1.0,0.875,0.7599528301886792,budget_not_selected,0,0,0,0,0,,False,,
4,static_selected_distance_context,56,False,56,74,A02,A02|F026|14|P0230+P0574+P2408+P2710+P2867+P2971+P3013+P3174+P3320+P3582+P3658+P3694+P3862+P3914,A02|F035|5|P0115+P3360+P3552+P3652+P3844,14,5,F026,F035,0.0,112.0,39.0,,0.6449056603773584,0.07853400852459914,0.5256603773584906,0.5279245283018867,0.789622641509434,0.6449056603773584,1.0,0.75,1.0,0.875,0.7599528301886792,budget_not_selected,0,0,0,0,0,,False,,
4,static_selected_distance_context,57,False,3,59,A01,A01|F002|7|P1754+P1771+P2409+P2625+P2819+P3592+P3961,A01|F028|12|P0241+P0272+P0289+P0320+P0490+P0559+P0600+P0634+P0700+P0953+P1113+P1179,7,12,F002,F028,0.0,114.0,7.0,,0.6373584905660377,0.546570044746234,0.9694339622641509,0.9328301886792453,0.5615094339622642,0.6373584905660377,1.0,0.75,1.0,0.875,0.7561792452830188,budget_not_selected,0,0,0,0,0,,False,,
4,static_selected_distance_context,58,False,42,74,A02,A02|F020|14|P0635+P2429+P3026+P3060+P3093+P3278+P3341+P3483+P3633+P3727+P3822+P3848+P3937+P3998,A02|F035|5|P0115+P3360+P3552+P3652+P3844,14,5,F020,F035,0.0,114.0,74.33333333333333,,0.6373584905660377,0.07853400852459914,0.23886792452830186,0.07509433962264156,0.7460377358490566,0.6373584905660377,1.0,0.75,1.0,0.875,0.7561792452830188,budget_not_selected,0,0,0,0,0,,False,,
4,static_selected_distance_context,59,False,0,59,A01,A01|F001|4|P0036+P0918+P2537+P2942,A01|F028|12|P0241+P0272+P0289+P0320+P0490+P0559+P0600+P0634+P0700+P0953+P1113+P1179,4,12,F001,F028,0.0,91.0,10.666666666666666,,0.7143396226415094,0.4807360643988245,0.940377358490566,0.7766037735849056,0.4420754716981132,0.7143396226415094,0.8421052631578947,0.75,1.0,0.7960526315789473,0.7551961271102283,budget_not_selected,0,0,0,0,0,,False,,
4,static_selected_distance_context,60,False,3,27,A01,A01|F002|7|P1754+P1771+P2409+P2625+P2819+P3592+P3961,A01|F014|12|P0061+P0303+P0849+P1095+P1163+P1235+P1805+P1853+P1902+P2120+P2969+P3614,7,12,F002,F014,0.0,124.0,61.333333333333336,,0.6052830188679246,0.32148366584147414,0.3109433962264151,0.10528301886792457,0.5615094339622642,0.6052830188679246,1.0,0.75,1.0,0.875,0.7401415094339623,budget_not_selected,0,0,0,0,0,,False,,
4,static_selected_distance_context,61,False,0,21,A01,A01|F001|4|P0036+P0918+P2537+P2942,A01|F011|12|P0174+P0284+P0293+P0535+P0707+P0823+P0923+P1529+P1571+P1718+P3108+P3175,4,12,F001,F011,0.0,101.0,10.0,,0.6777358490566038,0.4807360643988245,0.9471698113207547,0.7256603773584906,0.6722641509433962,0.6777358490566038,0.8421052631578947,0.75,1.0,0.7960526315789473,0.7368942403177756,budget_not_selected,0,0,0,0,0,,False,,
4,static_selected_distance_context,62,False,9,15,A01,A01|F005|11|P0177+P0622+P0879+P0978+P1006+P1078+P1307+P1710+P1910+P3403+P3882,A01|F008|3|P1310+P1334+P3410,11,3,F005,F008,0.0,88.0,39.0,,0.7271698113207548,0.32148366584147414,0.5256603773584906,0.459622641509434,0.27433962264150946,0.7271698113207548,0.7368421052631579,0.75,1.0,0.743421052631579,0.7352954319761669,budget_not_selected,0,0,0,0,0,,False,,
4,static_selected_distance_context,63,False,29,61,A01,A01|F015|7|P0269+P0476+P0484+P0570+P0637+P1402+P3945,A01|F029|12|P0159+P0299+P0306+P0449+P0962+P0987+P1077+P1226+P1276+P1738+P1878+P1919,7,12,F015,F029,0.0,128.0,13.333333333333334,,0.5932075471698113,0.16018035160321933,0.9116981132075471,0.659622641509434,0.4420754716981132,0.5932075471698113,1.0,0.75,1.0,0.875,0.7341037735849056,budget_not_selected,0,0,0,0,0,,False,,
4,static_selected_distance_context,64,False,15,40,A01,A01|F008|3|P1310+P1334+P3410,A01|F020|16|P0249+P0350+P0421+P0436+P0440+P0458+P0492+P0612+P1119+P1120+P1315+P1329+P1333+P1343+P1358+P1365,3,16,F008,F020,0.0,130.0,64.33333333333333,,0.5864150943396227,0.242949657316875,0.2924528301886793,0.12943396226415094,0.6722641509433962,0.5864150943396227,1.0,0.75,1.0,0.875,0.7307075471698113,budget_not_selected,0,0,0,0,0,,False,,
4,static_selected_distance_context,65,False,15,41,A01,A01|F008|3|P1310+P1334+P3410,A01|F020|16|P1453+P1671+P1699+P1713+P1790+P1794+P1857+P2034+P2057+P2216+P2287+P2469+P2543+P2657+P2722+P2831,3,16,F008,F020,0.0,130.0,64.33333333333333,,0.5864150943396227,0.242949657316875,0.2924528301886793,0.12943396226415094,0.6722641509433962,0.5864150943396227,1.0,0.75,1.0,0.875,0.7307075471698113,budget_not_selected,0,0,0,0,0,,False,,
4,static_selected_distance_context,66,False,15,29,A01,A01|F008|3|P1310+P1334+P3410,A01|F015|7|P0269+P0476+P0484+P0570+P0637+P1402+P3945,3,7,F008,F015,0.0,64.0,35.0,,0.8181132075471698,0.3922384769813739,0.5739622641509434,0.459622641509434,0.13999999999999996,0.8181132075471698,0.5263157894736842,0.75,1.0,0.638157894736842,0.7281355511420059,budget_not_selected,0,0,0,0,0,,False,,
4,static_selected_distance_context,67,False,0,29,A01,A01|F001|4|P0036+P0918+P2537+P2942,A01|F015|7|P0269+P0476+P0484+P0570+P0637+P1402+P3945,4,7,F001,F015,0.0,73.0,18.333333333333332,,0.7845283018867925,0.7058224433035845,0.8283018867924529,0.7766037735849056,0.23188679245283017,0.7845283018867925,0.5789473684210527,0.75,1.0,0.6644736842105263,0.7245009930486594,budget_not_selected,0,0,0,0,0,,False,,
4,static_selected_distance_context,68,False,15,46,A01,A01|F008|3|P1310+P1334+P3410,A01|F022|16|P0002+P0055+P0058+P0126+P0214+P0268+P0460+P0750+P0782+P0800+P0909+P0992+P1141+P1151+P1188+P1463,3,16,F008,F022,0.0,134.0,42.0,,0.570566037735849,0.242949657316875,0.4883018867924528,0.2516981132075472,0.6722641509433962,0.570566037735849,1.0,0.75,1.0,0.875,0.7227830188679245,budget_not_selected,0,0,0,0,0,,False,,
4,static_selected_distance_context,69,False,15,47,A01,A01|F008|3|P1310+P1334+P3410,A01|F022|16|P1476+P1481+P1544+P1577+P1627+P1900+P1984+P2051+P2258+P2317+P2333+P2382+P2393+P2425+P2462+P2578,3,16,F008,F022,0.0,134.0,42.0,,0.570566037735849,0.242949657316875,0.4883018867924528,0.2516981132075472,0.6722641509433962,0.570566037735849,1.0,0.75,1.0,0.875,0.7227830188679245,budget_not_selected,0,0,0,0,0,,False,,
4,static_selected_distance_context,70,False,13,29,A01,A01|F007|9|P0057+P0480+P0652+P0685+P0786+P0812+P1703+P1838+P2738,A01|F015|7|P0269+P0476+P0484+P0570+P0637+P1402+P3945,9,7,F007,F015,0.0,113.0,49.333333333333336,,0.6407547169811321,0.32148366584147414,0.40113207547169816,0.5279245283018867,0.4420754716981132,0.6407547169811321,0.8421052631578947,0.75,1.0,0.7960526315789473,0.7184036742800397,budget_not_selected,0,0,0,0,0,,False,,
4,static_selected_distance_context,71,False,0,17,A01,A01|F001|4|P0036+P0918+P2537+P2942,A01|F009|11|P0086+P0252+P0860+P1085+P1610+P1743+P1763+P1949+P2163+P3118+P3137,4,11,F001,F009,0.0,107.0,39.666666666666664,,0.6603773584905661,0.4807360643988245,0.5181132075471698,0.2516981132075472,0.5615094339622642,0.6603773584905661,0.7894736842105263,0.75,1.0,0.7697368421052632,0.7150571002979147,budget_not_selected,0,0,0,0,0,,False,,
4,static_selected_distance_context,72,False,54,64,A02,A02|F025|7|P1886+P2791+P3216+P3506+P3560+P3584+P3815,A02|F030|10|P0448+P2098+P2453+P3096+P3117+P3531+P3615+P3686+P3799+P3847,7,10,F025,F030,0.0,128.0,22.333333333333332,,0.5932075471698113,0.0,0.7709433962264151,0.659622641509434,0.7460377358490566,0.5932075471698113,0.8947368421052632,0.75,1.0,0.8223684210526316,0.7077879841112215,budget_not_selected,0,0,0,0,0,,False,,
4,static_selected_distance_context,73,False,3,15,A01,A01|F002|7|P1754+P1771+P2409+P2625+P2819+P3592+P3961,A01|F008|3|P1310+P1334+P3410,7,3,F002,F008,0.0,75.0,2.3333333333333335,,0.7762264150943397,0.8586958855927248,0.999245283018868,0.9592452830188679,0.7460377358490566,0.7762264150943397,0.5263157894736842,0.75,1.0,0.638157894736842,0.7071921549155908,budget_not_selected,0,0,0,0,0,,False,,
4,static_selected_distance_context,74,False,15,33,A01,A01|F008|3|P1310+P1334+P3410,A01|F017|11|P0137+P0418+P0598+P1079+P1380+P1493+P1521+P1745+P2207+P2309+P2999,3,11,F008,F017,0.0,112.0,78.0,,0.6449056603773584,0.32148366584147414,0.22867924528301886,0.12943396226415094,0.27433962264150946,0.6449056603773584,0.7368421052631579,0.75,1.0,0.743421052631579,0.6941633565044687,budget_not_selected,0,0,0,0,0,,False,,
4,static_selected_distance_context,75,False,3,9,A01,A01|F002|7|P1754+P1771+P2409+P2625+P2819+P3592+P3961,A01|F005|11|P0177+P0622+P0879+P0978+P1006+P1078+P1307+P1710+P1910+P3403+P3882,7,11,F002,F005,0.0,151.0,38.666666666666664,,0.5150943396226415,0.32148366584147414,0.5313207547169811,0.42188679245283023,0.6722641509433962,0.5150943396226415,0.9473684210526315,0.75,1.0,0.8486842105263157,0.6818892750744786,budget_not_selected,0,0,0,0,0,,False,,
4,static_selected_distance_context,76,False,3,29,A01,A01|F002|7|P1754+P1771+P2409+P2625+P2819+P3592+P3961,A01|F015|7|P0269+P0476+P0484+P0570+P0637+P1402+P3945,7,7,F002,F015,0.0,127.0,34.666666666666664,,0.5966037735849057,0.32148366584147414,0.5800000000000001,0.42188679245283023,0.6722641509433962,0.5966037735849057,0.7368421052631579,0.75,1.0,0.743421052631579,0.6700124131082423,budget_not_selected,0,0,0,0,0,,False,,
4,static_selected_distance_context,77,False,3,33,A01,A01|F002|7|P1754+P1771+P2409+P2625+P2819+P3592+P3961,A01|F017|11|P0137+P0418+P0598+P1079+P1380+P1493+P1521+P1745+P2207+P2309+P2999,7,11,F002,F017,0.0,161.0,77.66666666666667,,0.48716981132075476,0.32148366584147414,0.23094339622641513,0.10528301886792457,0.6722641509433962,0.48716981132075476,0.9473684210526315,0.75,1.0,0.8486842105263157,0.6679270109235352,budget_not_selected,0,0,0,0,0,,False,,
4,static_selected_distance_context,78,False,13,31,A01,A01|F007|9|P0057+P0480+P0652+P0685+P0786+P0812+P1703+P1838+P2738,A01|F016|9|P0275+P0423+P0482+P0613+P0647+P0950+P1114+P2472+P2898,9,9,F007,F016,0.0,161.0,66.0,,0.48716981132075476,0.242949657316875,0.28490566037735854,0.16150943396226414,0.2888679245283019,0.48716981132075476,0.9473684210526315,0.75,1.0,0.8486842105263157,0.6679270109235352,budget_not_selected,0,0,0,0,0,,False,,
4,static_selected_distance_context,79,False,15,31,A01,A01|F008|3|P1310+P1334+P3410,A01|F016|9|P0275+P0423+P0482+P0613+P0647+P0950+P1114+P2472+P2898,3,9,F008,F016,0.0,112.0,51.666666666666664,,0.6449056603773584,0.242949657316875,0.37584905660377355,0.12943396226415094,0.789622641509434,0.6449056603773584,0.631578947368421,0.75,1.0,0.6907894736842105,0.6678475670307844,budget_not_selected,0,0,0,0,0,,False,,
4,static_selected_distance_context,80,False,0,19,A01,A01|F001|4|P0036+P0918+P2537+P2942,A01|F010|12|P0028+P0077+P0375+P0395+P0583+P0631+P0642+P0835+P1907+P2840+P3644+P3775,4,12,F001,F010,0.0,147.0,15.0,,0.5275471698113208,0.242949657316875,0.8833962264150943,0.7766037735849056,0.4420754716981132,0.5275471698113208,0.8421052631578947,0.75,1.0,0.7960526315789473,0.6617999006951341,budget_not_selected,0,0,0,0,0,,False,,
4,static_selected_distance_context,81,False,15,37,A01,A01|F008|3|P1310+P1334+P3410,A01|F019|13|P0045+P0134+P0344+P0493+P0572+P0946+P1099+P1101+P1160+P1164+P1284+P1345+P1500,3,13,F008,F019,0.0,147.0,34.0,,0.5275471698113208,0.242949657316875,0.5920754716981131,0.7256603773584906,0.5615094339622642,0.5275471698113208,0.8421052631578947,0.75,1.0,0.7960526315789473,0.6617999006951341,budget_not_selected,0,0,0,0,0,,False,,
4,static_selected_distance_context,82,False,49,64,A02,A02|F023|9|P0068+P0111+P0298+P0611+P0693+P1031+P1482+P2314+P2790,A02|F030|10|P0448+P2098+P2453+P3096+P3117+P3531+P3615+P3686+P3799+P3847,9,10,F023,F030,0.0,192.0,85.33333333333333,,0.3969811320754717,0.0,0.20075471698113212,0.07509433962264156,0.789622641509434,0.3969811320754717,1.0,0.75,1.0,0.875,0.6359905660377358,budget_not_selected,0,0,0,0,0,,False,,
4,static_selected_distance_context,83,False,64,74,A02,A02|F030|10|P0448+P2098+P2453+P3096+P3117+P3531+P3615+P3686+P3799+P3847,A02|F035|5|P0115+P3360+P3552+P3652+P3844,10,5,F030,F035,0.0,161.0,79.33333333333333,,0.48716981132075476,0.0,0.22264150943396221,0.07509433962264156,0.789622641509434,0.48716981132075476,0.7894736842105263,0.75,1.0,0.7697368421052632,0.628453326713009,budget_not_selected,0,0,0,0,0,,False,,
4,static_selected_distance_context,84,False,3,31,A01,A01|F002|7|P1754+P1771+P2409+P2625+P2819+P3592+P3961,A01|F016|9|P0275+P0423+P0482+P0613+P0647+P0950+P1114+P2472+P2898,7,9,F002,F016,0.0,172.0,51.333333333333336,,0.45547169811320753,0.242949657316875,0.3815094339622641,0.10528301886792457,0.789622641509434,0.45547169811320753,0.8421052631578947,0.75,1.0,0.7960526315789473,0.6257621648460774,budget_not_selected,0,0,0,0,0,,False,,
4,static_selected_distance_context,85,False,77,84,A03,A03|F036|8|P0401+P0709+P1087+P1650+P1817+P3698+P3755+P3770,A03|F040|11|P0140+P0367+P0868+P0880+P1004+P1567+P1598+P1705+P1715+P1750+P2374,8,11,F036,F040,0.0,205.0,135.66666666666666,,0.3652830188679246,0.16196643821125,0.0860377358490566,0.16150943396226414,0.5615094339622642,0.3652830188679246,1.0,0.75,1.0,0.875,0.6201415094339623,budget_not_selected,0,0,0,0,0,,False,,
4,static_selected_distance_context,86,False,0,7,A01,A01|F001|4|P0036+P0918+P2537+P2942,A01|F004|11|P0146+P0632+P0908+P1052+P1216+P1264+P1553+P2173+P2793+P3113+P3938,4,11,F001,F004,0.0,168.0,12.333333333333334,,0.46566037735849053,0.242949657316875,0.9286792452830188,0.7766037735849056,0.5615094339622642,0.46566037735849053,0.7894736842105263,0.75,1.0,0.7697368421052632,0.6176986097318768,budget_not_selected,0,0,0,0,0,,False,,
4,static_selected_distance_context,87,False,0,25,A01,A01|F001|4|P0036+P0918+P2537+P2942,A01|F013|15|P0229+P0417+P0419+P0453+P0648+P0672+P0785+P0870+P0912+P1139+P1153+P2464+P3092+P3150+P3176,4,15,F001,F013,0.0,210.0,77.0,,0.3501886792452831,0.242949657316875,0.23245283018867924,0.459622641509434,0.4420754716981132,0.3501886792452831,1.0,0.75,1.0,0.875,0.6125943396226415,budget_not_selected,0,0,0,0,0,,False,,
4,static_selected_distance_context,88,False,15,73,A01,A01|F008|3|P1310+P1334+P3410,A01|F035|16|P0428+P0565+P0665+P0677+P0755+P1049+P1124+P1256+P1366+P1575+P1701+P1714+P2079+P2116+P2239+P2413,3,16,F008,F035,0.0,227.0,22.0,,0.31169811320754715,0.0,0.7754716981132075,0.8350943396226416,0.789622641509434,0.31169811320754715,1.0,0.75,1.0,0.875,0.5933490566037736,budget_not_selected,0,0,0,0,0,,False,,
4,static_selected_distance_context,89,False,15,61,A01,A01|F008|3|P1310+P1334+P3410,A01|F029|12|P0159+P0299+P0306+P0449+P0962+P0987+P1077+P1226+P1276+P1738+P1878+P1919,3,12,F008,F029,0.0,191.0,34.333333333333336,,0.4007547169811321,0.080983219105625,0.5860377358490566,0.459622641509434,0.14660377358490562,0.4007547169811321,0.7894736842105263,0.75,1.0,0.7697368421052632,0.5852457795431976,budget_not_selected,0,0,0,0,0,,False,,
4,static_selected_distance_context,90,False,0,15,A01,A01|F001|4|P0036+P0918+P2537+P2942,A01|F008|3|P1310+P1334+P3410,4,3,F001,F008,0.0,131.0,16.666666666666668,,0.580754716981132,0.242949657316875,0.8573584905660377,0.8350943396226416,0.6722641509433962,0.580754716981132,0.3684210526315789,0.75,1.0,0.5592105263157895,0.5699826216484607,budget_not_selected,0,0,0,0,0,,False,,
4,static_selected_distance_context,91,False,0,13,A01,A01|F001|4|P0036+P0918+P2537+P2942,A01|F007|9|P0057+P0480+P0652+P0685+P0786+P0812+P1703+P1838+P2738,4,9,F001,F007,0.0,184.0,31.0,,0.4207547169811321,0.242949657316875,0.6377358490566039,0.7766037735849056,0.4420754716981132,0.4207547169811321,0.6842105263157895,0.75,1.0,0.7171052631578947,0.5689299900695134,budget_not_selected,0,0,0,0,0,,False,,
4,static_selected_distance_context,92,False,3,61,A01,A01|F002|7|P1754+P1771+P2409+P2625+P2819+P3592+P3961,A01|F029|12|P0159+P0299+P0306+P0449+P0962+P0987+P1077+P1226+P1276+P1738+P1878+P1919,7,12,F002,F029,0.0,253.0,34.0,,0.2554716981132076,0.080983219105625,0.5920754716981131,0.42188679245283023,0.5615094339622642,0.2554716981132076,1.0,0.75,1.0,0.875,0.5652358490566038,budget_not_selected,0,0,0,0,0,,False,,
4,static_selected_distance_context,93,False,0,3,A01,A01|F001|4|P0036+P0918+P2537+P2942,A01|F002|7|P1754+P1771+P2409+P2625+P2819+P3592+P3961,4,7,F001,F002,0.0,200.0,17.666666666666668,,0.3766037735849057,0.242949657316875,0.8377358490566038,0.7766037735849056,0.6722641509433962,0.3766037735849057,0.5789473684210527,0.75,1.0,0.6644736842105263,0.520538728897716,budget_not_selected,0,0,0,0,0,,False,,
5,static_selected_distance_context,1,True,54,62,A02,A02|F025|7|P1886+P2791+P3216+P3506+P3560+P3584+P3815,A02|F029|12|P0226+P1827+P1956+P2101+P2590+P2617+P2683+P2796+P2810+P3402+P3626+P3741,7,12,F025,F029,0.0,24.0,12.666666666666666,,0.9739622641509434,0.8398196483967807,0.9226415094339623,0.9864150943396226,0.5615094339622642,0.9739622641509434,1.0,0.75,1.0,0.875,0.9244811320754718,improving_not_selected,2,0,2,0,0,117,False,5.462182999996003,
5,static_selected_distance_context,2,True,27,29,A01,A01|F014|12|P0061+P0303+P0849+P1095+P1163+P1235+P1805+P1853+P1902+P2120+P2969+P3614,A01|F015|7|P0269+P0476+P0484+P0570+P0637+P1402+P3945,12,7,F014,F015,0.0,27.0,26.666666666666668,,0.9633962264150944,1.0,0.7090566037735849,0.659622641509434,0.4420754716981132,0.9633962264150944,1.0,0.75,1.0,0.875,0.9191981132075472,improving_not_selected,2,0,2,0,0,74,False,5.244337299998733,
5,static_selected_distance_context,3,True,21,29,A01,A01|F011|12|P0174+P0284+P0293+P0535+P0707+P0823+P0923+P1529+P1571+P1718+P3108+P3175,A01|F015|7|P0269+P0476+P0484+P0570+P0637+P1402+P3945,12,7,F011,F015,0.0,31.0,13.0,,0.9535849056603773,0.7043643178278647,0.9166037735849056,0.6988679245283018,0.6722641509433962,0.9535849056603773,1.0,0.75,1.0,0.875,0.9142924528301887,improving_not_selected,2,0,2,0,0,79,False,5.244225099995674,
5,static_selected_distance_context,4,True,29,59,A01,A01|F015|7|P0269+P0476+P0484+P0570+P0637+P1402+P3945,A01|F028|12|P0241+P0272+P0289+P0320+P0490+P0559+P0600+P0634+P0700+P0953+P1113+P1179,7,12,F015,F028,0.0,32.0,27.666666666666668,,0.949811320754717,0.7043643178278647,0.6890566037735849,0.5279245283018867,0.4420754716981132,0.949811320754717,1.0,0.75,1.0,0.875,0.9124056603773585,improving_not_selected,2,0,2,0,0,92,False,5.461285599994881,
5,static_selected_distance_context,5,True,9,29,A01,A01|F005|11|P0177+P0622+P0879+P0978+P1006+P1078+P1307+P1710+P1910+P3403+P3882,A01|F015|7|P0269+P0476+P0484+P0570+P0637+P1402+P3945,11,7,F005,F015,0.0,25.0,4.0,,0.9694339622641509,0.7843564518281836,0.9909433962264151,0.9864150943396226,0.5615094339622642,0.9694339622641509,0.9473684210526315,0.75,1.0,0.8486842105263157,0.9090590863952333,improving_not_selected,2,0,2,0,0,81,False,4.978231299995969,
5,static_selected_distance_context,6,True,3,7,A01,A01|F002|7|P1754+P1771+P2409+P2625+P2819+P3592+P3961,A01|F004|11|P0146+P0632+P0908+P1052+P1216+P1264+P1553+P2173+P2793+P3113+P3938,7,11,F002,F004,0.0,33.0,21.333333333333332,,0.9460377358490566,1.0,0.7860377358490566,0.5279245283018867,0.6722641509433962,0.9460377358490566,0.9473684210526315,0.75,1.0,0.8486842105263157,0.8973609731876862,improving_not_selected,2,0,2,0,0,103,False,4.977695699999458,
5,static_selected_distance_context,7,True,52,54,A02,A02|F024|12|P0213+P0307+P0433+P0499+P0729+P1905+P2195+P2535+P2572+P3190+P3603+P3872,A02|F025|7|P1886+P2791+P3216+P3506+P3560+P3584+P3815,12,7,F024,F025,0.0,39.0,15.666666666666666,,0.919245283018868,0.8398196483967807,0.8758490566037735,0.6003773584905661,0.7460377358490566,0.919245283018868,1.0,0.75,1.0,0.875,0.897122641509434,improving_not_selected,2,0,2,0,0,98,False,5.46189929999673,
5,static_selected_distance_context,8,True,0,37,A01,A01|F001|4|P0036+P0918+P2537+P2942,A01|F019|13|P0045+P0134+P0344+P0493+P0572+P0946+P1099+P1101+P1160+P1164+P1284+P1345+P1500,4,13,F001,F019,0.0,25.0,17.333333333333332,,0.9694339622641509,0.8643391615585597,0.8456603773584905,0.9328301886792453,0.4420754716981132,0.9694339622641509,0.8947368421052632,0.75,1.0,0.8223684210526316,0.8959011916583912,improving_not_selected,2,0,2,0,0,127,False,4.977577799996652,
5,static_selected_distance_context,9,True,11,15,A01,A01|F006|16|P0042+P0044+P0089+P0113+P0151+P0158+P0186+P0240+P0244+P0267+P0393+P0718+P0863+P1394+P1611+P3271,A01|F008|3|P1310+P1334+P3410,16,3,F006,F008,0.0,41.0,16.333333333333332,,0.9109433962264151,0.8586958855927248,0.8626415094339622,0.7256603773584906,0.6722641509433962,0.9109433962264151,1.0,0.75,1.0,0.875,0.8929716981132075,improving_not_selected,2,0,2,0,0,112,False,4.97834779999539,
5,static_selected_distance_context,10,True,0,23,A01,A01|F001|4|P0036+P0918+P2537+P2942,A01|F012|15|P0004+P0049+P0093+P0228+P0239+P0247+P0266+P0510+P0525+P0561+P0584+P0619+P2131+P2753+P3211,4,15,F001,F012,0.0,42.0,5.333333333333333,,0.9064150943396226,0.8509166882080255,0.9815094339622642,0.9328301886792453,0.5615094339622642,0.9064150943396226,1.0,0.75,1.0,0.875,0.8907075471698114,improving_not_selected,2,0,2,0,0,122,False,4.977458399996976,
5,static_selected_distance_context,11,True,17,29,A01,A01|F009|11|P0086+P0252+P0860+P1085+P1610+P1743+P1763+P1949+P2163+P3118+P3137,A01|F015|7|P0269+P0476+P0484+P0570+P0637+P1402+P3945,11,7,F009,F015,0.0,38.0,21.333333333333332,,0.9233962264150943,0.7749136210952401,0.7860377358490566,0.6003773584905661,0.5615094339622642,0.9233962264150943,0.9473684210526315,0.75,1.0,0.8486842105263157,0.886040218470705,improving_not_selected,2,0,2,0,0,72,False,5.097368499998993,
5,static_selected_distance_context,12,True,15,19,A01,A01|F008|3|P1310+P1334+P3410,A01|F010|12|P0028+P0077+P0375+P0395+P0583+P0631+P0642+P0835+P1907+P2840+P3644+P3775,3,12,F008,F010,0.0,19.0,3.6666666666666665,,0.9864150943396226,0.9292451888601003,0.9932075471698113,0.9592452830188679,0.16943396226415092,0.9864150943396226,0.7894736842105263,0.75,1.0,0.7697368421052632,0.8780759682224428,accepted,4,0,4,0,0,131,True,4.9786370000001625,5.462242499997956
5,static_selected_distance_context,13,True,3,13,A01,A01|F002|7|P1754+P1771+P2409+P2625+P2819+P3592+P3961,A01|F007|9|P0057+P0480+P0652+P0685+P0786+P0812+P1703+P1838+P2738,7,9,F002,F007,0.0,30.0,14.666666666666666,,0.9566037735849057,1.0,0.8883018867924528,0.9328301886792453,0.5615094339622642,0.9566037735849057,0.8421052631578947,0.75,1.0,0.7960526315789473,0.8763282025819266,improving_not_selected,4,0,4,0,0,122,False,4.977882499995758,
5,static_selected_distance_context,14,True,8,15,A01,A01|F004|16|P2183+P2362+P2487+P2551+P2669+P2716+P3039+P3053+P3119+P3159+P3243+P3375+P3585+P3598+P3761+P3906,A01|F008|3|P1310+P1334+P3410,16,3,F004,F008,0.0,52.0,21.666666666666668,,0.8656603773584906,0.8586958855927248,0.780377358490566,0.6003773584905661,0.27433962264150946,0.8656603773584906,1.0,0.75,1.0,0.875,0.8703301886792453,improving_not_selected,2,0,2,0,0,98,False,4.978120200001285,
5,static_selected_distance_context,15,True,3,19,A01,A01|F002|7|P1754+P1771+P2409+P2625+P2819+P3592+P3961,A01|F010|12|P0028+P0077+P0375+P0395+P0583+P0631+P0642+P0835+P1907+P2840+P3644+P3775,7,12,F002,F010,0.0,56.0,3.3333333333333335,,0.8483018867924528,0.9294506967326246,0.9947169811320755,0.9328301886792453,0.5615094339622642,0.8483018867924528,1.0,0.75,1.0,0.875,0.8616509433962264,improving_not_selected,2,0,2,0,0,93,False,4.978003999996872,
5,static_selected_distance_context,16,True,15,21,A01,A01|F008|3|P1310+P1334+P3410,A01|F011|12|P0174+P0284+P0293+P0535+P0707+P0823+P0923+P1529+P1571+P1718+P3108+P3175,3,12,F008,F011,0.0,33.0,22.0,,0.9460377358490566,0.6878741591535094,0.7754716981132075,0.42188679245283023,0.7460377358490566,0.9460377358490566,0.7894736842105263,0.75,1.0,0.7697368421052632,0.8578872889771598,improving_not_selected,4,0,4,0,0,113,False,4.97880879999866,
5,static_selected_distance_context,17,True,29,33,A01,A01|F015|7|P0269+P0476+P0484+P0570+P0637+P1402+P3945,A01|F017|11|P0137+P0418+P0598+P1079+P1380+P1493+P1521+P1745+P2207+P2309+P2999,7,11,F015,F017,0.0,53.0,43.0,,0.860754716981132,0.854905755095559,0.4732075471698113,0.659622641509434,0.5615094339622642,0.860754716981132,0.9473684210526315,0.75,1.0,0.8486842105263157,0.8547194637537239,improving_not_selected,2,0,2,0,0,63,False,5.4609840999983135,
5,static_selected_distance_context,18,True,15,18,A01,A01|F008|3|P1310+P1334+P3410,A01|F009|16|P2295+P2415+P2720+P2794+P2805+P2859+P2982+P2991+P3006+P3280+P3464+P3478+P3613+P3725+P3807+P3880,3,16,F008,F009,0.0,59.0,56.333333333333336,,0.8320754716981132,0.6173248558861338,0.3426415094339622,0.16150943396226414,0.27433962264150946,0.8320754716981132,1.0,0.75,1.0,0.875,0.8535377358490566,improving_not_selected,2,0,2,0,0,90,False,4.978462200000649,
5,static_selected_distance_context,19,True,15,30,A01,A01|F008|3|P1310+P1334+P3410,A01|F015|16|P0409+P0513+P0605+P0969+P0998+P1080+P1364+P1506+P1774+P1782+P2091+P3098+P3234+P3836+P3939+P3985,3,16,F008,F015,0.0,64.0,35.0,,0.8181132075471698,0.3922384769813739,0.5739622641509434,0.459622641509434,0.13999999999999996,0.8181132075471698,1.0,0.75,1.0,0.875,0.8465566037735849,improving_not_selected,2,0,2,0,0,94,False,5.0966228999968735,
5,static_selected_distance_context,20,True,39,54,A02,A02|F019|12|P0059+P0542+P0957+P1677+P2598+P2822+P3044+P3288+P3409+P3524+P3711+P3982,A02|F025|7|P1886+P2791+P3216+P3506+P3560+P3584+P3815,12,7,F019,F025,0.0,66.0,13.0,,0.8094339622641509,0.21419484696603946,0.9166037735849056,0.8784905660377358,0.5615094339622642,0.8094339622641509,1.0,0.75,1.0,0.875,0.8422169811320754,improving_not_selected,2,0,2,0,0,86,False,5.461594699998386,
5,static_selected_distance_context,21,True,15,59,A01,A01|F008|3|P1310+P1334+P3410,A01|F028|12|P0241+P0272+P0289+P0320+P0490+P0559+P0600+P0634+P0700+P0953+P1113+P1179,3,12,F008,F028,0.0,41.0,7.333333333333333,,0.9109433962264151,0.6878741591535094,0.9667924528301887,0.9592452830188679,0.5615094339622642,0.9109433962264151,0.7894736842105263,0.75,1.0,0.7697368421052632,0.8403401191658391,improving_not_selected,4,0,4,0,0,115,False,5.09708479999972,
5,static_selected_distance_context,22,True,29,31,A01,A01|F015|7|P0269+P0476+P0484+P0570+P0637+P1402+P3945,A01|F016|9|P0275+P0423+P0482+P0613+P0647+P0950+P1114+P2472+P2898,7,9,F015,F016,0.0,48.0,16.666666666666668,,0.8833962264150943,0.7058224433035845,0.8573584905660377,0.659622641509434,0.7460377358490566,0.8833962264150943,0.8421052631578947,0.75,1.0,0.7960526315789473,0.8397244289970208,improving_not_selected,4,4,0,0,0,71,False,5.460812199999054,
5,static_selected_distance_context,23,True,15,28,A01,A01|F008|3|P1310+P1334+P3410,A01|F014|16|P2127+P2447+P2512+P2561+P2767+P2844+P2908+P2953+P3160+P3475+P3554+P3634+P3651+P3808+P3973+P3994,3,16,F008,F014,0.0,76.0,61.666666666666664,,0.7713207547169811,0.3922384769813739,0.30679245283018863,0.12943396226415094,0.5615094339622642,0.7713207547169811,1.0,0.75,1.0,0.875,0.8231603773584906,improving_not_selected,2,2,0,0,0,84,False,5.096222599997418,
5,static_selected_distance_context,24,True,19,29,A01,A01|F010|12|P0028+P0077+P0375+P0395+P0583+P0631+P0642+P0835+P1907+P2840+P3644+P3775,A01|F015|7|P0269+P0476+P0484+P0570+P0637+P1402+P3945,12,7,F010,F015,0.0,77.0,31.333333333333332,,0.7686792452830189,0.32148366584147414,0.630943396226415,0.5279245283018867,0.4420754716981132,0.7686792452830189,1.0,0.75,1.0,0.875,0.8218396226415094,improving_not_selected,2,2,0,0,0,67,False,5.244069699998363,
5,static_selected_distance_context,25,True,0,9,A01,A01|F001|4|P0036+P0918+P2537+P2942,A01|F005|11|P0177+P0622+P0879+P0978+P1006+P1078+P1307+P1710+P1910+P3403+P3882,4,11,F001,F005,0.0,50.0,22.333333333333332,,0.8735849056603774,0.8509166882080255,0.7709433962264151,0.7766037735849056,0.5615094339622642,0.8735849056603774,0.7894736842105263,0.75,1.0,0.7697368421052632,0.8216608738828203,improving_not_selected,4,4,0,0,0,98,False,4.977280399994925,
5,static_selected_distance_context,26,False,54,69,A02,A02|F025|7|P1886+P2791+P3216+P3506+P3560+P3584+P3815,A02|F033|12|P0660+P0761+P1198+P1462+P2397+P2940+P3002+P3303+P3352+P3542+P3649+P3929,7,12,F025,F033,0.0,80.0,36.333333333333336,,0.7588679245283019,0.21419484696603946,0.5573584905660378,0.7766037735849056,0.5615094339622642,0.7588679245283019,1.0,0.75,1.0,0.875,0.8169339622641509,budget_not_selected,0,0,0,0,0,,False,,
5,static_selected_distance_context,27,False,15,26,A01,A01|F008|3|P1310+P1334+P3410,A01|F013|16|P1296+P1897+P1992+P2044+P2061+P2343+P2463+P2807+P3202+P3277+P3466+P3572+P3676+P3797+P3849+P3925,3,16,F008,F013,0.0,81.0,60.333333333333336,,0.7532075471698113,0.8586958855927248,0.3162264150943396,0.7766037735849056,0.16943396226415092,0.7532075471698113,1.0,0.75,1.0,0.875,0.8141037735849057,budget_not_selected,0,0,0,0,0,,False,,
5,static_selected_distance_context,28,False,0,31,A01,A01|F001|4|P0036+P0918+P2537+P2942,A01|F016|9|P0275+P0423+P0482+P0613+P0647+P0950+P1114+P2472+P2898,4,9,F001,F016,0.0,41.0,35.0,,0.9109433962264151,0.9294506967326246,0.5739622641509434,0.3007547169811321,0.7460377358490566,0.9109433962264151,0.6842105263157895,0.75,1.0,0.7171052631578947,0.8140243296921549,budget_not_selected,0,0,0,0,0,,False,,
5,static_selected_distance_context,29,False,7,15,A01,A01|F004|11|P0146+P0632+P0908+P1052+P1216+P1264+P1553+P2173+P2793+P3113+P3938,A01|F008|3|P1310+P1334+P3410,11,3,F004,F008,0.0,52.0,21.666666666666668,,0.8656603773584906,0.8586958855927248,0.780377358490566,0.6003773584905661,0.27433962264150946,0.8656603773584906,0.7368421052631579,0.75,1.0,0.743421052631579,0.8045407149950348,budget_not_selected,0,0,0,0,0,,False,,
5,static_selected_distance_context,30,False,10,15,A01,A01|F005|16|P1933+P2027+P2062+P2096+P2165+P2202+P2334+P2540+P2661+P2725+P3074+P3363+P3624+P3706+P3814+P3917,A01|F008|3|P1310+P1334+P3410,16,3,F005,F008,0.0,88.0,39.0,,0.7271698113207548,0.32148366584147414,0.5256603773584906,0.459622641509434,0.27433962264150946,0.7271698113207548,1.0,0.75,1.0,0.875,0.8010849056603774,budget_not_selected,0,0,0,0,0,,False,,
5,static_selected_distance_context,31,False,15,25,A01,A01|F008|3|P1310+P1334+P3410,A01|F013|15|P0229+P0417+P0419+P0453+P0648+P0672+P0785+P0870+P0912+P1139+P1153+P2464+P3092+P3150+P3176,3,15,F008,F013,0.0,81.0,60.333333333333336,,0.7532075471698113,0.8586958855927248,0.3162264150943396,0.7766037735849056,0.16943396226415092,0.7532075471698113,0.9473684210526315,0.75,1.0,0.8486842105263157,0.8009458788480635,budget_not_selected,0,0,0,0,0,,False,,
5,static_selected_distance_context,32,False,0,61,A01,A01|F001|4|P0036+P0918+P2537+P2942,A01|F029|12|P0159+P0299+P0306+P0449+P0962+P0987+P1077+P1226+P1276+P1738+P1878+P1919,4,12,F001,F029,0.0,67.0,17.666666666666668,,0.8026415094339623,0.23871436012781846,0.8377358490566038,0.7766037735849056,0.4420754716981132,0.8026415094339623,0.8421052631578947,0.75,1.0,0.7960526315789473,0.7993470705064548,budget_not_selected,0,0,0,0,0,,False,,
5,static_selected_distance_context,33,False,15,63,A01,A01|F008|3|P1310+P1334+P3410,A01|F030|16|P0169+P0332+P0347+P0357+P0479+P0562+P0661+P1007+P1086+P1200+P1324+P1376+P1739+P1804+P2026+P2086,3,16,F008,F030,0.0,89.0,69.33333333333333,,0.7218867924528302,0.32148366584147414,0.26113207547169814,0.12943396226415094,0.7460377358490566,0.7218867924528302,1.0,0.75,1.0,0.875,0.798443396226415,budget_not_selected,0,0,0,0,0,,False,,
5,static_selected_distance_context,34,False,49,54,A02,A02|F023|9|P0068+P0111+P0298+P0611+P0693+P1031+P1482+P2314+P2790,A02|F025|7|P1886+P2791+P3216+P3506+P3560+P3584+P3815,9,7,F023,F025,0.0,70.0,63.0,,0.7943396226415094,0.7937898582911843,0.2988679245283019,0.3007547169811321,0.789622641509434,0.7943396226415094,0.8421052631578947,0.75,1.0,0.7960526315789473,0.7951961271102284,budget_not_selected,0,0,0,0,0,,False,,
5,static_selected_distance_context,35,False,15,17,A01,A01|F008|3|P1310+P1334+P3410,A01|F009|11|P0086+P0252+P0860+P1085+P1610+P1743+P1763+P1949+P2163+P3118+P3137,3,11,F008,F009,0.0,59.0,56.333333333333336,,0.8320754716981132,0.6173248558861338,0.3426415094339622,0.16150943396226414,0.27433962264150946,0.8320754716981132,0.7368421052631579,0.75,1.0,0.743421052631579,0.7877482621648462,budget_not_selected,0,0,0,0,0,,False,,
5,static_selected_distance_context,36,False,15,23,A01,A01|F008|3|P1310+P1334+P3410,A01|F012|15|P0004+P0049+P0093+P0228+P0239+P0247+P0266+P0510+P0525+P0561+P0584+P0619+P2131+P2753+P3211,3,15,F008,F012,0.0,89.0,21.333333333333332,,0.7218867924528302,0.32148366584147414,0.7860377358490566,0.7256603773584906,0.6722641509433962,0.7218867924528302,0.9473684210526315,0.75,1.0,0.8486842105263157,0.785285501489573,budget_not_selected,0,0,0,0,0,,False,,
5,static_selected_distance_context,37,False,0,33,A01,A01|F001|4|P0036+P0918+P2537+P2942,A01|F017|11|P0137+P0418+P0598+P1079+P1380+P1493+P1521+P1745+P2207+P2309+P2999,4,11,F001,F017,0.0,70.0,61.333333333333336,,0.7943396226415094,0.8509166882080255,0.3109433962264151,0.3007547169811321,0.5615094339622642,0.7943396226415094,0.7894736842105263,0.75,1.0,0.7697368421052632,0.7820382323733863,budget_not_selected,0,0,0,0,0,,False,,
5,static_selected_distance_context,38,False,3,21,A01,A01|F002|7|P1754+P1771+P2409+P2625+P2819+P3592+P3961,A01|F011|12|P0174+P0284+P0293+P0535+P0707+P0823+P0923+P1529+P1571+P1718+P3108+P3175,7,12,F002,F011,0.0,99.0,21.666666666666668,,0.6826415094339623,0.546570044746234,0.780377358490566,0.3886792452830189,0.7460377358490566,0.6826415094339623,1.0,0.75,1.0,0.875,0.7788207547169812,budget_not_selected,0,0,0,0,0,,False,,
5,static_selected_distance_context,39,False,7,29,A01,A01|F004|11|P0146+P0632+P0908+P1052+P1216+P1264+P1553+P2173+P2793+P3113+P3938,A01|F015|7|P0269+P0476+P0484+P0570+P0637+P1402+P3945,11,7,F004,F015,0.0,95.0,13.333333333333334,,0.7026415094339622,0.32148366584147414,0.9116981132075471,0.9328301886792453,0.5615094339622642,0.7026415094339622,0.9473684210526315,0.75,1.0,0.8486842105263157,0.775662859980139,budget_not_selected,0,0,0,0,0,,False,,
5,static_selected_distance_context,40,False,13,15,A01,A01|F007|9|P0057+P0480+P0652+P0685+P0786+P0812+P1703+P1838+P2738,A01|F008|3|P1310+P1334+P3410,9,3,F007,F008,0.0,54.0,14.333333333333334,,0.8573584905660377,0.8586958855927248,0.8943396226415095,0.9592452830188679,0.5615094339622642,0.8573584905660377,0.631578947368421,0.75,1.0,0.6907894736842105,0.7740739821251241,budget_not_selected,0,0,0,0,0,,False,,
5,static_selected_distance_context,41,False,15,27,A01,A01|F008|3|P1310+P1334+P3410,A01|F014|12|P0061+P0303+P0849+P1095+P1163+P1235+P1805+P1853+P1902+P2120+P2969+P3614,3,12,F008,F014,0.0,76.0,61.666666666666664,,0.7713207547169811,0.3922384769813739,0.30679245283018863,0.12943396226415094,0.5615094339622642,0.7713207547169811,0.7894736842105263,0.75,1.0,0.7697368421052632,0.7705287984111222,budget_not_selected,0,0,0,0,0,,False,,
5,static_selected_distance_context,42,False,0,27,A01,A01|F001|4|P0036+P0918+P2537+P2942,A01|F014|12|P0061+P0303+P0849+P1095+P1163+P1235+P1805+P1853+P1902+P2120+P2969+P3614,4,12,F001,F014,0.0,85.0,45.0,,0.7366037735849056,0.7058224433035845,0.4479245283018868,0.3007547169811321,0.4420754716981132,0.7366037735849056,0.8421052631578947,0.75,1.0,0.7960526315789473,0.7663282025819265,budget_not_selected,0,0,0,0,0,,False,,
5,static_selected_distance_context,43,False,3,17,A01,A01|F002|7|P1754+P1771+P2409+P2625+P2819+P3592+P3961,A01|F009|11|P0086+P0252+P0860+P1085+P1610+P1743+P1763+P1949+P2163+P3118+P3137,7,11,F002,F009,0.0,100.0,56.0,,0.6799999999999999,0.546570044746234,0.3460377358490566,0.12943396226415094,0.6722641509433962,0.6799999999999999,0.9473684210526315,0.75,1.0,0.8486842105263157,0.7643421052631578,budget_not_selected,0,0,0,0,0,,False,,
5,static_selected_distance_context,44,False,15,32,A01,A01|F008|3|P1310+P1334+P3410,A01|F016|16|P1347+P1537+P1579+P1582+P1680+P1697+P2185+P2192+P2227+P2731+P2736+P3170+P3192+P3316+P3356+P3427,3,16,F008,F016,0.0,112.0,51.666666666666664,,0.6449056603773584,0.242949657316875,0.37584905660377355,0.12943396226415094,0.789622641509434,0.6449056603773584,1.0,0.75,1.0,0.875,0.7599528301886792,budget_not_selected,0,0,0,0,0,,False,,
5,static_selected_distance_context,45,False,15,34,A01,A01|F008|3|P1310+P1334+P3410,A01|F017|16|P2043+P2137+P2139+P2152+P2229+P2499+P2682+P2789+P2825+P2836+P3112+P3240+P3279+P3310+P3655+P3684,3,16,F008,F017,0.0,112.0,78.0,,0.6449056603773584,0.32148366584147414,0.22867924528301886,0.12943396226415094,0.27433962264150946,0.6449056603773584,1.0,0.75,1.0,0.875,0.7599528301886792,budget_not_selected,0,0,0,0,0,,False,,
5,static_selected_distance_context,46,False,3,59,A01,A01|F002|7|P1754+P1771+P2409+P2625+P2819+P3592+P3961,A01|F028|12|P0241+P0272+P0289+P0320+P0490+P0559+P0600+P0634+P0700+P0953+P1113+P1179,7,12,F002,F028,0.0,114.0,7.0,,0.6373584905660377,0.546570044746234,0.9694339622641509,0.9328301886792453,0.5615094339622642,0.6373584905660377,1.0,0.75,1.0,0.875,0.7561792452830188,budget_not_selected,0,0,0,0,0,,False,,
5,static_selected_distance_context,47,False,0,59,A01,A01|F001|4|P0036+P0918+P2537+P2942,A01|F028|12|P0241+P0272+P0289+P0320+P0490+P0559+P0600+P0634+P0700+P0953+P1113+P1179,4,12,F001,F028,0.0,91.0,10.666666666666666,,0.7143396226415094,0.4807360643988245,0.940377358490566,0.7766037735849056,0.4420754716981132,0.7143396226415094,0.8421052631578947,0.75,1.0,0.7960526315789473,0.7551961271102283,budget_not_selected,0,0,0,0,0,,False,,
5,static_selected_distance_context,48,False,3,27,A01,A01|F002|7|P1754+P1771+P2409+P2625+P2819+P3592+P3961,A01|F014|12|P0061+P0303+P0849+P1095+P1163+P1235+P1805+P1853+P1902+P2120+P2969+P3614,7,12,F002,F014,0.0,124.0,61.333333333333336,,0.6052830188679246,0.32148366584147414,0.3109433962264151,0.10528301886792457,0.5615094339622642,0.6052830188679246,1.0,0.75,1.0,0.875,0.7401415094339623,budget_not_selected,0,0,0,0,0,,False,,
5,static_selected_distance_context,49,False,0,21,A01,A01|F001|4|P0036+P0918+P2537+P2942,A01|F011|12|P0174+P0284+P0293+P0535+P0707+P0823+P0923+P1529+P1571+P1718+P3108+P3175,4,12,F001,F011,0.0,101.0,10.0,,0.6777358490566038,0.4807360643988245,0.9471698113207547,0.7256603773584906,0.6722641509433962,0.6777358490566038,0.8421052631578947,0.75,1.0,0.7960526315789473,0.7368942403177756,budget_not_selected,0,0,0,0,0,,False,,
5,static_selected_distance_context,50,False,9,15,A01,A01|F005|11|P0177+P0622+P0879+P0978+P1006+P1078+P1307+P1710+P1910+P3403+P3882,A01|F008|3|P1310+P1334+P3410,11,3,F005,F008,0.0,88.0,39.0,,0.7271698113207548,0.32148366584147414,0.5256603773584906,0.459622641509434,0.27433962264150946,0.7271698113207548,0.7368421052631579,0.75,1.0,0.743421052631579,0.7352954319761669,budget_not_selected,0,0,0,0,0,,False,,
5,static_selected_distance_context,51,False,29,61,A01,A01|F015|7|P0269+P0476+P0484+P0570+P0637+P1402+P3945,A01|F029|12|P0159+P0299+P0306+P0449+P0962+P0987+P1077+P1226+P1276+P1738+P1878+P1919,7,12,F015,F029,0.0,128.0,13.333333333333334,,0.5932075471698113,0.16018035160321933,0.9116981132075471,0.659622641509434,0.4420754716981132,0.5932075471698113,1.0,0.75,1.0,0.875,0.7341037735849056,budget_not_selected,0,0,0,0,0,,False,,
5,static_selected_distance_context,52,False,15,40,A01,A01|F008|3|P1310+P1334+P3410,A01|F020|16|P0249+P0350+P0421+P0436+P0440+P0458+P0492+P0612+P1119+P1120+P1315+P1329+P1333+P1343+P1358+P1365,3,16,F008,F020,0.0,130.0,64.33333333333333,,0.5864150943396227,0.242949657316875,0.2924528301886793,0.12943396226415094,0.6722641509433962,0.5864150943396227,1.0,0.75,1.0,0.875,0.7307075471698113,budget_not_selected,0,0,0,0,0,,False,,
5,static_selected_distance_context,53,False,15,41,A01,A01|F008|3|P1310+P1334+P3410,A01|F020|16|P1453+P1671+P1699+P1713+P1790+P1794+P1857+P2034+P2057+P2216+P2287+P2469+P2543+P2657+P2722+P2831,3,16,F008,F020,0.0,130.0,64.33333333333333,,0.5864150943396227,0.242949657316875,0.2924528301886793,0.12943396226415094,0.6722641509433962,0.5864150943396227,1.0,0.75,1.0,0.875,0.7307075471698113,budget_not_selected,0,0,0,0,0,,False,,
5,static_selected_distance_context,54,False,15,29,A01,A01|F008|3|P1310+P1334+P3410,A01|F015|7|P0269+P0476+P0484+P0570+P0637+P1402+P3945,3,7,F008,F015,0.0,64.0,35.0,,0.8181132075471698,0.3922384769813739,0.5739622641509434,0.459622641509434,0.13999999999999996,0.8181132075471698,0.5263157894736842,0.75,1.0,0.638157894736842,0.7281355511420059,budget_not_selected,0,0,0,0,0,,False,,
5,static_selected_distance_context,55,False,0,29,A01,A01|F001|4|P0036+P0918+P2537+P2942,A01|F015|7|P0269+P0476+P0484+P0570+P0637+P1402+P3945,4,7,F001,F015,0.0,73.0,18.333333333333332,,0.7845283018867925,0.7058224433035845,0.8283018867924529,0.7766037735849056,0.23188679245283017,0.7845283018867925,0.5789473684210527,0.75,1.0,0.6644736842105263,0.7245009930486594,budget_not_selected,0,0,0,0,0,,False,,
5,static_selected_distance_context,56,False,15,46,A01,A01|F008|3|P1310+P1334+P3410,A01|F022|16|P0002+P0055+P0058+P0126+P0214+P0268+P0460+P0750+P0782+P0800+P0909+P0992+P1141+P1151+P1188+P1463,3,16,F008,F022,0.0,134.0,42.0,,0.570566037735849,0.242949657316875,0.4883018867924528,0.2516981132075472,0.6722641509433962,0.570566037735849,1.0,0.75,1.0,0.875,0.7227830188679245,budget_not_selected,0,0,0,0,0,,False,,
5,static_selected_distance_context,57,False,15,47,A01,A01|F008|3|P1310+P1334+P3410,A01|F022|16|P1476+P1481+P1544+P1577+P1627+P1900+P1984+P2051+P2258+P2317+P2333+P2382+P2393+P2425+P2462+P2578,3,16,F008,F022,0.0,134.0,42.0,,0.570566037735849,0.242949657316875,0.4883018867924528,0.2516981132075472,0.6722641509433962,0.570566037735849,1.0,0.75,1.0,0.875,0.7227830188679245,budget_not_selected,0,0,0,0,0,,False,,
5,static_selected_distance_context,58,False,13,29,A01,A01|F007|9|P0057+P0480+P0652+P0685+P0786+P0812+P1703+P1838+P2738,A01|F015|7|P0269+P0476+P0484+P0570+P0637+P1402+P3945,9,7,F007,F015,0.0,113.0,49.333333333333336,,0.6407547169811321,0.32148366584147414,0.40113207547169816,0.5279245283018867,0.4420754716981132,0.6407547169811321,0.8421052631578947,0.75,1.0,0.7960526315789473,0.7184036742800397,budget_not_selected,0,0,0,0,0,,False,,
5,static_selected_distance_context,59,False,0,17,A01,A01|F001|4|P0036+P0918+P2537+P2942,A01|F009|11|P0086+P0252+P0860+P1085+P1610+P1743+P1763+P1949+P2163+P3118+P3137,4,11,F001,F009,0.0,107.0,39.666666666666664,,0.6603773584905661,0.4807360643988245,0.5181132075471698,0.2516981132075472,0.5615094339622642,0.6603773584905661,0.7894736842105263,0.75,1.0,0.7697368421052632,0.7150571002979147,budget_not_selected,0,0,0,0,0,,False,,
5,static_selected_distance_context,60,False,54,64,A02,A02|F025|7|P1886+P2791+P3216+P3506+P3560+P3584+P3815,A02|F030|10|P0448+P2098+P2453+P3096+P3117+P3531+P3615+P3686+P3799+P3847,7,10,F025,F030,0.0,128.0,22.333333333333332,,0.5932075471698113,0.0,0.7709433962264151,0.659622641509434,0.7460377358490566,0.5932075471698113,0.8947368421052632,0.75,1.0,0.8223684210526316,0.7077879841112215,budget_not_selected,0,0,0,0,0,,False,,
5,static_selected_distance_context,61,False,3,15,A01,A01|F002|7|P1754+P1771+P2409+P2625+P2819+P3592+P3961,A01|F008|3|P1310+P1334+P3410,7,3,F002,F008,0.0,75.0,2.3333333333333335,,0.7762264150943397,0.8586958855927248,0.999245283018868,0.9592452830188679,0.7460377358490566,0.7762264150943397,0.5263157894736842,0.75,1.0,0.638157894736842,0.7071921549155908,budget_not_selected,0,0,0,0,0,,False,,
5,static_selected_distance_context,62,False,15,33,A01,A01|F008|3|P1310+P1334+P3410,A01|F017|11|P0137+P0418+P0598+P1079+P1380+P1493+P1521+P1745+P2207+P2309+P2999,3,11,F008,F017,0.0,112.0,78.0,,0.6449056603773584,0.32148366584147414,0.22867924528301886,0.12943396226415094,0.27433962264150946,0.6449056603773584,0.7368421052631579,0.75,1.0,0.743421052631579,0.6941633565044687,budget_not_selected,0,0,0,0,0,,False,,
5,static_selected_distance_context,63,False,3,9,A01,A01|F002|7|P1754+P1771+P2409+P2625+P2819+P3592+P3961,A01|F005|11|P0177+P0622+P0879+P0978+P1006+P1078+P1307+P1710+P1910+P3403+P3882,7,11,F002,F005,0.0,151.0,38.666666666666664,,0.5150943396226415,0.32148366584147414,0.5313207547169811,0.42188679245283023,0.6722641509433962,0.5150943396226415,0.9473684210526315,0.75,1.0,0.8486842105263157,0.6818892750744786,budget_not_selected,0,0,0,0,0,,False,,
5,static_selected_distance_context,64,False,3,29,A01,A01|F002|7|P1754+P1771+P2409+P2625+P2819+P3592+P3961,A01|F015|7|P0269+P0476+P0484+P0570+P0637+P1402+P3945,7,7,F002,F015,0.0,127.0,34.666666666666664,,0.5966037735849057,0.32148366584147414,0.5800000000000001,0.42188679245283023,0.6722641509433962,0.5966037735849057,0.7368421052631579,0.75,1.0,0.743421052631579,0.6700124131082423,budget_not_selected,0,0,0,0,0,,False,,
5,static_selected_distance_context,65,False,3,33,A01,A01|F002|7|P1754+P1771+P2409+P2625+P2819+P3592+P3961,A01|F017|11|P0137+P0418+P0598+P1079+P1380+P1493+P1521+P1745+P2207+P2309+P2999,7,11,F002,F017,0.0,161.0,77.66666666666667,,0.48716981132075476,0.32148366584147414,0.23094339622641513,0.10528301886792457,0.6722641509433962,0.48716981132075476,0.9473684210526315,0.75,1.0,0.8486842105263157,0.6679270109235352,budget_not_selected,0,0,0,0,0,,False,,
5,static_selected_distance_context,66,False,13,31,A01,A01|F007|9|P0057+P0480+P0652+P0685+P0786+P0812+P1703+P1838+P2738,A01|F016|9|P0275+P0423+P0482+P0613+P0647+P0950+P1114+P2472+P2898,9,9,F007,F016,0.0,161.0,66.0,,0.48716981132075476,0.242949657316875,0.28490566037735854,0.16150943396226414,0.2888679245283019,0.48716981132075476,0.9473684210526315,0.75,1.0,0.8486842105263157,0.6679270109235352,budget_not_selected,0,0,0,0,0,,False,,
5,static_selected_distance_context,67,False,15,31,A01,A01|F008|3|P1310+P1334+P3410,A01|F016|9|P0275+P0423+P0482+P0613+P0647+P0950+P1114+P2472+P2898,3,9,F008,F016,0.0,112.0,51.666666666666664,,0.6449056603773584,0.242949657316875,0.37584905660377355,0.12943396226415094,0.789622641509434,0.6449056603773584,0.631578947368421,0.75,1.0,0.6907894736842105,0.6678475670307844,budget_not_selected,0,0,0,0,0,,False,,
5,static_selected_distance_context,68,False,0,19,A01,A01|F001|4|P0036+P0918+P2537+P2942,A01|F010|12|P0028+P0077+P0375+P0395+P0583+P0631+P0642+P0835+P1907+P2840+P3644+P3775,4,12,F001,F010,0.0,147.0,15.0,,0.5275471698113208,0.242949657316875,0.8833962264150943,0.7766037735849056,0.4420754716981132,0.5275471698113208,0.8421052631578947,0.75,1.0,0.7960526315789473,0.6617999006951341,budget_not_selected,0,0,0,0,0,,False,,
5,static_selected_distance_context,69,False,15,37,A01,A01|F008|3|P1310+P1334+P3410,A01|F019|13|P0045+P0134+P0344+P0493+P0572+P0946+P1099+P1101+P1160+P1164+P1284+P1345+P1500,3,13,F008,F019,0.0,147.0,34.0,,0.5275471698113208,0.242949657316875,0.5920754716981131,0.7256603773584906,0.5615094339622642,0.5275471698113208,0.8421052631578947,0.75,1.0,0.7960526315789473,0.6617999006951341,budget_not_selected,0,0,0,0,0,,False,,
5,static_selected_distance_context,70,False,49,64,A02,A02|F023|9|P0068+P0111+P0298+P0611+P0693+P1031+P1482+P2314+P2790,A02|F030|10|P0448+P2098+P2453+P3096+P3117+P3531+P3615+P3686+P3799+P3847,9,10,F023,F030,0.0,192.0,85.33333333333333,,0.3969811320754717,0.0,0.20075471698113212,0.07509433962264156,0.789622641509434,0.3969811320754717,1.0,0.75,1.0,0.875,0.6359905660377358,budget_not_selected,0,0,0,0,0,,False,,
5,static_selected_distance_context,71,False,3,31,A01,A01|F002|7|P1754+P1771+P2409+P2625+P2819+P3592+P3961,A01|F016|9|P0275+P0423+P0482+P0613+P0647+P0950+P1114+P2472+P2898,7,9,F002,F016,0.0,172.0,51.333333333333336,,0.45547169811320753,0.242949657316875,0.3815094339622641,0.10528301886792457,0.789622641509434,0.45547169811320753,0.8421052631578947,0.75,1.0,0.7960526315789473,0.6257621648460774,budget_not_selected,0,0,0,0,0,,False,,
5,static_selected_distance_context,72,False,75,82,A03,A03|F036|8|P0401+P0709+P1087+P1650+P1817+P3698+P3755+P3770,A03|F040|11|P0140+P0367+P0868+P0880+P1004+P1567+P1598+P1705+P1715+P1750+P2374,8,11,F036,F040,0.0,205.0,135.66666666666666,,0.3652830188679246,0.16196643821125,0.0860377358490566,0.16150943396226414,0.5615094339622642,0.3652830188679246,1.0,0.75,1.0,0.875,0.6201415094339623,budget_not_selected,0,0,0,0,0,,False,,
5,static_selected_distance_context,73,False,0,7,A01,A01|F001|4|P0036+P0918+P2537+P2942,A01|F004|11|P0146+P0632+P0908+P1052+P1216+P1264+P1553+P2173+P2793+P3113+P3938,4,11,F001,F004,0.0,168.0,12.333333333333334,,0.46566037735849053,0.242949657316875,0.9286792452830188,0.7766037735849056,0.5615094339622642,0.46566037735849053,0.7894736842105263,0.75,1.0,0.7697368421052632,0.6176986097318768,budget_not_selected,0,0,0,0,0,,False,,
5,static_selected_distance_context,74,False,0,25,A01,A01|F001|4|P0036+P0918+P2537+P2942,A01|F013|15|P0229+P0417+P0419+P0453+P0648+P0672+P0785+P0870+P0912+P1139+P1153+P2464+P3092+P3150+P3176,4,15,F001,F013,0.0,210.0,77.0,,0.3501886792452831,0.242949657316875,0.23245283018867924,0.459622641509434,0.4420754716981132,0.3501886792452831,1.0,0.75,1.0,0.875,0.6125943396226415,budget_not_selected,0,0,0,0,0,,False,,
5,static_selected_distance_context,75,False,15,72,A01,A01|F008|3|P1310+P1334+P3410,A01|F035|16|P0428+P0565+P0665+P0677+P0755+P1049+P1124+P1256+P1366+P1575+P1701+P1714+P2079+P2116+P2239+P2413,3,16,F008,F035,0.0,227.0,22.0,,0.31169811320754715,0.0,0.7754716981132075,0.8350943396226416,0.789622641509434,0.31169811320754715,1.0,0.75,1.0,0.875,0.5933490566037736,budget_not_selected,0,0,0,0,0,,False,,
5,static_selected_distance_context,76,False,15,61,A01,A01|F008|3|P1310+P1334+P3410,A01|F029|12|P0159+P0299+P0306+P0449+P0962+P0987+P1077+P1226+P1276+P1738+P1878+P1919,3,12,F008,F029,0.0,191.0,34.333333333333336,,0.4007547169811321,0.080983219105625,0.5860377358490566,0.459622641509434,0.14660377358490562,0.4007547169811321,0.7894736842105263,0.75,1.0,0.7697368421052632,0.5852457795431976,budget_not_selected,0,0,0,0,0,,False,,
5,static_selected_distance_context,77,False,0,15,A01,A01|F001|4|P0036+P0918+P2537+P2942,A01|F008|3|P1310+P1334+P3410,4,3,F001,F008,0.0,131.0,16.666666666666668,,0.580754716981132,0.242949657316875,0.8573584905660377,0.8350943396226416,0.6722641509433962,0.580754716981132,0.3684210526315789,0.75,1.0,0.5592105263157895,0.5699826216484607,budget_not_selected,0,0,0,0,0,,False,,
5,static_selected_distance_context,78,False,0,13,A01,A01|F001|4|P0036+P0918+P2537+P2942,A01|F007|9|P0057+P0480+P0652+P0685+P0786+P0812+P1703+P1838+P2738,4,9,F001,F007,0.0,184.0,31.0,,0.4207547169811321,0.242949657316875,0.6377358490566039,0.7766037735849056,0.4420754716981132,0.4207547169811321,0.6842105263157895,0.75,1.0,0.7171052631578947,0.5689299900695134,budget_not_selected,0,0,0,0,0,,False,,
5,static_selected_distance_context,79,False,3,61,A01,A01|F002|7|P1754+P1771+P2409+P2625+P2819+P3592+P3961,A01|F029|12|P0159+P0299+P0306+P0449+P0962+P0987+P1077+P1226+P1276+P1738+P1878+P1919,7,12,F002,F029,0.0,253.0,34.0,,0.2554716981132076,0.080983219105625,0.5920754716981131,0.42188679245283023,0.5615094339622642,0.2554716981132076,1.0,0.75,1.0,0.875,0.5652358490566038,budget_not_selected,0,0,0,0,0,,False,,
5,static_selected_distance_context,80,False,0,3,A01,A01|F001|4|P0036+P0918+P2537+P2942,A01|F002|7|P1754+P1771+P2409+P2625+P2819+P3592+P3961,4,7,F001,F002,0.0,200.0,17.666666666666668,,0.3766037735849057,0.242949657316875,0.8377358490566038,0.7766037735849056,0.6722641509433962,0.3766037735849057,0.5789473684210527,0.75,1.0,0.6644736842105263,0.520538728897716,budget_not_selected,0,0,0,0,0,,False,,
6,static_selected_distance_context,1,True,52,60,A02,A02|F025|7|P1886+P2791+P3216+P3506+P3560+P3584+P3815,A02|F029|12|P0226+P1827+P1956+P2101+P2590+P2617+P2683+P2796+P2810+P3402+P3626+P3741,7,12,F025,F029,0.0,24.0,12.666666666666666,,0.9739622641509434,0.8398196483967807,0.9226415094339623,0.9864150943396226,0.5615094339622642,0.9739622641509434,1.0,0.75,1.0,0.875,0.9244811320754718,improving_not_selected,2,0,2,0,0,117,False,7.28650679999555,
6,static_selected_distance_context,2,True,25,27,A01,A01|F014|12|P0061+P0303+P0849+P1095+P1163+P1235+P1805+P1853+P1902+P2120+P2969+P3614,A01|F015|7|P0269+P0476+P0484+P0570+P0637+P1402+P3945,12,7,F014,F015,0.0,27.0,26.666666666666668,,0.9633962264150944,1.0,0.7090566037735849,0.659622641509434,0.4420754716981132,0.9633962264150944,1.0,0.75,1.0,0.875,0.9191981132075472,improving_not_selected,2,0,2,0,0,74,False,6.9989767000006395,
6,static_selected_distance_context,3,True,19,27,A01,A01|F011|12|P0174+P0284+P0293+P0535+P0707+P0823+P0923+P1529+P1571+P1718+P3108+P3175,A01|F015|7|P0269+P0476+P0484+P0570+P0637+P1402+P3945,12,7,F011,F015,0.0,31.0,13.0,,0.9535849056603773,0.7043643178278647,0.9166037735849056,0.6988679245283018,0.6722641509433962,0.9535849056603773,1.0,0.75,1.0,0.875,0.9142924528301887,improving_not_selected,2,0,2,0,0,79,False,6.998856999998679,
6,static_selected_distance_context,4,True,27,57,A01,A01|F015|7|P0269+P0476+P0484+P0570+P0637+P1402+P3945,A01|F028|12|P0241+P0272+P0289+P0320+P0490+P0559+P0600+P0634+P0700+P0953+P1113+P1179,7,12,F015,F028,0.0,32.0,27.666666666666668,,0.949811320754717,0.7043643178278647,0.6890566037735849,0.5279245283018867,0.4420754716981132,0.949811320754717,1.0,0.75,1.0,0.875,0.9124056603773585,improving_not_selected,2,0,2,0,0,92,False,6.999397899999167,
6,static_selected_distance_context,5,True,9,27,A01,A01|F005|11|P0177+P0622+P0879+P0978+P1006+P1078+P1307+P1710+P1910+P3403+P3882,A01|F015|7|P0269+P0476+P0484+P0570+P0637+P1402+P3945,11,7,F005,F015,0.0,25.0,4.0,,0.9694339622641509,0.7843564518281836,0.9909433962264151,0.9864150943396226,0.5615094339622642,0.9694339622641509,0.9473684210526315,0.75,1.0,0.8486842105263157,0.9090590863952333,improving_not_selected,2,0,2,0,0,81,False,6.998614999996789,
6,static_selected_distance_context,6,True,3,7,A01,A01|F002|7|P1754+P1771+P2409+P2625+P2819+P3592+P3961,A01|F004|11|P0146+P0632+P0908+P1052+P1216+P1264+P1553+P2173+P2793+P3113+P3938,7,11,F002,F004,0.0,33.0,21.333333333333332,,0.9460377358490566,1.0,0.7860377358490566,0.5279245283018867,0.6722641509433962,0.9460377358490566,0.9473684210526315,0.75,1.0,0.8486842105263157,0.8973609731876862,improving_not_selected,2,0,2,0,0,103,False,6.440119899998535,
6,static_selected_distance_context,7,True,50,52,A02,A02|F024|12|P0213+P0307+P0433+P0499+P0729+P1905+P2195+P2535+P2572+P3190+P3603+P3872,A02|F025|7|P1886+P2791+P3216+P3506+P3560+P3584+P3815,12,7,F024,F025,0.0,39.0,15.666666666666666,,0.919245283018868,0.8398196483967807,0.8758490566037735,0.6003773584905661,0.7460377358490566,0.919245283018868,1.0,0.75,1.0,0.875,0.897122641509434,improving_not_selected,2,0,2,0,0,98,False,7.286200899994583,
6,static_selected_distance_context,8,True,0,35,A01,A01|F001|4|P0036+P0918+P2537+P2942,A01|F019|13|P0045+P0134+P0344+P0493+P0572+P0946+P1099+P1101+P1160+P1164+P1284+P1345+P1500,4,13,F001,F019,0.0,25.0,17.333333333333332,,0.9694339622641509,0.8643391615585597,0.8456603773584905,0.9328301886792453,0.4420754716981132,0.9694339622641509,0.8947368421052632,0.75,1.0,0.8223684210526316,0.8959011916583912,accepted,2,0,2,0,0,127,True,6.217031100000895,7.426174000000174
6,static_selected_distance_context,9,True,0,21,A01,A01|F001|4|P0036+P0918+P2537+P2942,A01|F012|15|P0004+P0049+P0093+P0228+P0239+P0247+P0266+P0510+P0525+P0561+P0584+P0619+P2131+P2753+P3211,4,15,F001,F012,0.0,42.0,5.333333333333333,,0.9064150943396226,0.8509166882080255,0.9815094339622642,0.9328301886792453,0.5615094339622642,0.9064150943396226,1.0,0.75,1.0,0.875,0.8907075471698114,improving_not_selected,2,0,2,0,0,122,False,5.468490799998108,
6,static_selected_distance_context,10,True,16,27,A01,A01|F009|11|P0086+P0252+P0860+P1085+P1610+P1743+P1763+P1949+P2163+P3118+P3137,A01|F015|7|P0269+P0476+P0484+P0570+P0637+P1402+P3945,11,7,F009,F015,0.0,38.0,21.333333333333332,,0.9233962264150943,0.7749136210952401,0.7860377358490566,0.6003773584905661,0.5615094339622642,0.9233962264150943,0.9473684210526315,0.75,1.0,0.8486842105263157,0.886040218470705,improving_not_selected,2,0,2,0,0,72,False,6.998736299996381,
6,static_selected_distance_context,11,True,3,13,A01,A01|F002|7|P1754+P1771+P2409+P2625+P2819+P3592+P3961,A01|F007|9|P0057+P0480+P0652+P0685+P0786+P0812+P1703+P1838+P2738,7,9,F002,F007,0.0,30.0,14.666666666666666,,0.9566037735849057,1.0,0.8883018867924528,0.9328301886792453,0.5615094339622642,0.9566037735849057,0.8421052631578947,0.75,1.0,0.7960526315789473,0.8763282025819266,improving_not_selected,4,0,4,0,0,122,False,6.440312799997628,
6,static_selected_distance_context,12,True,27,31,A01,A01|F015|7|P0269+P0476+P0484+P0570+P0637+P1402+P3945,A01|F017|11|P0137+P0418+P0598+P1079+P1380+P1493+P1521+P1745+P2207+P2309+P2999,7,11,F015,F017,0.0,53.0,43.0,,0.860754716981132,0.854905755095559,0.4732075471698113,0.659622641509434,0.5615094339622642,0.860754716981132,0.9473684210526315,0.75,1.0,0.8486842105263157,0.8547194637537239,improving_not_selected,2,0,2,0,0,63,False,6.999282299999322,
6,static_selected_distance_context,13,True,37,52,A02,A02|F019|12|P0059+P0542+P0957+P1677+P2598+P2822+P3044+P3288+P3409+P3524+P3711+P3982,A02|F025|7|P1886+P2791+P3216+P3506+P3560+P3584+P3815,12,7,F019,F025,0.0,66.0,13.0,,0.8094339622641509,0.21419484696603946,0.9166037735849056,0.8784905660377358,0.5615094339622642,0.8094339622641509,1.0,0.75,1.0,0.875,0.8422169811320754,improving_not_selected,2,0,2,0,0,86,False,6.999523200000112,
6,static_selected_distance_context,14,True,27,29,A01,A01|F015|7|P0269+P0476+P0484+P0570+P0637+P1402+P3945,A01|F016|9|P0275+P0423+P0482+P0613+P0647+P0950+P1114+P2472+P2898,7,9,F015,F016,0.0,48.0,16.666666666666668,,0.8833962264150943,0.7058224433035845,0.8573584905660377,0.659622641509434,0.7460377358490566,0.8833962264150943,0.8421052631578947,0.75,1.0,0.7960526315789473,0.8397244289970208,improving_not_selected,4,0,4,0,0,71,False,6.999166900001001,
6,static_selected_distance_context,15,True,0,9,A01,A01|F001|4|P0036+P0918+P2537+P2942,A01|F005|11|P0177+P0622+P0879+P0978+P1006+P1078+P1307+P1710+P1910+P3403+P3882,4,11,F001,F005,0.0,50.0,22.333333333333332,,0.8735849056603774,0.8509166882080255,0.7709433962264151,0.7766037735849056,0.5615094339622642,0.8735849056603774,0.7894736842105263,0.75,1.0,0.7697368421052632,0.8216608738828203,improving_not_selected,4,0,4,0,0,98,False,5.468379599995387,
6,static_selected_distance_context,16,True,52,67,A02,A02|F025|7|P1886+P2791+P3216+P3506+P3560+P3584+P3815,A02|F033|12|P0660+P0761+P1198+P1462+P2397+P2940+P3002+P3303+P3352+P3542+P3649+P3929,7,12,F025,F033,0.0,80.0,36.333333333333336,,0.7588679245283019,0.21419484696603946,0.5573584905660378,0.7766037735849056,0.5615094339622642,0.7588679245283019,1.0,0.75,1.0,0.875,0.8169339622641509,improving_not_selected,2,2,0,0,0,95,False,7.426095899994834,
6,static_selected_distance_context,17,True,0,29,A01,A01|F001|4|P0036+P0918+P2537+P2942,A01|F016|9|P0275+P0423+P0482+P0613+P0647+P0950+P1114+P2472+P2898,4,9,F001,F016,0.0,41.0,35.0,,0.9109433962264151,0.9294506967326246,0.5739622641509434,0.3007547169811321,0.7460377358490566,0.9109433962264151,0.6842105263157895,0.75,1.0,0.7171052631578947,0.8140243296921549,improving_not_selected,4,4,0,0,0,99,False,5.97561709999718,
6,static_selected_distance_context,18,True,0,59,A01,A01|F001|4|P0036+P0918+P2537+P2942,A01|F029|12|P0159+P0299+P0306+P0449+P0962+P0987+P1077+P1226+P1276+P1738+P1878+P1919,4,12,F001,F029,0.0,67.0,17.666666666666668,,0.8026415094339623,0.23871436012781846,0.8377358490566038,0.7766037735849056,0.4420754716981132,0.8026415094339623,0.8421052631578947,0.75,1.0,0.7960526315789473,0.7993470705064548,improving_not_selected,4,4,0,0,0,109,False,6.439945799997076,
6,static_selected_distance_context,19,True,47,52,A02,A02|F023|9|P0068+P0111+P0298+P0611+P0693+P1031+P1482+P2314+P2790,A02|F025|7|P1886+P2791+P3216+P3506+P3560+P3584+P3815,9,7,F023,F025,0.0,70.0,63.0,,0.7943396226415094,0.7937898582911843,0.2988679245283019,0.3007547169811321,0.789622641509434,0.7943396226415094,0.8421052631578947,0.75,1.0,0.7960526315789473,0.7951961271102284,improving_not_selected,4,4,0,0,0,127,False,7.28581039999699,
6,static_selected_distance_context,20,True,0,31,A01,A01|F001|4|P0036+P0918+P2537+P2942,A01|F017|11|P0137+P0418+P0598+P1079+P1380+P1493+P1521+P1745+P2207+P2309+P2999,4,11,F001,F017,0.0,70.0,61.333333333333336,,0.7943396226415094,0.8509166882080255,0.3109433962264151,0.3007547169811321,0.5615094339622642,0.7943396226415094,0.7894736842105263,0.75,1.0,0.7697368421052632,0.7820382323733863,improving_not_selected,4,4,0,0,0,82,False,6.216839599997911,
6,static_selected_distance_context,21,True,3,19,A01,A01|F002|7|P1754+P1771+P2409+P2625+P2819+P3592+P3961,A01|F011|12|P0174+P0284+P0293+P0535+P0707+P0823+P0923+P1529+P1571+P1718+P3108+P3175,7,12,F002,F011,0.0,99.0,21.666666666666668,,0.6826415094339623,0.546570044746234,0.780377358490566,0.3886792452830189,0.7460377358490566,0.6826415094339623,1.0,0.75,1.0,0.875,0.7788207547169812,improving_not_selected,2,2,0,0,0,71,False,6.740953399996215,
6,static_selected_distance_context,22,True,7,27,A01,A01|F004|11|P0146+P0632+P0908+P1052+P1216+P1264+P1553+P2173+P2793+P3113+P3938,A01|F015|7|P0269+P0476+P0484+P0570+P0637+P1402+P3945,11,7,F004,F015,0.0,95.0,13.333333333333334,,0.7026415094339622,0.32148366584147414,0.9116981132075471,0.9328301886792453,0.5615094339622642,0.7026415094339622,0.9473684210526315,0.75,1.0,0.8486842105263157,0.775662859980139,improving_not_selected,2,2,0,0,0,38,False,6.998427599995921,
6,static_selected_distance_context,23,True,0,25,A01,A01|F001|4|P0036+P0918+P2537+P2942,A01|F014|12|P0061+P0303+P0849+P1095+P1163+P1235+P1805+P1853+P1902+P2120+P2969+P3614,4,12,F001,F014,0.0,85.0,45.0,,0.7366037735849056,0.7058224433035845,0.4479245283018868,0.3007547169811321,0.4420754716981132,0.7366037735849056,0.8421052631578947,0.75,1.0,0.7960526315789473,0.7663282025819265,improving_not_selected,4,4,0,0,0,81,False,5.736329799998202,
6,static_selected_distance_context,24,True,3,16,A01,A01|F002|7|P1754+P1771+P2409+P2625+P2819+P3592+P3961,A01|F009|11|P0086+P0252+P0860+P1085+P1610+P1743+P1763+P1949+P2163+P3118+P3137,7,11,F002,F009,0.0,100.0,56.0,,0.6799999999999999,0.546570044746234,0.3460377358490566,0.12943396226415094,0.6722641509433962,0.6799999999999999,0.9473684210526315,0.75,1.0,0.8486842105263157,0.7643421052631578,improving_not_selected,2,2,0,0,0,46,False,6.552546699997038,
6,static_selected_distance_context,25,True,3,57,A01,A01|F002|7|P1754+P1771+P2409+P2625+P2819+P3592+P3961,A01|F028|12|P0241+P0272+P0289+P0320+P0490+P0559+P0600+P0634+P0700+P0953+P1113+P1179,7,12,F002,F028,0.0,114.0,7.0,,0.6373584905660377,0.546570044746234,0.9694339622641509,0.9328301886792453,0.5615094339622642,0.6373584905660377,1.0,0.75,1.0,0.875,0.7561792452830188,improving_not_selected,2,2,0,0,0,69,False,6.881304199996521,
6,static_selected_distance_context,26,False,0,57,A01,A01|F001|4|P0036+P0918+P2537+P2942,A01|F028|12|P0241+P0272+P0289+P0320+P0490+P0559+P0600+P0634+P0700+P0953+P1113+P1179,4,12,F001,F028,0.0,91.0,10.666666666666666,,0.7143396226415094,0.4807360643988245,0.940377358490566,0.7766037735849056,0.4420754716981132,0.7143396226415094,0.8421052631578947,0.75,1.0,0.7960526315789473,0.7551961271102283,budget_not_selected,0,0,0,0,0,,False,,
6,static_selected_distance_context,27,False,3,25,A01,A01|F002|7|P1754+P1771+P2409+P2625+P2819+P3592+P3961,A01|F014|12|P0061+P0303+P0849+P1095+P1163+P1235+P1805+P1853+P1902+P2120+P2969+P3614,7,12,F002,F014,0.0,124.0,61.333333333333336,,0.6052830188679246,0.32148366584147414,0.3109433962264151,0.10528301886792457,0.5615094339622642,0.6052830188679246,1.0,0.75,1.0,0.875,0.7401415094339623,budget_not_selected,0,0,0,0,0,,False,,
6,static_selected_distance_context,28,False,0,19,A01,A01|F001|4|P0036+P0918+P2537+P2942,A01|F011|12|P0174+P0284+P0293+P0535+P0707+P0823+P0923+P1529+P1571+P1718+P3108+P3175,4,12,F001,F011,0.0,101.0,10.0,,0.6777358490566038,0.4807360643988245,0.9471698113207547,0.7256603773584906,0.6722641509433962,0.6777358490566038,0.8421052631578947,0.75,1.0,0.7960526315789473,0.7368942403177756,budget_not_selected,0,0,0,0,0,,False,,
6,static_selected_distance_context,29,False,27,59,A01,A01|F015|7|P0269+P0476+P0484+P0570+P0637+P1402+P3945,A01|F029|12|P0159+P0299+P0306+P0449+P0962+P0987+P1077+P1226+P1276+P1738+P1878+P1919,7,12,F015,F029,0.0,128.0,13.333333333333334,,0.5932075471698113,0.16018035160321933,0.9116981132075471,0.659622641509434,0.4420754716981132,0.5932075471698113,1.0,0.75,1.0,0.875,0.7341037735849056,budget_not_selected,0,0,0,0,0,,False,,
6,static_selected_distance_context,30,False,0,27,A01,A01|F001|4|P0036+P0918+P2537+P2942,A01|F015|7|P0269+P0476+P0484+P0570+P0637+P1402+P3945,4,7,F001,F015,0.0,73.0,18.333333333333332,,0.7845283018867925,0.7058224433035845,0.8283018867924529,0.7766037735849056,0.23188679245283017,0.7845283018867925,0.5789473684210527,0.75,1.0,0.6644736842105263,0.7245009930486594,budget_not_selected,0,0,0,0,0,,False,,
6,static_selected_distance_context,31,False,13,27,A01,A01|F007|9|P0057+P0480+P0652+P0685+P0786+P0812+P1703+P1838+P2738,A01|F015|7|P0269+P0476+P0484+P0570+P0637+P1402+P3945,9,7,F007,F015,0.0,113.0,49.333333333333336,,0.6407547169811321,0.32148366584147414,0.40113207547169816,0.5279245283018867,0.4420754716981132,0.6407547169811321,0.8421052631578947,0.75,1.0,0.7960526315789473,0.7184036742800397,budget_not_selected,0,0,0,0,0,,False,,
6,static_selected_distance_context,32,False,0,16,A01,A01|F001|4|P0036+P0918+P2537+P2942,A01|F009|11|P0086+P0252+P0860+P1085+P1610+P1743+P1763+P1949+P2163+P3118+P3137,4,11,F001,F009,0.0,107.0,39.666666666666664,,0.6603773584905661,0.4807360643988245,0.5181132075471698,0.2516981132075472,0.5615094339622642,0.6603773584905661,0.7894736842105263,0.75,1.0,0.7697368421052632,0.7150571002979147,budget_not_selected,0,0,0,0,0,,False,,
6,static_selected_distance_context,33,False,52,62,A02,A02|F025|7|P1886+P2791+P3216+P3506+P3560+P3584+P3815,A02|F030|10|P0448+P2098+P2453+P3096+P3117+P3531+P3615+P3686+P3799+P3847,7,10,F025,F030,0.0,128.0,22.333333333333332,,0.5932075471698113,0.0,0.7709433962264151,0.659622641509434,0.7460377358490566,0.5932075471698113,0.8947368421052632,0.75,1.0,0.8223684210526316,0.7077879841112215,budget_not_selected,0,0,0,0,0,,False,,
6,static_selected_distance_context,34,False,3,9,A01,A01|F002|7|P1754+P1771+P2409+P2625+P2819+P3592+P3961,A01|F005|11|P0177+P0622+P0879+P0978+P1006+P1078+P1307+P1710+P1910+P3403+P3882,7,11,F002,F005,0.0,151.0,38.666666666666664,,0.5150943396226415,0.32148366584147414,0.5313207547169811,0.42188679245283023,0.6722641509433962,0.5150943396226415,0.9473684210526315,0.75,1.0,0.8486842105263157,0.6818892750744786,budget_not_selected,0,0,0,0,0,,False,,
6,static_selected_distance_context,35,False,3,27,A01,A01|F002|7|P1754+P1771+P2409+P2625+P2819+P3592+P3961,A01|F015|7|P0269+P0476+P0484+P0570+P0637+P1402+P3945,7,7,F002,F015,0.0,127.0,34.666666666666664,,0.5966037735849057,0.32148366584147414,0.5800000000000001,0.42188679245283023,0.6722641509433962,0.5966037735849057,0.7368421052631579,0.75,1.0,0.743421052631579,0.6700124131082423,budget_not_selected,0,0,0,0,0,,False,,
6,static_selected_distance_context,36,False,3,31,A01,A01|F002|7|P1754+P1771+P2409+P2625+P2819+P3592+P3961,A01|F017|11|P0137+P0418+P0598+P1079+P1380+P1493+P1521+P1745+P2207+P2309+P2999,7,11,F002,F017,0.0,161.0,77.66666666666667,,0.48716981132075476,0.32148366584147414,0.23094339622641513,0.10528301886792457,0.6722641509433962,0.48716981132075476,0.9473684210526315,0.75,1.0,0.8486842105263157,0.6679270109235352,budget_not_selected,0,0,0,0,0,,False,,
6,static_selected_distance_context,37,False,13,29,A01,A01|F007|9|P0057+P0480+P0652+P0685+P0786+P0812+P1703+P1838+P2738,A01|F016|9|P0275+P0423+P0482+P0613+P0647+P0950+P1114+P2472+P2898,9,9,F007,F016,0.0,161.0,66.0,,0.48716981132075476,0.242949657316875,0.28490566037735854,0.16150943396226414,0.2888679245283019,0.48716981132075476,0.9473684210526315,0.75,1.0,0.8486842105263157,0.6679270109235352,budget_not_selected,0,0,0,0,0,,False,,
6,static_selected_distance_context,38,False,0,103,A01,A01|F001|4|P0036+P0918+P2537+P2942,A01|F008+F010|15|P0028+P0077+P0375+P0395+P0583+P0631+P0642+P0835+P1310+P1334+P1907+P2840+P3410+P3644+P3775,4,15,F001,F010|F008,0.0,131.0,15.833333333333334,,0.580754716981132,0.242949657316875,0.8573584905660377,0.8350943396226416,0.6722641509433962,0.580754716981132,1.0,0.5,1.0,0.75,0.665377358490566,budget_not_selected,0,0,0,0,0,,False,,
6,static_selected_distance_context,39,False,47,62,A02,A02|F023|9|P0068+P0111+P0298+P0611+P0693+P1031+P1482+P2314+P2790,A02|F030|10|P0448+P2098+P2453+P3096+P3117+P3531+P3615+P3686+P3799+P3847,9,10,F023,F030,0.0,192.0,85.33333333333333,,0.3969811320754717,0.0,0.20075471698113212,0.07509433962264156,0.789622641509434,0.3969811320754717,1.0,0.75,1.0,0.875,0.6359905660377358,budget_not_selected,0,0,0,0,0,,False,,
6,static_selected_distance_context,40,False,3,29,A01,A01|F002|7|P1754+P1771+P2409+P2625+P2819+P3592+P3961,A01|F016|9|P0275+P0423+P0482+P0613+P0647+P0950+P1114+P2472+P2898,7,9,F002,F016,0.0,172.0,51.333333333333336,,0.45547169811320753,0.242949657316875,0.3815094339622641,0.10528301886792457,0.789622641509434,0.45547169811320753,0.8421052631578947,0.75,1.0,0.7960526315789473,0.6257621648460774,budget_not_selected,0,0,0,0,0,,False,,
6,static_selected_distance_context,41,False,73,80,A03,A03|F036|8|P0401+P0709+P1087+P1650+P1817+P3698+P3755+P3770,A03|F040|11|P0140+P0367+P0868+P0880+P1004+P1567+P1598+P1705+P1715+P1750+P2374,8,11,F036,F040,0.0,205.0,135.66666666666666,,0.3652830188679246,0.16196643821125,0.0860377358490566,0.16150943396226414,0.5615094339622642,0.3652830188679246,1.0,0.75,1.0,0.875,0.6201415094339623,budget_not_selected,0,0,0,0,0,,False,,
6,static_selected_distance_context,42,False,0,7,A01,A01|F001|4|P0036+P0918+P2537+P2942,A01|F004|11|P0146+P0632+P0908+P1052+P1216+P1264+P1553+P2173+P2793+P3113+P3938,4,11,F001,F004,0.0,168.0,12.333333333333334,,0.46566037735849053,0.242949657316875,0.9286792452830188,0.7766037735849056,0.5615094339622642,0.46566037735849053,0.7894736842105263,0.75,1.0,0.7697368421052632,0.6176986097318768,budget_not_selected,0,0,0,0,0,,False,,
6,static_selected_distance_context,43,False,0,23,A01,A01|F001|4|P0036+P0918+P2537+P2942,A01|F013|15|P0229+P0417+P0419+P0453+P0648+P0672+P0785+P0870+P0912+P1139+P1153+P2464+P3092+P3150+P3176,4,15,F001,F013,0.0,210.0,77.0,,0.3501886792452831,0.242949657316875,0.23245283018867924,0.459622641509434,0.4420754716981132,0.3501886792452831,1.0,0.75,1.0,0.875,0.6125943396226415,budget_not_selected,0,0,0,0,0,,False,,
6,static_selected_distance_context,44,False,0,13,A01,A01|F001|4|P0036+P0918+P2537+P2942,A01|F007|9|P0057+P0480+P0652+P0685+P0786+P0812+P1703+P1838+P2738,4,9,F001,F007,0.0,184.0,31.0,,0.4207547169811321,0.242949657316875,0.6377358490566039,0.7766037735849056,0.4420754716981132,0.4207547169811321,0.6842105263157895,0.75,1.0,0.7171052631578947,0.5689299900695134,budget_not_selected,0,0,0,0,0,,False,,
6,static_selected_distance_context,45,False,3,59,A01,A01|F002|7|P1754+P1771+P2409+P2625+P2819+P3592+P3961,A01|F029|12|P0159+P0299+P0306+P0449+P0962+P0987+P1077+P1226+P1276+P1738+P1878+P1919,7,12,F002,F029,0.0,253.0,34.0,,0.2554716981132076,0.080983219105625,0.5920754716981131,0.42188679245283023,0.5615094339622642,0.2554716981132076,1.0,0.75,1.0,0.875,0.5652358490566038,budget_not_selected,0,0,0,0,0,,False,,
6,static_selected_distance_context,46,False,0,3,A01,A01|F001|4|P0036+P0918+P2537+P2942,A01|F002|7|P1754+P1771+P2409+P2625+P2819+P3592+P3961,4,7,F001,F002,0.0,200.0,17.666666666666668,,0.3766037735849057,0.242949657316875,0.8377358490566038,0.7766037735849056,0.6722641509433962,0.3766037735849057,0.5789473684210527,0.75,1.0,0.6644736842105263,0.520538728897716,budget_not_selected,0,0,0,0,0,,False,,
7,static_selected_distance_context,1,True,50,58,A02,A02|F025|7|P1886+P2791+P3216+P3506+P3560+P3584+P3815,A02|F029|12|P0226+P1827+P1956+P2101+P2590+P2617+P2683+P2796+P2810+P3402+P3626+P3741,7,12,F025,F029,0.0,24.0,12.666666666666666,,0.9739622641509434,0.8398196483967807,0.9226415094339623,0.9864150943396226,0.5615094339622642,0.9739622641509434,1.0,0.75,1.0,0.875,0.9244811320754718,improving_not_selected,2,0,2,0,0,117,False,8.233467099998961,
7,static_selected_distance_context,2,True,24,26,A01,A01|F014|12|P0061+P0303+P0849+P1095+P1163+P1235+P1805+P1853+P1902+P2120+P2969+P3614,A01|F015|7|P0269+P0476+P0484+P0570+P0637+P1402+P3945,12,7,F014,F015,0.0,27.0,26.666666666666668,,0.9633962264150944,1.0,0.7090566037735849,0.659622641509434,0.4420754716981132,0.9633962264150944,1.0,0.75,1.0,0.875,0.9191981132075472,improving_not_selected,2,0,2,0,0,74,False,8.124513599999773,
7,static_selected_distance_context,3,True,18,26,A01,A01|F011|12|P0174+P0284+P0293+P0535+P0707+P0823+P0923+P1529+P1571+P1718+P3108+P3175,A01|F015|7|P0269+P0476+P0484+P0570+P0637+P1402+P3945,12,7,F011,F015,0.0,31.0,13.0,,0.9535849056603773,0.7043643178278647,0.9166037735849056,0.6988679245283018,0.6722641509433962,0.9535849056603773,1.0,0.75,1.0,0.875,0.9142924528301887,improving_not_selected,2,0,2,0,0,79,False,8.124408499999845,
7,static_selected_distance_context,4,True,26,55,A01,A01|F015|7|P0269+P0476+P0484+P0570+P0637+P1402+P3945,A01|F028|12|P0241+P0272+P0289+P0320+P0490+P0559+P0600+P0634+P0700+P0953+P1113+P1179,7,12,F015,F028,0.0,32.0,27.666666666666668,,0.949811320754717,0.7043643178278647,0.6890566037735849,0.5279245283018867,0.4420754716981132,0.949811320754717,1.0,0.75,1.0,0.875,0.9124056603773585,improving_not_selected,2,0,2,0,0,92,False,8.12488619999931,
7,static_selected_distance_context,5,True,8,26,A01,A01|F005|11|P0177+P0622+P0879+P0978+P1006+P1078+P1307+P1710+P1910+P3403+P3882,A01|F015|7|P0269+P0476+P0484+P0570+P0637+P1402+P3945,11,7,F005,F015,0.0,25.0,4.0,,0.9694339622641509,0.7843564518281836,0.9909433962264151,0.9864150943396226,0.5615094339622642,0.9694339622641509,0.9473684210526315,0.75,1.0,0.8486842105263157,0.9090590863952333,improving_not_selected,2,0,2,0,0,81,False,7.950229999994917,
7,static_selected_distance_context,6,True,2,6,A01,A01|F002|7|P1754+P1771+P2409+P2625+P2819+P3592+P3961,A01|F004|11|P0146+P0632+P0908+P1052+P1216+P1264+P1553+P2173+P2793+P3113+P3938,7,11,F002,F004,0.0,33.0,21.333333333333332,,0.9460377358490566,1.0,0.7860377358490566,0.5279245283018867,0.6722641509433962,0.9460377358490566,0.9473684210526315,0.75,1.0,0.8486842105263157,0.8973609731876862,improving_not_selected,2,0,2,0,0,103,False,7.4299037999953725,
7,static_selected_distance_context,7,True,48,50,A02,A02|F024|12|P0213+P0307+P0433+P0499+P0729+P1905+P2195+P2535+P2572+P3190+P3603+P3872,A02|F025|7|P1886+P2791+P3216+P3506+P3560+P3584+P3815,12,7,F024,F025,0.0,39.0,15.666666666666666,,0.919245283018868,0.8398196483967807,0.8758490566037735,0.6003773584905661,0.7460377358490566,0.919245283018868,1.0,0.75,1.0,0.875,0.897122641509434,improving_not_selected,2,0,2,0,0,98,False,8.233362499995565,
7,static_selected_distance_context,8,True,15,26,A01,A01|F009|11|P0086+P0252+P0860+P1085+P1610+P1743+P1763+P1949+P2163+P3118+P3137,A01|F015|7|P0269+P0476+P0484+P0570+P0637+P1402+P3945,11,7,F009,F015,0.0,38.0,21.333333333333332,,0.9233962264150943,0.7749136210952401,0.7860377358490566,0.6003773584905661,0.5615094339622642,0.9233962264150943,0.9473684210526315,0.75,1.0,0.8486842105263157,0.886040218470705,improving_not_selected,2,0,2,0,0,72,False,8.124296399997547,
7,static_selected_distance_context,9,True,2,12,A01,A01|F002|7|P1754+P1771+P2409+P2625+P2819+P3592+P3961,A01|F007|9|P0057+P0480+P0652+P0685+P0786+P0812+P1703+P1838+P2738,7,9,F002,F007,0.0,30.0,14.666666666666666,,0.9566037735849057,1.0,0.8883018867924528,0.9328301886792453,0.5615094339622642,0.9566037735849057,0.8421052631578947,0.75,1.0,0.7960526315789473,0.8763282025819266,improving_not_selected,4,0,4,0,0,122,False,7.525759600001038,
7,static_selected_distance_context,10,True,26,30,A01,A01|F015|7|P0269+P0476+P0484+P0570+P0637+P1402+P3945,A01|F017|11|P0137+P0418+P0598+P1079+P1380+P1493+P1521+P1745+P2207+P2309+P2999,7,11,F015,F017,0.0,53.0,43.0,,0.860754716981132,0.854905755095559,0.4732075471698113,0.659622641509434,0.5615094339622642,0.860754716981132,0.9473684210526315,0.75,1.0,0.8486842105263157,0.8547194637537239,improving_not_selected,2,0,2,0,0,63,False,8.124781899998197,
7,static_selected_distance_context,11,True,35,50,A02,A02|F019|12|P0059+P0542+P0957+P1677+P2598+P2822+P3044+P3288+P3409+P3524+P3711+P3982,A02|F025|7|P1886+P2791+P3216+P3506+P3560+P3584+P3815,12,7,F019,F025,0.0,66.0,13.0,,0.8094339622641509,0.21419484696603946,0.9166037735849056,0.8784905660377358,0.5615094339622642,0.8094339622641509,1.0,0.75,1.0,0.875,0.8422169811320754,improving_not_selected,2,0,2,0,0,86,False,8.233063399995444,
7,static_selected_distance_context,12,True,26,28,A01,A01|F015|7|P0269+P0476+P0484+P0570+P0637+P1402+P3945,A01|F016|9|P0275+P0423+P0482+P0613+P0647+P0950+P1114+P2472+P2898,7,9,F015,F016,0.0,48.0,16.666666666666668,,0.8833962264150943,0.7058224433035845,0.8573584905660377,0.659622641509434,0.7460377358490566,0.8833962264150943,0.8421052631578947,0.75,1.0,0.7960526315789473,0.8397244289970208,improving_not_selected,4,0,4,0,0,71,False,8.124681900000724,
7,static_selected_distance_context,13,True,50,65,A02,A02|F025|7|P1886+P2791+P3216+P3506+P3560+P3584+P3815,A02|F033|12|P0660+P0761+P1198+P1462+P2397+P2940+P3002+P3303+P3352+P3542+P3649+P3929,7,12,F025,F033,0.0,80.0,36.333333333333336,,0.7588679245283019,0.21419484696603946,0.5573584905660378,0.7766037735849056,0.5615094339622642,0.7588679245283019,1.0,0.75,1.0,0.875,0.8169339622641509,improving_not_selected,2,0,2,0,0,95,False,8.322806799995305,
7,static_selected_distance_context,14,True,45,50,A02,A02|F023|9|P0068+P0111+P0298+P0611+P0693+P1031+P1482+P2314+P2790,A02|F025|7|P1886+P2791+P3216+P3506+P3560+P3584+P3815,9,7,F023,F025,0.0,70.0,63.0,,0.7943396226415094,0.7937898582911843,0.2988679245283019,0.3007547169811321,0.789622641509434,0.7943396226415094,0.8421052631578947,0.75,1.0,0.7960526315789473,0.7951961271102284,accepted,4,0,4,0,0,127,True,8.233249400000204,8.3228323000003
7,static_selected_distance_context,15,True,2,18,A01,A01|F002|7|P1754+P1771+P2409+P2625+P2819+P3592+P3961,A01|F011|12|P0174+P0284+P0293+P0535+P0707+P0823+P0923+P1529+P1571+P1718+P3108+P3175,7,12,F002,F011,0.0,99.0,21.666666666666668,,0.6826415094339623,0.546570044746234,0.780377358490566,0.3886792452830189,0.7460377358490566,0.6826415094339623,1.0,0.75,1.0,0.875,0.7788207547169812,improving_not_selected,2,0,2,0,0,71,False,7.526009399996838,
7,static_selected_distance_context,16,True,6,26,A01,A01|F004|11|P0146+P0632+P0908+P1052+P1216+P1264+P1553+P2173+P2793+P3113+P3938,A01|F015|7|P0269+P0476+P0484+P0570+P0637+P1402+P3945,11,7,F004,F015,0.0,95.0,13.333333333333334,,0.7026415094339622,0.32148366584147414,0.9116981132075471,0.9328301886792453,0.5615094339622642,0.7026415094339622,0.9473684210526315,0.75,1.0,0.8486842105263157,0.775662859980139,improving_not_selected,2,0,2,0,0,38,False,7.950122800000827,
7,static_selected_distance_context,17,True,2,15,A01,A01|F002|7|P1754+P1771+P2409+P2625+P2819+P3592+P3961,A01|F009|11|P0086+P0252+P0860+P1085+P1610+P1743+P1763+P1949+P2163+P3118+P3137,7,11,F002,F009,0.0,100.0,56.0,,0.6799999999999999,0.546570044746234,0.3460377358490566,0.12943396226415094,0.6722641509433962,0.6799999999999999,0.9473684210526315,0.75,1.0,0.8486842105263157,0.7643421052631578,improving_not_selected,2,0,2,0,0,46,False,7.525888699994539,
7,static_selected_distance_context,18,True,2,55,A01,A01|F002|7|P1754+P1771+P2409+P2625+P2819+P3592+P3961,A01|F028|12|P0241+P0272+P0289+P0320+P0490+P0559+P0600+P0634+P0700+P0953+P1113+P1179,7,12,F002,F028,0.0,114.0,7.0,,0.6373584905660377,0.546570044746234,0.9694339622641509,0.9328301886792453,0.5615094339622642,0.6373584905660377,1.0,0.75,1.0,0.875,0.7561792452830188,improving_not_selected,2,0,2,0,0,69,False,7.950006399994891,
7,static_selected_distance_context,19,True,2,24,A01,A01|F002|7|P1754+P1771+P2409+P2625+P2819+P3592+P3961,A01|F014|12|P0061+P0303+P0849+P1095+P1163+P1235+P1805+P1853+P1902+P2120+P2969+P3614,7,12,F002,F014,0.0,124.0,61.333333333333336,,0.6052830188679246,0.32148366584147414,0.3109433962264151,0.10528301886792457,0.5615094339622642,0.6052830188679246,1.0,0.75,1.0,0.875,0.7401415094339623,improving_not_selected,2,2,0,0,0,41,False,7.645115100000112,
7,static_selected_distance_context,20,True,26,57,A01,A01|F015|7|P0269+P0476+P0484+P0570+P0637+P1402+P3945,A01|F029|12|P0159+P0299+P0306+P0449+P0962+P0987+P1077+P1226+P1276+P1738+P1878+P1919,7,12,F015,F029,0.0,128.0,13.333333333333334,,0.5932075471698113,0.16018035160321933,0.9116981132075471,0.659622641509434,0.4420754716981132,0.5932075471698113,1.0,0.75,1.0,0.875,0.7341037735849056,improving_not_selected,2,2,0,0,0,43,False,8.232898399997794,
7,static_selected_distance_context,21,True,12,26,A01,A01|F007|9|P0057+P0480+P0652+P0685+P0786+P0812+P1703+P1838+P2738,A01|F015|7|P0269+P0476+P0484+P0570+P0637+P1402+P3945,9,7,F007,F015,0.0,113.0,49.333333333333336,,0.6407547169811321,0.32148366584147414,0.40113207547169816,0.5279245283018867,0.4420754716981132,0.6407547169811321,0.8421052631578947,0.75,1.0,0.7960526315789473,0.7184036742800397,improving_not_selected,4,4,0,0,0,74,False,8.124144900000829,
7,static_selected_distance_context,22,True,50,60,A02,A02|F025|7|P1886+P2791+P3216+P3506+P3560+P3584+P3815,A02|F030|10|P0448+P2098+P2453+P3096+P3117+P3531+P3615+P3686+P3799+P3847,7,10,F025,F030,0.0,128.0,22.333333333333332,,0.5932075471698113,0.0,0.7709433962264151,0.659622641509434,0.7460377358490566,0.5932075471698113,0.8947368421052632,0.75,1.0,0.8223684210526316,0.7077879841112215,improving_not_selected,2,2,0,0,0,41,False,8.322645599997486,
7,static_selected_distance_context,23,True,2,8,A01,A01|F002|7|P1754+P1771+P2409+P2625+P2819+P3592+P3961,A01|F005|11|P0177+P0622+P0879+P0978+P1006+P1078+P1307+P1710+P1910+P3403+P3882,7,11,F002,F005,0.0,151.0,38.666666666666664,,0.5150943396226415,0.32148366584147414,0.5313207547169811,0.42188679245283023,0.6722641509433962,0.5150943396226415,0.9473684210526315,0.75,1.0,0.8486842105263157,0.6818892750744786,improving_not_selected,2,2,0,0,0,43,False,7.525482999997621,
7,static_selected_distance_context,24,True,2,26,A01,A01|F002|7|P1754+P1771+P2409+P2625+P2819+P3592+P3961,A01|F015|7|P0269+P0476+P0484+P0570+P0637+P1402+P3945,7,7,F002,F015,0.0,127.0,34.666666666666664,,0.5966037735849057,0.32148366584147414,0.5800000000000001,0.42188679245283023,0.6722641509433962,0.5966037735849057,0.7368421052631579,0.75,1.0,0.743421052631579,0.6700124131082423,improving_not_selected,4,4,0,0,0,75,False,7.849376400001347,
7,static_selected_distance_context,25,True,2,30,A01,A01|F002|7|P1754+P1771+P2409+P2625+P2819+P3592+P3961,A01|F017|11|P0137+P0418+P0598+P1079+P1380+P1493+P1521+P1745+P2207+P2309+P2999,7,11,F002,F017,0.0,161.0,77.66666666666667,,0.48716981132075476,0.32148366584147414,0.23094339622641513,0.10528301886792457,0.6722641509433962,0.48716981132075476,0.9473684210526315,0.75,1.0,0.8486842105263157,0.6679270109235352,improving_not_selected,2,2,0,0,0,26,False,7.949844899994787,
7,static_selected_distance_context,26,False,12,28,A01,A01|F007|9|P0057+P0480+P0652+P0685+P0786+P0812+P1703+P1838+P2738,A01|F016|9|P0275+P0423+P0482+P0613+P0647+P0950+P1114+P2472+P2898,9,9,F007,F016,0.0,161.0,66.0,,0.48716981132075476,0.242949657316875,0.28490566037735854,0.16150943396226414,0.2888679245283019,0.48716981132075476,0.9473684210526315,0.75,1.0,0.8486842105263157,0.6679270109235352,budget_not_selected,0,0,0,0,0,,False,,
7,static_selected_distance_context,27,False,45,60,A02,A02|F023|9|P0068+P0111+P0298+P0611+P0693+P1031+P1482+P2314+P2790,A02|F030|10|P0448+P2098+P2453+P3096+P3117+P3531+P3615+P3686+P3799+P3847,9,10,F023,F030,0.0,192.0,85.33333333333333,,0.3969811320754717,0.0,0.20075471698113212,0.07509433962264156,0.789622641509434,0.3969811320754717,1.0,0.75,1.0,0.875,0.6359905660377358,budget_not_selected,0,0,0,0,0,,False,,
7,static_selected_distance_context,28,False,2,28,A01,A01|F002|7|P1754+P1771+P2409+P2625+P2819+P3592+P3961,A01|F016|9|P0275+P0423+P0482+P0613+P0647+P0950+P1114+P2472+P2898,7,9,F002,F016,0.0,172.0,51.333333333333336,,0.45547169811320753,0.242949657316875,0.3815094339622641,0.10528301886792457,0.789622641509434,0.45547169811320753,0.8421052631578947,0.75,1.0,0.7960526315789473,0.6257621648460774,budget_not_selected,0,0,0,0,0,,False,,
7,static_selected_distance_context,29,False,71,78,A03,A03|F036|8|P0401+P0709+P1087+P1650+P1817+P3698+P3755+P3770,A03|F040|11|P0140+P0367+P0868+P0880+P1004+P1567+P1598+P1705+P1715+P1750+P2374,8,11,F036,F040,0.0,205.0,135.66666666666666,,0.3652830188679246,0.16196643821125,0.0860377358490566,0.16150943396226414,0.5615094339622642,0.3652830188679246,1.0,0.75,1.0,0.875,0.6201415094339623,budget_not_selected,0,0,0,0,0,,False,,
7,static_selected_distance_context,30,False,2,57,A01,A01|F002|7|P1754+P1771+P2409+P2625+P2819+P3592+P3961,A01|F029|12|P0159+P0299+P0306+P0449+P0962+P0987+P1077+P1226+P1276+P1738+P1878+P1919,7,12,F002,F029,0.0,253.0,34.0,,0.2554716981132076,0.080983219105625,0.5920754716981131,0.42188679245283023,0.5615094339622642,0.2554716981132076,1.0,0.75,1.0,0.875,0.5652358490566038,budget_not_selected,0,0,0,0,0,,False,,
8,static_selected_distance_context,1,True,24,26,A01,A01|F014|12|P0061+P0303+P0849+P1095+P1163+P1235+P1805+P1853+P1902+P2120+P2969+P3614,A01|F015|7|P0269+P0476+P0484+P0570+P0637+P1402+P3945,12,7,F014,F015,0.0,27.0,26.666666666666668,,0.9633962264150944,1.0,0.7090566037735849,0.659622641509434,0.4420754716981132,0.9633962264150944,1.0,0.75,1.0,0.875,0.9191981132075472,improving_not_selected,2,0,2,0,0,74,False,8.723106699995697,
8,static_selected_distance_context,2,True,18,26,A01,A01|F011|12|P0174+P0284+P0293+P0535+P0707+P0823+P0923+P1529+P1571+P1718+P3108+P3175,A01|F015|7|P0269+P0476+P0484+P0570+P0637+P1402+P3945,12,7,F011,F015,0.0,31.0,13.0,,0.9535849056603773,0.7043643178278647,0.9166037735849056,0.6988679245283018,0.6722641509433962,0.9535849056603773,1.0,0.75,1.0,0.875,0.9142924528301887,improving_not_selected,2,0,2,0,0,79,False,8.722860499998205,
8,static_selected_distance_context,3,True,26,53,A01,A01|F015|7|P0269+P0476+P0484+P0570+P0637+P1402+P3945,A01|F028|12|P0241+P0272+P0289+P0320+P0490+P0559+P0600+P0634+P0700+P0953+P1113+P1179,7,12,F015,F028,0.0,32.0,27.666666666666668,,0.949811320754717,0.7043643178278647,0.6890566037735849,0.5279245283018867,0.4420754716981132,0.949811320754717,1.0,0.75,1.0,0.875,0.9124056603773585,improving_not_selected,2,0,2,0,0,92,False,8.725114399996528,
8,static_selected_distance_context,4,True,8,26,A01,A01|F005|11|P0177+P0622+P0879+P0978+P1006+P1078+P1307+P1710+P1910+P3403+P3882,A01|F015|7|P0269+P0476+P0484+P0570+P0637+P1402+P3945,11,7,F005,F015,0.0,25.0,4.0,,0.9694339622641509,0.7843564518281836,0.9909433962264151,0.9864150943396226,0.5615094339622642,0.9694339622641509,0.9473684210526315,0.75,1.0,0.8486842105263157,0.9090590863952333,improving_not_selected,2,0,2,0,0,81,False,8.611790800001472,
8,static_selected_distance_context,5,True,2,6,A01,A01|F002|7|P1754+P1771+P2409+P2625+P2819+P3592+P3961,A01|F004|11|P0146+P0632+P0908+P1052+P1216+P1264+P1553+P2173+P2793+P3113+P3938,7,11,F002,F004,0.0,33.0,21.333333333333332,,0.9460377358490566,1.0,0.7860377358490566,0.5279245283018867,0.6722641509433962,0.9460377358490566,0.9473684210526315,0.75,1.0,0.8486842105263157,0.8973609731876862,improving_not_selected,2,0,2,0,0,103,False,8.325393799997983,
8,static_selected_distance_context,6,True,15,26,A01,A01|F009|11|P0086+P0252+P0860+P1085+P1610+P1743+P1763+P1949+P2163+P3118+P3137,A01|F015|7|P0269+P0476+P0484+P0570+P0637+P1402+P3945,11,7,F009,F015,0.0,38.0,21.333333333333332,,0.9233962264150943,0.7749136210952401,0.7860377358490566,0.6003773584905661,0.5615094339622642,0.9233962264150943,0.9473684210526315,0.75,1.0,0.8486842105263157,0.886040218470705,improving_not_selected,2,0,2,0,0,72,False,8.722374299999501,
8,static_selected_distance_context,7,True,2,12,A01,A01|F002|7|P1754+P1771+P2409+P2625+P2819+P3592+P3961,A01|F007|9|P0057+P0480+P0652+P0685+P0786+P0812+P1703+P1838+P2738,7,9,F002,F007,0.0,30.0,14.666666666666666,,0.9566037735849057,1.0,0.8883018867924528,0.9328301886792453,0.5615094339622642,0.9566037735849057,0.8421052631578947,0.75,1.0,0.7960526315789473,0.8763282025819266,accepted,4,0,4,0,0,122,True,8.325671799997508,8.840259999997215
8,static_selected_distance_context,8,True,26,30,A01,A01|F015|7|P0269+P0476+P0484+P0570+P0637+P1402+P3945,A01|F017|11|P0137+P0418+P0598+P1079+P1380+P1493+P1521+P1745+P2207+P2309+P2999,7,11,F015,F017,0.0,53.0,43.0,,0.860754716981132,0.854905755095559,0.4732075471698113,0.659622641509434,0.5615094339622642,0.860754716981132,0.9473684210526315,0.75,1.0,0.8486842105263157,0.8547194637537239,improving_not_selected,2,0,2,0,0,63,False,8.724526599995443,
8,static_selected_distance_context,9,True,26,28,A01,A01|F015|7|P0269+P0476+P0484+P0570+P0637+P1402+P3945,A01|F016|9|P0275+P0423+P0482+P0613+P0647+P0950+P1114+P2472+P2898,7,9,F015,F016,0.0,48.0,16.666666666666668,,0.8833962264150943,0.7058224433035845,0.8573584905660377,0.659622641509434,0.7460377358490566,0.8833962264150943,0.8421052631578947,0.75,1.0,0.7960526315789473,0.8397244289970208,improving_not_selected,4,0,4,0,0,71,False,8.7239797000002,
8,static_selected_distance_context,10,True,2,18,A01,A01|F002|7|P1754+P1771+P2409+P2625+P2819+P3592+P3961,A01|F011|12|P0174+P0284+P0293+P0535+P0707+P0823+P0923+P1529+P1571+P1718+P3108+P3175,7,12,F002,F011,0.0,99.0,21.666666666666668,,0.6826415094339623,0.546570044746234,0.780377358490566,0.3886792452830189,0.7460377358490566,0.6826415094339623,1.0,0.75,1.0,0.875,0.7788207547169812,improving_not_selected,2,0,2,0,0,71,False,8.325875299997278,
8,static_selected_distance_context,11,True,6,26,A01,A01|F004|11|P0146+P0632+P0908+P1052+P1216+P1264+P1553+P2173+P2793+P3113+P3938,A01|F015|7|P0269+P0476+P0484+P0570+P0637+P1402+P3945,11,7,F004,F015,0.0,95.0,13.333333333333334,,0.7026415094339622,0.32148366584147414,0.9116981132075471,0.9328301886792453,0.5615094339622642,0.7026415094339622,0.9473684210526315,0.75,1.0,0.8486842105263157,0.775662859980139,improving_not_selected,2,0,2,0,0,38,False,8.61165869999968,
8,static_selected_distance_context,12,True,2,15,A01,A01|F002|7|P1754+P1771+P2409+P2625+P2819+P3592+P3961,A01|F009|11|P0086+P0252+P0860+P1085+P1610+P1743+P1763+P1949+P2163+P3118+P3137,7,11,F002,F009,0.0,100.0,56.0,,0.6799999999999999,0.546570044746234,0.3460377358490566,0.12943396226415094,0.6722641509433962,0.6799999999999999,0.9473684210526315,0.75,1.0,0.8486842105263157,0.7643421052631578,improving_not_selected,2,0,2,0,0,46,False,8.325775400000566,
8,static_selected_distance_context,13,True,2,53,A01,A01|F002|7|P1754+P1771+P2409+P2625+P2819+P3592+P3961,A01|F028|12|P0241+P0272+P0289+P0320+P0490+P0559+P0600+P0634+P0700+P0953+P1113+P1179,7,12,F002,F028,0.0,114.0,7.0,,0.6373584905660377,0.546570044746234,0.9694339622641509,0.9328301886792453,0.5615094339622642,0.6373584905660377,1.0,0.75,1.0,0.875,0.7561792452830188,improving_not_selected,2,0,2,0,0,69,False,8.50065370000084,
8,static_selected_distance_context,14,True,2,24,A01,A01|F002|7|P1754+P1771+P2409+P2625+P2819+P3592+P3961,A01|F014|12|P0061+P0303+P0849+P1095+P1163+P1235+P1805+P1853+P1902+P2120+P2969+P3614,7,12,F002,F014,0.0,124.0,61.333333333333336,,0.6052830188679246,0.32148366584147414,0.3109433962264151,0.10528301886792457,0.5615094339622642,0.6052830188679246,1.0,0.75,1.0,0.875,0.7401415094339623,improving_not_selected,2,0,2,0,0,41,False,8.32598069999949,
8,static_selected_distance_context,15,True,26,55,A01,A01|F015|7|P0269+P0476+P0484+P0570+P0637+P1402+P3945,A01|F029|12|P0159+P0299+P0306+P0449+P0962+P0987+P1077+P1226+P1276+P1738+P1878+P1919,7,12,F015,F029,0.0,128.0,13.333333333333334,,0.5932075471698113,0.16018035160321933,0.9116981132075471,0.659622641509434,0.4420754716981132,0.5932075471698113,1.0,0.75,1.0,0.875,0.7341037735849056,improving_not_selected,2,0,2,0,0,43,False,8.725572700001067,
8,static_selected_distance_context,16,True,12,26,A01,A01|F007|9|P0057+P0480+P0652+P0685+P0786+P0812+P1703+P1838+P2738,A01|F015|7|P0269+P0476+P0484+P0570+P0637+P1402+P3945,9,7,F007,F015,0.0,113.0,49.333333333333336,,0.6407547169811321,0.32148366584147414,0.40113207547169816,0.5279245283018867,0.4420754716981132,0.6407547169811321,0.8421052631578947,0.75,1.0,0.7960526315789473,0.7184036742800397,improving_not_selected,4,0,4,0,0,74,False,8.611999199994898,
8,static_selected_distance_context,17,True,2,8,A01,A01|F002|7|P1754+P1771+P2409+P2625+P2819+P3592+P3961,A01|F005|11|P0177+P0622+P0879+P0978+P1006+P1078+P1307+P1710+P1910+P3403+P3882,7,11,F002,F005,0.0,151.0,38.666666666666664,,0.5150943396226415,0.32148366584147414,0.5313207547169811,0.42188679245283023,0.6722641509433962,0.5150943396226415,0.9473684210526315,0.75,1.0,0.8486842105263157,0.6818892750744786,improving_not_selected,2,0,2,0,0,43,False,8.325505599997996,
8,static_selected_distance_context,18,True,2,26,A01,A01|F002|7|P1754+P1771+P2409+P2625+P2819+P3592+P3961,A01|F015|7|P0269+P0476+P0484+P0570+P0637+P1402+P3945,7,7,F002,F015,0.0,127.0,34.666666666666664,,0.5966037735849057,0.32148366584147414,0.5800000000000001,0.42188679245283023,0.6722641509433962,0.5966037735849057,0.7368421052631579,0.75,1.0,0.743421052631579,0.6700124131082423,improving_not_selected,4,0,4,0,0,75,False,8.326325099995302,
8,static_selected_distance_context,19,True,2,30,A01,A01|F002|7|P1754+P1771+P2409+P2625+P2819+P3592+P3961,A01|F017|11|P0137+P0418+P0598+P1079+P1380+P1493+P1521+P1745+P2207+P2309+P2999,7,11,F002,F017,0.0,161.0,77.66666666666667,,0.48716981132075476,0.32148366584147414,0.23094339622641513,0.10528301886792457,0.6722641509433962,0.48716981132075476,0.9473684210526315,0.75,1.0,0.8486842105263157,0.6679270109235352,improving_not_selected,2,0,2,0,0,26,False,8.500299299994367,
8,static_selected_distance_context,20,True,12,28,A01,A01|F007|9|P0057+P0480+P0652+P0685+P0786+P0812+P1703+P1838+P2738,A01|F016|9|P0275+P0423+P0482+P0613+P0647+P0950+P1114+P2472+P2898,9,9,F007,F016,0.0,161.0,66.0,,0.48716981132075476,0.242949657316875,0.28490566037735854,0.16150943396226414,0.2888679245283019,0.48716981132075476,0.9473684210526315,0.75,1.0,0.8486842105263157,0.6679270109235352,improving_not_selected,2,2,0,0,0,33,False,8.721936599999026,
8,static_selected_distance_context,21,True,2,28,A01,A01|F002|7|P1754+P1771+P2409+P2625+P2819+P3592+P3961,A01|F016|9|P0275+P0423+P0482+P0613+P0647+P0950+P1114+P2472+P2898,7,9,F002,F016,0.0,172.0,51.333333333333336,,0.45547169811320753,0.242949657316875,0.3815094339622641,0.10528301886792457,0.789622641509434,0.45547169811320753,0.8421052631578947,0.75,1.0,0.7960526315789473,0.6257621648460774,improving_not_selected,4,4,0,0,0,59,False,8.49986589999753,
8,static_selected_distance_context,22,True,69,76,A03,A03|F036|8|P0401+P0709+P1087+P1650+P1817+P3698+P3755+P3770,A03|F040|11|P0140+P0367+P0868+P0880+P1004+P1567+P1598+P1705+P1715+P1750+P2374,8,11,F036,F040,0.0,205.0,135.66666666666666,,0.3652830188679246,0.16196643821125,0.0860377358490566,0.16150943396226414,0.5615094339622642,0.3652830188679246,1.0,0.75,1.0,0.875,0.6201415094339623,improving_not_selected,2,2,0,0,0,89,False,8.840167499998643,
8,static_selected_distance_context,23,True,2,55,A01,A01|F002|7|P1754+P1771+P2409+P2625+P2819+P3592+P3961,A01|F029|12|P0159+P0299+P0306+P0449+P0962+P0987+P1077+P1226+P1276+P1738+P1878+P1919,7,12,F002,F029,0.0,253.0,34.0,,0.2554716981132076,0.080983219105625,0.5920754716981131,0.42188679245283023,0.5615094339622642,0.2554716981132076,1.0,0.75,1.0,0.875,0.5652358490566038,improving_not_selected,2,2,0,0,0,26,False,8.61145150000084,
9,static_selected_distance_context,1,True,22,24,A01,A01|F014|12|P0061+P0303+P0849+P1095+P1163+P1235+P1805+P1853+P1902+P2120+P2969+P3614,A01|F015|7|P0269+P0476+P0484+P0570+P0637+P1402+P3945,12,7,F014,F015,0.0,27.0,26.666666666666668,,0.9633962264150944,1.0,0.7090566037735849,0.659622641509434,0.4420754716981132,0.9633962264150944,1.0,0.75,1.0,0.875,0.9191981132075472,improving_not_selected,2,0,2,0,0,74,False,8.842396799998824,
9,static_selected_distance_context,2,True,16,24,A01,A01|F011|12|P0174+P0284+P0293+P0535+P0707+P0823+P0923+P1529+P1571+P1718+P3108+P3175,A01|F015|7|P0269+P0476+P0484+P0570+P0637+P1402+P3945,12,7,F011,F015,0.0,31.0,13.0,,0.9535849056603773,0.7043643178278647,0.9166037735849056,0.6988679245283018,0.6722641509433962,0.9535849056603773,1.0,0.75,1.0,0.875,0.9142924528301887,improving_not_selected,2,0,2,0,0,79,False,8.842283099998895,
9,static_selected_distance_context,3,True,24,51,A01,A01|F015|7|P0269+P0476+P0484+P0570+P0637+P1402+P3945,A01|F028|12|P0241+P0272+P0289+P0320+P0490+P0559+P0600+P0634+P0700+P0953+P1113+P1179,7,12,F015,F028,0.0,32.0,27.666666666666668,,0.949811320754717,0.7043643178278647,0.6890566037735849,0.5279245283018867,0.4420754716981132,0.949811320754717,1.0,0.75,1.0,0.875,0.9124056603773585,accepted,2,0,2,0,0,92,True,8.842807000000903,8.843074500000512
9,static_selected_distance_context,4,True,7,24,A01,A01|F005|11|P0177+P0622+P0879+P0978+P1006+P1078+P1307+P1710+P1910+P3403+P3882,A01|F015|7|P0269+P0476+P0484+P0570+P0637+P1402+P3945,11,7,F005,F015,0.0,25.0,4.0,,0.9694339622641509,0.7843564518281836,0.9909433962264151,0.9864150943396226,0.5615094339622642,0.9694339622641509,0.9473684210526315,0.75,1.0,0.8486842105263157,0.9090590863952333,improving_not_selected,2,0,2,0,0,81,False,8.842053299995314,
9,static_selected_distance_context,5,True,13,24,A01,A01|F009|11|P0086+P0252+P0860+P1085+P1610+P1743+P1763+P1949+P2163+P3118+P3137,A01|F015|7|P0269+P0476+P0484+P0570+P0637+P1402+P3945,11,7,F009,F015,0.0,38.0,21.333333333333332,,0.9233962264150943,0.7749136210952401,0.7860377358490566,0.6003773584905661,0.5615094339622642,0.9233962264150943,0.9473684210526315,0.75,1.0,0.8486842105263157,0.886040218470705,improving_not_selected,2,0,2,0,0,72,False,8.842168299997866,
9,static_selected_distance_context,6,True,24,28,A01,A01|F015|7|P0269+P0476+P0484+P0570+P0637+P1402+P3945,A01|F017|11|P0137+P0418+P0598+P1079+P1380+P1493+P1521+P1745+P2207+P2309+P2999,7,11,F015,F017,0.0,53.0,43.0,,0.860754716981132,0.854905755095559,0.4732075471698113,0.659622641509434,0.5615094339622642,0.860754716981132,0.9473684210526315,0.75,1.0,0.8486842105263157,0.8547194637537239,improving_not_selected,2,0,2,0,0,63,False,8.842692400001397,
9,static_selected_distance_context,7,True,24,26,A01,A01|F015|7|P0269+P0476+P0484+P0570+P0637+P1402+P3945,A01|F016|9|P0275+P0423+P0482+P0613+P0647+P0950+P1114+P2472+P2898,7,9,F015,F016,0.0,48.0,16.666666666666668,,0.8833962264150943,0.7058224433035845,0.8573584905660377,0.659622641509434,0.7460377358490566,0.8833962264150943,0.8421052631578947,0.75,1.0,0.7960526315789473,0.8397244289970208,improving_not_selected,4,0,4,0,0,71,False,8.842581199998676,
9,static_selected_distance_context,8,True,5,24,A01,A01|F004|11|P0146+P0632+P0908+P1052+P1216+P1264+P1553+P2173+P2793+P3113+P3938,A01|F015|7|P0269+P0476+P0484+P0570+P0637+P1402+P3945,11,7,F004,F015,0.0,95.0,13.333333333333334,,0.7026415094339622,0.32148366584147414,0.9116981132075471,0.9328301886792453,0.5615094339622642,0.7026415094339622,0.9473684210526315,0.75,1.0,0.8486842105263157,0.775662859980139,improving_not_selected,2,0,2,0,0,38,False,8.841930899994622,
9,static_selected_distance_context,9,True,24,53,A01,A01|F015|7|P0269+P0476+P0484+P0570+P0637+P1402+P3945,A01|F029|12|P0159+P0299+P0306+P0449+P0962+P0987+P1077+P1226+P1276+P1738+P1878+P1919,7,12,F015,F029,0.0,128.0,13.333333333333334,,0.5932075471698113,0.16018035160321933,0.9116981132075471,0.659622641509434,0.4420754716981132,0.5932075471698113,1.0,0.75,1.0,0.875,0.7341037735849056,improving_not_selected,2,0,2,0,0,43,False,8.842926799996349,
9,static_selected_distance_context,10,True,67,74,A03,A03|F036|8|P0401+P0709+P1087+P1650+P1817+P3698+P3755+P3770,A03|F040|11|P0140+P0367+P0868+P0880+P1004+P1567+P1598+P1705+P1715+P1750+P2374,8,11,F036,F040,0.0,205.0,135.66666666666666,,0.3652830188679246,0.16196643821125,0.0860377358490566,0.16150943396226414,0.5615094339622642,0.3652830188679246,1.0,0.75,1.0,0.875,0.6201415094339623,improving_not_selected,2,0,2,0,0,89,False,8.84304549999797,
10,static_selected_distance_context,1,True,65,72,A03,A03|F036|8|P0401+P0709+P1087+P1650+P1817+P3698+P3755+P3770,A03|F040|11|P0140+P0367+P0868+P0880+P1004+P1567+P1598+P1705+P1715+P1750+P2374,8,11,F036,F040,0.0,205.0,135.66666666666666,,0.3652830188679246,0.16196643821125,0.0860377358490566,0.16150943396226414,0.5615094339622642,0.3652830188679246,1.0,0.75,1.0,0.875,0.6201415094339623,accepted,2,0,2,0,0,89,True,8.843645399996603,8.84367629999906
